run_id,source_run,config_digest,genome_sha256,training_seed,task,morphology,analysis_index,source_environment_seed,source_controller_seed,snapshot,snapshot_fraction,snapshot_state,frozen_fitness,episode_length,terminated,truncated,source_plastic_fitness,trace_path
walker__biped__nchl__seed_000,/home/rowanli.tangalin/tpr/tpr/results/hpc_rq1/nominal/walker/biped/nchl/seed_000,2c6e6b026ee677a78e9d744112611304c259ad9e06288c90c1e89bc39bd8badd,0eb5701f411aa47ac1e44eebe094581522cd785c4ed2e62bfc88f104abf0de6d,0,Walker-v0,biped,0,4940322620982477041,3023897764847979143,W0,0.0,0,-0.01576504040163118,500,False,True,5.044658517173001,/home/rowanli.tangalin/tpr/tpr/results/hpc_rq1/nominal_analysis/traces/Walker-v0_biped_nchl_train000_analysis00.npz
walker__biped__nchl__seed_000,/home/rowanli.tangalin/tpr/tpr/results/hpc_rq1/nominal/walker/biped/nchl/seed_000,2c6e6b026ee677a78e9d744112611304c259ad9e06288c90c1e89bc39bd8badd,0eb5701f411aa47ac1e44eebe094581522cd785c4ed2e62bfc88f104abf0de6d,0,Walker-v0,biped,0,4940322620982477041,3023897764847979143,W25,0.25,125,3.5023890178347603,500,False,True,5.044658517173001,/home/rowanli.tangalin/tpr/tpr/results/hpc_rq1/nominal_analysis/traces/Walker-v0_biped_nchl_train000_analysis00.npz
walker__biped__nchl__seed_000,/home/rowanli.tangalin/tpr/tpr/results/hpc_rq1/nominal/walker/biped/nchl/seed_000,2c6e6b026ee677a78e9d744112611304c259ad9e06288c90c1e89bc39bd8badd,0eb5701f411aa47ac1e44eebe094581522cd785c4ed2e62bfc88f104abf0de6d,0,Walker-v0,biped,0,4940322620982477041,3023897764847979143,W50,0.5,250,4.827173939676249,500,False,True,5.044658517173001,/home/rowanli.tangalin/tpr/tpr/results/hpc_rq1/nominal_analysis/traces/Walker-v0_biped_nchl_train000_analysis00.npz
walker__biped__nchl__seed_000,/home/rowanli.tangalin/tpr/tpr/results/hpc_rq1/nominal/walker/biped/nchl/seed_000,2c6e6b026ee677a78e9d744112611304c259ad9e06288c90c1e89bc39bd8badd,0eb5701f411aa47ac1e44eebe094581522cd785c4ed2e62bfc88f104abf0de6d,0,Walker-v0,biped,0,4940322620982477041,3023897764847979143,W75,0.75,375,3.30940379127751,500,False,True,5.044658517173001,/home/rowanli.tangalin/tpr/tpr/results/hpc_rq1/nominal_analysis/traces/Walker-v0_biped_nchl_train000_analysis00.npz
walker__biped__nchl__seed_000,/home/rowanli.tangalin/tpr/tpr/results/hpc_rq1/nominal/walker/biped/nchl/seed_000,2c6e6b026ee677a78e9d744112611304c259ad9e06288c90c1e89bc39bd8badd,0eb5701f411aa47ac1e44eebe094581522cd785c4ed2e62bfc88f104abf0de6d,0,Walker-v0,biped,0,4940322620982477041,3023897764847979143,Wfinal,1.0,500,4.601421402384213,500,False,True,5.044658517173001,/home/rowanli.tangalin/tpr/tpr/results/hpc_rq1/nominal_analysis/traces/Walker-v0_biped_nchl_train000_analysis00.npz
walker__biped__nchl__seed_000,/home/rowanli.tangalin/tpr/tpr/results/hpc_rq1/nominal/walker/biped/nchl/seed_000,2c6e6b026ee677a78e9d744112611304c259ad9e06288c90c1e89bc39bd8badd,0eb5701f411aa47ac1e44eebe094581522cd785c4ed2e62bfc88f104abf0de6d,0,Walker-v0,biped,1,530078296572617688,6966882572876332860,W0,0.0,0,-0.01566957331080915,500,False,True,4.828662047551607,/home/rowanli.tangalin/tpr/tpr/results/hpc_rq1/nominal_analysis/traces/Walker-v0_biped_nchl_train000_analysis01.npz
walker__biped__nchl__seed_000,/home/rowanli.tangalin/tpr/tpr/results/hpc_rq1/nominal/walker/biped/nchl/seed_000,2c6e6b026ee677a78e9d744112611304c259ad9e06288c90c1e89bc39bd8badd,0eb5701f411aa47ac1e44eebe094581522cd785c4ed2e62bfc88f104abf0de6d,0,Walker-v0,biped,1,530078296572617688,6966882572876332860,W25,0.25,125,4.05296984458181,500,False,True,4.828662047551607,/home/rowanli.tangalin/tpr/tpr/results/hpc_rq1/nominal_analysis/traces/Walker-v0_biped_nchl_train000_analysis01.npz
walker__biped__nchl__seed_000,/home/rowanli.tangalin/tpr/tpr/results/hpc_rq1/nominal/walker/biped/nchl/seed_000,2c6e6b026ee677a78e9d744112611304c259ad9e06288c90c1e89bc39bd8badd,0eb5701f411aa47ac1e44eebe094581522cd785c4ed2e62bfc88f104abf0de6d,0,Walker-v0,biped,1,530078296572617688,6966882572876332860,W50,0.5,250,4.193327124834239,500,False,True,4.828662047551607,/home/rowanli.tangalin/tpr/tpr/results/hpc_rq1/nominal_analysis/traces/Walker-v0_biped_nchl_train000_analysis01.npz
walker__biped__nchl__seed_000,/home/rowanli.tangalin/tpr/tpr/results/hpc_rq1/nominal/walker/biped/nchl/seed_000,2c6e6b026ee677a78e9d744112611304c259ad9e06288c90c1e89bc39bd8badd,0eb5701f411aa47ac1e44eebe094581522cd785c4ed2e62bfc88f104abf0de6d,0,Walker-v0,biped,1,530078296572617688,6966882572876332860,W75,0.75,375,4.148971026060531,500,False,True,4.828662047551607,/home/rowanli.tangalin/tpr/tpr/results/hpc_rq1/nominal_analysis/traces/Walker-v0_biped_nchl_train000_analysis01.npz
walker__biped__nchl__seed_000,/home/rowanli.tangalin/tpr/tpr/results/hpc_rq1/nominal/walker/biped/nchl/seed_000,2c6e6b026ee677a78e9d744112611304c259ad9e06288c90c1e89bc39bd8badd,0eb5701f411aa47ac1e44eebe094581522cd785c4ed2e62bfc88f104abf0de6d,0,Walker-v0,biped,1,530078296572617688,6966882572876332860,Wfinal,1.0,500,1.2056482361770502,500,False,True,4.828662047551607,/home/rowanli.tangalin/tpr/tpr/results/hpc_rq1/nominal_analysis/traces/Walker-v0_biped_nchl_train000_analysis01.npz
walker__biped__nchl__seed_000,/home/rowanli.tangalin/tpr/tpr/results/hpc_rq1/nominal/walker/biped/nchl/seed_000,2c6e6b026ee677a78e9d744112611304c259ad9e06288c90c1e89bc39bd8badd,0eb5701f411aa47ac1e44eebe094581522cd785c4ed2e62bfc88f104abf0de6d,0,Walker-v0,biped,2,7210830791768759910,3424438756091539107,W0,0.0,0,-0.014990378380563663,500,False,True,4.688373147871866,/home/rowanli.tangalin/tpr/tpr/results/hpc_rq1/nominal_analysis/traces/Walker-v0_biped_nchl_train000_analysis02.npz
walker__biped__nchl__seed_000,/home/rowanli.tangalin/tpr/tpr/results/hpc_rq1/nominal/walker/biped/nchl/seed_000,2c6e6b026ee677a78e9d744112611304c259ad9e06288c90c1e89bc39bd8badd,0eb5701f411aa47ac1e44eebe094581522cd785c4ed2e62bfc88f104abf0de6d,0,Walker-v0,biped,2,7210830791768759910,3424438756091539107,W25,0.25,125,3.6176181836402694,500,False,True,4.688373147871866,/home/rowanli.tangalin/tpr/tpr/results/hpc_rq1/nominal_analysis/traces/Walker-v0_biped_nchl_train000_analysis02.npz
walker__biped__nchl__seed_000,/home/rowanli.tangalin/tpr/tpr/results/hpc_rq1/nominal/walker/biped/nchl/seed_000,2c6e6b026ee677a78e9d744112611304c259ad9e06288c90c1e89bc39bd8badd,0eb5701f411aa47ac1e44eebe094581522cd785c4ed2e62bfc88f104abf0de6d,0,Walker-v0,biped,2,7210830791768759910,3424438756091539107,W50,0.5,250,3.914489174101994,500,False,True,4.688373147871866,/home/rowanli.tangalin/tpr/tpr/results/hpc_rq1/nominal_analysis/traces/Walker-v0_biped_nchl_train000_analysis02.npz
walker__biped__nchl__seed_000,/home/rowanli.tangalin/tpr/tpr/results/hpc_rq1/nominal/walker/biped/nchl/seed_000,2c6e6b026ee677a78e9d744112611304c259ad9e06288c90c1e89bc39bd8badd,0eb5701f411aa47ac1e44eebe094581522cd785c4ed2e62bfc88f104abf0de6d,0,Walker-v0,biped,2,7210830791768759910,3424438756091539107,W75,0.75,375,1.7172292706139543,500,False,True,4.688373147871866,/home/rowanli.tangalin/tpr/tpr/results/hpc_rq1/nominal_analysis/traces/Walker-v0_biped_nchl_train000_analysis02.npz
walker__biped__nchl__seed_000,/home/rowanli.tangalin/tpr/tpr/results/hpc_rq1/nominal/walker/biped/nchl/seed_000,2c6e6b026ee677a78e9d744112611304c259ad9e06288c90c1e89bc39bd8badd,0eb5701f411aa47ac1e44eebe094581522cd785c4ed2e62bfc88f104abf0de6d,0,Walker-v0,biped,2,7210830791768759910,3424438756091539107,Wfinal,1.0,500,4.5943784638105996,500,False,True,4.688373147871866,/home/rowanli.tangalin/tpr/tpr/results/hpc_rq1/nominal_analysis/traces/Walker-v0_biped_nchl_train000_analysis02.npz
walker__biped__nchl__seed_001,/home/rowanli.tangalin/tpr/tpr/results/hpc_rq1/nominal/walker/biped/nchl/seed_001,f9c3dae9eeb3f7ac5b8ce4b6b913d3366424db3aaddddccde1131516ab0d9cad,a572e58d8e87bd245914da3a46e61bd70f8601e6cc66c55a1bf69c085a3024a4,1,Walker-v0,biped,0,5232325836976384581,7172422899355977572,W0,0.0,0,0.013272942066584137,500,False,True,4.471159828681823,/home/rowanli.tangalin/tpr/tpr/results/hpc_rq1/nominal_analysis/traces/Walker-v0_biped_nchl_train001_analysis00.npz
walker__biped__nchl__seed_001,/home/rowanli.tangalin/tpr/tpr/results/hpc_rq1/nominal/walker/biped/nchl/seed_001,f9c3dae9eeb3f7ac5b8ce4b6b913d3366424db3aaddddccde1131516ab0d9cad,a572e58d8e87bd245914da3a46e61bd70f8601e6cc66c55a1bf69c085a3024a4,1,Walker-v0,biped,0,5232325836976384581,7172422899355977572,W25,0.25,125,4.367693671575564,500,False,True,4.471159828681823,/home/rowanli.tangalin/tpr/tpr/results/hpc_rq1/nominal_analysis/traces/Walker-v0_biped_nchl_train001_analysis00.npz
walker__biped__nchl__seed_001,/home/rowanli.tangalin/tpr/tpr/results/hpc_rq1/nominal/walker/biped/nchl/seed_001,f9c3dae9eeb3f7ac5b8ce4b6b913d3366424db3aaddddccde1131516ab0d9cad,a572e58d8e87bd245914da3a46e61bd70f8601e6cc66c55a1bf69c085a3024a4,1,Walker-v0,biped,0,5232325836976384581,7172422899355977572,W50,0.5,250,-1.3453857060781806,500,False,True,4.471159828681823,/home/rowanli.tangalin/tpr/tpr/results/hpc_rq1/nominal_analysis/traces/Walker-v0_biped_nchl_train001_analysis00.npz
walker__biped__nchl__seed_001,/home/rowanli.tangalin/tpr/tpr/results/hpc_rq1/nominal/walker/biped/nchl/seed_001,f9c3dae9eeb3f7ac5b8ce4b6b913d3366424db3aaddddccde1131516ab0d9cad,a572e58d8e87bd245914da3a46e61bd70f8601e6cc66c55a1bf69c085a3024a4,1,Walker-v0,biped,0,5232325836976384581,7172422899355977572,W75,0.75,375,-1.4765998763164394,500,False,True,4.471159828681823,/home/rowanli.tangalin/tpr/tpr/results/hpc_rq1/nominal_analysis/traces/Walker-v0_biped_nchl_train001_analysis00.npz
walker__biped__nchl__seed_001,/home/rowanli.tangalin/tpr/tpr/results/hpc_rq1/nominal/walker/biped/nchl/seed_001,f9c3dae9eeb3f7ac5b8ce4b6b913d3366424db3aaddddccde1131516ab0d9cad,a572e58d8e87bd245914da3a46e61bd70f8601e6cc66c55a1bf69c085a3024a4,1,Walker-v0,biped,0,5232325836976384581,7172422899355977572,Wfinal,1.0,500,-1.5640498570960426,500,False,True,4.471159828681823,/home/rowanli.tangalin/tpr/tpr/results/hpc_rq1/nominal_analysis/traces/Walker-v0_biped_nchl_train001_analysis00.npz
walker__biped__nchl__seed_001,/home/rowanli.tangalin/tpr/tpr/results/hpc_rq1/nominal/walker/biped/nchl/seed_001,f9c3dae9eeb3f7ac5b8ce4b6b913d3366424db3aaddddccde1131516ab0d9cad,a572e58d8e87bd245914da3a46e61bd70f8601e6cc66c55a1bf69c085a3024a4,1,Walker-v0,biped,1,3184075494390970209,9147161066225580108,W0,0.0,0,-0.016690714574423005,500,False,True,4.654410397068357,/home/rowanli.tangalin/tpr/tpr/results/hpc_rq1/nominal_analysis/traces/Walker-v0_biped_nchl_train001_analysis01.npz
walker__biped__nchl__seed_001,/home/rowanli.tangalin/tpr/tpr/results/hpc_rq1/nominal/walker/biped/nchl/seed_001,f9c3dae9eeb3f7ac5b8ce4b6b913d3366424db3aaddddccde1131516ab0d9cad,a572e58d8e87bd245914da3a46e61bd70f8601e6cc66c55a1bf69c085a3024a4,1,Walker-v0,biped,1,3184075494390970209,9147161066225580108,W25,0.25,125,-1.4808825756080946,500,False,True,4.654410397068357,/home/rowanli.tangalin/tpr/tpr/results/hpc_rq1/nominal_analysis/traces/Walker-v0_biped_nchl_train001_analysis01.npz
walker__biped__nchl__seed_001,/home/rowanli.tangalin/tpr/tpr/results/hpc_rq1/nominal/walker/biped/nchl/seed_001,f9c3dae9eeb3f7ac5b8ce4b6b913d3366424db3aaddddccde1131516ab0d9cad,a572e58d8e87bd245914da3a46e61bd70f8601e6cc66c55a1bf69c085a3024a4,1,Walker-v0,biped,1,3184075494390970209,9147161066225580108,W50,0.5,250,-1.0878040115914986,500,False,True,4.654410397068357,/home/rowanli.tangalin/tpr/tpr/results/hpc_rq1/nominal_analysis/traces/Walker-v0_biped_nchl_train001_analysis01.npz
walker__biped__nchl__seed_001,/home/rowanli.tangalin/tpr/tpr/results/hpc_rq1/nominal/walker/biped/nchl/seed_001,f9c3dae9eeb3f7ac5b8ce4b6b913d3366424db3aaddddccde1131516ab0d9cad,a572e58d8e87bd245914da3a46e61bd70f8601e6cc66c55a1bf69c085a3024a4,1,Walker-v0,biped,1,3184075494390970209,9147161066225580108,W75,0.75,375,-1.4186969349529144,500,False,True,4.654410397068357,/home/rowanli.tangalin/tpr/tpr/results/hpc_rq1/nominal_analysis/traces/Walker-v0_biped_nchl_train001_analysis01.npz
walker__biped__nchl__seed_001,/home/rowanli.tangalin/tpr/tpr/results/hpc_rq1/nominal/walker/biped/nchl/seed_001,f9c3dae9eeb3f7ac5b8ce4b6b913d3366424db3aaddddccde1131516ab0d9cad,a572e58d8e87bd245914da3a46e61bd70f8601e6cc66c55a1bf69c085a3024a4,1,Walker-v0,biped,1,3184075494390970209,9147161066225580108,Wfinal,1.0,500,-1.3462948387859637,500,False,True,4.654410397068357,/home/rowanli.tangalin/tpr/tpr/results/hpc_rq1/nominal_analysis/traces/Walker-v0_biped_nchl_train001_analysis01.npz
walker__biped__nchl__seed_001,/home/rowanli.tangalin/tpr/tpr/results/hpc_rq1/nominal/walker/biped/nchl/seed_001,f9c3dae9eeb3f7ac5b8ce4b6b913d3366424db3aaddddccde1131516ab0d9cad,a572e58d8e87bd245914da3a46e61bd70f8601e6cc66c55a1bf69c085a3024a4,1,Walker-v0,biped,2,6337936886056088,9019669384804417704,W0,0.0,0,0.02029390311674034,500,False,True,4.374355278903208,/home/rowanli.tangalin/tpr/tpr/results/hpc_rq1/nominal_analysis/traces/Walker-v0_biped_nchl_train001_analysis02.npz
walker__biped__nchl__seed_001,/home/rowanli.tangalin/tpr/tpr/results/hpc_rq1/nominal/walker/biped/nchl/seed_001,f9c3dae9eeb3f7ac5b8ce4b6b913d3366424db3aaddddccde1131516ab0d9cad,a572e58d8e87bd245914da3a46e61bd70f8601e6cc66c55a1bf69c085a3024a4,1,Walker-v0,biped,2,6337936886056088,9019669384804417704,W25,0.25,125,-1.0450440779929702,500,False,True,4.374355278903208,/home/rowanli.tangalin/tpr/tpr/results/hpc_rq1/nominal_analysis/traces/Walker-v0_biped_nchl_train001_analysis02.npz
walker__biped__nchl__seed_001,/home/rowanli.tangalin/tpr/tpr/results/hpc_rq1/nominal/walker/biped/nchl/seed_001,f9c3dae9eeb3f7ac5b8ce4b6b913d3366424db3aaddddccde1131516ab0d9cad,a572e58d8e87bd245914da3a46e61bd70f8601e6cc66c55a1bf69c085a3024a4,1,Walker-v0,biped,2,6337936886056088,9019669384804417704,W50,0.5,250,-1.1164380525813637,500,False,True,4.374355278903208,/home/rowanli.tangalin/tpr/tpr/results/hpc_rq1/nominal_analysis/traces/Walker-v0_biped_nchl_train001_analysis02.npz
walker__biped__nchl__seed_001,/home/rowanli.tangalin/tpr/tpr/results/hpc_rq1/nominal/walker/biped/nchl/seed_001,f9c3dae9eeb3f7ac5b8ce4b6b913d3366424db3aaddddccde1131516ab0d9cad,a572e58d8e87bd245914da3a46e61bd70f8601e6cc66c55a1bf69c085a3024a4,1,Walker-v0,biped,2,6337936886056088,9019669384804417704,W75,0.75,375,-0.8082264344344856,500,False,True,4.374355278903208,/home/rowanli.tangalin/tpr/tpr/results/hpc_rq1/nominal_analysis/traces/Walker-v0_biped_nchl_train001_analysis02.npz
walker__biped__nchl__seed_001,/home/rowanli.tangalin/tpr/tpr/results/hpc_rq1/nominal/walker/biped/nchl/seed_001,f9c3dae9eeb3f7ac5b8ce4b6b913d3366424db3aaddddccde1131516ab0d9cad,a572e58d8e87bd245914da3a46e61bd70f8601e6cc66c55a1bf69c085a3024a4,1,Walker-v0,biped,2,6337936886056088,9019669384804417704,Wfinal,1.0,500,-1.4463296122918363,500,False,True,4.374355278903208,/home/rowanli.tangalin/tpr/tpr/results/hpc_rq1/nominal_analysis/traces/Walker-v0_biped_nchl_train001_analysis02.npz
walker__biped__nchl__seed_002,/home/rowanli.tangalin/tpr/tpr/results/hpc_rq1/nominal/walker/biped/nchl/seed_002,51ddb163f7a437b9dd383beaad7780645de42b5ff0ad7627ea6b5406927801c0,e84198b2b677961f123556d89ee5400ad96dd0bf8d35aa9f967b42fad4e3745d,2,Walker-v0,biped,0,4709125304908105630,1244304497912131803,W0,0.0,0,-0.023437957652338914,500,False,True,5.855291194119783,/home/rowanli.tangalin/tpr/tpr/results/hpc_rq1/nominal_analysis/traces/Walker-v0_biped_nchl_train002_analysis00.npz
walker__biped__nchl__seed_002,/home/rowanli.tangalin/tpr/tpr/results/hpc_rq1/nominal/walker/biped/nchl/seed_002,51ddb163f7a437b9dd383beaad7780645de42b5ff0ad7627ea6b5406927801c0,e84198b2b677961f123556d89ee5400ad96dd0bf8d35aa9f967b42fad4e3745d,2,Walker-v0,biped,0,4709125304908105630,1244304497912131803,W25,0.25,125,3.5415433714656386,500,False,True,5.855291194119783,/home/rowanli.tangalin/tpr/tpr/results/hpc_rq1/nominal_analysis/traces/Walker-v0_biped_nchl_train002_analysis00.npz
walker__biped__nchl__seed_002,/home/rowanli.tangalin/tpr/tpr/results/hpc_rq1/nominal/walker/biped/nchl/seed_002,51ddb163f7a437b9dd383beaad7780645de42b5ff0ad7627ea6b5406927801c0,e84198b2b677961f123556d89ee5400ad96dd0bf8d35aa9f967b42fad4e3745d,2,Walker-v0,biped,0,4709125304908105630,1244304497912131803,W50,0.5,250,2.527528855158957,500,False,True,5.855291194119783,/home/rowanli.tangalin/tpr/tpr/results/hpc_rq1/nominal_analysis/traces/Walker-v0_biped_nchl_train002_analysis00.npz
walker__biped__nchl__seed_002,/home/rowanli.tangalin/tpr/tpr/results/hpc_rq1/nominal/walker/biped/nchl/seed_002,51ddb163f7a437b9dd383beaad7780645de42b5ff0ad7627ea6b5406927801c0,e84198b2b677961f123556d89ee5400ad96dd0bf8d35aa9f967b42fad4e3745d,2,Walker-v0,biped,0,4709125304908105630,1244304497912131803,W75,0.75,375,3.5342849498381366,500,False,True,5.855291194119783,/home/rowanli.tangalin/tpr/tpr/results/hpc_rq1/nominal_analysis/traces/Walker-v0_biped_nchl_train002_analysis00.npz
walker__biped__nchl__seed_002,/home/rowanli.tangalin/tpr/tpr/results/hpc_rq1/nominal/walker/biped/nchl/seed_002,51ddb163f7a437b9dd383beaad7780645de42b5ff0ad7627ea6b5406927801c0,e84198b2b677961f123556d89ee5400ad96dd0bf8d35aa9f967b42fad4e3745d,2,Walker-v0,biped,0,4709125304908105630,1244304497912131803,Wfinal,1.0,500,2.4459166081835892,500,False,True,5.855291194119783,/home/rowanli.tangalin/tpr/tpr/results/hpc_rq1/nominal_analysis/traces/Walker-v0_biped_nchl_train002_analysis00.npz
walker__biped__nchl__seed_002,/home/rowanli.tangalin/tpr/tpr/results/hpc_rq1/nominal/walker/biped/nchl/seed_002,51ddb163f7a437b9dd383beaad7780645de42b5ff0ad7627ea6b5406927801c0,e84198b2b677961f123556d89ee5400ad96dd0bf8d35aa9f967b42fad4e3745d,2,Walker-v0,biped,1,6789895730674132307,2935584579999248951,W0,0.0,0,0.014835410105681457,500,False,True,4.798906031539405,/home/rowanli.tangalin/tpr/tpr/results/hpc_rq1/nominal_analysis/traces/Walker-v0_biped_nchl_train002_analysis01.npz
walker__biped__nchl__seed_002,/home/rowanli.tangalin/tpr/tpr/results/hpc_rq1/nominal/walker/biped/nchl/seed_002,51ddb163f7a437b9dd383beaad7780645de42b5ff0ad7627ea6b5406927801c0,e84198b2b677961f123556d89ee5400ad96dd0bf8d35aa9f967b42fad4e3745d,2,Walker-v0,biped,1,6789895730674132307,2935584579999248951,W25,0.25,125,2.536605953231545,500,False,True,4.798906031539405,/home/rowanli.tangalin/tpr/tpr/results/hpc_rq1/nominal_analysis/traces/Walker-v0_biped_nchl_train002_analysis01.npz
walker__biped__nchl__seed_002,/home/rowanli.tangalin/tpr/tpr/results/hpc_rq1/nominal/walker/biped/nchl/seed_002,51ddb163f7a437b9dd383beaad7780645de42b5ff0ad7627ea6b5406927801c0,e84198b2b677961f123556d89ee5400ad96dd0bf8d35aa9f967b42fad4e3745d,2,Walker-v0,biped,1,6789895730674132307,2935584579999248951,W50,0.5,250,3.729869722508375,500,False,True,4.798906031539405,/home/rowanli.tangalin/tpr/tpr/results/hpc_rq1/nominal_analysis/traces/Walker-v0_biped_nchl_train002_analysis01.npz
walker__biped__nchl__seed_002,/home/rowanli.tangalin/tpr/tpr/results/hpc_rq1/nominal/walker/biped/nchl/seed_002,51ddb163f7a437b9dd383beaad7780645de42b5ff0ad7627ea6b5406927801c0,e84198b2b677961f123556d89ee5400ad96dd0bf8d35aa9f967b42fad4e3745d,2,Walker-v0,biped,1,6789895730674132307,2935584579999248951,W75,0.75,375,1.8199744795911161,500,False,True,4.798906031539405,/home/rowanli.tangalin/tpr/tpr/results/hpc_rq1/nominal_analysis/traces/Walker-v0_biped_nchl_train002_analysis01.npz
walker__biped__nchl__seed_002,/home/rowanli.tangalin/tpr/tpr/results/hpc_rq1/nominal/walker/biped/nchl/seed_002,51ddb163f7a437b9dd383beaad7780645de42b5ff0ad7627ea6b5406927801c0,e84198b2b677961f123556d89ee5400ad96dd0bf8d35aa9f967b42fad4e3745d,2,Walker-v0,biped,1,6789895730674132307,2935584579999248951,Wfinal,1.0,500,2.776189163933587,500,False,True,4.798906031539405,/home/rowanli.tangalin/tpr/tpr/results/hpc_rq1/nominal_analysis/traces/Walker-v0_biped_nchl_train002_analysis01.npz
walker__biped__nchl__seed_002,/home/rowanli.tangalin/tpr/tpr/results/hpc_rq1/nominal/walker/biped/nchl/seed_002,51ddb163f7a437b9dd383beaad7780645de42b5ff0ad7627ea6b5406927801c0,e84198b2b677961f123556d89ee5400ad96dd0bf8d35aa9f967b42fad4e3745d,2,Walker-v0,biped,2,2298876442789069326,7237655472595637189,W0,0.0,0,0.0178219536888628,500,False,True,4.844713662667421,/home/rowanli.tangalin/tpr/tpr/results/hpc_rq1/nominal_analysis/traces/Walker-v0_biped_nchl_train002_analysis02.npz
walker__biped__nchl__seed_002,/home/rowanli.tangalin/tpr/tpr/results/hpc_rq1/nominal/walker/biped/nchl/seed_002,51ddb163f7a437b9dd383beaad7780645de42b5ff0ad7627ea6b5406927801c0,e84198b2b677961f123556d89ee5400ad96dd0bf8d35aa9f967b42fad4e3745d,2,Walker-v0,biped,2,2298876442789069326,7237655472595637189,W25,0.25,125,2.069003945740996,500,False,True,4.844713662667421,/home/rowanli.tangalin/tpr/tpr/results/hpc_rq1/nominal_analysis/traces/Walker-v0_biped_nchl_train002_analysis02.npz
walker__biped__nchl__seed_002,/home/rowanli.tangalin/tpr/tpr/results/hpc_rq1/nominal/walker/biped/nchl/seed_002,51ddb163f7a437b9dd383beaad7780645de42b5ff0ad7627ea6b5406927801c0,e84198b2b677961f123556d89ee5400ad96dd0bf8d35aa9f967b42fad4e3745d,2,Walker-v0,biped,2,2298876442789069326,7237655472595637189,W50,0.5,250,2.605934353545722,500,False,True,4.844713662667421,/home/rowanli.tangalin/tpr/tpr/results/hpc_rq1/nominal_analysis/traces/Walker-v0_biped_nchl_train002_analysis02.npz
walker__biped__nchl__seed_002,/home/rowanli.tangalin/tpr/tpr/results/hpc_rq1/nominal/walker/biped/nchl/seed_002,51ddb163f7a437b9dd383beaad7780645de42b5ff0ad7627ea6b5406927801c0,e84198b2b677961f123556d89ee5400ad96dd0bf8d35aa9f967b42fad4e3745d,2,Walker-v0,biped,2,2298876442789069326,7237655472595637189,W75,0.75,375,2.0378369019352327,500,False,True,4.844713662667421,/home/rowanli.tangalin/tpr/tpr/results/hpc_rq1/nominal_analysis/traces/Walker-v0_biped_nchl_train002_analysis02.npz
walker__biped__nchl__seed_002,/home/rowanli.tangalin/tpr/tpr/results/hpc_rq1/nominal/walker/biped/nchl/seed_002,51ddb163f7a437b9dd383beaad7780645de42b5ff0ad7627ea6b5406927801c0,e84198b2b677961f123556d89ee5400ad96dd0bf8d35aa9f967b42fad4e3745d,2,Walker-v0,biped,2,2298876442789069326,7237655472595637189,Wfinal,1.0,500,2.4269041907777185,500,False,True,4.844713662667421,/home/rowanli.tangalin/tpr/tpr/results/hpc_rq1/nominal_analysis/traces/Walker-v0_biped_nchl_train002_analysis02.npz
walker__biped__nchl__seed_003,/home/rowanli.tangalin/tpr/tpr/results/hpc_rq1/nominal/walker/biped/nchl/seed_003,e15a4d9d9c51ddc2e9ec78035a4d9c4f27aaece9cd90565ef2a9794e844e224f,48d66aeb9e00e431834498cfabb6f6baad1444c56b5738bb617b7e3604e29c6f,3,Walker-v0,biped,0,6875887065855152501,8328361779180904825,W0,0.0,0,-0.012142884839918267,500,False,True,4.61384065153161,/home/rowanli.tangalin/tpr/tpr/results/hpc_rq1/nominal_analysis/traces/Walker-v0_biped_nchl_train003_analysis00.npz
walker__biped__nchl__seed_003,/home/rowanli.tangalin/tpr/tpr/results/hpc_rq1/nominal/walker/biped/nchl/seed_003,e15a4d9d9c51ddc2e9ec78035a4d9c4f27aaece9cd90565ef2a9794e844e224f,48d66aeb9e00e431834498cfabb6f6baad1444c56b5738bb617b7e3604e29c6f,3,Walker-v0,biped,0,6875887065855152501,8328361779180904825,W25,0.25,125,-0.7931116501657398,500,False,True,4.61384065153161,/home/rowanli.tangalin/tpr/tpr/results/hpc_rq1/nominal_analysis/traces/Walker-v0_biped_nchl_train003_analysis00.npz
walker__biped__nchl__seed_003,/home/rowanli.tangalin/tpr/tpr/results/hpc_rq1/nominal/walker/biped/nchl/seed_003,e15a4d9d9c51ddc2e9ec78035a4d9c4f27aaece9cd90565ef2a9794e844e224f,48d66aeb9e00e431834498cfabb6f6baad1444c56b5738bb617b7e3604e29c6f,3,Walker-v0,biped,0,6875887065855152501,8328361779180904825,W50,0.5,250,-0.4862109094559337,500,False,True,4.61384065153161,/home/rowanli.tangalin/tpr/tpr/results/hpc_rq1/nominal_analysis/traces/Walker-v0_biped_nchl_train003_analysis00.npz
walker__biped__nchl__seed_003,/home/rowanli.tangalin/tpr/tpr/results/hpc_rq1/nominal/walker/biped/nchl/seed_003,e15a4d9d9c51ddc2e9ec78035a4d9c4f27aaece9cd90565ef2a9794e844e224f,48d66aeb9e00e431834498cfabb6f6baad1444c56b5738bb617b7e3604e29c6f,3,Walker-v0,biped,0,6875887065855152501,8328361779180904825,W75,0.75,375,-0.8198865876466027,500,False,True,4.61384065153161,/home/rowanli.tangalin/tpr/tpr/results/hpc_rq1/nominal_analysis/traces/Walker-v0_biped_nchl_train003_analysis00.npz
walker__biped__nchl__seed_003,/home/rowanli.tangalin/tpr/tpr/results/hpc_rq1/nominal/walker/biped/nchl/seed_003,e15a4d9d9c51ddc2e9ec78035a4d9c4f27aaece9cd90565ef2a9794e844e224f,48d66aeb9e00e431834498cfabb6f6baad1444c56b5738bb617b7e3604e29c6f,3,Walker-v0,biped,0,6875887065855152501,8328361779180904825,Wfinal,1.0,500,2.439280968469377,500,False,True,4.61384065153161,/home/rowanli.tangalin/tpr/tpr/results/hpc_rq1/nominal_analysis/traces/Walker-v0_biped_nchl_train003_analysis00.npz
walker__biped__nchl__seed_003,/home/rowanli.tangalin/tpr/tpr/results/hpc_rq1/nominal/walker/biped/nchl/seed_003,e15a4d9d9c51ddc2e9ec78035a4d9c4f27aaece9cd90565ef2a9794e844e224f,48d66aeb9e00e431834498cfabb6f6baad1444c56b5738bb617b7e3604e29c6f,3,Walker-v0,biped,1,2344851983452959862,6171704884853545157,W0,0.0,0,0.015237359255900196,500,False,True,3.853647868655252,/home/rowanli.tangalin/tpr/tpr/results/hpc_rq1/nominal_analysis/traces/Walker-v0_biped_nchl_train003_analysis01.npz
walker__biped__nchl__seed_003,/home/rowanli.tangalin/tpr/tpr/results/hpc_rq1/nominal/walker/biped/nchl/seed_003,e15a4d9d9c51ddc2e9ec78035a4d9c4f27aaece9cd90565ef2a9794e844e224f,48d66aeb9e00e431834498cfabb6f6baad1444c56b5738bb617b7e3604e29c6f,3,Walker-v0,biped,1,2344851983452959862,6171704884853545157,W25,0.25,125,-0.9773508798881637,500,False,True,3.853647868655252,/home/rowanli.tangalin/tpr/tpr/results/hpc_rq1/nominal_analysis/traces/Walker-v0_biped_nchl_train003_analysis01.npz
walker__biped__nchl__seed_003,/home/rowanli.tangalin/tpr/tpr/results/hpc_rq1/nominal/walker/biped/nchl/seed_003,e15a4d9d9c51ddc2e9ec78035a4d9c4f27aaece9cd90565ef2a9794e844e224f,48d66aeb9e00e431834498cfabb6f6baad1444c56b5738bb617b7e3604e29c6f,3,Walker-v0,biped,1,2344851983452959862,6171704884853545157,W50,0.5,250,-2.343032054235991,500,False,True,3.853647868655252,/home/rowanli.tangalin/tpr/tpr/results/hpc_rq1/nominal_analysis/traces/Walker-v0_biped_nchl_train003_analysis01.npz
walker__biped__nchl__seed_003,/home/rowanli.tangalin/tpr/tpr/results/hpc_rq1/nominal/walker/biped/nchl/seed_003,e15a4d9d9c51ddc2e9ec78035a4d9c4f27aaece9cd90565ef2a9794e844e224f,48d66aeb9e00e431834498cfabb6f6baad1444c56b5738bb617b7e3604e29c6f,3,Walker-v0,biped,1,2344851983452959862,6171704884853545157,W75,0.75,375,-1.4941766296013022,500,False,True,3.853647868655252,/home/rowanli.tangalin/tpr/tpr/results/hpc_rq1/nominal_analysis/traces/Walker-v0_biped_nchl_train003_analysis01.npz
walker__biped__nchl__seed_003,/home/rowanli.tangalin/tpr/tpr/results/hpc_rq1/nominal/walker/biped/nchl/seed_003,e15a4d9d9c51ddc2e9ec78035a4d9c4f27aaece9cd90565ef2a9794e844e224f,48d66aeb9e00e431834498cfabb6f6baad1444c56b5738bb617b7e3604e29c6f,3,Walker-v0,biped,1,2344851983452959862,6171704884853545157,Wfinal,1.0,500,0.515527880760105,500,False,True,3.853647868655252,/home/rowanli.tangalin/tpr/tpr/results/hpc_rq1/nominal_analysis/traces/Walker-v0_biped_nchl_train003_analysis01.npz
walker__biped__nchl__seed_003,/home/rowanli.tangalin/tpr/tpr/results/hpc_rq1/nominal/walker/biped/nchl/seed_003,e15a4d9d9c51ddc2e9ec78035a4d9c4f27aaece9cd90565ef2a9794e844e224f,48d66aeb9e00e431834498cfabb6f6baad1444c56b5738bb617b7e3604e29c6f,3,Walker-v0,biped,2,3189270387817152734,2268335290108042879,W0,0.0,0,0.012878426153784317,500,False,True,4.2648202089462135,/home/rowanli.tangalin/tpr/tpr/results/hpc_rq1/nominal_analysis/traces/Walker-v0_biped_nchl_train003_analysis02.npz
walker__biped__nchl__seed_003,/home/rowanli.tangalin/tpr/tpr/results/hpc_rq1/nominal/walker/biped/nchl/seed_003,e15a4d9d9c51ddc2e9ec78035a4d9c4f27aaece9cd90565ef2a9794e844e224f,48d66aeb9e00e431834498cfabb6f6baad1444c56b5738bb617b7e3604e29c6f,3,Walker-v0,biped,2,3189270387817152734,2268335290108042879,W25,0.25,125,3.118991503166092,500,False,True,4.2648202089462135,/home/rowanli.tangalin/tpr/tpr/results/hpc_rq1/nominal_analysis/traces/Walker-v0_biped_nchl_train003_analysis02.npz
walker__biped__nchl__seed_003,/home/rowanli.tangalin/tpr/tpr/results/hpc_rq1/nominal/walker/biped/nchl/seed_003,e15a4d9d9c51ddc2e9ec78035a4d9c4f27aaece9cd90565ef2a9794e844e224f,48d66aeb9e00e431834498cfabb6f6baad1444c56b5738bb617b7e3604e29c6f,3,Walker-v0,biped,2,3189270387817152734,2268335290108042879,W50,0.5,250,4.234420015107591,500,False,True,4.2648202089462135,/home/rowanli.tangalin/tpr/tpr/results/hpc_rq1/nominal_analysis/traces/Walker-v0_biped_nchl_train003_analysis02.npz
walker__biped__nchl__seed_003,/home/rowanli.tangalin/tpr/tpr/results/hpc_rq1/nominal/walker/biped/nchl/seed_003,e15a4d9d9c51ddc2e9ec78035a4d9c4f27aaece9cd90565ef2a9794e844e224f,48d66aeb9e00e431834498cfabb6f6baad1444c56b5738bb617b7e3604e29c6f,3,Walker-v0,biped,2,3189270387817152734,2268335290108042879,W75,0.75,375,-1.4068854044540111,500,False,True,4.2648202089462135,/home/rowanli.tangalin/tpr/tpr/results/hpc_rq1/nominal_analysis/traces/Walker-v0_biped_nchl_train003_analysis02.npz
walker__biped__nchl__seed_003,/home/rowanli.tangalin/tpr/tpr/results/hpc_rq1/nominal/walker/biped/nchl/seed_003,e15a4d9d9c51ddc2e9ec78035a4d9c4f27aaece9cd90565ef2a9794e844e224f,48d66aeb9e00e431834498cfabb6f6baad1444c56b5738bb617b7e3604e29c6f,3,Walker-v0,biped,2,3189270387817152734,2268335290108042879,Wfinal,1.0,500,0.7692268719871926,500,False,True,4.2648202089462135,/home/rowanli.tangalin/tpr/tpr/results/hpc_rq1/nominal_analysis/traces/Walker-v0_biped_nchl_train003_analysis02.npz
walker__biped__nchl__seed_004,/home/rowanli.tangalin/tpr/tpr/results/hpc_rq1/nominal/walker/biped/nchl/seed_004,de1d133581515e158a317db31d0047534d22c144c35c8a91816750a519a78390,176e555b9e6dd75db19973400b373b1815e6d847a929dda8224c2f804bdec8df,4,Walker-v0,biped,0,4675618027918977294,6264005447694142635,W0,0.0,0,-0.01694087399225147,500,False,True,3.9761973360388057,/home/rowanli.tangalin/tpr/tpr/results/hpc_rq1/nominal_analysis/traces/Walker-v0_biped_nchl_train004_analysis00.npz
walker__biped__nchl__seed_004,/home/rowanli.tangalin/tpr/tpr/results/hpc_rq1/nominal/walker/biped/nchl/seed_004,de1d133581515e158a317db31d0047534d22c144c35c8a91816750a519a78390,176e555b9e6dd75db19973400b373b1815e6d847a929dda8224c2f804bdec8df,4,Walker-v0,biped,0,4675618027918977294,6264005447694142635,W25,0.25,125,3.391835496570126,500,False,True,3.9761973360388057,/home/rowanli.tangalin/tpr/tpr/results/hpc_rq1/nominal_analysis/traces/Walker-v0_biped_nchl_train004_analysis00.npz
walker__biped__nchl__seed_004,/home/rowanli.tangalin/tpr/tpr/results/hpc_rq1/nominal/walker/biped/nchl/seed_004,de1d133581515e158a317db31d0047534d22c144c35c8a91816750a519a78390,176e555b9e6dd75db19973400b373b1815e6d847a929dda8224c2f804bdec8df,4,Walker-v0,biped,0,4675618027918977294,6264005447694142635,W50,0.5,250,4.028959635116211,500,False,True,3.9761973360388057,/home/rowanli.tangalin/tpr/tpr/results/hpc_rq1/nominal_analysis/traces/Walker-v0_biped_nchl_train004_analysis00.npz
walker__biped__nchl__seed_004,/home/rowanli.tangalin/tpr/tpr/results/hpc_rq1/nominal/walker/biped/nchl/seed_004,de1d133581515e158a317db31d0047534d22c144c35c8a91816750a519a78390,176e555b9e6dd75db19973400b373b1815e6d847a929dda8224c2f804bdec8df,4,Walker-v0,biped,0,4675618027918977294,6264005447694142635,W75,0.75,375,2.9202864513358033,500,False,True,3.9761973360388057,/home/rowanli.tangalin/tpr/tpr/results/hpc_rq1/nominal_analysis/traces/Walker-v0_biped_nchl_train004_analysis00.npz
walker__biped__nchl__seed_004,/home/rowanli.tangalin/tpr/tpr/results/hpc_rq1/nominal/walker/biped/nchl/seed_004,de1d133581515e158a317db31d0047534d22c144c35c8a91816750a519a78390,176e555b9e6dd75db19973400b373b1815e6d847a929dda8224c2f804bdec8df,4,Walker-v0,biped,0,4675618027918977294,6264005447694142635,Wfinal,1.0,500,3.945872041228758,500,False,True,3.9761973360388057,/home/rowanli.tangalin/tpr/tpr/results/hpc_rq1/nominal_analysis/traces/Walker-v0_biped_nchl_train004_analysis00.npz
walker__biped__nchl__seed_004,/home/rowanli.tangalin/tpr/tpr/results/hpc_rq1/nominal/walker/biped/nchl/seed_004,de1d133581515e158a317db31d0047534d22c144c35c8a91816750a519a78390,176e555b9e6dd75db19973400b373b1815e6d847a929dda8224c2f804bdec8df,4,Walker-v0,biped,1,1776748932738538903,3330744174114140836,W0,0.0,0,-0.02228580334503011,500,False,True,4.201735728766321,/home/rowanli.tangalin/tpr/tpr/results/hpc_rq1/nominal_analysis/traces/Walker-v0_biped_nchl_train004_analysis01.npz
walker__biped__nchl__seed_004,/home/rowanli.tangalin/tpr/tpr/results/hpc_rq1/nominal/walker/biped/nchl/seed_004,de1d133581515e158a317db31d0047534d22c144c35c8a91816750a519a78390,176e555b9e6dd75db19973400b373b1815e6d847a929dda8224c2f804bdec8df,4,Walker-v0,biped,1,1776748932738538903,3330744174114140836,W25,0.25,125,3.6353367572761766,500,False,True,4.201735728766321,/home/rowanli.tangalin/tpr/tpr/results/hpc_rq1/nominal_analysis/traces/Walker-v0_biped_nchl_train004_analysis01.npz
walker__biped__nchl__seed_004,/home/rowanli.tangalin/tpr/tpr/results/hpc_rq1/nominal/walker/biped/nchl/seed_004,de1d133581515e158a317db31d0047534d22c144c35c8a91816750a519a78390,176e555b9e6dd75db19973400b373b1815e6d847a929dda8224c2f804bdec8df,4,Walker-v0,biped,1,1776748932738538903,3330744174114140836,W50,0.5,250,3.6725996161225174,500,False,True,4.201735728766321,/home/rowanli.tangalin/tpr/tpr/results/hpc_rq1/nominal_analysis/traces/Walker-v0_biped_nchl_train004_analysis01.npz
walker__biped__nchl__seed_004,/home/rowanli.tangalin/tpr/tpr/results/hpc_rq1/nominal/walker/biped/nchl/seed_004,de1d133581515e158a317db31d0047534d22c144c35c8a91816750a519a78390,176e555b9e6dd75db19973400b373b1815e6d847a929dda8224c2f804bdec8df,4,Walker-v0,biped,1,1776748932738538903,3330744174114140836,W75,0.75,375,4.067281922611139,500,False,True,4.201735728766321,/home/rowanli.tangalin/tpr/tpr/results/hpc_rq1/nominal_analysis/traces/Walker-v0_biped_nchl_train004_analysis01.npz
walker__biped__nchl__seed_004,/home/rowanli.tangalin/tpr/tpr/results/hpc_rq1/nominal/walker/biped/nchl/seed_004,de1d133581515e158a317db31d0047534d22c144c35c8a91816750a519a78390,176e555b9e6dd75db19973400b373b1815e6d847a929dda8224c2f804bdec8df,4,Walker-v0,biped,1,1776748932738538903,3330744174114140836,Wfinal,1.0,500,3.809857193960015,500,False,True,4.201735728766321,/home/rowanli.tangalin/tpr/tpr/results/hpc_rq1/nominal_analysis/traces/Walker-v0_biped_nchl_train004_analysis01.npz
walker__biped__nchl__seed_004,/home/rowanli.tangalin/tpr/tpr/results/hpc_rq1/nominal/walker/biped/nchl/seed_004,de1d133581515e158a317db31d0047534d22c144c35c8a91816750a519a78390,176e555b9e6dd75db19973400b373b1815e6d847a929dda8224c2f804bdec8df,4,Walker-v0,biped,2,1844154726293175647,4425154243183907800,W0,0.0,0,-0.013121407978008315,500,False,True,3.877402393842469,/home/rowanli.tangalin/tpr/tpr/results/hpc_rq1/nominal_analysis/traces/Walker-v0_biped_nchl_train004_analysis02.npz
walker__biped__nchl__seed_004,/home/rowanli.tangalin/tpr/tpr/results/hpc_rq1/nominal/walker/biped/nchl/seed_004,de1d133581515e158a317db31d0047534d22c144c35c8a91816750a519a78390,176e555b9e6dd75db19973400b373b1815e6d847a929dda8224c2f804bdec8df,4,Walker-v0,biped,2,1844154726293175647,4425154243183907800,W25,0.25,125,3.3784979451081885,500,False,True,3.877402393842469,/home/rowanli.tangalin/tpr/tpr/results/hpc_rq1/nominal_analysis/traces/Walker-v0_biped_nchl_train004_analysis02.npz
walker__biped__nchl__seed_004,/home/rowanli.tangalin/tpr/tpr/results/hpc_rq1/nominal/walker/biped/nchl/seed_004,de1d133581515e158a317db31d0047534d22c144c35c8a91816750a519a78390,176e555b9e6dd75db19973400b373b1815e6d847a929dda8224c2f804bdec8df,4,Walker-v0,biped,2,1844154726293175647,4425154243183907800,W50,0.5,250,2.9417447765057423,500,False,True,3.877402393842469,/home/rowanli.tangalin/tpr/tpr/results/hpc_rq1/nominal_analysis/traces/Walker-v0_biped_nchl_train004_analysis02.npz
walker__biped__nchl__seed_004,/home/rowanli.tangalin/tpr/tpr/results/hpc_rq1/nominal/walker/biped/nchl/seed_004,de1d133581515e158a317db31d0047534d22c144c35c8a91816750a519a78390,176e555b9e6dd75db19973400b373b1815e6d847a929dda8224c2f804bdec8df,4,Walker-v0,biped,2,1844154726293175647,4425154243183907800,W75,0.75,375,3.940514984750523,500,False,True,3.877402393842469,/home/rowanli.tangalin/tpr/tpr/results/hpc_rq1/nominal_analysis/traces/Walker-v0_biped_nchl_train004_analysis02.npz
walker__biped__nchl__seed_004,/home/rowanli.tangalin/tpr/tpr/results/hpc_rq1/nominal/walker/biped/nchl/seed_004,de1d133581515e158a317db31d0047534d22c144c35c8a91816750a519a78390,176e555b9e6dd75db19973400b373b1815e6d847a929dda8224c2f804bdec8df,4,Walker-v0,biped,2,1844154726293175647,4425154243183907800,Wfinal,1.0,500,4.093377342367089,500,False,True,3.877402393842469,/home/rowanli.tangalin/tpr/tpr/results/hpc_rq1/nominal_analysis/traces/Walker-v0_biped_nchl_train004_analysis02.npz
walker__biped__nchl__seed_005,/home/rowanli.tangalin/tpr/tpr/results/hpc_rq1/nominal/walker/biped/nchl/seed_005,2e4757f4c378c86feb7fc7fd527fb70abfece956b54f623c7dca5a69b22a2844,8a67eccc47600ee29c5e23846a953ae63da22dd458d6e605118cf5834c3e6b06,5,Walker-v0,biped,0,6537336262564968459,5568806234066008283,W0,0.0,0,-0.017703101824210754,500,False,True,4.360969709036646,/home/rowanli.tangalin/tpr/tpr/results/hpc_rq1/nominal_analysis/traces/Walker-v0_biped_nchl_train005_analysis00.npz
walker__biped__nchl__seed_005,/home/rowanli.tangalin/tpr/tpr/results/hpc_rq1/nominal/walker/biped/nchl/seed_005,2e4757f4c378c86feb7fc7fd527fb70abfece956b54f623c7dca5a69b22a2844,8a67eccc47600ee29c5e23846a953ae63da22dd458d6e605118cf5834c3e6b06,5,Walker-v0,biped,0,6537336262564968459,5568806234066008283,W25,0.25,125,4.212437646937232,500,False,True,4.360969709036646,/home/rowanli.tangalin/tpr/tpr/results/hpc_rq1/nominal_analysis/traces/Walker-v0_biped_nchl_train005_analysis00.npz
walker__biped__nchl__seed_005,/home/rowanli.tangalin/tpr/tpr/results/hpc_rq1/nominal/walker/biped/nchl/seed_005,2e4757f4c378c86feb7fc7fd527fb70abfece956b54f623c7dca5a69b22a2844,8a67eccc47600ee29c5e23846a953ae63da22dd458d6e605118cf5834c3e6b06,5,Walker-v0,biped,0,6537336262564968459,5568806234066008283,W50,0.5,250,2.7891045750011427,500,False,True,4.360969709036646,/home/rowanli.tangalin/tpr/tpr/results/hpc_rq1/nominal_analysis/traces/Walker-v0_biped_nchl_train005_analysis00.npz
walker__biped__nchl__seed_005,/home/rowanli.tangalin/tpr/tpr/results/hpc_rq1/nominal/walker/biped/nchl/seed_005,2e4757f4c378c86feb7fc7fd527fb70abfece956b54f623c7dca5a69b22a2844,8a67eccc47600ee29c5e23846a953ae63da22dd458d6e605118cf5834c3e6b06,5,Walker-v0,biped,0,6537336262564968459,5568806234066008283,W75,0.75,375,3.9491378995675195,500,False,True,4.360969709036646,/home/rowanli.tangalin/tpr/tpr/results/hpc_rq1/nominal_analysis/traces/Walker-v0_biped_nchl_train005_analysis00.npz
walker__biped__nchl__seed_005,/home/rowanli.tangalin/tpr/tpr/results/hpc_rq1/nominal/walker/biped/nchl/seed_005,2e4757f4c378c86feb7fc7fd527fb70abfece956b54f623c7dca5a69b22a2844,8a67eccc47600ee29c5e23846a953ae63da22dd458d6e605118cf5834c3e6b06,5,Walker-v0,biped,0,6537336262564968459,5568806234066008283,Wfinal,1.0,500,2.2086079076348666,500,False,True,4.360969709036646,/home/rowanli.tangalin/tpr/tpr/results/hpc_rq1/nominal_analysis/traces/Walker-v0_biped_nchl_train005_analysis00.npz
walker__biped__nchl__seed_005,/home/rowanli.tangalin/tpr/tpr/results/hpc_rq1/nominal/walker/biped/nchl/seed_005,2e4757f4c378c86feb7fc7fd527fb70abfece956b54f623c7dca5a69b22a2844,8a67eccc47600ee29c5e23846a953ae63da22dd458d6e605118cf5834c3e6b06,5,Walker-v0,biped,1,7847246716821455116,5175985587420486963,W0,0.0,0,0.01349332009842752,500,False,True,4.945531828838531,/home/rowanli.tangalin/tpr/tpr/results/hpc_rq1/nominal_analysis/traces/Walker-v0_biped_nchl_train005_analysis01.npz
walker__biped__nchl__seed_005,/home/rowanli.tangalin/tpr/tpr/results/hpc_rq1/nominal/walker/biped/nchl/seed_005,2e4757f4c378c86feb7fc7fd527fb70abfece956b54f623c7dca5a69b22a2844,8a67eccc47600ee29c5e23846a953ae63da22dd458d6e605118cf5834c3e6b06,5,Walker-v0,biped,1,7847246716821455116,5175985587420486963,W25,0.25,125,4.438316512707388,500,False,True,4.945531828838531,/home/rowanli.tangalin/tpr/tpr/results/hpc_rq1/nominal_analysis/traces/Walker-v0_biped_nchl_train005_analysis01.npz
walker__biped__nchl__seed_005,/home/rowanli.tangalin/tpr/tpr/results/hpc_rq1/nominal/walker/biped/nchl/seed_005,2e4757f4c378c86feb7fc7fd527fb70abfece956b54f623c7dca5a69b22a2844,8a67eccc47600ee29c5e23846a953ae63da22dd458d6e605118cf5834c3e6b06,5,Walker-v0,biped,1,7847246716821455116,5175985587420486963,W50,0.5,250,3.628327664701149,500,False,True,4.945531828838531,/home/rowanli.tangalin/tpr/tpr/results/hpc_rq1/nominal_analysis/traces/Walker-v0_biped_nchl_train005_analysis01.npz
walker__biped__nchl__seed_005,/home/rowanli.tangalin/tpr/tpr/results/hpc_rq1/nominal/walker/biped/nchl/seed_005,2e4757f4c378c86feb7fc7fd527fb70abfece956b54f623c7dca5a69b22a2844,8a67eccc47600ee29c5e23846a953ae63da22dd458d6e605118cf5834c3e6b06,5,Walker-v0,biped,1,7847246716821455116,5175985587420486963,W75,0.75,375,3.5262217388430024,500,False,True,4.945531828838531,/home/rowanli.tangalin/tpr/tpr/results/hpc_rq1/nominal_analysis/traces/Walker-v0_biped_nchl_train005_analysis01.npz
walker__biped__nchl__seed_005,/home/rowanli.tangalin/tpr/tpr/results/hpc_rq1/nominal/walker/biped/nchl/seed_005,2e4757f4c378c86feb7fc7fd527fb70abfece956b54f623c7dca5a69b22a2844,8a67eccc47600ee29c5e23846a953ae63da22dd458d6e605118cf5834c3e6b06,5,Walker-v0,biped,1,7847246716821455116,5175985587420486963,Wfinal,1.0,500,4.593073721604066,500,False,True,4.945531828838531,/home/rowanli.tangalin/tpr/tpr/results/hpc_rq1/nominal_analysis/traces/Walker-v0_biped_nchl_train005_analysis01.npz
walker__biped__nchl__seed_005,/home/rowanli.tangalin/tpr/tpr/results/hpc_rq1/nominal/walker/biped/nchl/seed_005,2e4757f4c378c86feb7fc7fd527fb70abfece956b54f623c7dca5a69b22a2844,8a67eccc47600ee29c5e23846a953ae63da22dd458d6e605118cf5834c3e6b06,5,Walker-v0,biped,2,8874890859321386193,4629262467755900572,W0,0.0,0,0.02079688614438957,500,False,True,4.981170773344653,/home/rowanli.tangalin/tpr/tpr/results/hpc_rq1/nominal_analysis/traces/Walker-v0_biped_nchl_train005_analysis02.npz
walker__biped__nchl__seed_005,/home/rowanli.tangalin/tpr/tpr/results/hpc_rq1/nominal/walker/biped/nchl/seed_005,2e4757f4c378c86feb7fc7fd527fb70abfece956b54f623c7dca5a69b22a2844,8a67eccc47600ee29c5e23846a953ae63da22dd458d6e605118cf5834c3e6b06,5,Walker-v0,biped,2,8874890859321386193,4629262467755900572,W25,0.25,125,0.8623922989846489,500,False,True,4.981170773344653,/home/rowanli.tangalin/tpr/tpr/results/hpc_rq1/nominal_analysis/traces/Walker-v0_biped_nchl_train005_analysis02.npz
walker__biped__nchl__seed_005,/home/rowanli.tangalin/tpr/tpr/results/hpc_rq1/nominal/walker/biped/nchl/seed_005,2e4757f4c378c86feb7fc7fd527fb70abfece956b54f623c7dca5a69b22a2844,8a67eccc47600ee29c5e23846a953ae63da22dd458d6e605118cf5834c3e6b06,5,Walker-v0,biped,2,8874890859321386193,4629262467755900572,W50,0.5,250,3.955553459025789,500,False,True,4.981170773344653,/home/rowanli.tangalin/tpr/tpr/results/hpc_rq1/nominal_analysis/traces/Walker-v0_biped_nchl_train005_analysis02.npz
walker__biped__nchl__seed_005,/home/rowanli.tangalin/tpr/tpr/results/hpc_rq1/nominal/walker/biped/nchl/seed_005,2e4757f4c378c86feb7fc7fd527fb70abfece956b54f623c7dca5a69b22a2844,8a67eccc47600ee29c5e23846a953ae63da22dd458d6e605118cf5834c3e6b06,5,Walker-v0,biped,2,8874890859321386193,4629262467755900572,W75,0.75,375,4.543705290332114,500,False,True,4.981170773344653,/home/rowanli.tangalin/tpr/tpr/results/hpc_rq1/nominal_analysis/traces/Walker-v0_biped_nchl_train005_analysis02.npz
walker__biped__nchl__seed_005,/home/rowanli.tangalin/tpr/tpr/results/hpc_rq1/nominal/walker/biped/nchl/seed_005,2e4757f4c378c86feb7fc7fd527fb70abfece956b54f623c7dca5a69b22a2844,8a67eccc47600ee29c5e23846a953ae63da22dd458d6e605118cf5834c3e6b06,5,Walker-v0,biped,2,8874890859321386193,4629262467755900572,Wfinal,1.0,500,4.935520112164688,500,False,True,4.981170773344653,/home/rowanli.tangalin/tpr/tpr/results/hpc_rq1/nominal_analysis/traces/Walker-v0_biped_nchl_train005_analysis02.npz
walker__biped__nchl__seed_006,/home/rowanli.tangalin/tpr/tpr/results/hpc_rq1/nominal/walker/biped/nchl/seed_006,fe312947a36da98a70b77eb9fd91f62a26e020d408da588a23b7f09829ae207f,6797b0c354c9039088787823e4806722c75e0f265fb729ab1fa34ec52af2c5ba,6,Walker-v0,biped,0,4697810511805331226,1837341966890607914,W0,0.0,0,0.012268027105543367,500,False,True,0.852190527769384,/home/rowanli.tangalin/tpr/tpr/results/hpc_rq1/nominal_analysis/traces/Walker-v0_biped_nchl_train006_analysis00.npz
walker__biped__nchl__seed_006,/home/rowanli.tangalin/tpr/tpr/results/hpc_rq1/nominal/walker/biped/nchl/seed_006,fe312947a36da98a70b77eb9fd91f62a26e020d408da588a23b7f09829ae207f,6797b0c354c9039088787823e4806722c75e0f265fb729ab1fa34ec52af2c5ba,6,Walker-v0,biped,0,4697810511805331226,1837341966890607914,W25,0.25,125,0.14504928973778058,500,False,True,0.852190527769384,/home/rowanli.tangalin/tpr/tpr/results/hpc_rq1/nominal_analysis/traces/Walker-v0_biped_nchl_train006_analysis00.npz
walker__biped__nchl__seed_006,/home/rowanli.tangalin/tpr/tpr/results/hpc_rq1/nominal/walker/biped/nchl/seed_006,fe312947a36da98a70b77eb9fd91f62a26e020d408da588a23b7f09829ae207f,6797b0c354c9039088787823e4806722c75e0f265fb729ab1fa34ec52af2c5ba,6,Walker-v0,biped,0,4697810511805331226,1837341966890607914,W50,0.5,250,-0.5234988164238262,500,False,True,0.852190527769384,/home/rowanli.tangalin/tpr/tpr/results/hpc_rq1/nominal_analysis/traces/Walker-v0_biped_nchl_train006_analysis00.npz
walker__biped__nchl__seed_006,/home/rowanli.tangalin/tpr/tpr/results/hpc_rq1/nominal/walker/biped/nchl/seed_006,fe312947a36da98a70b77eb9fd91f62a26e020d408da588a23b7f09829ae207f,6797b0c354c9039088787823e4806722c75e0f265fb729ab1fa34ec52af2c5ba,6,Walker-v0,biped,0,4697810511805331226,1837341966890607914,W75,0.75,375,0.2317279566959397,500,False,True,0.852190527769384,/home/rowanli.tangalin/tpr/tpr/results/hpc_rq1/nominal_analysis/traces/Walker-v0_biped_nchl_train006_analysis00.npz
walker__biped__nchl__seed_006,/home/rowanli.tangalin/tpr/tpr/results/hpc_rq1/nominal/walker/biped/nchl/seed_006,fe312947a36da98a70b77eb9fd91f62a26e020d408da588a23b7f09829ae207f,6797b0c354c9039088787823e4806722c75e0f265fb729ab1fa34ec52af2c5ba,6,Walker-v0,biped,0,4697810511805331226,1837341966890607914,Wfinal,1.0,500,-1.2996200154373767,500,False,True,0.852190527769384,/home/rowanli.tangalin/tpr/tpr/results/hpc_rq1/nominal_analysis/traces/Walker-v0_biped_nchl_train006_analysis00.npz
walker__biped__nchl__seed_006,/home/rowanli.tangalin/tpr/tpr/results/hpc_rq1/nominal/walker/biped/nchl/seed_006,fe312947a36da98a70b77eb9fd91f62a26e020d408da588a23b7f09829ae207f,6797b0c354c9039088787823e4806722c75e0f265fb729ab1fa34ec52af2c5ba,6,Walker-v0,biped,1,212357942801270703,7001556810303355477,W0,0.0,0,-0.017845944979436756,500,False,True,5.383820134673073,/home/rowanli.tangalin/tpr/tpr/results/hpc_rq1/nominal_analysis/traces/Walker-v0_biped_nchl_train006_analysis01.npz
walker__biped__nchl__seed_006,/home/rowanli.tangalin/tpr/tpr/results/hpc_rq1/nominal/walker/biped/nchl/seed_006,fe312947a36da98a70b77eb9fd91f62a26e020d408da588a23b7f09829ae207f,6797b0c354c9039088787823e4806722c75e0f265fb729ab1fa34ec52af2c5ba,6,Walker-v0,biped,1,212357942801270703,7001556810303355477,W25,0.25,125,-2.8314148600122295,500,False,True,5.383820134673073,/home/rowanli.tangalin/tpr/tpr/results/hpc_rq1/nominal_analysis/traces/Walker-v0_biped_nchl_train006_analysis01.npz
walker__biped__nchl__seed_006,/home/rowanli.tangalin/tpr/tpr/results/hpc_rq1/nominal/walker/biped/nchl/seed_006,fe312947a36da98a70b77eb9fd91f62a26e020d408da588a23b7f09829ae207f,6797b0c354c9039088787823e4806722c75e0f265fb729ab1fa34ec52af2c5ba,6,Walker-v0,biped,1,212357942801270703,7001556810303355477,W50,0.5,250,-0.7476156461216271,500,False,True,5.383820134673073,/home/rowanli.tangalin/tpr/tpr/results/hpc_rq1/nominal_analysis/traces/Walker-v0_biped_nchl_train006_analysis01.npz
walker__biped__nchl__seed_006,/home/rowanli.tangalin/tpr/tpr/results/hpc_rq1/nominal/walker/biped/nchl/seed_006,fe312947a36da98a70b77eb9fd91f62a26e020d408da588a23b7f09829ae207f,6797b0c354c9039088787823e4806722c75e0f265fb729ab1fa34ec52af2c5ba,6,Walker-v0,biped,1,212357942801270703,7001556810303355477,W75,0.75,375,0.048116287142164926,500,False,True,5.383820134673073,/home/rowanli.tangalin/tpr/tpr/results/hpc_rq1/nominal_analysis/traces/Walker-v0_biped_nchl_train006_analysis01.npz
walker__biped__nchl__seed_006,/home/rowanli.tangalin/tpr/tpr/results/hpc_rq1/nominal/walker/biped/nchl/seed_006,fe312947a36da98a70b77eb9fd91f62a26e020d408da588a23b7f09829ae207f,6797b0c354c9039088787823e4806722c75e0f265fb729ab1fa34ec52af2c5ba,6,Walker-v0,biped,1,212357942801270703,7001556810303355477,Wfinal,1.0,500,-0.8282213754548047,500,False,True,5.383820134673073,/home/rowanli.tangalin/tpr/tpr/results/hpc_rq1/nominal_analysis/traces/Walker-v0_biped_nchl_train006_analysis01.npz
walker__biped__nchl__seed_006,/home/rowanli.tangalin/tpr/tpr/results/hpc_rq1/nominal/walker/biped/nchl/seed_006,fe312947a36da98a70b77eb9fd91f62a26e020d408da588a23b7f09829ae207f,6797b0c354c9039088787823e4806722c75e0f265fb729ab1fa34ec52af2c5ba,6,Walker-v0,biped,2,9197516287707139064,7789448062882196537,W0,0.0,0,-0.01604521785905272,500,False,True,5.600122419737091,/home/rowanli.tangalin/tpr/tpr/results/hpc_rq1/nominal_analysis/traces/Walker-v0_biped_nchl_train006_analysis02.npz
walker__biped__nchl__seed_006,/home/rowanli.tangalin/tpr/tpr/results/hpc_rq1/nominal/walker/biped/nchl/seed_006,fe312947a36da98a70b77eb9fd91f62a26e020d408da588a23b7f09829ae207f,6797b0c354c9039088787823e4806722c75e0f265fb729ab1fa34ec52af2c5ba,6,Walker-v0,biped,2,9197516287707139064,7789448062882196537,W25,0.25,125,-1.1368767184515822,500,False,True,5.600122419737091,/home/rowanli.tangalin/tpr/tpr/results/hpc_rq1/nominal_analysis/traces/Walker-v0_biped_nchl_train006_analysis02.npz
walker__biped__nchl__seed_006,/home/rowanli.tangalin/tpr/tpr/results/hpc_rq1/nominal/walker/biped/nchl/seed_006,fe312947a36da98a70b77eb9fd91f62a26e020d408da588a23b7f09829ae207f,6797b0c354c9039088787823e4806722c75e0f265fb729ab1fa34ec52af2c5ba,6,Walker-v0,biped,2,9197516287707139064,7789448062882196537,W50,0.5,250,-0.3724076900845038,500,False,True,5.600122419737091,/home/rowanli.tangalin/tpr/tpr/results/hpc_rq1/nominal_analysis/traces/Walker-v0_biped_nchl_train006_analysis02.npz
walker__biped__nchl__seed_006,/home/rowanli.tangalin/tpr/tpr/results/hpc_rq1/nominal/walker/biped/nchl/seed_006,fe312947a36da98a70b77eb9fd91f62a26e020d408da588a23b7f09829ae207f,6797b0c354c9039088787823e4806722c75e0f265fb729ab1fa34ec52af2c5ba,6,Walker-v0,biped,2,9197516287707139064,7789448062882196537,W75,0.75,375,-0.6104193417180955,500,False,True,5.600122419737091,/home/rowanli.tangalin/tpr/tpr/results/hpc_rq1/nominal_analysis/traces/Walker-v0_biped_nchl_train006_analysis02.npz
walker__biped__nchl__seed_006,/home/rowanli.tangalin/tpr/tpr/results/hpc_rq1/nominal/walker/biped/nchl/seed_006,fe312947a36da98a70b77eb9fd91f62a26e020d408da588a23b7f09829ae207f,6797b0c354c9039088787823e4806722c75e0f265fb729ab1fa34ec52af2c5ba,6,Walker-v0,biped,2,9197516287707139064,7789448062882196537,Wfinal,1.0,500,-0.8855224308909214,500,False,True,5.600122419737091,/home/rowanli.tangalin/tpr/tpr/results/hpc_rq1/nominal_analysis/traces/Walker-v0_biped_nchl_train006_analysis02.npz
walker__biped__nchl__seed_007,/home/rowanli.tangalin/tpr/tpr/results/hpc_rq1/nominal/walker/biped/nchl/seed_007,187d9917a60541b0544ad0eeb63e2c1cb930aa9b282d4de77adc5b90ded411d1,4b0c69aa068e0cf25eb659923649590b49505991967bc54d5e7b2464a255caf5,7,Walker-v0,biped,0,7273538705011962834,3327181185902024434,W0,0.0,0,0.014306685542308184,500,False,True,4.549938776412509,/home/rowanli.tangalin/tpr/tpr/results/hpc_rq1/nominal_analysis/traces/Walker-v0_biped_nchl_train007_analysis00.npz
walker__biped__nchl__seed_007,/home/rowanli.tangalin/tpr/tpr/results/hpc_rq1/nominal/walker/biped/nchl/seed_007,187d9917a60541b0544ad0eeb63e2c1cb930aa9b282d4de77adc5b90ded411d1,4b0c69aa068e0cf25eb659923649590b49505991967bc54d5e7b2464a255caf5,7,Walker-v0,biped,0,7273538705011962834,3327181185902024434,W25,0.25,125,3.424351560985337,500,False,True,4.549938776412509,/home/rowanli.tangalin/tpr/tpr/results/hpc_rq1/nominal_analysis/traces/Walker-v0_biped_nchl_train007_analysis00.npz
walker__biped__nchl__seed_007,/home/rowanli.tangalin/tpr/tpr/results/hpc_rq1/nominal/walker/biped/nchl/seed_007,187d9917a60541b0544ad0eeb63e2c1cb930aa9b282d4de77adc5b90ded411d1,4b0c69aa068e0cf25eb659923649590b49505991967bc54d5e7b2464a255caf5,7,Walker-v0,biped,0,7273538705011962834,3327181185902024434,W50,0.5,250,3.6797638570291378,500,False,True,4.549938776412509,/home/rowanli.tangalin/tpr/tpr/results/hpc_rq1/nominal_analysis/traces/Walker-v0_biped_nchl_train007_analysis00.npz
walker__biped__nchl__seed_007,/home/rowanli.tangalin/tpr/tpr/results/hpc_rq1/nominal/walker/biped/nchl/seed_007,187d9917a60541b0544ad0eeb63e2c1cb930aa9b282d4de77adc5b90ded411d1,4b0c69aa068e0cf25eb659923649590b49505991967bc54d5e7b2464a255caf5,7,Walker-v0,biped,0,7273538705011962834,3327181185902024434,W75,0.75,375,4.262067171717442,500,False,True,4.549938776412509,/home/rowanli.tangalin/tpr/tpr/results/hpc_rq1/nominal_analysis/traces/Walker-v0_biped_nchl_train007_analysis00.npz
walker__biped__nchl__seed_007,/home/rowanli.tangalin/tpr/tpr/results/hpc_rq1/nominal/walker/biped/nchl/seed_007,187d9917a60541b0544ad0eeb63e2c1cb930aa9b282d4de77adc5b90ded411d1,4b0c69aa068e0cf25eb659923649590b49505991967bc54d5e7b2464a255caf5,7,Walker-v0,biped,0,7273538705011962834,3327181185902024434,Wfinal,1.0,500,4.710740696164464,500,False,True,4.549938776412509,/home/rowanli.tangalin/tpr/tpr/results/hpc_rq1/nominal_analysis/traces/Walker-v0_biped_nchl_train007_analysis00.npz
walker__biped__nchl__seed_007,/home/rowanli.tangalin/tpr/tpr/results/hpc_rq1/nominal/walker/biped/nchl/seed_007,187d9917a60541b0544ad0eeb63e2c1cb930aa9b282d4de77adc5b90ded411d1,4b0c69aa068e0cf25eb659923649590b49505991967bc54d5e7b2464a255caf5,7,Walker-v0,biped,1,219581318861383269,6126904072154767176,W0,0.0,0,0.01625093170355929,500,False,True,4.136112498023432,/home/rowanli.tangalin/tpr/tpr/results/hpc_rq1/nominal_analysis/traces/Walker-v0_biped_nchl_train007_analysis01.npz
walker__biped__nchl__seed_007,/home/rowanli.tangalin/tpr/tpr/results/hpc_rq1/nominal/walker/biped/nchl/seed_007,187d9917a60541b0544ad0eeb63e2c1cb930aa9b282d4de77adc5b90ded411d1,4b0c69aa068e0cf25eb659923649590b49505991967bc54d5e7b2464a255caf5,7,Walker-v0,biped,1,219581318861383269,6126904072154767176,W25,0.25,125,3.175962337849975,500,False,True,4.136112498023432,/home/rowanli.tangalin/tpr/tpr/results/hpc_rq1/nominal_analysis/traces/Walker-v0_biped_nchl_train007_analysis01.npz
walker__biped__nchl__seed_007,/home/rowanli.tangalin/tpr/tpr/results/hpc_rq1/nominal/walker/biped/nchl/seed_007,187d9917a60541b0544ad0eeb63e2c1cb930aa9b282d4de77adc5b90ded411d1,4b0c69aa068e0cf25eb659923649590b49505991967bc54d5e7b2464a255caf5,7,Walker-v0,biped,1,219581318861383269,6126904072154767176,W50,0.5,250,2.927132194131328,500,False,True,4.136112498023432,/home/rowanli.tangalin/tpr/tpr/results/hpc_rq1/nominal_analysis/traces/Walker-v0_biped_nchl_train007_analysis01.npz
walker__biped__nchl__seed_007,/home/rowanli.tangalin/tpr/tpr/results/hpc_rq1/nominal/walker/biped/nchl/seed_007,187d9917a60541b0544ad0eeb63e2c1cb930aa9b282d4de77adc5b90ded411d1,4b0c69aa068e0cf25eb659923649590b49505991967bc54d5e7b2464a255caf5,7,Walker-v0,biped,1,219581318861383269,6126904072154767176,W75,0.75,375,4.549854385163404,500,False,True,4.136112498023432,/home/rowanli.tangalin/tpr/tpr/results/hpc_rq1/nominal_analysis/traces/Walker-v0_biped_nchl_train007_analysis01.npz
walker__biped__nchl__seed_007,/home/rowanli.tangalin/tpr/tpr/results/hpc_rq1/nominal/walker/biped/nchl/seed_007,187d9917a60541b0544ad0eeb63e2c1cb930aa9b282d4de77adc5b90ded411d1,4b0c69aa068e0cf25eb659923649590b49505991967bc54d5e7b2464a255caf5,7,Walker-v0,biped,1,219581318861383269,6126904072154767176,Wfinal,1.0,500,4.030486886592703,500,False,True,4.136112498023432,/home/rowanli.tangalin/tpr/tpr/results/hpc_rq1/nominal_analysis/traces/Walker-v0_biped_nchl_train007_analysis01.npz
walker__biped__nchl__seed_007,/home/rowanli.tangalin/tpr/tpr/results/hpc_rq1/nominal/walker/biped/nchl/seed_007,187d9917a60541b0544ad0eeb63e2c1cb930aa9b282d4de77adc5b90ded411d1,4b0c69aa068e0cf25eb659923649590b49505991967bc54d5e7b2464a255caf5,7,Walker-v0,biped,2,7655123995385766933,8050610523573754527,W0,0.0,0,0.012435367161804323,500,False,True,4.592468281096409,/home/rowanli.tangalin/tpr/tpr/results/hpc_rq1/nominal_analysis/traces/Walker-v0_biped_nchl_train007_analysis02.npz
walker__biped__nchl__seed_007,/home/rowanli.tangalin/tpr/tpr/results/hpc_rq1/nominal/walker/biped/nchl/seed_007,187d9917a60541b0544ad0eeb63e2c1cb930aa9b282d4de77adc5b90ded411d1,4b0c69aa068e0cf25eb659923649590b49505991967bc54d5e7b2464a255caf5,7,Walker-v0,biped,2,7655123995385766933,8050610523573754527,W25,0.25,125,2.5662613693974796,500,False,True,4.592468281096409,/home/rowanli.tangalin/tpr/tpr/results/hpc_rq1/nominal_analysis/traces/Walker-v0_biped_nchl_train007_analysis02.npz
walker__biped__nchl__seed_007,/home/rowanli.tangalin/tpr/tpr/results/hpc_rq1/nominal/walker/biped/nchl/seed_007,187d9917a60541b0544ad0eeb63e2c1cb930aa9b282d4de77adc5b90ded411d1,4b0c69aa068e0cf25eb659923649590b49505991967bc54d5e7b2464a255caf5,7,Walker-v0,biped,2,7655123995385766933,8050610523573754527,W50,0.5,250,2.817711648712124,500,False,True,4.592468281096409,/home/rowanli.tangalin/tpr/tpr/results/hpc_rq1/nominal_analysis/traces/Walker-v0_biped_nchl_train007_analysis02.npz
walker__biped__nchl__seed_007,/home/rowanli.tangalin/tpr/tpr/results/hpc_rq1/nominal/walker/biped/nchl/seed_007,187d9917a60541b0544ad0eeb63e2c1cb930aa9b282d4de77adc5b90ded411d1,4b0c69aa068e0cf25eb659923649590b49505991967bc54d5e7b2464a255caf5,7,Walker-v0,biped,2,7655123995385766933,8050610523573754527,W75,0.75,375,3.6584731433032633,500,False,True,4.592468281096409,/home/rowanli.tangalin/tpr/tpr/results/hpc_rq1/nominal_analysis/traces/Walker-v0_biped_nchl_train007_analysis02.npz
walker__biped__nchl__seed_007,/home/rowanli.tangalin/tpr/tpr/results/hpc_rq1/nominal/walker/biped/nchl/seed_007,187d9917a60541b0544ad0eeb63e2c1cb930aa9b282d4de77adc5b90ded411d1,4b0c69aa068e0cf25eb659923649590b49505991967bc54d5e7b2464a255caf5,7,Walker-v0,biped,2,7655123995385766933,8050610523573754527,Wfinal,1.0,500,4.492590409347869,500,False,True,4.592468281096409,/home/rowanli.tangalin/tpr/tpr/results/hpc_rq1/nominal_analysis/traces/Walker-v0_biped_nchl_train007_analysis02.npz
walker__biped__nchl__seed_008,/home/rowanli.tangalin/tpr/tpr/results/hpc_rq1/nominal/walker/biped/nchl/seed_008,aac83c4201c750fc99272cd1db3ed1909dde41ff44c4c142259acfc5f8e0aee0,8b336ec6134dab5c8c196a8644a5a2b5c895c203c85103162ddbe5d8361ae4dd,8,Walker-v0,biped,0,4480449054597749916,4714160801966532834,W0,0.0,0,0.01409393051481489,500,False,True,5.362435471532053,/home/rowanli.tangalin/tpr/tpr/results/hpc_rq1/nominal_analysis/traces/Walker-v0_biped_nchl_train008_analysis00.npz
walker__biped__nchl__seed_008,/home/rowanli.tangalin/tpr/tpr/results/hpc_rq1/nominal/walker/biped/nchl/seed_008,aac83c4201c750fc99272cd1db3ed1909dde41ff44c4c142259acfc5f8e0aee0,8b336ec6134dab5c8c196a8644a5a2b5c895c203c85103162ddbe5d8361ae4dd,8,Walker-v0,biped,0,4480449054597749916,4714160801966532834,W25,0.25,125,3.2910286339975263,500,False,True,5.362435471532053,/home/rowanli.tangalin/tpr/tpr/results/hpc_rq1/nominal_analysis/traces/Walker-v0_biped_nchl_train008_analysis00.npz
walker__biped__nchl__seed_008,/home/rowanli.tangalin/tpr/tpr/results/hpc_rq1/nominal/walker/biped/nchl/seed_008,aac83c4201c750fc99272cd1db3ed1909dde41ff44c4c142259acfc5f8e0aee0,8b336ec6134dab5c8c196a8644a5a2b5c895c203c85103162ddbe5d8361ae4dd,8,Walker-v0,biped,0,4480449054597749916,4714160801966532834,W50,0.5,250,4.825354473075505,500,False,True,5.362435471532053,/home/rowanli.tangalin/tpr/tpr/results/hpc_rq1/nominal_analysis/traces/Walker-v0_biped_nchl_train008_analysis00.npz
walker__biped__nchl__seed_008,/home/rowanli.tangalin/tpr/tpr/results/hpc_rq1/nominal/walker/biped/nchl/seed_008,aac83c4201c750fc99272cd1db3ed1909dde41ff44c4c142259acfc5f8e0aee0,8b336ec6134dab5c8c196a8644a5a2b5c895c203c85103162ddbe5d8361ae4dd,8,Walker-v0,biped,0,4480449054597749916,4714160801966532834,W75,0.75,375,3.5487448083013584,500,False,True,5.362435471532053,/home/rowanli.tangalin/tpr/tpr/results/hpc_rq1/nominal_analysis/traces/Walker-v0_biped_nchl_train008_analysis00.npz
walker__biped__nchl__seed_008,/home/rowanli.tangalin/tpr/tpr/results/hpc_rq1/nominal/walker/biped/nchl/seed_008,aac83c4201c750fc99272cd1db3ed1909dde41ff44c4c142259acfc5f8e0aee0,8b336ec6134dab5c8c196a8644a5a2b5c895c203c85103162ddbe5d8361ae4dd,8,Walker-v0,biped,0,4480449054597749916,4714160801966532834,Wfinal,1.0,500,4.65111027287909,500,False,True,5.362435471532053,/home/rowanli.tangalin/tpr/tpr/results/hpc_rq1/nominal_analysis/traces/Walker-v0_biped_nchl_train008_analysis00.npz
walker__biped__nchl__seed_008,/home/rowanli.tangalin/tpr/tpr/results/hpc_rq1/nominal/walker/biped/nchl/seed_008,aac83c4201c750fc99272cd1db3ed1909dde41ff44c4c142259acfc5f8e0aee0,8b336ec6134dab5c8c196a8644a5a2b5c895c203c85103162ddbe5d8361ae4dd,8,Walker-v0,biped,1,8169066096088904802,2410012360361453569,W0,0.0,0,0.013517930526219746,500,False,True,5.496354349983884,/home/rowanli.tangalin/tpr/tpr/results/hpc_rq1/nominal_analysis/traces/Walker-v0_biped_nchl_train008_analysis01.npz
walker__biped__nchl__seed_008,/home/rowanli.tangalin/tpr/tpr/results/hpc_rq1/nominal/walker/biped/nchl/seed_008,aac83c4201c750fc99272cd1db3ed1909dde41ff44c4c142259acfc5f8e0aee0,8b336ec6134dab5c8c196a8644a5a2b5c895c203c85103162ddbe5d8361ae4dd,8,Walker-v0,biped,1,8169066096088904802,2410012360361453569,W25,0.25,125,3.8413491015120442,500,False,True,5.496354349983884,/home/rowanli.tangalin/tpr/tpr/results/hpc_rq1/nominal_analysis/traces/Walker-v0_biped_nchl_train008_analysis01.npz
walker__biped__nchl__seed_008,/home/rowanli.tangalin/tpr/tpr/results/hpc_rq1/nominal/walker/biped/nchl/seed_008,aac83c4201c750fc99272cd1db3ed1909dde41ff44c4c142259acfc5f8e0aee0,8b336ec6134dab5c8c196a8644a5a2b5c895c203c85103162ddbe5d8361ae4dd,8,Walker-v0,biped,1,8169066096088904802,2410012360361453569,W50,0.5,250,3.7256917156007647,500,False,True,5.496354349983884,/home/rowanli.tangalin/tpr/tpr/results/hpc_rq1/nominal_analysis/traces/Walker-v0_biped_nchl_train008_analysis01.npz
walker__biped__nchl__seed_008,/home/rowanli.tangalin/tpr/tpr/results/hpc_rq1/nominal/walker/biped/nchl/seed_008,aac83c4201c750fc99272cd1db3ed1909dde41ff44c4c142259acfc5f8e0aee0,8b336ec6134dab5c8c196a8644a5a2b5c895c203c85103162ddbe5d8361ae4dd,8,Walker-v0,biped,1,8169066096088904802,2410012360361453569,W75,0.75,375,0.5977692372730882,500,False,True,5.496354349983884,/home/rowanli.tangalin/tpr/tpr/results/hpc_rq1/nominal_analysis/traces/Walker-v0_biped_nchl_train008_analysis01.npz
walker__biped__nchl__seed_008,/home/rowanli.tangalin/tpr/tpr/results/hpc_rq1/nominal/walker/biped/nchl/seed_008,aac83c4201c750fc99272cd1db3ed1909dde41ff44c4c142259acfc5f8e0aee0,8b336ec6134dab5c8c196a8644a5a2b5c895c203c85103162ddbe5d8361ae4dd,8,Walker-v0,biped,1,8169066096088904802,2410012360361453569,Wfinal,1.0,500,1.2642512903656817,500,False,True,5.496354349983884,/home/rowanli.tangalin/tpr/tpr/results/hpc_rq1/nominal_analysis/traces/Walker-v0_biped_nchl_train008_analysis01.npz
walker__biped__nchl__seed_008,/home/rowanli.tangalin/tpr/tpr/results/hpc_rq1/nominal/walker/biped/nchl/seed_008,aac83c4201c750fc99272cd1db3ed1909dde41ff44c4c142259acfc5f8e0aee0,8b336ec6134dab5c8c196a8644a5a2b5c895c203c85103162ddbe5d8361ae4dd,8,Walker-v0,biped,2,1688151127694054410,5098444150450504360,W0,0.0,0,-0.010641857380334074,500,False,True,5.419043707661176,/home/rowanli.tangalin/tpr/tpr/results/hpc_rq1/nominal_analysis/traces/Walker-v0_biped_nchl_train008_analysis02.npz
walker__biped__nchl__seed_008,/home/rowanli.tangalin/tpr/tpr/results/hpc_rq1/nominal/walker/biped/nchl/seed_008,aac83c4201c750fc99272cd1db3ed1909dde41ff44c4c142259acfc5f8e0aee0,8b336ec6134dab5c8c196a8644a5a2b5c895c203c85103162ddbe5d8361ae4dd,8,Walker-v0,biped,2,1688151127694054410,5098444150450504360,W25,0.25,125,3.2098113445177203,500,False,True,5.419043707661176,/home/rowanli.tangalin/tpr/tpr/results/hpc_rq1/nominal_analysis/traces/Walker-v0_biped_nchl_train008_analysis02.npz
walker__biped__nchl__seed_008,/home/rowanli.tangalin/tpr/tpr/results/hpc_rq1/nominal/walker/biped/nchl/seed_008,aac83c4201c750fc99272cd1db3ed1909dde41ff44c4c142259acfc5f8e0aee0,8b336ec6134dab5c8c196a8644a5a2b5c895c203c85103162ddbe5d8361ae4dd,8,Walker-v0,biped,2,1688151127694054410,5098444150450504360,W50,0.5,250,3.166527798780142,500,False,True,5.419043707661176,/home/rowanli.tangalin/tpr/tpr/results/hpc_rq1/nominal_analysis/traces/Walker-v0_biped_nchl_train008_analysis02.npz
walker__biped__nchl__seed_008,/home/rowanli.tangalin/tpr/tpr/results/hpc_rq1/nominal/walker/biped/nchl/seed_008,aac83c4201c750fc99272cd1db3ed1909dde41ff44c4c142259acfc5f8e0aee0,8b336ec6134dab5c8c196a8644a5a2b5c895c203c85103162ddbe5d8361ae4dd,8,Walker-v0,biped,2,1688151127694054410,5098444150450504360,W75,0.75,375,1.4071326007980096,500,False,True,5.419043707661176,/home/rowanli.tangalin/tpr/tpr/results/hpc_rq1/nominal_analysis/traces/Walker-v0_biped_nchl_train008_analysis02.npz
walker__biped__nchl__seed_008,/home/rowanli.tangalin/tpr/tpr/results/hpc_rq1/nominal/walker/biped/nchl/seed_008,aac83c4201c750fc99272cd1db3ed1909dde41ff44c4c142259acfc5f8e0aee0,8b336ec6134dab5c8c196a8644a5a2b5c895c203c85103162ddbe5d8361ae4dd,8,Walker-v0,biped,2,1688151127694054410,5098444150450504360,Wfinal,1.0,500,3.5829231152180405,500,False,True,5.419043707661176,/home/rowanli.tangalin/tpr/tpr/results/hpc_rq1/nominal_analysis/traces/Walker-v0_biped_nchl_train008_analysis02.npz
walker__biped__nchl__seed_009,/home/rowanli.tangalin/tpr/tpr/results/hpc_rq1/nominal/walker/biped/nchl/seed_009,a4ead1617d7d8d40bcbf3b43a09b7ab2032776df39b543c89d9f53bd20aedd2b,b077b2c9460524bcea7470caf2839274e881ca94901aaac84022d4938b05ca85,9,Walker-v0,biped,0,8469251633518957484,5579477484601834272,W0,0.0,0,0.011253683753570665,500,False,True,4.26155538982162,/home/rowanli.tangalin/tpr/tpr/results/hpc_rq1/nominal_analysis/traces/Walker-v0_biped_nchl_train009_analysis00.npz
walker__biped__nchl__seed_009,/home/rowanli.tangalin/tpr/tpr/results/hpc_rq1/nominal/walker/biped/nchl/seed_009,a4ead1617d7d8d40bcbf3b43a09b7ab2032776df39b543c89d9f53bd20aedd2b,b077b2c9460524bcea7470caf2839274e881ca94901aaac84022d4938b05ca85,9,Walker-v0,biped,0,8469251633518957484,5579477484601834272,W25,0.25,125,3.0547485799351177,500,False,True,4.26155538982162,/home/rowanli.tangalin/tpr/tpr/results/hpc_rq1/nominal_analysis/traces/Walker-v0_biped_nchl_train009_analysis00.npz
walker__biped__nchl__seed_009,/home/rowanli.tangalin/tpr/tpr/results/hpc_rq1/nominal/walker/biped/nchl/seed_009,a4ead1617d7d8d40bcbf3b43a09b7ab2032776df39b543c89d9f53bd20aedd2b,b077b2c9460524bcea7470caf2839274e881ca94901aaac84022d4938b05ca85,9,Walker-v0,biped,0,8469251633518957484,5579477484601834272,W50,0.5,250,3.9835306056508815,500,False,True,4.26155538982162,/home/rowanli.tangalin/tpr/tpr/results/hpc_rq1/nominal_analysis/traces/Walker-v0_biped_nchl_train009_analysis00.npz
walker__biped__nchl__seed_009,/home/rowanli.tangalin/tpr/tpr/results/hpc_rq1/nominal/walker/biped/nchl/seed_009,a4ead1617d7d8d40bcbf3b43a09b7ab2032776df39b543c89d9f53bd20aedd2b,b077b2c9460524bcea7470caf2839274e881ca94901aaac84022d4938b05ca85,9,Walker-v0,biped,0,8469251633518957484,5579477484601834272,W75,0.75,375,3.2324513130760737,500,False,True,4.26155538982162,/home/rowanli.tangalin/tpr/tpr/results/hpc_rq1/nominal_analysis/traces/Walker-v0_biped_nchl_train009_analysis00.npz
walker__biped__nchl__seed_009,/home/rowanli.tangalin/tpr/tpr/results/hpc_rq1/nominal/walker/biped/nchl/seed_009,a4ead1617d7d8d40bcbf3b43a09b7ab2032776df39b543c89d9f53bd20aedd2b,b077b2c9460524bcea7470caf2839274e881ca94901aaac84022d4938b05ca85,9,Walker-v0,biped,0,8469251633518957484,5579477484601834272,Wfinal,1.0,500,3.141684933736233,500,False,True,4.26155538982162,/home/rowanli.tangalin/tpr/tpr/results/hpc_rq1/nominal_analysis/traces/Walker-v0_biped_nchl_train009_analysis00.npz
walker__biped__nchl__seed_009,/home/rowanli.tangalin/tpr/tpr/results/hpc_rq1/nominal/walker/biped/nchl/seed_009,a4ead1617d7d8d40bcbf3b43a09b7ab2032776df39b543c89d9f53bd20aedd2b,b077b2c9460524bcea7470caf2839274e881ca94901aaac84022d4938b05ca85,9,Walker-v0,biped,1,5415548583552718452,3538497439875268043,W0,0.0,0,-0.021154887733321692,500,False,True,4.009802011410808,/home/rowanli.tangalin/tpr/tpr/results/hpc_rq1/nominal_analysis/traces/Walker-v0_biped_nchl_train009_analysis01.npz
walker__biped__nchl__seed_009,/home/rowanli.tangalin/tpr/tpr/results/hpc_rq1/nominal/walker/biped/nchl/seed_009,a4ead1617d7d8d40bcbf3b43a09b7ab2032776df39b543c89d9f53bd20aedd2b,b077b2c9460524bcea7470caf2839274e881ca94901aaac84022d4938b05ca85,9,Walker-v0,biped,1,5415548583552718452,3538497439875268043,W25,0.25,125,2.8688692288650035,500,False,True,4.009802011410808,/home/rowanli.tangalin/tpr/tpr/results/hpc_rq1/nominal_analysis/traces/Walker-v0_biped_nchl_train009_analysis01.npz
walker__biped__nchl__seed_009,/home/rowanli.tangalin/tpr/tpr/results/hpc_rq1/nominal/walker/biped/nchl/seed_009,a4ead1617d7d8d40bcbf3b43a09b7ab2032776df39b543c89d9f53bd20aedd2b,b077b2c9460524bcea7470caf2839274e881ca94901aaac84022d4938b05ca85,9,Walker-v0,biped,1,5415548583552718452,3538497439875268043,W50,0.5,250,-0.6236956220867134,500,False,True,4.009802011410808,/home/rowanli.tangalin/tpr/tpr/results/hpc_rq1/nominal_analysis/traces/Walker-v0_biped_nchl_train009_analysis01.npz
walker__biped__nchl__seed_009,/home/rowanli.tangalin/tpr/tpr/results/hpc_rq1/nominal/walker/biped/nchl/seed_009,a4ead1617d7d8d40bcbf3b43a09b7ab2032776df39b543c89d9f53bd20aedd2b,b077b2c9460524bcea7470caf2839274e881ca94901aaac84022d4938b05ca85,9,Walker-v0,biped,1,5415548583552718452,3538497439875268043,W75,0.75,375,3.9350753547374078,500,False,True,4.009802011410808,/home/rowanli.tangalin/tpr/tpr/results/hpc_rq1/nominal_analysis/traces/Walker-v0_biped_nchl_train009_analysis01.npz
walker__biped__nchl__seed_009,/home/rowanli.tangalin/tpr/tpr/results/hpc_rq1/nominal/walker/biped/nchl/seed_009,a4ead1617d7d8d40bcbf3b43a09b7ab2032776df39b543c89d9f53bd20aedd2b,b077b2c9460524bcea7470caf2839274e881ca94901aaac84022d4938b05ca85,9,Walker-v0,biped,1,5415548583552718452,3538497439875268043,Wfinal,1.0,500,3.8354283562080864,500,False,True,4.009802011410808,/home/rowanli.tangalin/tpr/tpr/results/hpc_rq1/nominal_analysis/traces/Walker-v0_biped_nchl_train009_analysis01.npz
walker__biped__nchl__seed_009,/home/rowanli.tangalin/tpr/tpr/results/hpc_rq1/nominal/walker/biped/nchl/seed_009,a4ead1617d7d8d40bcbf3b43a09b7ab2032776df39b543c89d9f53bd20aedd2b,b077b2c9460524bcea7470caf2839274e881ca94901aaac84022d4938b05ca85,9,Walker-v0,biped,2,6075971192560964690,5235945277139461518,W0,0.0,0,0.016652488370755558,500,False,True,4.4166596930535365,/home/rowanli.tangalin/tpr/tpr/results/hpc_rq1/nominal_analysis/traces/Walker-v0_biped_nchl_train009_analysis02.npz
walker__biped__nchl__seed_009,/home/rowanli.tangalin/tpr/tpr/results/hpc_rq1/nominal/walker/biped/nchl/seed_009,a4ead1617d7d8d40bcbf3b43a09b7ab2032776df39b543c89d9f53bd20aedd2b,b077b2c9460524bcea7470caf2839274e881ca94901aaac84022d4938b05ca85,9,Walker-v0,biped,2,6075971192560964690,5235945277139461518,W25,0.25,125,3.862629953770801,500,False,True,4.4166596930535365,/home/rowanli.tangalin/tpr/tpr/results/hpc_rq1/nominal_analysis/traces/Walker-v0_biped_nchl_train009_analysis02.npz
walker__biped__nchl__seed_009,/home/rowanli.tangalin/tpr/tpr/results/hpc_rq1/nominal/walker/biped/nchl/seed_009,a4ead1617d7d8d40bcbf3b43a09b7ab2032776df39b543c89d9f53bd20aedd2b,b077b2c9460524bcea7470caf2839274e881ca94901aaac84022d4938b05ca85,9,Walker-v0,biped,2,6075971192560964690,5235945277139461518,W50,0.5,250,3.7223276205316376,500,False,True,4.4166596930535365,/home/rowanli.tangalin/tpr/tpr/results/hpc_rq1/nominal_analysis/traces/Walker-v0_biped_nchl_train009_analysis02.npz
walker__biped__nchl__seed_009,/home/rowanli.tangalin/tpr/tpr/results/hpc_rq1/nominal/walker/biped/nchl/seed_009,a4ead1617d7d8d40bcbf3b43a09b7ab2032776df39b543c89d9f53bd20aedd2b,b077b2c9460524bcea7470caf2839274e881ca94901aaac84022d4938b05ca85,9,Walker-v0,biped,2,6075971192560964690,5235945277139461518,W75,0.75,375,3.9594114689265245,500,False,True,4.4166596930535365,/home/rowanli.tangalin/tpr/tpr/results/hpc_rq1/nominal_analysis/traces/Walker-v0_biped_nchl_train009_analysis02.npz
walker__biped__nchl__seed_009,/home/rowanli.tangalin/tpr/tpr/results/hpc_rq1/nominal/walker/biped/nchl/seed_009,a4ead1617d7d8d40bcbf3b43a09b7ab2032776df39b543c89d9f53bd20aedd2b,b077b2c9460524bcea7470caf2839274e881ca94901aaac84022d4938b05ca85,9,Walker-v0,biped,2,6075971192560964690,5235945277139461518,Wfinal,1.0,500,3.732502541838259,500,False,True,4.4166596930535365,/home/rowanli.tangalin/tpr/tpr/results/hpc_rq1/nominal_analysis/traces/Walker-v0_biped_nchl_train009_analysis02.npz
carrier__biped__nchl__seed_000,/home/rowanli.tangalin/tpr/tpr/results/hpc_rq1/nominal/carrier/biped/nchl/seed_000,4a3d60bfbae110cc2ae817b182f8e6175b8b040eb98b466606818ece568fa0db,b27340837bf097dc72467699a6e255ffcc5fa10a3d24eec4675f0e9076348ee5,0,Carrier-v0,biped,0,4940322620982477041,3023897764847979143,W0,0.0,0,-0.3902899446878254,500,False,True,1.46573900713677,/home/rowanli.tangalin/tpr/tpr/results/hpc_rq1/nominal_analysis/traces/Carrier-v0_biped_nchl_train000_analysis00.npz
carrier__biped__nchl__seed_000,/home/rowanli.tangalin/tpr/tpr/results/hpc_rq1/nominal/carrier/biped/nchl/seed_000,4a3d60bfbae110cc2ae817b182f8e6175b8b040eb98b466606818ece568fa0db,b27340837bf097dc72467699a6e255ffcc5fa10a3d24eec4675f0e9076348ee5,0,Carrier-v0,biped,0,4940322620982477041,3023897764847979143,W25,0.25,125,-0.36337605515091387,500,False,True,1.46573900713677,/home/rowanli.tangalin/tpr/tpr/results/hpc_rq1/nominal_analysis/traces/Carrier-v0_biped_nchl_train000_analysis00.npz
carrier__biped__nchl__seed_000,/home/rowanli.tangalin/tpr/tpr/results/hpc_rq1/nominal/carrier/biped/nchl/seed_000,4a3d60bfbae110cc2ae817b182f8e6175b8b040eb98b466606818ece568fa0db,b27340837bf097dc72467699a6e255ffcc5fa10a3d24eec4675f0e9076348ee5,0,Carrier-v0,biped,0,4940322620982477041,3023897764847979143,W50,0.5,250,-0.8474224230646937,500,False,True,1.46573900713677,/home/rowanli.tangalin/tpr/tpr/results/hpc_rq1/nominal_analysis/traces/Carrier-v0_biped_nchl_train000_analysis00.npz
carrier__biped__nchl__seed_000,/home/rowanli.tangalin/tpr/tpr/results/hpc_rq1/nominal/carrier/biped/nchl/seed_000,4a3d60bfbae110cc2ae817b182f8e6175b8b040eb98b466606818ece568fa0db,b27340837bf097dc72467699a6e255ffcc5fa10a3d24eec4675f0e9076348ee5,0,Carrier-v0,biped,0,4940322620982477041,3023897764847979143,W75,0.75,375,-1.2163008622309233,500,False,True,1.46573900713677,/home/rowanli.tangalin/tpr/tpr/results/hpc_rq1/nominal_analysis/traces/Carrier-v0_biped_nchl_train000_analysis00.npz
carrier__biped__nchl__seed_000,/home/rowanli.tangalin/tpr/tpr/results/hpc_rq1/nominal/carrier/biped/nchl/seed_000,4a3d60bfbae110cc2ae817b182f8e6175b8b040eb98b466606818ece568fa0db,b27340837bf097dc72467699a6e255ffcc5fa10a3d24eec4675f0e9076348ee5,0,Carrier-v0,biped,0,4940322620982477041,3023897764847979143,Wfinal,1.0,500,-0.4176567490225299,500,False,True,1.46573900713677,/home/rowanli.tangalin/tpr/tpr/results/hpc_rq1/nominal_analysis/traces/Carrier-v0_biped_nchl_train000_analysis00.npz
carrier__biped__nchl__seed_000,/home/rowanli.tangalin/tpr/tpr/results/hpc_rq1/nominal/carrier/biped/nchl/seed_000,4a3d60bfbae110cc2ae817b182f8e6175b8b040eb98b466606818ece568fa0db,b27340837bf097dc72467699a6e255ffcc5fa10a3d24eec4675f0e9076348ee5,0,Carrier-v0,biped,1,530078296572617688,6966882572876332860,W0,0.0,0,-0.46234360732667007,500,False,True,1.942390517571068,/home/rowanli.tangalin/tpr/tpr/results/hpc_rq1/nominal_analysis/traces/Carrier-v0_biped_nchl_train000_analysis01.npz
carrier__biped__nchl__seed_000,/home/rowanli.tangalin/tpr/tpr/results/hpc_rq1/nominal/carrier/biped/nchl/seed_000,4a3d60bfbae110cc2ae817b182f8e6175b8b040eb98b466606818ece568fa0db,b27340837bf097dc72467699a6e255ffcc5fa10a3d24eec4675f0e9076348ee5,0,Carrier-v0,biped,1,530078296572617688,6966882572876332860,W25,0.25,125,-0.37978470397813296,500,False,True,1.942390517571068,/home/rowanli.tangalin/tpr/tpr/results/hpc_rq1/nominal_analysis/traces/Carrier-v0_biped_nchl_train000_analysis01.npz
carrier__biped__nchl__seed_000,/home/rowanli.tangalin/tpr/tpr/results/hpc_rq1/nominal/carrier/biped/nchl/seed_000,4a3d60bfbae110cc2ae817b182f8e6175b8b040eb98b466606818ece568fa0db,b27340837bf097dc72467699a6e255ffcc5fa10a3d24eec4675f0e9076348ee5,0,Carrier-v0,biped,1,530078296572617688,6966882572876332860,W50,0.5,250,0.16270678868890723,500,False,True,1.942390517571068,/home/rowanli.tangalin/tpr/tpr/results/hpc_rq1/nominal_analysis/traces/Carrier-v0_biped_nchl_train000_analysis01.npz
carrier__biped__nchl__seed_000,/home/rowanli.tangalin/tpr/tpr/results/hpc_rq1/nominal/carrier/biped/nchl/seed_000,4a3d60bfbae110cc2ae817b182f8e6175b8b040eb98b466606818ece568fa0db,b27340837bf097dc72467699a6e255ffcc5fa10a3d24eec4675f0e9076348ee5,0,Carrier-v0,biped,1,530078296572617688,6966882572876332860,W75,0.75,375,-0.2397939359861066,500,False,True,1.942390517571068,/home/rowanli.tangalin/tpr/tpr/results/hpc_rq1/nominal_analysis/traces/Carrier-v0_biped_nchl_train000_analysis01.npz
carrier__biped__nchl__seed_000,/home/rowanli.tangalin/tpr/tpr/results/hpc_rq1/nominal/carrier/biped/nchl/seed_000,4a3d60bfbae110cc2ae817b182f8e6175b8b040eb98b466606818ece568fa0db,b27340837bf097dc72467699a6e255ffcc5fa10a3d24eec4675f0e9076348ee5,0,Carrier-v0,biped,1,530078296572617688,6966882572876332860,Wfinal,1.0,500,-0.3748337745631942,500,False,True,1.942390517571068,/home/rowanli.tangalin/tpr/tpr/results/hpc_rq1/nominal_analysis/traces/Carrier-v0_biped_nchl_train000_analysis01.npz
carrier__biped__nchl__seed_000,/home/rowanli.tangalin/tpr/tpr/results/hpc_rq1/nominal/carrier/biped/nchl/seed_000,4a3d60bfbae110cc2ae817b182f8e6175b8b040eb98b466606818ece568fa0db,b27340837bf097dc72467699a6e255ffcc5fa10a3d24eec4675f0e9076348ee5,0,Carrier-v0,biped,2,7210830791768759910,3424438756091539107,W0,0.0,0,-0.46176844019962837,500,False,True,1.6398609821751866,/home/rowanli.tangalin/tpr/tpr/results/hpc_rq1/nominal_analysis/traces/Carrier-v0_biped_nchl_train000_analysis02.npz
carrier__biped__nchl__seed_000,/home/rowanli.tangalin/tpr/tpr/results/hpc_rq1/nominal/carrier/biped/nchl/seed_000,4a3d60bfbae110cc2ae817b182f8e6175b8b040eb98b466606818ece568fa0db,b27340837bf097dc72467699a6e255ffcc5fa10a3d24eec4675f0e9076348ee5,0,Carrier-v0,biped,2,7210830791768759910,3424438756091539107,W25,0.25,125,-0.3786214970845524,500,False,True,1.6398609821751866,/home/rowanli.tangalin/tpr/tpr/results/hpc_rq1/nominal_analysis/traces/Carrier-v0_biped_nchl_train000_analysis02.npz
carrier__biped__nchl__seed_000,/home/rowanli.tangalin/tpr/tpr/results/hpc_rq1/nominal/carrier/biped/nchl/seed_000,4a3d60bfbae110cc2ae817b182f8e6175b8b040eb98b466606818ece568fa0db,b27340837bf097dc72467699a6e255ffcc5fa10a3d24eec4675f0e9076348ee5,0,Carrier-v0,biped,2,7210830791768759910,3424438756091539107,W50,0.5,250,-0.7556142842981142,500,False,True,1.6398609821751866,/home/rowanli.tangalin/tpr/tpr/results/hpc_rq1/nominal_analysis/traces/Carrier-v0_biped_nchl_train000_analysis02.npz
carrier__biped__nchl__seed_000,/home/rowanli.tangalin/tpr/tpr/results/hpc_rq1/nominal/carrier/biped/nchl/seed_000,4a3d60bfbae110cc2ae817b182f8e6175b8b040eb98b466606818ece568fa0db,b27340837bf097dc72467699a6e255ffcc5fa10a3d24eec4675f0e9076348ee5,0,Carrier-v0,biped,2,7210830791768759910,3424438756091539107,W75,0.75,375,-0.8191062016505293,500,False,True,1.6398609821751866,/home/rowanli.tangalin/tpr/tpr/results/hpc_rq1/nominal_analysis/traces/Carrier-v0_biped_nchl_train000_analysis02.npz
carrier__biped__nchl__seed_000,/home/rowanli.tangalin/tpr/tpr/results/hpc_rq1/nominal/carrier/biped/nchl/seed_000,4a3d60bfbae110cc2ae817b182f8e6175b8b040eb98b466606818ece568fa0db,b27340837bf097dc72467699a6e255ffcc5fa10a3d24eec4675f0e9076348ee5,0,Carrier-v0,biped,2,7210830791768759910,3424438756091539107,Wfinal,1.0,500,-0.3612712037125854,500,False,True,1.6398609821751866,/home/rowanli.tangalin/tpr/tpr/results/hpc_rq1/nominal_analysis/traces/Carrier-v0_biped_nchl_train000_analysis02.npz
carrier__biped__nchl__seed_001,/home/rowanli.tangalin/tpr/tpr/results/hpc_rq1/nominal/carrier/biped/nchl/seed_001,fc165def04eedc1fd39ccf612741552d9574a5a8228c644a7661cafd62ea43f0,bcfc50584d481bf2c31cf036c23de8c75ffd2c207764f9a82ebfcc7957783874,1,Carrier-v0,biped,0,5232325836976384581,7172422899355977572,W0,0.0,0,-0.3747736446535773,500,False,True,2.16757195038472,/home/rowanli.tangalin/tpr/tpr/results/hpc_rq1/nominal_analysis/traces/Carrier-v0_biped_nchl_train001_analysis00.npz
carrier__biped__nchl__seed_001,/home/rowanli.tangalin/tpr/tpr/results/hpc_rq1/nominal/carrier/biped/nchl/seed_001,fc165def04eedc1fd39ccf612741552d9574a5a8228c644a7661cafd62ea43f0,bcfc50584d481bf2c31cf036c23de8c75ffd2c207764f9a82ebfcc7957783874,1,Carrier-v0,biped,0,5232325836976384581,7172422899355977572,W25,0.25,125,1.3429462664646148,500,False,True,2.16757195038472,/home/rowanli.tangalin/tpr/tpr/results/hpc_rq1/nominal_analysis/traces/Carrier-v0_biped_nchl_train001_analysis00.npz
carrier__biped__nchl__seed_001,/home/rowanli.tangalin/tpr/tpr/results/hpc_rq1/nominal/carrier/biped/nchl/seed_001,fc165def04eedc1fd39ccf612741552d9574a5a8228c644a7661cafd62ea43f0,bcfc50584d481bf2c31cf036c23de8c75ffd2c207764f9a82ebfcc7957783874,1,Carrier-v0,biped,0,5232325836976384581,7172422899355977572,W50,0.5,250,-0.5485403256825464,500,False,True,2.16757195038472,/home/rowanli.tangalin/tpr/tpr/results/hpc_rq1/nominal_analysis/traces/Carrier-v0_biped_nchl_train001_analysis00.npz
carrier__biped__nchl__seed_001,/home/rowanli.tangalin/tpr/tpr/results/hpc_rq1/nominal/carrier/biped/nchl/seed_001,fc165def04eedc1fd39ccf612741552d9574a5a8228c644a7661cafd62ea43f0,bcfc50584d481bf2c31cf036c23de8c75ffd2c207764f9a82ebfcc7957783874,1,Carrier-v0,biped,0,5232325836976384581,7172422899355977572,W75,0.75,375,0.9568491468666647,500,False,True,2.16757195038472,/home/rowanli.tangalin/tpr/tpr/results/hpc_rq1/nominal_analysis/traces/Carrier-v0_biped_nchl_train001_analysis00.npz
carrier__biped__nchl__seed_001,/home/rowanli.tangalin/tpr/tpr/results/hpc_rq1/nominal/carrier/biped/nchl/seed_001,fc165def04eedc1fd39ccf612741552d9574a5a8228c644a7661cafd62ea43f0,bcfc50584d481bf2c31cf036c23de8c75ffd2c207764f9a82ebfcc7957783874,1,Carrier-v0,biped,0,5232325836976384581,7172422899355977572,Wfinal,1.0,500,0.8725661231937984,500,False,True,2.16757195038472,/home/rowanli.tangalin/tpr/tpr/results/hpc_rq1/nominal_analysis/traces/Carrier-v0_biped_nchl_train001_analysis00.npz
carrier__biped__nchl__seed_001,/home/rowanli.tangalin/tpr/tpr/results/hpc_rq1/nominal/carrier/biped/nchl/seed_001,fc165def04eedc1fd39ccf612741552d9574a5a8228c644a7661cafd62ea43f0,bcfc50584d481bf2c31cf036c23de8c75ffd2c207764f9a82ebfcc7957783874,1,Carrier-v0,biped,1,3184075494390970209,9147161066225580108,W0,0.0,0,-0.7470642690545274,500,False,True,2.2109415850546514,/home/rowanli.tangalin/tpr/tpr/results/hpc_rq1/nominal_analysis/traces/Carrier-v0_biped_nchl_train001_analysis01.npz
carrier__biped__nchl__seed_001,/home/rowanli.tangalin/tpr/tpr/results/hpc_rq1/nominal/carrier/biped/nchl/seed_001,fc165def04eedc1fd39ccf612741552d9574a5a8228c644a7661cafd62ea43f0,bcfc50584d481bf2c31cf036c23de8c75ffd2c207764f9a82ebfcc7957783874,1,Carrier-v0,biped,1,3184075494390970209,9147161066225580108,W25,0.25,125,1.2176159735616405,500,False,True,2.2109415850546514,/home/rowanli.tangalin/tpr/tpr/results/hpc_rq1/nominal_analysis/traces/Carrier-v0_biped_nchl_train001_analysis01.npz
carrier__biped__nchl__seed_001,/home/rowanli.tangalin/tpr/tpr/results/hpc_rq1/nominal/carrier/biped/nchl/seed_001,fc165def04eedc1fd39ccf612741552d9574a5a8228c644a7661cafd62ea43f0,bcfc50584d481bf2c31cf036c23de8c75ffd2c207764f9a82ebfcc7957783874,1,Carrier-v0,biped,1,3184075494390970209,9147161066225580108,W50,0.5,250,0.8835812400501142,500,False,True,2.2109415850546514,/home/rowanli.tangalin/tpr/tpr/results/hpc_rq1/nominal_analysis/traces/Carrier-v0_biped_nchl_train001_analysis01.npz
carrier__biped__nchl__seed_001,/home/rowanli.tangalin/tpr/tpr/results/hpc_rq1/nominal/carrier/biped/nchl/seed_001,fc165def04eedc1fd39ccf612741552d9574a5a8228c644a7661cafd62ea43f0,bcfc50584d481bf2c31cf036c23de8c75ffd2c207764f9a82ebfcc7957783874,1,Carrier-v0,biped,1,3184075494390970209,9147161066225580108,W75,0.75,375,1.356891095728516,500,False,True,2.2109415850546514,/home/rowanli.tangalin/tpr/tpr/results/hpc_rq1/nominal_analysis/traces/Carrier-v0_biped_nchl_train001_analysis01.npz
carrier__biped__nchl__seed_001,/home/rowanli.tangalin/tpr/tpr/results/hpc_rq1/nominal/carrier/biped/nchl/seed_001,fc165def04eedc1fd39ccf612741552d9574a5a8228c644a7661cafd62ea43f0,bcfc50584d481bf2c31cf036c23de8c75ffd2c207764f9a82ebfcc7957783874,1,Carrier-v0,biped,1,3184075494390970209,9147161066225580108,Wfinal,1.0,500,1.2569355589729687,500,False,True,2.2109415850546514,/home/rowanli.tangalin/tpr/tpr/results/hpc_rq1/nominal_analysis/traces/Carrier-v0_biped_nchl_train001_analysis01.npz
carrier__biped__nchl__seed_001,/home/rowanli.tangalin/tpr/tpr/results/hpc_rq1/nominal/carrier/biped/nchl/seed_001,fc165def04eedc1fd39ccf612741552d9574a5a8228c644a7661cafd62ea43f0,bcfc50584d481bf2c31cf036c23de8c75ffd2c207764f9a82ebfcc7957783874,1,Carrier-v0,biped,2,6337936886056088,9019669384804417704,W0,0.0,0,-0.3370804368907918,500,False,True,2.1533944783525927,/home/rowanli.tangalin/tpr/tpr/results/hpc_rq1/nominal_analysis/traces/Carrier-v0_biped_nchl_train001_analysis02.npz
carrier__biped__nchl__seed_001,/home/rowanli.tangalin/tpr/tpr/results/hpc_rq1/nominal/carrier/biped/nchl/seed_001,fc165def04eedc1fd39ccf612741552d9574a5a8228c644a7661cafd62ea43f0,bcfc50584d481bf2c31cf036c23de8c75ffd2c207764f9a82ebfcc7957783874,1,Carrier-v0,biped,2,6337936886056088,9019669384804417704,W25,0.25,125,1.493787494214331,500,False,True,2.1533944783525927,/home/rowanli.tangalin/tpr/tpr/results/hpc_rq1/nominal_analysis/traces/Carrier-v0_biped_nchl_train001_analysis02.npz
carrier__biped__nchl__seed_001,/home/rowanli.tangalin/tpr/tpr/results/hpc_rq1/nominal/carrier/biped/nchl/seed_001,fc165def04eedc1fd39ccf612741552d9574a5a8228c644a7661cafd62ea43f0,bcfc50584d481bf2c31cf036c23de8c75ffd2c207764f9a82ebfcc7957783874,1,Carrier-v0,biped,2,6337936886056088,9019669384804417704,W50,0.5,250,1.3820325079557076,500,False,True,2.1533944783525927,/home/rowanli.tangalin/tpr/tpr/results/hpc_rq1/nominal_analysis/traces/Carrier-v0_biped_nchl_train001_analysis02.npz
carrier__biped__nchl__seed_001,/home/rowanli.tangalin/tpr/tpr/results/hpc_rq1/nominal/carrier/biped/nchl/seed_001,fc165def04eedc1fd39ccf612741552d9574a5a8228c644a7661cafd62ea43f0,bcfc50584d481bf2c31cf036c23de8c75ffd2c207764f9a82ebfcc7957783874,1,Carrier-v0,biped,2,6337936886056088,9019669384804417704,W75,0.75,375,-2.0748693370482925,500,False,True,2.1533944783525927,/home/rowanli.tangalin/tpr/tpr/results/hpc_rq1/nominal_analysis/traces/Carrier-v0_biped_nchl_train001_analysis02.npz
carrier__biped__nchl__seed_001,/home/rowanli.tangalin/tpr/tpr/results/hpc_rq1/nominal/carrier/biped/nchl/seed_001,fc165def04eedc1fd39ccf612741552d9574a5a8228c644a7661cafd62ea43f0,bcfc50584d481bf2c31cf036c23de8c75ffd2c207764f9a82ebfcc7957783874,1,Carrier-v0,biped,2,6337936886056088,9019669384804417704,Wfinal,1.0,500,0.9408033988407312,500,False,True,2.1533944783525927,/home/rowanli.tangalin/tpr/tpr/results/hpc_rq1/nominal_analysis/traces/Carrier-v0_biped_nchl_train001_analysis02.npz
carrier__biped__nchl__seed_002,/home/rowanli.tangalin/tpr/tpr/results/hpc_rq1/nominal/carrier/biped/nchl/seed_002,c46b349c32b84b18b55b1db6867a934cedf5926fbed8b7b83ac07cb27e38fbc6,5f8022e16235e323465151070d754b0eb110031823a3d789ee06bb90d58cb1de,2,Carrier-v0,biped,0,4709125304908105630,1244304497912131803,W0,0.0,0,-0.47416289474756845,500,False,True,2.241169694088076,/home/rowanli.tangalin/tpr/tpr/results/hpc_rq1/nominal_analysis/traces/Carrier-v0_biped_nchl_train002_analysis00.npz
carrier__biped__nchl__seed_002,/home/rowanli.tangalin/tpr/tpr/results/hpc_rq1/nominal/carrier/biped/nchl/seed_002,c46b349c32b84b18b55b1db6867a934cedf5926fbed8b7b83ac07cb27e38fbc6,5f8022e16235e323465151070d754b0eb110031823a3d789ee06bb90d58cb1de,2,Carrier-v0,biped,0,4709125304908105630,1244304497912131803,W25,0.25,125,-2.1296094155718537,500,False,True,2.241169694088076,/home/rowanli.tangalin/tpr/tpr/results/hpc_rq1/nominal_analysis/traces/Carrier-v0_biped_nchl_train002_analysis00.npz
carrier__biped__nchl__seed_002,/home/rowanli.tangalin/tpr/tpr/results/hpc_rq1/nominal/carrier/biped/nchl/seed_002,c46b349c32b84b18b55b1db6867a934cedf5926fbed8b7b83ac07cb27e38fbc6,5f8022e16235e323465151070d754b0eb110031823a3d789ee06bb90d58cb1de,2,Carrier-v0,biped,0,4709125304908105630,1244304497912131803,W50,0.5,250,0.9953230335297472,500,False,True,2.241169694088076,/home/rowanli.tangalin/tpr/tpr/results/hpc_rq1/nominal_analysis/traces/Carrier-v0_biped_nchl_train002_analysis00.npz
carrier__biped__nchl__seed_002,/home/rowanli.tangalin/tpr/tpr/results/hpc_rq1/nominal/carrier/biped/nchl/seed_002,c46b349c32b84b18b55b1db6867a934cedf5926fbed8b7b83ac07cb27e38fbc6,5f8022e16235e323465151070d754b0eb110031823a3d789ee06bb90d58cb1de,2,Carrier-v0,biped,0,4709125304908105630,1244304497912131803,W75,0.75,375,0.42127344092243,500,False,True,2.241169694088076,/home/rowanli.tangalin/tpr/tpr/results/hpc_rq1/nominal_analysis/traces/Carrier-v0_biped_nchl_train002_analysis00.npz
carrier__biped__nchl__seed_002,/home/rowanli.tangalin/tpr/tpr/results/hpc_rq1/nominal/carrier/biped/nchl/seed_002,c46b349c32b84b18b55b1db6867a934cedf5926fbed8b7b83ac07cb27e38fbc6,5f8022e16235e323465151070d754b0eb110031823a3d789ee06bb90d58cb1de,2,Carrier-v0,biped,0,4709125304908105630,1244304497912131803,Wfinal,1.0,500,-0.5204996469933311,500,False,True,2.241169694088076,/home/rowanli.tangalin/tpr/tpr/results/hpc_rq1/nominal_analysis/traces/Carrier-v0_biped_nchl_train002_analysis00.npz
carrier__biped__nchl__seed_002,/home/rowanli.tangalin/tpr/tpr/results/hpc_rq1/nominal/carrier/biped/nchl/seed_002,c46b349c32b84b18b55b1db6867a934cedf5926fbed8b7b83ac07cb27e38fbc6,5f8022e16235e323465151070d754b0eb110031823a3d789ee06bb90d58cb1de,2,Carrier-v0,biped,1,6789895730674132307,2935584579999248951,W0,0.0,0,-0.4673900524404726,500,False,True,1.0938732322941775,/home/rowanli.tangalin/tpr/tpr/results/hpc_rq1/nominal_analysis/traces/Carrier-v0_biped_nchl_train002_analysis01.npz
carrier__biped__nchl__seed_002,/home/rowanli.tangalin/tpr/tpr/results/hpc_rq1/nominal/carrier/biped/nchl/seed_002,c46b349c32b84b18b55b1db6867a934cedf5926fbed8b7b83ac07cb27e38fbc6,5f8022e16235e323465151070d754b0eb110031823a3d789ee06bb90d58cb1de,2,Carrier-v0,biped,1,6789895730674132307,2935584579999248951,W25,0.25,125,-2.481569930293934,500,False,True,1.0938732322941775,/home/rowanli.tangalin/tpr/tpr/results/hpc_rq1/nominal_analysis/traces/Carrier-v0_biped_nchl_train002_analysis01.npz
carrier__biped__nchl__seed_002,/home/rowanli.tangalin/tpr/tpr/results/hpc_rq1/nominal/carrier/biped/nchl/seed_002,c46b349c32b84b18b55b1db6867a934cedf5926fbed8b7b83ac07cb27e38fbc6,5f8022e16235e323465151070d754b0eb110031823a3d789ee06bb90d58cb1de,2,Carrier-v0,biped,1,6789895730674132307,2935584579999248951,W50,0.5,250,-0.30044582804635855,500,False,True,1.0938732322941775,/home/rowanli.tangalin/tpr/tpr/results/hpc_rq1/nominal_analysis/traces/Carrier-v0_biped_nchl_train002_analysis01.npz
carrier__biped__nchl__seed_002,/home/rowanli.tangalin/tpr/tpr/results/hpc_rq1/nominal/carrier/biped/nchl/seed_002,c46b349c32b84b18b55b1db6867a934cedf5926fbed8b7b83ac07cb27e38fbc6,5f8022e16235e323465151070d754b0eb110031823a3d789ee06bb90d58cb1de,2,Carrier-v0,biped,1,6789895730674132307,2935584579999248951,W75,0.75,375,-0.3689547470675515,500,False,True,1.0938732322941775,/home/rowanli.tangalin/tpr/tpr/results/hpc_rq1/nominal_analysis/traces/Carrier-v0_biped_nchl_train002_analysis01.npz
carrier__biped__nchl__seed_002,/home/rowanli.tangalin/tpr/tpr/results/hpc_rq1/nominal/carrier/biped/nchl/seed_002,c46b349c32b84b18b55b1db6867a934cedf5926fbed8b7b83ac07cb27e38fbc6,5f8022e16235e323465151070d754b0eb110031823a3d789ee06bb90d58cb1de,2,Carrier-v0,biped,1,6789895730674132307,2935584579999248951,Wfinal,1.0,500,-0.28184021728604014,500,False,True,1.0938732322941775,/home/rowanli.tangalin/tpr/tpr/results/hpc_rq1/nominal_analysis/traces/Carrier-v0_biped_nchl_train002_analysis01.npz
carrier__biped__nchl__seed_002,/home/rowanli.tangalin/tpr/tpr/results/hpc_rq1/nominal/carrier/biped/nchl/seed_002,c46b349c32b84b18b55b1db6867a934cedf5926fbed8b7b83ac07cb27e38fbc6,5f8022e16235e323465151070d754b0eb110031823a3d789ee06bb90d58cb1de,2,Carrier-v0,biped,2,2298876442789069326,7237655472595637189,W0,0.0,0,-0.3131514277410191,500,False,True,0.3546420113352987,/home/rowanli.tangalin/tpr/tpr/results/hpc_rq1/nominal_analysis/traces/Carrier-v0_biped_nchl_train002_analysis02.npz
carrier__biped__nchl__seed_002,/home/rowanli.tangalin/tpr/tpr/results/hpc_rq1/nominal/carrier/biped/nchl/seed_002,c46b349c32b84b18b55b1db6867a934cedf5926fbed8b7b83ac07cb27e38fbc6,5f8022e16235e323465151070d754b0eb110031823a3d789ee06bb90d58cb1de,2,Carrier-v0,biped,2,2298876442789069326,7237655472595637189,W25,0.25,125,-0.5560888663681827,500,False,True,0.3546420113352987,/home/rowanli.tangalin/tpr/tpr/results/hpc_rq1/nominal_analysis/traces/Carrier-v0_biped_nchl_train002_analysis02.npz
carrier__biped__nchl__seed_002,/home/rowanli.tangalin/tpr/tpr/results/hpc_rq1/nominal/carrier/biped/nchl/seed_002,c46b349c32b84b18b55b1db6867a934cedf5926fbed8b7b83ac07cb27e38fbc6,5f8022e16235e323465151070d754b0eb110031823a3d789ee06bb90d58cb1de,2,Carrier-v0,biped,2,2298876442789069326,7237655472595637189,W50,0.5,250,-0.6498035256819503,500,False,True,0.3546420113352987,/home/rowanli.tangalin/tpr/tpr/results/hpc_rq1/nominal_analysis/traces/Carrier-v0_biped_nchl_train002_analysis02.npz
carrier__biped__nchl__seed_002,/home/rowanli.tangalin/tpr/tpr/results/hpc_rq1/nominal/carrier/biped/nchl/seed_002,c46b349c32b84b18b55b1db6867a934cedf5926fbed8b7b83ac07cb27e38fbc6,5f8022e16235e323465151070d754b0eb110031823a3d789ee06bb90d58cb1de,2,Carrier-v0,biped,2,2298876442789069326,7237655472595637189,W75,0.75,375,-0.3118860102951264,500,False,True,0.3546420113352987,/home/rowanli.tangalin/tpr/tpr/results/hpc_rq1/nominal_analysis/traces/Carrier-v0_biped_nchl_train002_analysis02.npz
carrier__biped__nchl__seed_002,/home/rowanli.tangalin/tpr/tpr/results/hpc_rq1/nominal/carrier/biped/nchl/seed_002,c46b349c32b84b18b55b1db6867a934cedf5926fbed8b7b83ac07cb27e38fbc6,5f8022e16235e323465151070d754b0eb110031823a3d789ee06bb90d58cb1de,2,Carrier-v0,biped,2,2298876442789069326,7237655472595637189,Wfinal,1.0,500,-0.41262636850965356,500,False,True,0.3546420113352987,/home/rowanli.tangalin/tpr/tpr/results/hpc_rq1/nominal_analysis/traces/Carrier-v0_biped_nchl_train002_analysis02.npz
carrier__biped__nchl__seed_003,/home/rowanli.tangalin/tpr/tpr/results/hpc_rq1/nominal/carrier/biped/nchl/seed_003,dd90ace3a112904155ff3289426075ff7c4eea3913621e63d1815172815cf404,651bde1ffc06829ffd3cc6c9bb2d18faa214f12a2eefb4fa1ee32d316932989a,3,Carrier-v0,biped,0,6875887065855152501,8328361779180904825,W0,0.0,0,-0.3456248508631544,500,False,True,1.1508549553526692,/home/rowanli.tangalin/tpr/tpr/results/hpc_rq1/nominal_analysis/traces/Carrier-v0_biped_nchl_train003_analysis00.npz
carrier__biped__nchl__seed_003,/home/rowanli.tangalin/tpr/tpr/results/hpc_rq1/nominal/carrier/biped/nchl/seed_003,dd90ace3a112904155ff3289426075ff7c4eea3913621e63d1815172815cf404,651bde1ffc06829ffd3cc6c9bb2d18faa214f12a2eefb4fa1ee32d316932989a,3,Carrier-v0,biped,0,6875887065855152501,8328361779180904825,W25,0.25,125,-0.17765872956131917,500,False,True,1.1508549553526692,/home/rowanli.tangalin/tpr/tpr/results/hpc_rq1/nominal_analysis/traces/Carrier-v0_biped_nchl_train003_analysis00.npz
carrier__biped__nchl__seed_003,/home/rowanli.tangalin/tpr/tpr/results/hpc_rq1/nominal/carrier/biped/nchl/seed_003,dd90ace3a112904155ff3289426075ff7c4eea3913621e63d1815172815cf404,651bde1ffc06829ffd3cc6c9bb2d18faa214f12a2eefb4fa1ee32d316932989a,3,Carrier-v0,biped,0,6875887065855152501,8328361779180904825,W50,0.5,250,-0.32819731510572425,500,False,True,1.1508549553526692,/home/rowanli.tangalin/tpr/tpr/results/hpc_rq1/nominal_analysis/traces/Carrier-v0_biped_nchl_train003_analysis00.npz
carrier__biped__nchl__seed_003,/home/rowanli.tangalin/tpr/tpr/results/hpc_rq1/nominal/carrier/biped/nchl/seed_003,dd90ace3a112904155ff3289426075ff7c4eea3913621e63d1815172815cf404,651bde1ffc06829ffd3cc6c9bb2d18faa214f12a2eefb4fa1ee32d316932989a,3,Carrier-v0,biped,0,6875887065855152501,8328361779180904825,W75,0.75,375,-0.3135914365980845,500,False,True,1.1508549553526692,/home/rowanli.tangalin/tpr/tpr/results/hpc_rq1/nominal_analysis/traces/Carrier-v0_biped_nchl_train003_analysis00.npz
carrier__biped__nchl__seed_003,/home/rowanli.tangalin/tpr/tpr/results/hpc_rq1/nominal/carrier/biped/nchl/seed_003,dd90ace3a112904155ff3289426075ff7c4eea3913621e63d1815172815cf404,651bde1ffc06829ffd3cc6c9bb2d18faa214f12a2eefb4fa1ee32d316932989a,3,Carrier-v0,biped,0,6875887065855152501,8328361779180904825,Wfinal,1.0,500,-0.3135914365980845,500,False,True,1.1508549553526692,/home/rowanli.tangalin/tpr/tpr/results/hpc_rq1/nominal_analysis/traces/Carrier-v0_biped_nchl_train003_analysis00.npz
carrier__biped__nchl__seed_003,/home/rowanli.tangalin/tpr/tpr/results/hpc_rq1/nominal/carrier/biped/nchl/seed_003,dd90ace3a112904155ff3289426075ff7c4eea3913621e63d1815172815cf404,651bde1ffc06829ffd3cc6c9bb2d18faa214f12a2eefb4fa1ee32d316932989a,3,Carrier-v0,biped,1,2344851983452959862,6171704884853545157,W0,0.0,0,-0.31586232091178174,500,False,True,-0.12896316001633865,/home/rowanli.tangalin/tpr/tpr/results/hpc_rq1/nominal_analysis/traces/Carrier-v0_biped_nchl_train003_analysis01.npz
carrier__biped__nchl__seed_003,/home/rowanli.tangalin/tpr/tpr/results/hpc_rq1/nominal/carrier/biped/nchl/seed_003,dd90ace3a112904155ff3289426075ff7c4eea3913621e63d1815172815cf404,651bde1ffc06829ffd3cc6c9bb2d18faa214f12a2eefb4fa1ee32d316932989a,3,Carrier-v0,biped,1,2344851983452959862,6171704884853545157,W25,0.25,125,-0.15346118029934733,500,False,True,-0.12896316001633865,/home/rowanli.tangalin/tpr/tpr/results/hpc_rq1/nominal_analysis/traces/Carrier-v0_biped_nchl_train003_analysis01.npz
carrier__biped__nchl__seed_003,/home/rowanli.tangalin/tpr/tpr/results/hpc_rq1/nominal/carrier/biped/nchl/seed_003,dd90ace3a112904155ff3289426075ff7c4eea3913621e63d1815172815cf404,651bde1ffc06829ffd3cc6c9bb2d18faa214f12a2eefb4fa1ee32d316932989a,3,Carrier-v0,biped,1,2344851983452959862,6171704884853545157,W50,0.5,250,-0.38619410962343803,500,False,True,-0.12896316001633865,/home/rowanli.tangalin/tpr/tpr/results/hpc_rq1/nominal_analysis/traces/Carrier-v0_biped_nchl_train003_analysis01.npz
carrier__biped__nchl__seed_003,/home/rowanli.tangalin/tpr/tpr/results/hpc_rq1/nominal/carrier/biped/nchl/seed_003,dd90ace3a112904155ff3289426075ff7c4eea3913621e63d1815172815cf404,651bde1ffc06829ffd3cc6c9bb2d18faa214f12a2eefb4fa1ee32d316932989a,3,Carrier-v0,biped,1,2344851983452959862,6171704884853545157,W75,0.75,375,-0.9400007315333307,500,False,True,-0.12896316001633865,/home/rowanli.tangalin/tpr/tpr/results/hpc_rq1/nominal_analysis/traces/Carrier-v0_biped_nchl_train003_analysis01.npz
carrier__biped__nchl__seed_003,/home/rowanli.tangalin/tpr/tpr/results/hpc_rq1/nominal/carrier/biped/nchl/seed_003,dd90ace3a112904155ff3289426075ff7c4eea3913621e63d1815172815cf404,651bde1ffc06829ffd3cc6c9bb2d18faa214f12a2eefb4fa1ee32d316932989a,3,Carrier-v0,biped,1,2344851983452959862,6171704884853545157,Wfinal,1.0,500,-0.3101570882053819,500,False,True,-0.12896316001633865,/home/rowanli.tangalin/tpr/tpr/results/hpc_rq1/nominal_analysis/traces/Carrier-v0_biped_nchl_train003_analysis01.npz
carrier__biped__nchl__seed_003,/home/rowanli.tangalin/tpr/tpr/results/hpc_rq1/nominal/carrier/biped/nchl/seed_003,dd90ace3a112904155ff3289426075ff7c4eea3913621e63d1815172815cf404,651bde1ffc06829ffd3cc6c9bb2d18faa214f12a2eefb4fa1ee32d316932989a,3,Carrier-v0,biped,2,3189270387817152734,2268335290108042879,W0,0.0,0,-0.4527082325978714,500,False,True,1.2682094923922458,/home/rowanli.tangalin/tpr/tpr/results/hpc_rq1/nominal_analysis/traces/Carrier-v0_biped_nchl_train003_analysis02.npz
carrier__biped__nchl__seed_003,/home/rowanli.tangalin/tpr/tpr/results/hpc_rq1/nominal/carrier/biped/nchl/seed_003,dd90ace3a112904155ff3289426075ff7c4eea3913621e63d1815172815cf404,651bde1ffc06829ffd3cc6c9bb2d18faa214f12a2eefb4fa1ee32d316932989a,3,Carrier-v0,biped,2,3189270387817152734,2268335290108042879,W25,0.25,125,0.7141802417399,500,False,True,1.2682094923922458,/home/rowanli.tangalin/tpr/tpr/results/hpc_rq1/nominal_analysis/traces/Carrier-v0_biped_nchl_train003_analysis02.npz
carrier__biped__nchl__seed_003,/home/rowanli.tangalin/tpr/tpr/results/hpc_rq1/nominal/carrier/biped/nchl/seed_003,dd90ace3a112904155ff3289426075ff7c4eea3913621e63d1815172815cf404,651bde1ffc06829ffd3cc6c9bb2d18faa214f12a2eefb4fa1ee32d316932989a,3,Carrier-v0,biped,2,3189270387817152734,2268335290108042879,W50,0.5,250,-0.3190862261551457,500,False,True,1.2682094923922458,/home/rowanli.tangalin/tpr/tpr/results/hpc_rq1/nominal_analysis/traces/Carrier-v0_biped_nchl_train003_analysis02.npz
carrier__biped__nchl__seed_003,/home/rowanli.tangalin/tpr/tpr/results/hpc_rq1/nominal/carrier/biped/nchl/seed_003,dd90ace3a112904155ff3289426075ff7c4eea3913621e63d1815172815cf404,651bde1ffc06829ffd3cc6c9bb2d18faa214f12a2eefb4fa1ee32d316932989a,3,Carrier-v0,biped,2,3189270387817152734,2268335290108042879,W75,0.75,375,-0.3135914365980845,500,False,True,1.2682094923922458,/home/rowanli.tangalin/tpr/tpr/results/hpc_rq1/nominal_analysis/traces/Carrier-v0_biped_nchl_train003_analysis02.npz
carrier__biped__nchl__seed_003,/home/rowanli.tangalin/tpr/tpr/results/hpc_rq1/nominal/carrier/biped/nchl/seed_003,dd90ace3a112904155ff3289426075ff7c4eea3913621e63d1815172815cf404,651bde1ffc06829ffd3cc6c9bb2d18faa214f12a2eefb4fa1ee32d316932989a,3,Carrier-v0,biped,2,3189270387817152734,2268335290108042879,Wfinal,1.0,500,-0.3135914365980845,500,False,True,1.2682094923922458,/home/rowanli.tangalin/tpr/tpr/results/hpc_rq1/nominal_analysis/traces/Carrier-v0_biped_nchl_train003_analysis02.npz
carrier__biped__nchl__seed_004,/home/rowanli.tangalin/tpr/tpr/results/hpc_rq1/nominal/carrier/biped/nchl/seed_004,02a112f7f3c173167135d33f72892b6d09a8a7130df309d7adfad5707dc12442,29d73f1e8559af4ac1a132110f6533549805c422fee605ee2afbec77c612355a,4,Carrier-v0,biped,0,4675618027918977294,6264005447694142635,W0,0.0,0,-0.7779502739708307,500,False,True,1.42482375666929,/home/rowanli.tangalin/tpr/tpr/results/hpc_rq1/nominal_analysis/traces/Carrier-v0_biped_nchl_train004_analysis00.npz
carrier__biped__nchl__seed_004,/home/rowanli.tangalin/tpr/tpr/results/hpc_rq1/nominal/carrier/biped/nchl/seed_004,02a112f7f3c173167135d33f72892b6d09a8a7130df309d7adfad5707dc12442,29d73f1e8559af4ac1a132110f6533549805c422fee605ee2afbec77c612355a,4,Carrier-v0,biped,0,4675618027918977294,6264005447694142635,W25,0.25,125,-1.026158608503245,500,False,True,1.42482375666929,/home/rowanli.tangalin/tpr/tpr/results/hpc_rq1/nominal_analysis/traces/Carrier-v0_biped_nchl_train004_analysis00.npz
carrier__biped__nchl__seed_004,/home/rowanli.tangalin/tpr/tpr/results/hpc_rq1/nominal/carrier/biped/nchl/seed_004,02a112f7f3c173167135d33f72892b6d09a8a7130df309d7adfad5707dc12442,29d73f1e8559af4ac1a132110f6533549805c422fee605ee2afbec77c612355a,4,Carrier-v0,biped,0,4675618027918977294,6264005447694142635,W50,0.5,250,1.908825023845062,500,False,True,1.42482375666929,/home/rowanli.tangalin/tpr/tpr/results/hpc_rq1/nominal_analysis/traces/Carrier-v0_biped_nchl_train004_analysis00.npz
carrier__biped__nchl__seed_004,/home/rowanli.tangalin/tpr/tpr/results/hpc_rq1/nominal/carrier/biped/nchl/seed_004,02a112f7f3c173167135d33f72892b6d09a8a7130df309d7adfad5707dc12442,29d73f1e8559af4ac1a132110f6533549805c422fee605ee2afbec77c612355a,4,Carrier-v0,biped,0,4675618027918977294,6264005447694142635,W75,0.75,375,1.279325162300279,500,False,True,1.42482375666929,/home/rowanli.tangalin/tpr/tpr/results/hpc_rq1/nominal_analysis/traces/Carrier-v0_biped_nchl_train004_analysis00.npz
carrier__biped__nchl__seed_004,/home/rowanli.tangalin/tpr/tpr/results/hpc_rq1/nominal/carrier/biped/nchl/seed_004,02a112f7f3c173167135d33f72892b6d09a8a7130df309d7adfad5707dc12442,29d73f1e8559af4ac1a132110f6533549805c422fee605ee2afbec77c612355a,4,Carrier-v0,biped,0,4675618027918977294,6264005447694142635,Wfinal,1.0,500,1.7221903250042183,500,False,True,1.42482375666929,/home/rowanli.tangalin/tpr/tpr/results/hpc_rq1/nominal_analysis/traces/Carrier-v0_biped_nchl_train004_analysis00.npz
carrier__biped__nchl__seed_004,/home/rowanli.tangalin/tpr/tpr/results/hpc_rq1/nominal/carrier/biped/nchl/seed_004,02a112f7f3c173167135d33f72892b6d09a8a7130df309d7adfad5707dc12442,29d73f1e8559af4ac1a132110f6533549805c422fee605ee2afbec77c612355a,4,Carrier-v0,biped,1,1776748932738538903,3330744174114140836,W0,0.0,0,-0.3165282264823283,500,False,True,1.3627276751752624,/home/rowanli.tangalin/tpr/tpr/results/hpc_rq1/nominal_analysis/traces/Carrier-v0_biped_nchl_train004_analysis01.npz
carrier__biped__nchl__seed_004,/home/rowanli.tangalin/tpr/tpr/results/hpc_rq1/nominal/carrier/biped/nchl/seed_004,02a112f7f3c173167135d33f72892b6d09a8a7130df309d7adfad5707dc12442,29d73f1e8559af4ac1a132110f6533549805c422fee605ee2afbec77c612355a,4,Carrier-v0,biped,1,1776748932738538903,3330744174114140836,W25,0.25,125,0.6925690897972553,500,False,True,1.3627276751752624,/home/rowanli.tangalin/tpr/tpr/results/hpc_rq1/nominal_analysis/traces/Carrier-v0_biped_nchl_train004_analysis01.npz
carrier__biped__nchl__seed_004,/home/rowanli.tangalin/tpr/tpr/results/hpc_rq1/nominal/carrier/biped/nchl/seed_004,02a112f7f3c173167135d33f72892b6d09a8a7130df309d7adfad5707dc12442,29d73f1e8559af4ac1a132110f6533549805c422fee605ee2afbec77c612355a,4,Carrier-v0,biped,1,1776748932738538903,3330744174114140836,W50,0.5,250,1.2643236945924157,500,False,True,1.3627276751752624,/home/rowanli.tangalin/tpr/tpr/results/hpc_rq1/nominal_analysis/traces/Carrier-v0_biped_nchl_train004_analysis01.npz
carrier__biped__nchl__seed_004,/home/rowanli.tangalin/tpr/tpr/results/hpc_rq1/nominal/carrier/biped/nchl/seed_004,02a112f7f3c173167135d33f72892b6d09a8a7130df309d7adfad5707dc12442,29d73f1e8559af4ac1a132110f6533549805c422fee605ee2afbec77c612355a,4,Carrier-v0,biped,1,1776748932738538903,3330744174114140836,W75,0.75,375,1.288029902471401,500,False,True,1.3627276751752624,/home/rowanli.tangalin/tpr/tpr/results/hpc_rq1/nominal_analysis/traces/Carrier-v0_biped_nchl_train004_analysis01.npz
carrier__biped__nchl__seed_004,/home/rowanli.tangalin/tpr/tpr/results/hpc_rq1/nominal/carrier/biped/nchl/seed_004,02a112f7f3c173167135d33f72892b6d09a8a7130df309d7adfad5707dc12442,29d73f1e8559af4ac1a132110f6533549805c422fee605ee2afbec77c612355a,4,Carrier-v0,biped,1,1776748932738538903,3330744174114140836,Wfinal,1.0,500,1.176422044969547,500,False,True,1.3627276751752624,/home/rowanli.tangalin/tpr/tpr/results/hpc_rq1/nominal_analysis/traces/Carrier-v0_biped_nchl_train004_analysis01.npz
carrier__biped__nchl__seed_004,/home/rowanli.tangalin/tpr/tpr/results/hpc_rq1/nominal/carrier/biped/nchl/seed_004,02a112f7f3c173167135d33f72892b6d09a8a7130df309d7adfad5707dc12442,29d73f1e8559af4ac1a132110f6533549805c422fee605ee2afbec77c612355a,4,Carrier-v0,biped,2,1844154726293175647,4425154243183907800,W0,0.0,0,-0.3577605674529556,500,False,True,1.1308684328825385,/home/rowanli.tangalin/tpr/tpr/results/hpc_rq1/nominal_analysis/traces/Carrier-v0_biped_nchl_train004_analysis02.npz
carrier__biped__nchl__seed_004,/home/rowanli.tangalin/tpr/tpr/results/hpc_rq1/nominal/carrier/biped/nchl/seed_004,02a112f7f3c173167135d33f72892b6d09a8a7130df309d7adfad5707dc12442,29d73f1e8559af4ac1a132110f6533549805c422fee605ee2afbec77c612355a,4,Carrier-v0,biped,2,1844154726293175647,4425154243183907800,W25,0.25,125,0.33877719301125075,500,False,True,1.1308684328825385,/home/rowanli.tangalin/tpr/tpr/results/hpc_rq1/nominal_analysis/traces/Carrier-v0_biped_nchl_train004_analysis02.npz
carrier__biped__nchl__seed_004,/home/rowanli.tangalin/tpr/tpr/results/hpc_rq1/nominal/carrier/biped/nchl/seed_004,02a112f7f3c173167135d33f72892b6d09a8a7130df309d7adfad5707dc12442,29d73f1e8559af4ac1a132110f6533549805c422fee605ee2afbec77c612355a,4,Carrier-v0,biped,2,1844154726293175647,4425154243183907800,W50,0.5,250,1.5047141119362537,500,False,True,1.1308684328825385,/home/rowanli.tangalin/tpr/tpr/results/hpc_rq1/nominal_analysis/traces/Carrier-v0_biped_nchl_train004_analysis02.npz
carrier__biped__nchl__seed_004,/home/rowanli.tangalin/tpr/tpr/results/hpc_rq1/nominal/carrier/biped/nchl/seed_004,02a112f7f3c173167135d33f72892b6d09a8a7130df309d7adfad5707dc12442,29d73f1e8559af4ac1a132110f6533549805c422fee605ee2afbec77c612355a,4,Carrier-v0,biped,2,1844154726293175647,4425154243183907800,W75,0.75,375,1.0305993600762209,500,False,True,1.1308684328825385,/home/rowanli.tangalin/tpr/tpr/results/hpc_rq1/nominal_analysis/traces/Carrier-v0_biped_nchl_train004_analysis02.npz
carrier__biped__nchl__seed_004,/home/rowanli.tangalin/tpr/tpr/results/hpc_rq1/nominal/carrier/biped/nchl/seed_004,02a112f7f3c173167135d33f72892b6d09a8a7130df309d7adfad5707dc12442,29d73f1e8559af4ac1a132110f6533549805c422fee605ee2afbec77c612355a,4,Carrier-v0,biped,2,1844154726293175647,4425154243183907800,Wfinal,1.0,500,1.433720650167292,500,False,True,1.1308684328825385,/home/rowanli.tangalin/tpr/tpr/results/hpc_rq1/nominal_analysis/traces/Carrier-v0_biped_nchl_train004_analysis02.npz
carrier__biped__nchl__seed_005,/home/rowanli.tangalin/tpr/tpr/results/hpc_rq1/nominal/carrier/biped/nchl/seed_005,59576d974c40b5d6b64196be05d1cbb1da4280930f2f42a519aee7be5e9074e3,0680c604b12c78632dccecc9209649a3a7dced147bfcb9ba197dae4d141d960f,5,Carrier-v0,biped,0,6537336262564968459,5568806234066008283,W0,0.0,0,-0.39502264582666113,500,False,True,0.7239423002673115,/home/rowanli.tangalin/tpr/tpr/results/hpc_rq1/nominal_analysis/traces/Carrier-v0_biped_nchl_train005_analysis00.npz
carrier__biped__nchl__seed_005,/home/rowanli.tangalin/tpr/tpr/results/hpc_rq1/nominal/carrier/biped/nchl/seed_005,59576d974c40b5d6b64196be05d1cbb1da4280930f2f42a519aee7be5e9074e3,0680c604b12c78632dccecc9209649a3a7dced147bfcb9ba197dae4d141d960f,5,Carrier-v0,biped,0,6537336262564968459,5568806234066008283,W25,0.25,125,-0.6269756118341242,500,False,True,0.7239423002673115,/home/rowanli.tangalin/tpr/tpr/results/hpc_rq1/nominal_analysis/traces/Carrier-v0_biped_nchl_train005_analysis00.npz
carrier__biped__nchl__seed_005,/home/rowanli.tangalin/tpr/tpr/results/hpc_rq1/nominal/carrier/biped/nchl/seed_005,59576d974c40b5d6b64196be05d1cbb1da4280930f2f42a519aee7be5e9074e3,0680c604b12c78632dccecc9209649a3a7dced147bfcb9ba197dae4d141d960f,5,Carrier-v0,biped,0,6537336262564968459,5568806234066008283,W50,0.5,250,-0.35861396807803037,500,False,True,0.7239423002673115,/home/rowanli.tangalin/tpr/tpr/results/hpc_rq1/nominal_analysis/traces/Carrier-v0_biped_nchl_train005_analysis00.npz
carrier__biped__nchl__seed_005,/home/rowanli.tangalin/tpr/tpr/results/hpc_rq1/nominal/carrier/biped/nchl/seed_005,59576d974c40b5d6b64196be05d1cbb1da4280930f2f42a519aee7be5e9074e3,0680c604b12c78632dccecc9209649a3a7dced147bfcb9ba197dae4d141d960f,5,Carrier-v0,biped,0,6537336262564968459,5568806234066008283,W75,0.75,375,-0.5480288003021359,500,False,True,0.7239423002673115,/home/rowanli.tangalin/tpr/tpr/results/hpc_rq1/nominal_analysis/traces/Carrier-v0_biped_nchl_train005_analysis00.npz
carrier__biped__nchl__seed_005,/home/rowanli.tangalin/tpr/tpr/results/hpc_rq1/nominal/carrier/biped/nchl/seed_005,59576d974c40b5d6b64196be05d1cbb1da4280930f2f42a519aee7be5e9074e3,0680c604b12c78632dccecc9209649a3a7dced147bfcb9ba197dae4d141d960f,5,Carrier-v0,biped,0,6537336262564968459,5568806234066008283,Wfinal,1.0,500,-0.44334852118708623,500,False,True,0.7239423002673115,/home/rowanli.tangalin/tpr/tpr/results/hpc_rq1/nominal_analysis/traces/Carrier-v0_biped_nchl_train005_analysis00.npz
carrier__biped__nchl__seed_005,/home/rowanli.tangalin/tpr/tpr/results/hpc_rq1/nominal/carrier/biped/nchl/seed_005,59576d974c40b5d6b64196be05d1cbb1da4280930f2f42a519aee7be5e9074e3,0680c604b12c78632dccecc9209649a3a7dced147bfcb9ba197dae4d141d960f,5,Carrier-v0,biped,1,7847246716821455116,5175985587420486963,W0,0.0,0,-0.46424188077699513,500,False,True,0.711213454243834,/home/rowanli.tangalin/tpr/tpr/results/hpc_rq1/nominal_analysis/traces/Carrier-v0_biped_nchl_train005_analysis01.npz
carrier__biped__nchl__seed_005,/home/rowanli.tangalin/tpr/tpr/results/hpc_rq1/nominal/carrier/biped/nchl/seed_005,59576d974c40b5d6b64196be05d1cbb1da4280930f2f42a519aee7be5e9074e3,0680c604b12c78632dccecc9209649a3a7dced147bfcb9ba197dae4d141d960f,5,Carrier-v0,biped,1,7847246716821455116,5175985587420486963,W25,0.25,125,0.34848317357255576,500,False,True,0.711213454243834,/home/rowanli.tangalin/tpr/tpr/results/hpc_rq1/nominal_analysis/traces/Carrier-v0_biped_nchl_train005_analysis01.npz
carrier__biped__nchl__seed_005,/home/rowanli.tangalin/tpr/tpr/results/hpc_rq1/nominal/carrier/biped/nchl/seed_005,59576d974c40b5d6b64196be05d1cbb1da4280930f2f42a519aee7be5e9074e3,0680c604b12c78632dccecc9209649a3a7dced147bfcb9ba197dae4d141d960f,5,Carrier-v0,biped,1,7847246716821455116,5175985587420486963,W50,0.5,250,-0.2833327967745932,500,False,True,0.711213454243834,/home/rowanli.tangalin/tpr/tpr/results/hpc_rq1/nominal_analysis/traces/Carrier-v0_biped_nchl_train005_analysis01.npz
carrier__biped__nchl__seed_005,/home/rowanli.tangalin/tpr/tpr/results/hpc_rq1/nominal/carrier/biped/nchl/seed_005,59576d974c40b5d6b64196be05d1cbb1da4280930f2f42a519aee7be5e9074e3,0680c604b12c78632dccecc9209649a3a7dced147bfcb9ba197dae4d141d960f,5,Carrier-v0,biped,1,7847246716821455116,5175985587420486963,W75,0.75,375,-0.2076630620570088,500,False,True,0.711213454243834,/home/rowanli.tangalin/tpr/tpr/results/hpc_rq1/nominal_analysis/traces/Carrier-v0_biped_nchl_train005_analysis01.npz
carrier__biped__nchl__seed_005,/home/rowanli.tangalin/tpr/tpr/results/hpc_rq1/nominal/carrier/biped/nchl/seed_005,59576d974c40b5d6b64196be05d1cbb1da4280930f2f42a519aee7be5e9074e3,0680c604b12c78632dccecc9209649a3a7dced147bfcb9ba197dae4d141d960f,5,Carrier-v0,biped,1,7847246716821455116,5175985587420486963,Wfinal,1.0,500,-0.5433152028771043,500,False,True,0.711213454243834,/home/rowanli.tangalin/tpr/tpr/results/hpc_rq1/nominal_analysis/traces/Carrier-v0_biped_nchl_train005_analysis01.npz
carrier__biped__nchl__seed_005,/home/rowanli.tangalin/tpr/tpr/results/hpc_rq1/nominal/carrier/biped/nchl/seed_005,59576d974c40b5d6b64196be05d1cbb1da4280930f2f42a519aee7be5e9074e3,0680c604b12c78632dccecc9209649a3a7dced147bfcb9ba197dae4d141d960f,5,Carrier-v0,biped,2,8874890859321386193,4629262467755900572,W0,0.0,0,-0.46639209983311175,500,False,True,1.2783266644223534,/home/rowanli.tangalin/tpr/tpr/results/hpc_rq1/nominal_analysis/traces/Carrier-v0_biped_nchl_train005_analysis02.npz
carrier__biped__nchl__seed_005,/home/rowanli.tangalin/tpr/tpr/results/hpc_rq1/nominal/carrier/biped/nchl/seed_005,59576d974c40b5d6b64196be05d1cbb1da4280930f2f42a519aee7be5e9074e3,0680c604b12c78632dccecc9209649a3a7dced147bfcb9ba197dae4d141d960f,5,Carrier-v0,biped,2,8874890859321386193,4629262467755900572,W25,0.25,125,-0.6513833471109025,500,False,True,1.2783266644223534,/home/rowanli.tangalin/tpr/tpr/results/hpc_rq1/nominal_analysis/traces/Carrier-v0_biped_nchl_train005_analysis02.npz
carrier__biped__nchl__seed_005,/home/rowanli.tangalin/tpr/tpr/results/hpc_rq1/nominal/carrier/biped/nchl/seed_005,59576d974c40b5d6b64196be05d1cbb1da4280930f2f42a519aee7be5e9074e3,0680c604b12c78632dccecc9209649a3a7dced147bfcb9ba197dae4d141d960f,5,Carrier-v0,biped,2,8874890859321386193,4629262467755900572,W50,0.5,250,-0.1897953495514507,500,False,True,1.2783266644223534,/home/rowanli.tangalin/tpr/tpr/results/hpc_rq1/nominal_analysis/traces/Carrier-v0_biped_nchl_train005_analysis02.npz
carrier__biped__nchl__seed_005,/home/rowanli.tangalin/tpr/tpr/results/hpc_rq1/nominal/carrier/biped/nchl/seed_005,59576d974c40b5d6b64196be05d1cbb1da4280930f2f42a519aee7be5e9074e3,0680c604b12c78632dccecc9209649a3a7dced147bfcb9ba197dae4d141d960f,5,Carrier-v0,biped,2,8874890859321386193,4629262467755900572,W75,0.75,375,-0.28449895981296125,500,False,True,1.2783266644223534,/home/rowanli.tangalin/tpr/tpr/results/hpc_rq1/nominal_analysis/traces/Carrier-v0_biped_nchl_train005_analysis02.npz
carrier__biped__nchl__seed_005,/home/rowanli.tangalin/tpr/tpr/results/hpc_rq1/nominal/carrier/biped/nchl/seed_005,59576d974c40b5d6b64196be05d1cbb1da4280930f2f42a519aee7be5e9074e3,0680c604b12c78632dccecc9209649a3a7dced147bfcb9ba197dae4d141d960f,5,Carrier-v0,biped,2,8874890859321386193,4629262467755900572,Wfinal,1.0,500,-0.5311292579987239,500,False,True,1.2783266644223534,/home/rowanli.tangalin/tpr/tpr/results/hpc_rq1/nominal_analysis/traces/Carrier-v0_biped_nchl_train005_analysis02.npz
carrier__biped__nchl__seed_006,/home/rowanli.tangalin/tpr/tpr/results/hpc_rq1/nominal/carrier/biped/nchl/seed_006,5c7ed5b35412f661a01011a05217ec60a319583f52660088f2aa311eaa0ccaa4,f9a37017632a26ea96b8231039666b991b98f0666e75826a5b98e292632c3d53,6,Carrier-v0,biped,0,4697810511805331226,1837341966890607914,W0,0.0,0,-0.834420099314928,500,False,True,1.1384548854029457,/home/rowanli.tangalin/tpr/tpr/results/hpc_rq1/nominal_analysis/traces/Carrier-v0_biped_nchl_train006_analysis00.npz
carrier__biped__nchl__seed_006,/home/rowanli.tangalin/tpr/tpr/results/hpc_rq1/nominal/carrier/biped/nchl/seed_006,5c7ed5b35412f661a01011a05217ec60a319583f52660088f2aa311eaa0ccaa4,f9a37017632a26ea96b8231039666b991b98f0666e75826a5b98e292632c3d53,6,Carrier-v0,biped,0,4697810511805331226,1837341966890607914,W25,0.25,125,0.9692320931762047,500,False,True,1.1384548854029457,/home/rowanli.tangalin/tpr/tpr/results/hpc_rq1/nominal_analysis/traces/Carrier-v0_biped_nchl_train006_analysis00.npz
carrier__biped__nchl__seed_006,/home/rowanli.tangalin/tpr/tpr/results/hpc_rq1/nominal/carrier/biped/nchl/seed_006,5c7ed5b35412f661a01011a05217ec60a319583f52660088f2aa311eaa0ccaa4,f9a37017632a26ea96b8231039666b991b98f0666e75826a5b98e292632c3d53,6,Carrier-v0,biped,0,4697810511805331226,1837341966890607914,W50,0.5,250,-0.6371930409068755,500,False,True,1.1384548854029457,/home/rowanli.tangalin/tpr/tpr/results/hpc_rq1/nominal_analysis/traces/Carrier-v0_biped_nchl_train006_analysis00.npz
carrier__biped__nchl__seed_006,/home/rowanli.tangalin/tpr/tpr/results/hpc_rq1/nominal/carrier/biped/nchl/seed_006,5c7ed5b35412f661a01011a05217ec60a319583f52660088f2aa311eaa0ccaa4,f9a37017632a26ea96b8231039666b991b98f0666e75826a5b98e292632c3d53,6,Carrier-v0,biped,0,4697810511805331226,1837341966890607914,W75,0.75,375,-1.1447113597666467,500,False,True,1.1384548854029457,/home/rowanli.tangalin/tpr/tpr/results/hpc_rq1/nominal_analysis/traces/Carrier-v0_biped_nchl_train006_analysis00.npz
carrier__biped__nchl__seed_006,/home/rowanli.tangalin/tpr/tpr/results/hpc_rq1/nominal/carrier/biped/nchl/seed_006,5c7ed5b35412f661a01011a05217ec60a319583f52660088f2aa311eaa0ccaa4,f9a37017632a26ea96b8231039666b991b98f0666e75826a5b98e292632c3d53,6,Carrier-v0,biped,0,4697810511805331226,1837341966890607914,Wfinal,1.0,500,-1.1618503662861959,500,False,True,1.1384548854029457,/home/rowanli.tangalin/tpr/tpr/results/hpc_rq1/nominal_analysis/traces/Carrier-v0_biped_nchl_train006_analysis00.npz
carrier__biped__nchl__seed_006,/home/rowanli.tangalin/tpr/tpr/results/hpc_rq1/nominal/carrier/biped/nchl/seed_006,5c7ed5b35412f661a01011a05217ec60a319583f52660088f2aa311eaa0ccaa4,f9a37017632a26ea96b8231039666b991b98f0666e75826a5b98e292632c3d53,6,Carrier-v0,biped,1,212357942801270703,7001556810303355477,W0,0.0,0,-0.34867130149007936,500,False,True,1.208935848800563,/home/rowanli.tangalin/tpr/tpr/results/hpc_rq1/nominal_analysis/traces/Carrier-v0_biped_nchl_train006_analysis01.npz
carrier__biped__nchl__seed_006,/home/rowanli.tangalin/tpr/tpr/results/hpc_rq1/nominal/carrier/biped/nchl/seed_006,5c7ed5b35412f661a01011a05217ec60a319583f52660088f2aa311eaa0ccaa4,f9a37017632a26ea96b8231039666b991b98f0666e75826a5b98e292632c3d53,6,Carrier-v0,biped,1,212357942801270703,7001556810303355477,W25,0.25,125,0.9988691987192921,500,False,True,1.208935848800563,/home/rowanli.tangalin/tpr/tpr/results/hpc_rq1/nominal_analysis/traces/Carrier-v0_biped_nchl_train006_analysis01.npz
carrier__biped__nchl__seed_006,/home/rowanli.tangalin/tpr/tpr/results/hpc_rq1/nominal/carrier/biped/nchl/seed_006,5c7ed5b35412f661a01011a05217ec60a319583f52660088f2aa311eaa0ccaa4,f9a37017632a26ea96b8231039666b991b98f0666e75826a5b98e292632c3d53,6,Carrier-v0,biped,1,212357942801270703,7001556810303355477,W50,0.5,250,-0.6130199607594042,500,False,True,1.208935848800563,/home/rowanli.tangalin/tpr/tpr/results/hpc_rq1/nominal_analysis/traces/Carrier-v0_biped_nchl_train006_analysis01.npz
carrier__biped__nchl__seed_006,/home/rowanli.tangalin/tpr/tpr/results/hpc_rq1/nominal/carrier/biped/nchl/seed_006,5c7ed5b35412f661a01011a05217ec60a319583f52660088f2aa311eaa0ccaa4,f9a37017632a26ea96b8231039666b991b98f0666e75826a5b98e292632c3d53,6,Carrier-v0,biped,1,212357942801270703,7001556810303355477,W75,0.75,375,0.2866804674328989,500,False,True,1.208935848800563,/home/rowanli.tangalin/tpr/tpr/results/hpc_rq1/nominal_analysis/traces/Carrier-v0_biped_nchl_train006_analysis01.npz
carrier__biped__nchl__seed_006,/home/rowanli.tangalin/tpr/tpr/results/hpc_rq1/nominal/carrier/biped/nchl/seed_006,5c7ed5b35412f661a01011a05217ec60a319583f52660088f2aa311eaa0ccaa4,f9a37017632a26ea96b8231039666b991b98f0666e75826a5b98e292632c3d53,6,Carrier-v0,biped,1,212357942801270703,7001556810303355477,Wfinal,1.0,500,-1.0710881156512946,500,False,True,1.208935848800563,/home/rowanli.tangalin/tpr/tpr/results/hpc_rq1/nominal_analysis/traces/Carrier-v0_biped_nchl_train006_analysis01.npz
carrier__biped__nchl__seed_006,/home/rowanli.tangalin/tpr/tpr/results/hpc_rq1/nominal/carrier/biped/nchl/seed_006,5c7ed5b35412f661a01011a05217ec60a319583f52660088f2aa311eaa0ccaa4,f9a37017632a26ea96b8231039666b991b98f0666e75826a5b98e292632c3d53,6,Carrier-v0,biped,2,9197516287707139064,7789448062882196537,W0,0.0,0,-0.34442104450779115,500,False,True,1.70861610857603,/home/rowanli.tangalin/tpr/tpr/results/hpc_rq1/nominal_analysis/traces/Carrier-v0_biped_nchl_train006_analysis02.npz
carrier__biped__nchl__seed_006,/home/rowanli.tangalin/tpr/tpr/results/hpc_rq1/nominal/carrier/biped/nchl/seed_006,5c7ed5b35412f661a01011a05217ec60a319583f52660088f2aa311eaa0ccaa4,f9a37017632a26ea96b8231039666b991b98f0666e75826a5b98e292632c3d53,6,Carrier-v0,biped,2,9197516287707139064,7789448062882196537,W25,0.25,125,0.6914616604552339,500,False,True,1.70861610857603,/home/rowanli.tangalin/tpr/tpr/results/hpc_rq1/nominal_analysis/traces/Carrier-v0_biped_nchl_train006_analysis02.npz
carrier__biped__nchl__seed_006,/home/rowanli.tangalin/tpr/tpr/results/hpc_rq1/nominal/carrier/biped/nchl/seed_006,5c7ed5b35412f661a01011a05217ec60a319583f52660088f2aa311eaa0ccaa4,f9a37017632a26ea96b8231039666b991b98f0666e75826a5b98e292632c3d53,6,Carrier-v0,biped,2,9197516287707139064,7789448062882196537,W50,0.5,250,-1.0177155713035213,500,False,True,1.70861610857603,/home/rowanli.tangalin/tpr/tpr/results/hpc_rq1/nominal_analysis/traces/Carrier-v0_biped_nchl_train006_analysis02.npz
carrier__biped__nchl__seed_006,/home/rowanli.tangalin/tpr/tpr/results/hpc_rq1/nominal/carrier/biped/nchl/seed_006,5c7ed5b35412f661a01011a05217ec60a319583f52660088f2aa311eaa0ccaa4,f9a37017632a26ea96b8231039666b991b98f0666e75826a5b98e292632c3d53,6,Carrier-v0,biped,2,9197516287707139064,7789448062882196537,W75,0.75,375,-1.1366647139856025,500,False,True,1.70861610857603,/home/rowanli.tangalin/tpr/tpr/results/hpc_rq1/nominal_analysis/traces/Carrier-v0_biped_nchl_train006_analysis02.npz
carrier__biped__nchl__seed_006,/home/rowanli.tangalin/tpr/tpr/results/hpc_rq1/nominal/carrier/biped/nchl/seed_006,5c7ed5b35412f661a01011a05217ec60a319583f52660088f2aa311eaa0ccaa4,f9a37017632a26ea96b8231039666b991b98f0666e75826a5b98e292632c3d53,6,Carrier-v0,biped,2,9197516287707139064,7789448062882196537,Wfinal,1.0,500,-1.12933700593968,500,False,True,1.70861610857603,/home/rowanli.tangalin/tpr/tpr/results/hpc_rq1/nominal_analysis/traces/Carrier-v0_biped_nchl_train006_analysis02.npz
carrier__biped__nchl__seed_007,/home/rowanli.tangalin/tpr/tpr/results/hpc_rq1/nominal/carrier/biped/nchl/seed_007,3ed6918f77319552df9435be1863d69c413ca688a3729a33fe31775171199a4e,287249010693f650dc0c24582c034eb5ba7887793a2b526de28caf3766738ef5,7,Carrier-v0,biped,0,7273538705011962834,3327181185902024434,W0,0.0,0,-0.451883331527534,500,False,True,1.256001551618796,/home/rowanli.tangalin/tpr/tpr/results/hpc_rq1/nominal_analysis/traces/Carrier-v0_biped_nchl_train007_analysis00.npz
carrier__biped__nchl__seed_007,/home/rowanli.tangalin/tpr/tpr/results/hpc_rq1/nominal/carrier/biped/nchl/seed_007,3ed6918f77319552df9435be1863d69c413ca688a3729a33fe31775171199a4e,287249010693f650dc0c24582c034eb5ba7887793a2b526de28caf3766738ef5,7,Carrier-v0,biped,0,7273538705011962834,3327181185902024434,W25,0.25,125,1.1584048344388929,500,False,True,1.256001551618796,/home/rowanli.tangalin/tpr/tpr/results/hpc_rq1/nominal_analysis/traces/Carrier-v0_biped_nchl_train007_analysis00.npz
carrier__biped__nchl__seed_007,/home/rowanli.tangalin/tpr/tpr/results/hpc_rq1/nominal/carrier/biped/nchl/seed_007,3ed6918f77319552df9435be1863d69c413ca688a3729a33fe31775171199a4e,287249010693f650dc0c24582c034eb5ba7887793a2b526de28caf3766738ef5,7,Carrier-v0,biped,0,7273538705011962834,3327181185902024434,W50,0.5,250,0.8787078090325219,500,False,True,1.256001551618796,/home/rowanli.tangalin/tpr/tpr/results/hpc_rq1/nominal_analysis/traces/Carrier-v0_biped_nchl_train007_analysis00.npz
carrier__biped__nchl__seed_007,/home/rowanli.tangalin/tpr/tpr/results/hpc_rq1/nominal/carrier/biped/nchl/seed_007,3ed6918f77319552df9435be1863d69c413ca688a3729a33fe31775171199a4e,287249010693f650dc0c24582c034eb5ba7887793a2b526de28caf3766738ef5,7,Carrier-v0,biped,0,7273538705011962834,3327181185902024434,W75,0.75,375,1.0753628689270371,500,False,True,1.256001551618796,/home/rowanli.tangalin/tpr/tpr/results/hpc_rq1/nominal_analysis/traces/Carrier-v0_biped_nchl_train007_analysis00.npz
carrier__biped__nchl__seed_007,/home/rowanli.tangalin/tpr/tpr/results/hpc_rq1/nominal/carrier/biped/nchl/seed_007,3ed6918f77319552df9435be1863d69c413ca688a3729a33fe31775171199a4e,287249010693f650dc0c24582c034eb5ba7887793a2b526de28caf3766738ef5,7,Carrier-v0,biped,0,7273538705011962834,3327181185902024434,Wfinal,1.0,500,1.042087931154411,500,False,True,1.256001551618796,/home/rowanli.tangalin/tpr/tpr/results/hpc_rq1/nominal_analysis/traces/Carrier-v0_biped_nchl_train007_analysis00.npz
carrier__biped__nchl__seed_007,/home/rowanli.tangalin/tpr/tpr/results/hpc_rq1/nominal/carrier/biped/nchl/seed_007,3ed6918f77319552df9435be1863d69c413ca688a3729a33fe31775171199a4e,287249010693f650dc0c24582c034eb5ba7887793a2b526de28caf3766738ef5,7,Carrier-v0,biped,1,219581318861383269,6126904072154767176,W0,0.0,0,-0.3732739379336963,500,False,True,1.1806790545902799,/home/rowanli.tangalin/tpr/tpr/results/hpc_rq1/nominal_analysis/traces/Carrier-v0_biped_nchl_train007_analysis01.npz
carrier__biped__nchl__seed_007,/home/rowanli.tangalin/tpr/tpr/results/hpc_rq1/nominal/carrier/biped/nchl/seed_007,3ed6918f77319552df9435be1863d69c413ca688a3729a33fe31775171199a4e,287249010693f650dc0c24582c034eb5ba7887793a2b526de28caf3766738ef5,7,Carrier-v0,biped,1,219581318861383269,6126904072154767176,W25,0.25,125,0.9308310896633745,500,False,True,1.1806790545902799,/home/rowanli.tangalin/tpr/tpr/results/hpc_rq1/nominal_analysis/traces/Carrier-v0_biped_nchl_train007_analysis01.npz
carrier__biped__nchl__seed_007,/home/rowanli.tangalin/tpr/tpr/results/hpc_rq1/nominal/carrier/biped/nchl/seed_007,3ed6918f77319552df9435be1863d69c413ca688a3729a33fe31775171199a4e,287249010693f650dc0c24582c034eb5ba7887793a2b526de28caf3766738ef5,7,Carrier-v0,biped,1,219581318861383269,6126904072154767176,W50,0.5,250,0.9301101375148182,500,False,True,1.1806790545902799,/home/rowanli.tangalin/tpr/tpr/results/hpc_rq1/nominal_analysis/traces/Carrier-v0_biped_nchl_train007_analysis01.npz
carrier__biped__nchl__seed_007,/home/rowanli.tangalin/tpr/tpr/results/hpc_rq1/nominal/carrier/biped/nchl/seed_007,3ed6918f77319552df9435be1863d69c413ca688a3729a33fe31775171199a4e,287249010693f650dc0c24582c034eb5ba7887793a2b526de28caf3766738ef5,7,Carrier-v0,biped,1,219581318861383269,6126904072154767176,W75,0.75,375,0.8931331066052766,500,False,True,1.1806790545902799,/home/rowanli.tangalin/tpr/tpr/results/hpc_rq1/nominal_analysis/traces/Carrier-v0_biped_nchl_train007_analysis01.npz
carrier__biped__nchl__seed_007,/home/rowanli.tangalin/tpr/tpr/results/hpc_rq1/nominal/carrier/biped/nchl/seed_007,3ed6918f77319552df9435be1863d69c413ca688a3729a33fe31775171199a4e,287249010693f650dc0c24582c034eb5ba7887793a2b526de28caf3766738ef5,7,Carrier-v0,biped,1,219581318861383269,6126904072154767176,Wfinal,1.0,500,1.0505364354443947,500,False,True,1.1806790545902799,/home/rowanli.tangalin/tpr/tpr/results/hpc_rq1/nominal_analysis/traces/Carrier-v0_biped_nchl_train007_analysis01.npz
carrier__biped__nchl__seed_007,/home/rowanli.tangalin/tpr/tpr/results/hpc_rq1/nominal/carrier/biped/nchl/seed_007,3ed6918f77319552df9435be1863d69c413ca688a3729a33fe31775171199a4e,287249010693f650dc0c24582c034eb5ba7887793a2b526de28caf3766738ef5,7,Carrier-v0,biped,2,7655123995385766933,8050610523573754527,W0,0.0,0,-0.7699339823306577,500,False,True,1.1310298630658282,/home/rowanli.tangalin/tpr/tpr/results/hpc_rq1/nominal_analysis/traces/Carrier-v0_biped_nchl_train007_analysis02.npz
carrier__biped__nchl__seed_007,/home/rowanli.tangalin/tpr/tpr/results/hpc_rq1/nominal/carrier/biped/nchl/seed_007,3ed6918f77319552df9435be1863d69c413ca688a3729a33fe31775171199a4e,287249010693f650dc0c24582c034eb5ba7887793a2b526de28caf3766738ef5,7,Carrier-v0,biped,2,7655123995385766933,8050610523573754527,W25,0.25,125,1.0709047795581261,500,False,True,1.1310298630658282,/home/rowanli.tangalin/tpr/tpr/results/hpc_rq1/nominal_analysis/traces/Carrier-v0_biped_nchl_train007_analysis02.npz
carrier__biped__nchl__seed_007,/home/rowanli.tangalin/tpr/tpr/results/hpc_rq1/nominal/carrier/biped/nchl/seed_007,3ed6918f77319552df9435be1863d69c413ca688a3729a33fe31775171199a4e,287249010693f650dc0c24582c034eb5ba7887793a2b526de28caf3766738ef5,7,Carrier-v0,biped,2,7655123995385766933,8050610523573754527,W50,0.5,250,1.0305914062134667,500,False,True,1.1310298630658282,/home/rowanli.tangalin/tpr/tpr/results/hpc_rq1/nominal_analysis/traces/Carrier-v0_biped_nchl_train007_analysis02.npz
carrier__biped__nchl__seed_007,/home/rowanli.tangalin/tpr/tpr/results/hpc_rq1/nominal/carrier/biped/nchl/seed_007,3ed6918f77319552df9435be1863d69c413ca688a3729a33fe31775171199a4e,287249010693f650dc0c24582c034eb5ba7887793a2b526de28caf3766738ef5,7,Carrier-v0,biped,2,7655123995385766933,8050610523573754527,W75,0.75,375,1.0159939449832573,500,False,True,1.1310298630658282,/home/rowanli.tangalin/tpr/tpr/results/hpc_rq1/nominal_analysis/traces/Carrier-v0_biped_nchl_train007_analysis02.npz
carrier__biped__nchl__seed_007,/home/rowanli.tangalin/tpr/tpr/results/hpc_rq1/nominal/carrier/biped/nchl/seed_007,3ed6918f77319552df9435be1863d69c413ca688a3729a33fe31775171199a4e,287249010693f650dc0c24582c034eb5ba7887793a2b526de28caf3766738ef5,7,Carrier-v0,biped,2,7655123995385766933,8050610523573754527,Wfinal,1.0,500,1.0604945966011674,500,False,True,1.1310298630658282,/home/rowanli.tangalin/tpr/tpr/results/hpc_rq1/nominal_analysis/traces/Carrier-v0_biped_nchl_train007_analysis02.npz
carrier__biped__nchl__seed_008,/home/rowanli.tangalin/tpr/tpr/results/hpc_rq1/nominal/carrier/biped/nchl/seed_008,ad265df0c69f27ccea7fb58a3c9ec91b1fa68e9775fc9f92d27b0e8694f4d3d8,2d6fa1e9e4d74132ed75f6f063ca7a6db4b210a7f8cb25a88cd7cce8fe390fac,8,Carrier-v0,biped,0,4480449054597749916,4714160801966532834,W0,0.0,0,-0.46875989958733566,500,False,True,1.760857949453635,/home/rowanli.tangalin/tpr/tpr/results/hpc_rq1/nominal_analysis/traces/Carrier-v0_biped_nchl_train008_analysis00.npz
carrier__biped__nchl__seed_008,/home/rowanli.tangalin/tpr/tpr/results/hpc_rq1/nominal/carrier/biped/nchl/seed_008,ad265df0c69f27ccea7fb58a3c9ec91b1fa68e9775fc9f92d27b0e8694f4d3d8,2d6fa1e9e4d74132ed75f6f063ca7a6db4b210a7f8cb25a88cd7cce8fe390fac,8,Carrier-v0,biped,0,4480449054597749916,4714160801966532834,W25,0.25,125,-0.024031664392555246,500,False,True,1.760857949453635,/home/rowanli.tangalin/tpr/tpr/results/hpc_rq1/nominal_analysis/traces/Carrier-v0_biped_nchl_train008_analysis00.npz
carrier__biped__nchl__seed_008,/home/rowanli.tangalin/tpr/tpr/results/hpc_rq1/nominal/carrier/biped/nchl/seed_008,ad265df0c69f27ccea7fb58a3c9ec91b1fa68e9775fc9f92d27b0e8694f4d3d8,2d6fa1e9e4d74132ed75f6f063ca7a6db4b210a7f8cb25a88cd7cce8fe390fac,8,Carrier-v0,biped,0,4480449054597749916,4714160801966532834,W50,0.5,250,0.13235523864010748,500,False,True,1.760857949453635,/home/rowanli.tangalin/tpr/tpr/results/hpc_rq1/nominal_analysis/traces/Carrier-v0_biped_nchl_train008_analysis00.npz
carrier__biped__nchl__seed_008,/home/rowanli.tangalin/tpr/tpr/results/hpc_rq1/nominal/carrier/biped/nchl/seed_008,ad265df0c69f27ccea7fb58a3c9ec91b1fa68e9775fc9f92d27b0e8694f4d3d8,2d6fa1e9e4d74132ed75f6f063ca7a6db4b210a7f8cb25a88cd7cce8fe390fac,8,Carrier-v0,biped,0,4480449054597749916,4714160801966532834,W75,0.75,375,0.5109163312043337,500,False,True,1.760857949453635,/home/rowanli.tangalin/tpr/tpr/results/hpc_rq1/nominal_analysis/traces/Carrier-v0_biped_nchl_train008_analysis00.npz
carrier__biped__nchl__seed_008,/home/rowanli.tangalin/tpr/tpr/results/hpc_rq1/nominal/carrier/biped/nchl/seed_008,ad265df0c69f27ccea7fb58a3c9ec91b1fa68e9775fc9f92d27b0e8694f4d3d8,2d6fa1e9e4d74132ed75f6f063ca7a6db4b210a7f8cb25a88cd7cce8fe390fac,8,Carrier-v0,biped,0,4480449054597749916,4714160801966532834,Wfinal,1.0,500,-0.1325213230107509,500,False,True,1.760857949453635,/home/rowanli.tangalin/tpr/tpr/results/hpc_rq1/nominal_analysis/traces/Carrier-v0_biped_nchl_train008_analysis00.npz
carrier__biped__nchl__seed_008,/home/rowanli.tangalin/tpr/tpr/results/hpc_rq1/nominal/carrier/biped/nchl/seed_008,ad265df0c69f27ccea7fb58a3c9ec91b1fa68e9775fc9f92d27b0e8694f4d3d8,2d6fa1e9e4d74132ed75f6f063ca7a6db4b210a7f8cb25a88cd7cce8fe390fac,8,Carrier-v0,biped,1,8169066096088904802,2410012360361453569,W0,0.0,0,-0.7424518894844045,500,False,True,1.2940965584390198,/home/rowanli.tangalin/tpr/tpr/results/hpc_rq1/nominal_analysis/traces/Carrier-v0_biped_nchl_train008_analysis01.npz
carrier__biped__nchl__seed_008,/home/rowanli.tangalin/tpr/tpr/results/hpc_rq1/nominal/carrier/biped/nchl/seed_008,ad265df0c69f27ccea7fb58a3c9ec91b1fa68e9775fc9f92d27b0e8694f4d3d8,2d6fa1e9e4d74132ed75f6f063ca7a6db4b210a7f8cb25a88cd7cce8fe390fac,8,Carrier-v0,biped,1,8169066096088904802,2410012360361453569,W25,0.25,125,-0.33412717251837365,500,False,True,1.2940965584390198,/home/rowanli.tangalin/tpr/tpr/results/hpc_rq1/nominal_analysis/traces/Carrier-v0_biped_nchl_train008_analysis01.npz
carrier__biped__nchl__seed_008,/home/rowanli.tangalin/tpr/tpr/results/hpc_rq1/nominal/carrier/biped/nchl/seed_008,ad265df0c69f27ccea7fb58a3c9ec91b1fa68e9775fc9f92d27b0e8694f4d3d8,2d6fa1e9e4d74132ed75f6f063ca7a6db4b210a7f8cb25a88cd7cce8fe390fac,8,Carrier-v0,biped,1,8169066096088904802,2410012360361453569,W50,0.5,250,0.28123990473596716,500,False,True,1.2940965584390198,/home/rowanli.tangalin/tpr/tpr/results/hpc_rq1/nominal_analysis/traces/Carrier-v0_biped_nchl_train008_analysis01.npz
carrier__biped__nchl__seed_008,/home/rowanli.tangalin/tpr/tpr/results/hpc_rq1/nominal/carrier/biped/nchl/seed_008,ad265df0c69f27ccea7fb58a3c9ec91b1fa68e9775fc9f92d27b0e8694f4d3d8,2d6fa1e9e4d74132ed75f6f063ca7a6db4b210a7f8cb25a88cd7cce8fe390fac,8,Carrier-v0,biped,1,8169066096088904802,2410012360361453569,W75,0.75,375,0.704331669268337,500,False,True,1.2940965584390198,/home/rowanli.tangalin/tpr/tpr/results/hpc_rq1/nominal_analysis/traces/Carrier-v0_biped_nchl_train008_analysis01.npz
carrier__biped__nchl__seed_008,/home/rowanli.tangalin/tpr/tpr/results/hpc_rq1/nominal/carrier/biped/nchl/seed_008,ad265df0c69f27ccea7fb58a3c9ec91b1fa68e9775fc9f92d27b0e8694f4d3d8,2d6fa1e9e4d74132ed75f6f063ca7a6db4b210a7f8cb25a88cd7cce8fe390fac,8,Carrier-v0,biped,1,8169066096088904802,2410012360361453569,Wfinal,1.0,500,0.9559628391250858,500,False,True,1.2940965584390198,/home/rowanli.tangalin/tpr/tpr/results/hpc_rq1/nominal_analysis/traces/Carrier-v0_biped_nchl_train008_analysis01.npz
carrier__biped__nchl__seed_008,/home/rowanli.tangalin/tpr/tpr/results/hpc_rq1/nominal/carrier/biped/nchl/seed_008,ad265df0c69f27ccea7fb58a3c9ec91b1fa68e9775fc9f92d27b0e8694f4d3d8,2d6fa1e9e4d74132ed75f6f063ca7a6db4b210a7f8cb25a88cd7cce8fe390fac,8,Carrier-v0,biped,2,1688151127694054410,5098444150450504360,W0,0.0,0,-0.4425491864466745,500,False,True,1.20602583684062,/home/rowanli.tangalin/tpr/tpr/results/hpc_rq1/nominal_analysis/traces/Carrier-v0_biped_nchl_train008_analysis02.npz
carrier__biped__nchl__seed_008,/home/rowanli.tangalin/tpr/tpr/results/hpc_rq1/nominal/carrier/biped/nchl/seed_008,ad265df0c69f27ccea7fb58a3c9ec91b1fa68e9775fc9f92d27b0e8694f4d3d8,2d6fa1e9e4d74132ed75f6f063ca7a6db4b210a7f8cb25a88cd7cce8fe390fac,8,Carrier-v0,biped,2,1688151127694054410,5098444150450504360,W25,0.25,125,0.30772759948925665,500,False,True,1.20602583684062,/home/rowanli.tangalin/tpr/tpr/results/hpc_rq1/nominal_analysis/traces/Carrier-v0_biped_nchl_train008_analysis02.npz
carrier__biped__nchl__seed_008,/home/rowanli.tangalin/tpr/tpr/results/hpc_rq1/nominal/carrier/biped/nchl/seed_008,ad265df0c69f27ccea7fb58a3c9ec91b1fa68e9775fc9f92d27b0e8694f4d3d8,2d6fa1e9e4d74132ed75f6f063ca7a6db4b210a7f8cb25a88cd7cce8fe390fac,8,Carrier-v0,biped,2,1688151127694054410,5098444150450504360,W50,0.5,250,-0.5779922379856294,500,False,True,1.20602583684062,/home/rowanli.tangalin/tpr/tpr/results/hpc_rq1/nominal_analysis/traces/Carrier-v0_biped_nchl_train008_analysis02.npz
carrier__biped__nchl__seed_008,/home/rowanli.tangalin/tpr/tpr/results/hpc_rq1/nominal/carrier/biped/nchl/seed_008,ad265df0c69f27ccea7fb58a3c9ec91b1fa68e9775fc9f92d27b0e8694f4d3d8,2d6fa1e9e4d74132ed75f6f063ca7a6db4b210a7f8cb25a88cd7cce8fe390fac,8,Carrier-v0,biped,2,1688151127694054410,5098444150450504360,W75,0.75,375,0.3878344928030206,500,False,True,1.20602583684062,/home/rowanli.tangalin/tpr/tpr/results/hpc_rq1/nominal_analysis/traces/Carrier-v0_biped_nchl_train008_analysis02.npz
carrier__biped__nchl__seed_008,/home/rowanli.tangalin/tpr/tpr/results/hpc_rq1/nominal/carrier/biped/nchl/seed_008,ad265df0c69f27ccea7fb58a3c9ec91b1fa68e9775fc9f92d27b0e8694f4d3d8,2d6fa1e9e4d74132ed75f6f063ca7a6db4b210a7f8cb25a88cd7cce8fe390fac,8,Carrier-v0,biped,2,1688151127694054410,5098444150450504360,Wfinal,1.0,500,0.9995931228387607,500,False,True,1.20602583684062,/home/rowanli.tangalin/tpr/tpr/results/hpc_rq1/nominal_analysis/traces/Carrier-v0_biped_nchl_train008_analysis02.npz
carrier__biped__nchl__seed_009,/home/rowanli.tangalin/tpr/tpr/results/hpc_rq1/nominal/carrier/biped/nchl/seed_009,c1aac2e2d985f35c2aed40f3b6e71308304409cd7f9dbaf26bc19dc41617ecbf,35ea2800a1989ba1b1450cdff63bba4b79346025dfd6b3e10a8f40dbd7acf195,9,Carrier-v0,biped,0,8469251633518957484,5579477484601834272,W0,0.0,0,-0.4624193162789467,500,False,True,0.643858085271497,/home/rowanli.tangalin/tpr/tpr/results/hpc_rq1/nominal_analysis/traces/Carrier-v0_biped_nchl_train009_analysis00.npz
carrier__biped__nchl__seed_009,/home/rowanli.tangalin/tpr/tpr/results/hpc_rq1/nominal/carrier/biped/nchl/seed_009,c1aac2e2d985f35c2aed40f3b6e71308304409cd7f9dbaf26bc19dc41617ecbf,35ea2800a1989ba1b1450cdff63bba4b79346025dfd6b3e10a8f40dbd7acf195,9,Carrier-v0,biped,0,8469251633518957484,5579477484601834272,W25,0.25,125,-2.261844994372057,500,False,True,0.643858085271497,/home/rowanli.tangalin/tpr/tpr/results/hpc_rq1/nominal_analysis/traces/Carrier-v0_biped_nchl_train009_analysis00.npz
carrier__biped__nchl__seed_009,/home/rowanli.tangalin/tpr/tpr/results/hpc_rq1/nominal/carrier/biped/nchl/seed_009,c1aac2e2d985f35c2aed40f3b6e71308304409cd7f9dbaf26bc19dc41617ecbf,35ea2800a1989ba1b1450cdff63bba4b79346025dfd6b3e10a8f40dbd7acf195,9,Carrier-v0,biped,0,8469251633518957484,5579477484601834272,W50,0.5,250,-0.39407794827579945,500,False,True,0.643858085271497,/home/rowanli.tangalin/tpr/tpr/results/hpc_rq1/nominal_analysis/traces/Carrier-v0_biped_nchl_train009_analysis00.npz
carrier__biped__nchl__seed_009,/home/rowanli.tangalin/tpr/tpr/results/hpc_rq1/nominal/carrier/biped/nchl/seed_009,c1aac2e2d985f35c2aed40f3b6e71308304409cd7f9dbaf26bc19dc41617ecbf,35ea2800a1989ba1b1450cdff63bba4b79346025dfd6b3e10a8f40dbd7acf195,9,Carrier-v0,biped,0,8469251633518957484,5579477484601834272,W75,0.75,375,-0.34659157947973357,500,False,True,0.643858085271497,/home/rowanli.tangalin/tpr/tpr/results/hpc_rq1/nominal_analysis/traces/Carrier-v0_biped_nchl_train009_analysis00.npz
carrier__biped__nchl__seed_009,/home/rowanli.tangalin/tpr/tpr/results/hpc_rq1/nominal/carrier/biped/nchl/seed_009,c1aac2e2d985f35c2aed40f3b6e71308304409cd7f9dbaf26bc19dc41617ecbf,35ea2800a1989ba1b1450cdff63bba4b79346025dfd6b3e10a8f40dbd7acf195,9,Carrier-v0,biped,0,8469251633518957484,5579477484601834272,Wfinal,1.0,500,-1.0250214254493937,500,False,True,0.643858085271497,/home/rowanli.tangalin/tpr/tpr/results/hpc_rq1/nominal_analysis/traces/Carrier-v0_biped_nchl_train009_analysis00.npz
carrier__biped__nchl__seed_009,/home/rowanli.tangalin/tpr/tpr/results/hpc_rq1/nominal/carrier/biped/nchl/seed_009,c1aac2e2d985f35c2aed40f3b6e71308304409cd7f9dbaf26bc19dc41617ecbf,35ea2800a1989ba1b1450cdff63bba4b79346025dfd6b3e10a8f40dbd7acf195,9,Carrier-v0,biped,1,5415548583552718452,3538497439875268043,W0,0.0,0,-0.8020331377237556,500,False,True,0.5064953286476956,/home/rowanli.tangalin/tpr/tpr/results/hpc_rq1/nominal_analysis/traces/Carrier-v0_biped_nchl_train009_analysis01.npz
carrier__biped__nchl__seed_009,/home/rowanli.tangalin/tpr/tpr/results/hpc_rq1/nominal/carrier/biped/nchl/seed_009,c1aac2e2d985f35c2aed40f3b6e71308304409cd7f9dbaf26bc19dc41617ecbf,35ea2800a1989ba1b1450cdff63bba4b79346025dfd6b3e10a8f40dbd7acf195,9,Carrier-v0,biped,1,5415548583552718452,3538497439875268043,W25,0.25,125,-1.6817808528009937,500,False,True,0.5064953286476956,/home/rowanli.tangalin/tpr/tpr/results/hpc_rq1/nominal_analysis/traces/Carrier-v0_biped_nchl_train009_analysis01.npz
carrier__biped__nchl__seed_009,/home/rowanli.tangalin/tpr/tpr/results/hpc_rq1/nominal/carrier/biped/nchl/seed_009,c1aac2e2d985f35c2aed40f3b6e71308304409cd7f9dbaf26bc19dc41617ecbf,35ea2800a1989ba1b1450cdff63bba4b79346025dfd6b3e10a8f40dbd7acf195,9,Carrier-v0,biped,1,5415548583552718452,3538497439875268043,W50,0.5,250,-1.5873278778465902,500,False,True,0.5064953286476956,/home/rowanli.tangalin/tpr/tpr/results/hpc_rq1/nominal_analysis/traces/Carrier-v0_biped_nchl_train009_analysis01.npz
carrier__biped__nchl__seed_009,/home/rowanli.tangalin/tpr/tpr/results/hpc_rq1/nominal/carrier/biped/nchl/seed_009,c1aac2e2d985f35c2aed40f3b6e71308304409cd7f9dbaf26bc19dc41617ecbf,35ea2800a1989ba1b1450cdff63bba4b79346025dfd6b3e10a8f40dbd7acf195,9,Carrier-v0,biped,1,5415548583552718452,3538497439875268043,W75,0.75,375,-1.5038123142753865,500,False,True,0.5064953286476956,/home/rowanli.tangalin/tpr/tpr/results/hpc_rq1/nominal_analysis/traces/Carrier-v0_biped_nchl_train009_analysis01.npz
carrier__biped__nchl__seed_009,/home/rowanli.tangalin/tpr/tpr/results/hpc_rq1/nominal/carrier/biped/nchl/seed_009,c1aac2e2d985f35c2aed40f3b6e71308304409cd7f9dbaf26bc19dc41617ecbf,35ea2800a1989ba1b1450cdff63bba4b79346025dfd6b3e10a8f40dbd7acf195,9,Carrier-v0,biped,1,5415548583552718452,3538497439875268043,Wfinal,1.0,500,-1.6403255662708216,500,False,True,0.5064953286476956,/home/rowanli.tangalin/tpr/tpr/results/hpc_rq1/nominal_analysis/traces/Carrier-v0_biped_nchl_train009_analysis01.npz
carrier__biped__nchl__seed_009,/home/rowanli.tangalin/tpr/tpr/results/hpc_rq1/nominal/carrier/biped/nchl/seed_009,c1aac2e2d985f35c2aed40f3b6e71308304409cd7f9dbaf26bc19dc41617ecbf,35ea2800a1989ba1b1450cdff63bba4b79346025dfd6b3e10a8f40dbd7acf195,9,Carrier-v0,biped,2,6075971192560964690,5235945277139461518,W0,0.0,0,-0.7328718193724012,500,False,True,1.0425134219477243,/home/rowanli.tangalin/tpr/tpr/results/hpc_rq1/nominal_analysis/traces/Carrier-v0_biped_nchl_train009_analysis02.npz
carrier__biped__nchl__seed_009,/home/rowanli.tangalin/tpr/tpr/results/hpc_rq1/nominal/carrier/biped/nchl/seed_009,c1aac2e2d985f35c2aed40f3b6e71308304409cd7f9dbaf26bc19dc41617ecbf,35ea2800a1989ba1b1450cdff63bba4b79346025dfd6b3e10a8f40dbd7acf195,9,Carrier-v0,biped,2,6075971192560964690,5235945277139461518,W25,0.25,125,-1.5277346410309334,500,False,True,1.0425134219477243,/home/rowanli.tangalin/tpr/tpr/results/hpc_rq1/nominal_analysis/traces/Carrier-v0_biped_nchl_train009_analysis02.npz
carrier__biped__nchl__seed_009,/home/rowanli.tangalin/tpr/tpr/results/hpc_rq1/nominal/carrier/biped/nchl/seed_009,c1aac2e2d985f35c2aed40f3b6e71308304409cd7f9dbaf26bc19dc41617ecbf,35ea2800a1989ba1b1450cdff63bba4b79346025dfd6b3e10a8f40dbd7acf195,9,Carrier-v0,biped,2,6075971192560964690,5235945277139461518,W50,0.5,250,-2.1185754168822846,500,False,True,1.0425134219477243,/home/rowanli.tangalin/tpr/tpr/results/hpc_rq1/nominal_analysis/traces/Carrier-v0_biped_nchl_train009_analysis02.npz
carrier__biped__nchl__seed_009,/home/rowanli.tangalin/tpr/tpr/results/hpc_rq1/nominal/carrier/biped/nchl/seed_009,c1aac2e2d985f35c2aed40f3b6e71308304409cd7f9dbaf26bc19dc41617ecbf,35ea2800a1989ba1b1450cdff63bba4b79346025dfd6b3e10a8f40dbd7acf195,9,Carrier-v0,biped,2,6075971192560964690,5235945277139461518,W75,0.75,375,0.05773483797035811,500,False,True,1.0425134219477243,/home/rowanli.tangalin/tpr/tpr/results/hpc_rq1/nominal_analysis/traces/Carrier-v0_biped_nchl_train009_analysis02.npz
carrier__biped__nchl__seed_009,/home/rowanli.tangalin/tpr/tpr/results/hpc_rq1/nominal/carrier/biped/nchl/seed_009,c1aac2e2d985f35c2aed40f3b6e71308304409cd7f9dbaf26bc19dc41617ecbf,35ea2800a1989ba1b1450cdff63bba4b79346025dfd6b3e10a8f40dbd7acf195,9,Carrier-v0,biped,2,6075971192560964690,5235945277139461518,Wfinal,1.0,500,-1.4192776434889978,500,False,True,1.0425134219477243,/home/rowanli.tangalin/tpr/tpr/results/hpc_rq1/nominal_analysis/traces/Carrier-v0_biped_nchl_train009_analysis02.npz
jumper__biped__nchl__seed_000,/home/rowanli.tangalin/tpr/tpr/results/hpc_rq1/nominal/jumper/biped/nchl/seed_000,872315b412cee97f007c35ed1fff6f53dfb4a69da57fc5eabde7fd62939bbe6b,c032dac4c80c8952cf42085032833ed24c20537b90f0dfb02b608c17a26b9c34,0,Jumper-v0,biped,0,4940322620982477041,3023897764847979143,W0,0.0,0,-0.15937079325762604,500,False,True,0.21216041048545742,/home/rowanli.tangalin/tpr/tpr/results/hpc_rq1/nominal_analysis/traces/Jumper-v0_biped_nchl_train000_analysis00.npz
jumper__biped__nchl__seed_000,/home/rowanli.tangalin/tpr/tpr/results/hpc_rq1/nominal/jumper/biped/nchl/seed_000,872315b412cee97f007c35ed1fff6f53dfb4a69da57fc5eabde7fd62939bbe6b,c032dac4c80c8952cf42085032833ed24c20537b90f0dfb02b608c17a26b9c34,0,Jumper-v0,biped,0,4940322620982477041,3023897764847979143,W25,0.25,125,0.03142929055488741,500,False,True,0.21216041048545742,/home/rowanli.tangalin/tpr/tpr/results/hpc_rq1/nominal_analysis/traces/Jumper-v0_biped_nchl_train000_analysis00.npz
jumper__biped__nchl__seed_000,/home/rowanli.tangalin/tpr/tpr/results/hpc_rq1/nominal/jumper/biped/nchl/seed_000,872315b412cee97f007c35ed1fff6f53dfb4a69da57fc5eabde7fd62939bbe6b,c032dac4c80c8952cf42085032833ed24c20537b90f0dfb02b608c17a26b9c34,0,Jumper-v0,biped,0,4940322620982477041,3023897764847979143,W50,0.5,250,-0.0037615614451019797,500,False,True,0.21216041048545742,/home/rowanli.tangalin/tpr/tpr/results/hpc_rq1/nominal_analysis/traces/Jumper-v0_biped_nchl_train000_analysis00.npz
jumper__biped__nchl__seed_000,/home/rowanli.tangalin/tpr/tpr/results/hpc_rq1/nominal/jumper/biped/nchl/seed_000,872315b412cee97f007c35ed1fff6f53dfb4a69da57fc5eabde7fd62939bbe6b,c032dac4c80c8952cf42085032833ed24c20537b90f0dfb02b608c17a26b9c34,0,Jumper-v0,biped,0,4940322620982477041,3023897764847979143,W75,0.75,375,0.003677700183137289,500,False,True,0.21216041048545742,/home/rowanli.tangalin/tpr/tpr/results/hpc_rq1/nominal_analysis/traces/Jumper-v0_biped_nchl_train000_analysis00.npz
jumper__biped__nchl__seed_000,/home/rowanli.tangalin/tpr/tpr/results/hpc_rq1/nominal/jumper/biped/nchl/seed_000,872315b412cee97f007c35ed1fff6f53dfb4a69da57fc5eabde7fd62939bbe6b,c032dac4c80c8952cf42085032833ed24c20537b90f0dfb02b608c17a26b9c34,0,Jumper-v0,biped,0,4940322620982477041,3023897764847979143,Wfinal,1.0,500,0.003677700183137289,500,False,True,0.21216041048545742,/home/rowanli.tangalin/tpr/tpr/results/hpc_rq1/nominal_analysis/traces/Jumper-v0_biped_nchl_train000_analysis00.npz
jumper__biped__nchl__seed_000,/home/rowanli.tangalin/tpr/tpr/results/hpc_rq1/nominal/jumper/biped/nchl/seed_000,872315b412cee97f007c35ed1fff6f53dfb4a69da57fc5eabde7fd62939bbe6b,c032dac4c80c8952cf42085032833ed24c20537b90f0dfb02b608c17a26b9c34,0,Jumper-v0,biped,1,530078296572617688,6966882572876332860,W0,0.0,0,-0.16648749196670587,500,False,True,0.198210249450953,/home/rowanli.tangalin/tpr/tpr/results/hpc_rq1/nominal_analysis/traces/Jumper-v0_biped_nchl_train000_analysis01.npz
jumper__biped__nchl__seed_000,/home/rowanli.tangalin/tpr/tpr/results/hpc_rq1/nominal/jumper/biped/nchl/seed_000,872315b412cee97f007c35ed1fff6f53dfb4a69da57fc5eabde7fd62939bbe6b,c032dac4c80c8952cf42085032833ed24c20537b90f0dfb02b608c17a26b9c34,0,Jumper-v0,biped,1,530078296572617688,6966882572876332860,W25,0.25,125,0.03142929055488741,500,False,True,0.198210249450953,/home/rowanli.tangalin/tpr/tpr/results/hpc_rq1/nominal_analysis/traces/Jumper-v0_biped_nchl_train000_analysis01.npz
jumper__biped__nchl__seed_000,/home/rowanli.tangalin/tpr/tpr/results/hpc_rq1/nominal/jumper/biped/nchl/seed_000,872315b412cee97f007c35ed1fff6f53dfb4a69da57fc5eabde7fd62939bbe6b,c032dac4c80c8952cf42085032833ed24c20537b90f0dfb02b608c17a26b9c34,0,Jumper-v0,biped,1,530078296572617688,6966882572876332860,W50,0.5,250,-0.04607411915177162,500,False,True,0.198210249450953,/home/rowanli.tangalin/tpr/tpr/results/hpc_rq1/nominal_analysis/traces/Jumper-v0_biped_nchl_train000_analysis01.npz
jumper__biped__nchl__seed_000,/home/rowanli.tangalin/tpr/tpr/results/hpc_rq1/nominal/jumper/biped/nchl/seed_000,872315b412cee97f007c35ed1fff6f53dfb4a69da57fc5eabde7fd62939bbe6b,c032dac4c80c8952cf42085032833ed24c20537b90f0dfb02b608c17a26b9c34,0,Jumper-v0,biped,1,530078296572617688,6966882572876332860,W75,0.75,375,-0.10534275697312356,500,False,True,0.198210249450953,/home/rowanli.tangalin/tpr/tpr/results/hpc_rq1/nominal_analysis/traces/Jumper-v0_biped_nchl_train000_analysis01.npz
jumper__biped__nchl__seed_000,/home/rowanli.tangalin/tpr/tpr/results/hpc_rq1/nominal/jumper/biped/nchl/seed_000,872315b412cee97f007c35ed1fff6f53dfb4a69da57fc5eabde7fd62939bbe6b,c032dac4c80c8952cf42085032833ed24c20537b90f0dfb02b608c17a26b9c34,0,Jumper-v0,biped,1,530078296572617688,6966882572876332860,Wfinal,1.0,500,-1.207422364726426,500,False,True,0.198210249450953,/home/rowanli.tangalin/tpr/tpr/results/hpc_rq1/nominal_analysis/traces/Jumper-v0_biped_nchl_train000_analysis01.npz
jumper__biped__nchl__seed_000,/home/rowanli.tangalin/tpr/tpr/results/hpc_rq1/nominal/jumper/biped/nchl/seed_000,872315b412cee97f007c35ed1fff6f53dfb4a69da57fc5eabde7fd62939bbe6b,c032dac4c80c8952cf42085032833ed24c20537b90f0dfb02b608c17a26b9c34,0,Jumper-v0,biped,2,7210830791768759910,3424438756091539107,W0,0.0,0,-0.1580326179083258,500,False,True,0.20355765556650973,/home/rowanli.tangalin/tpr/tpr/results/hpc_rq1/nominal_analysis/traces/Jumper-v0_biped_nchl_train000_analysis02.npz
jumper__biped__nchl__seed_000,/home/rowanli.tangalin/tpr/tpr/results/hpc_rq1/nominal/jumper/biped/nchl/seed_000,872315b412cee97f007c35ed1fff6f53dfb4a69da57fc5eabde7fd62939bbe6b,c032dac4c80c8952cf42085032833ed24c20537b90f0dfb02b608c17a26b9c34,0,Jumper-v0,biped,2,7210830791768759910,3424438756091539107,W25,0.25,125,0.03142929055488741,500,False,True,0.20355765556650973,/home/rowanli.tangalin/tpr/tpr/results/hpc_rq1/nominal_analysis/traces/Jumper-v0_biped_nchl_train000_analysis02.npz
jumper__biped__nchl__seed_000,/home/rowanli.tangalin/tpr/tpr/results/hpc_rq1/nominal/jumper/biped/nchl/seed_000,872315b412cee97f007c35ed1fff6f53dfb4a69da57fc5eabde7fd62939bbe6b,c032dac4c80c8952cf42085032833ed24c20537b90f0dfb02b608c17a26b9c34,0,Jumper-v0,biped,2,7210830791768759910,3424438756091539107,W50,0.5,250,0.00927355485782988,500,False,True,0.20355765556650973,/home/rowanli.tangalin/tpr/tpr/results/hpc_rq1/nominal_analysis/traces/Jumper-v0_biped_nchl_train000_analysis02.npz
jumper__biped__nchl__seed_000,/home/rowanli.tangalin/tpr/tpr/results/hpc_rq1/nominal/jumper/biped/nchl/seed_000,872315b412cee97f007c35ed1fff6f53dfb4a69da57fc5eabde7fd62939bbe6b,c032dac4c80c8952cf42085032833ed24c20537b90f0dfb02b608c17a26b9c34,0,Jumper-v0,biped,2,7210830791768759910,3424438756091539107,W75,0.75,375,0.03968742037733952,500,False,True,0.20355765556650973,/home/rowanli.tangalin/tpr/tpr/results/hpc_rq1/nominal_analysis/traces/Jumper-v0_biped_nchl_train000_analysis02.npz
jumper__biped__nchl__seed_000,/home/rowanli.tangalin/tpr/tpr/results/hpc_rq1/nominal/jumper/biped/nchl/seed_000,872315b412cee97f007c35ed1fff6f53dfb4a69da57fc5eabde7fd62939bbe6b,c032dac4c80c8952cf42085032833ed24c20537b90f0dfb02b608c17a26b9c34,0,Jumper-v0,biped,2,7210830791768759910,3424438756091539107,Wfinal,1.0,500,-0.3394203879236274,500,False,True,0.20355765556650973,/home/rowanli.tangalin/tpr/tpr/results/hpc_rq1/nominal_analysis/traces/Jumper-v0_biped_nchl_train000_analysis02.npz
jumper__biped__nchl__seed_001,/home/rowanli.tangalin/tpr/tpr/results/hpc_rq1/nominal/jumper/biped/nchl/seed_001,2d7488e64d9132742d6e7e9a1270351f534764b5c243f88632db05f034f7af03,a977f292cca1bada2a3bed271cb86be96dff1e11bc5d91d20276ec85a97ac940,1,Jumper-v0,biped,0,5232325836976384581,7172422899355977572,W0,0.0,0,-0.1815696817900686,500,False,True,-0.04672781939825066,/home/rowanli.tangalin/tpr/tpr/results/hpc_rq1/nominal_analysis/traces/Jumper-v0_biped_nchl_train001_analysis00.npz
jumper__biped__nchl__seed_001,/home/rowanli.tangalin/tpr/tpr/results/hpc_rq1/nominal/jumper/biped/nchl/seed_001,2d7488e64d9132742d6e7e9a1270351f534764b5c243f88632db05f034f7af03,a977f292cca1bada2a3bed271cb86be96dff1e11bc5d91d20276ec85a97ac940,1,Jumper-v0,biped,0,5232325836976384581,7172422899355977572,W25,0.25,125,-1.6995059515536992,500,False,True,-0.04672781939825066,/home/rowanli.tangalin/tpr/tpr/results/hpc_rq1/nominal_analysis/traces/Jumper-v0_biped_nchl_train001_analysis00.npz
jumper__biped__nchl__seed_001,/home/rowanli.tangalin/tpr/tpr/results/hpc_rq1/nominal/jumper/biped/nchl/seed_001,2d7488e64d9132742d6e7e9a1270351f534764b5c243f88632db05f034f7af03,a977f292cca1bada2a3bed271cb86be96dff1e11bc5d91d20276ec85a97ac940,1,Jumper-v0,biped,0,5232325836976384581,7172422899355977572,W50,0.5,250,-2.3614795787440093,500,False,True,-0.04672781939825066,/home/rowanli.tangalin/tpr/tpr/results/hpc_rq1/nominal_analysis/traces/Jumper-v0_biped_nchl_train001_analysis00.npz
jumper__biped__nchl__seed_001,/home/rowanli.tangalin/tpr/tpr/results/hpc_rq1/nominal/jumper/biped/nchl/seed_001,2d7488e64d9132742d6e7e9a1270351f534764b5c243f88632db05f034f7af03,a977f292cca1bada2a3bed271cb86be96dff1e11bc5d91d20276ec85a97ac940,1,Jumper-v0,biped,0,5232325836976384581,7172422899355977572,W75,0.75,375,-3.1457234067321305,500,False,True,-0.04672781939825066,/home/rowanli.tangalin/tpr/tpr/results/hpc_rq1/nominal_analysis/traces/Jumper-v0_biped_nchl_train001_analysis00.npz
jumper__biped__nchl__seed_001,/home/rowanli.tangalin/tpr/tpr/results/hpc_rq1/nominal/jumper/biped/nchl/seed_001,2d7488e64d9132742d6e7e9a1270351f534764b5c243f88632db05f034f7af03,a977f292cca1bada2a3bed271cb86be96dff1e11bc5d91d20276ec85a97ac940,1,Jumper-v0,biped,0,5232325836976384581,7172422899355977572,Wfinal,1.0,500,-2.850987391328345,500,False,True,-0.04672781939825066,/home/rowanli.tangalin/tpr/tpr/results/hpc_rq1/nominal_analysis/traces/Jumper-v0_biped_nchl_train001_analysis00.npz
jumper__biped__nchl__seed_001,/home/rowanli.tangalin/tpr/tpr/results/hpc_rq1/nominal/jumper/biped/nchl/seed_001,2d7488e64d9132742d6e7e9a1270351f534764b5c243f88632db05f034f7af03,a977f292cca1bada2a3bed271cb86be96dff1e11bc5d91d20276ec85a97ac940,1,Jumper-v0,biped,1,3184075494390970209,9147161066225580108,W0,0.0,0,-0.15781980195622825,500,False,True,-0.13298798025542347,/home/rowanli.tangalin/tpr/tpr/results/hpc_rq1/nominal_analysis/traces/Jumper-v0_biped_nchl_train001_analysis01.npz
jumper__biped__nchl__seed_001,/home/rowanli.tangalin/tpr/tpr/results/hpc_rq1/nominal/jumper/biped/nchl/seed_001,2d7488e64d9132742d6e7e9a1270351f534764b5c243f88632db05f034f7af03,a977f292cca1bada2a3bed271cb86be96dff1e11bc5d91d20276ec85a97ac940,1,Jumper-v0,biped,1,3184075494390970209,9147161066225580108,W25,0.25,125,-2.844623446346142,500,False,True,-0.13298798025542347,/home/rowanli.tangalin/tpr/tpr/results/hpc_rq1/nominal_analysis/traces/Jumper-v0_biped_nchl_train001_analysis01.npz
jumper__biped__nchl__seed_001,/home/rowanli.tangalin/tpr/tpr/results/hpc_rq1/nominal/jumper/biped/nchl/seed_001,2d7488e64d9132742d6e7e9a1270351f534764b5c243f88632db05f034f7af03,a977f292cca1bada2a3bed271cb86be96dff1e11bc5d91d20276ec85a97ac940,1,Jumper-v0,biped,1,3184075494390970209,9147161066225580108,W50,0.5,250,-3.104417296673815,500,False,True,-0.13298798025542347,/home/rowanli.tangalin/tpr/tpr/results/hpc_rq1/nominal_analysis/traces/Jumper-v0_biped_nchl_train001_analysis01.npz
jumper__biped__nchl__seed_001,/home/rowanli.tangalin/tpr/tpr/results/hpc_rq1/nominal/jumper/biped/nchl/seed_001,2d7488e64d9132742d6e7e9a1270351f534764b5c243f88632db05f034f7af03,a977f292cca1bada2a3bed271cb86be96dff1e11bc5d91d20276ec85a97ac940,1,Jumper-v0,biped,1,3184075494390970209,9147161066225580108,W75,0.75,375,-3.341319115199263,500,False,True,-0.13298798025542347,/home/rowanli.tangalin/tpr/tpr/results/hpc_rq1/nominal_analysis/traces/Jumper-v0_biped_nchl_train001_analysis01.npz
jumper__biped__nchl__seed_001,/home/rowanli.tangalin/tpr/tpr/results/hpc_rq1/nominal/jumper/biped/nchl/seed_001,2d7488e64d9132742d6e7e9a1270351f534764b5c243f88632db05f034f7af03,a977f292cca1bada2a3bed271cb86be96dff1e11bc5d91d20276ec85a97ac940,1,Jumper-v0,biped,1,3184075494390970209,9147161066225580108,Wfinal,1.0,500,-2.252695305034899,500,False,True,-0.13298798025542347,/home/rowanli.tangalin/tpr/tpr/results/hpc_rq1/nominal_analysis/traces/Jumper-v0_biped_nchl_train001_analysis01.npz
jumper__biped__nchl__seed_001,/home/rowanli.tangalin/tpr/tpr/results/hpc_rq1/nominal/jumper/biped/nchl/seed_001,2d7488e64d9132742d6e7e9a1270351f534764b5c243f88632db05f034f7af03,a977f292cca1bada2a3bed271cb86be96dff1e11bc5d91d20276ec85a97ac940,1,Jumper-v0,biped,2,6337936886056088,9019669384804417704,W0,0.0,0,-0.1942528863986681,500,False,True,1.1861898035320084,/home/rowanli.tangalin/tpr/tpr/results/hpc_rq1/nominal_analysis/traces/Jumper-v0_biped_nchl_train001_analysis02.npz
jumper__biped__nchl__seed_001,/home/rowanli.tangalin/tpr/tpr/results/hpc_rq1/nominal/jumper/biped/nchl/seed_001,2d7488e64d9132742d6e7e9a1270351f534764b5c243f88632db05f034f7af03,a977f292cca1bada2a3bed271cb86be96dff1e11bc5d91d20276ec85a97ac940,1,Jumper-v0,biped,2,6337936886056088,9019669384804417704,W25,0.25,125,-2.5638195188605555,500,False,True,1.1861898035320084,/home/rowanli.tangalin/tpr/tpr/results/hpc_rq1/nominal_analysis/traces/Jumper-v0_biped_nchl_train001_analysis02.npz
jumper__biped__nchl__seed_001,/home/rowanli.tangalin/tpr/tpr/results/hpc_rq1/nominal/jumper/biped/nchl/seed_001,2d7488e64d9132742d6e7e9a1270351f534764b5c243f88632db05f034f7af03,a977f292cca1bada2a3bed271cb86be96dff1e11bc5d91d20276ec85a97ac940,1,Jumper-v0,biped,2,6337936886056088,9019669384804417704,W50,0.5,250,-2.094703965918195,500,False,True,1.1861898035320084,/home/rowanli.tangalin/tpr/tpr/results/hpc_rq1/nominal_analysis/traces/Jumper-v0_biped_nchl_train001_analysis02.npz
jumper__biped__nchl__seed_001,/home/rowanli.tangalin/tpr/tpr/results/hpc_rq1/nominal/jumper/biped/nchl/seed_001,2d7488e64d9132742d6e7e9a1270351f534764b5c243f88632db05f034f7af03,a977f292cca1bada2a3bed271cb86be96dff1e11bc5d91d20276ec85a97ac940,1,Jumper-v0,biped,2,6337936886056088,9019669384804417704,W75,0.75,375,-2.461179422068889,500,False,True,1.1861898035320084,/home/rowanli.tangalin/tpr/tpr/results/hpc_rq1/nominal_analysis/traces/Jumper-v0_biped_nchl_train001_analysis02.npz
jumper__biped__nchl__seed_001,/home/rowanli.tangalin/tpr/tpr/results/hpc_rq1/nominal/jumper/biped/nchl/seed_001,2d7488e64d9132742d6e7e9a1270351f534764b5c243f88632db05f034f7af03,a977f292cca1bada2a3bed271cb86be96dff1e11bc5d91d20276ec85a97ac940,1,Jumper-v0,biped,2,6337936886056088,9019669384804417704,Wfinal,1.0,500,-2.945858487703073,500,False,True,1.1861898035320084,/home/rowanli.tangalin/tpr/tpr/results/hpc_rq1/nominal_analysis/traces/Jumper-v0_biped_nchl_train001_analysis02.npz
jumper__biped__nchl__seed_002,/home/rowanli.tangalin/tpr/tpr/results/hpc_rq1/nominal/jumper/biped/nchl/seed_002,8dfeba175fb7eb5c4af1378c5bb8b090486ea3a9266700a74aa62655d39623f8,30180489815d5f1159bd8494e59d0acf98f8fdfbee4f8173c93219a2785eea60,2,Jumper-v0,biped,0,4709125304908105630,1244304497912131803,W0,0.0,0,-0.15418799365381097,500,False,True,0.11645138872812599,/home/rowanli.tangalin/tpr/tpr/results/hpc_rq1/nominal_analysis/traces/Jumper-v0_biped_nchl_train002_analysis00.npz
jumper__biped__nchl__seed_002,/home/rowanli.tangalin/tpr/tpr/results/hpc_rq1/nominal/jumper/biped/nchl/seed_002,8dfeba175fb7eb5c4af1378c5bb8b090486ea3a9266700a74aa62655d39623f8,30180489815d5f1159bd8494e59d0acf98f8fdfbee4f8173c93219a2785eea60,2,Jumper-v0,biped,0,4709125304908105630,1244304497912131803,W25,0.25,125,-2.370743810484771,500,False,True,0.11645138872812599,/home/rowanli.tangalin/tpr/tpr/results/hpc_rq1/nominal_analysis/traces/Jumper-v0_biped_nchl_train002_analysis00.npz
jumper__biped__nchl__seed_002,/home/rowanli.tangalin/tpr/tpr/results/hpc_rq1/nominal/jumper/biped/nchl/seed_002,8dfeba175fb7eb5c4af1378c5bb8b090486ea3a9266700a74aa62655d39623f8,30180489815d5f1159bd8494e59d0acf98f8fdfbee4f8173c93219a2785eea60,2,Jumper-v0,biped,0,4709125304908105630,1244304497912131803,W50,0.5,250,-1.6175038564668047,500,False,True,0.11645138872812599,/home/rowanli.tangalin/tpr/tpr/results/hpc_rq1/nominal_analysis/traces/Jumper-v0_biped_nchl_train002_analysis00.npz
jumper__biped__nchl__seed_002,/home/rowanli.tangalin/tpr/tpr/results/hpc_rq1/nominal/jumper/biped/nchl/seed_002,8dfeba175fb7eb5c4af1378c5bb8b090486ea3a9266700a74aa62655d39623f8,30180489815d5f1159bd8494e59d0acf98f8fdfbee4f8173c93219a2785eea60,2,Jumper-v0,biped,0,4709125304908105630,1244304497912131803,W75,0.75,375,-2.1130362374590645,500,False,True,0.11645138872812599,/home/rowanli.tangalin/tpr/tpr/results/hpc_rq1/nominal_analysis/traces/Jumper-v0_biped_nchl_train002_analysis00.npz
jumper__biped__nchl__seed_002,/home/rowanli.tangalin/tpr/tpr/results/hpc_rq1/nominal/jumper/biped/nchl/seed_002,8dfeba175fb7eb5c4af1378c5bb8b090486ea3a9266700a74aa62655d39623f8,30180489815d5f1159bd8494e59d0acf98f8fdfbee4f8173c93219a2785eea60,2,Jumper-v0,biped,0,4709125304908105630,1244304497912131803,Wfinal,1.0,500,-1.6798770507159566,500,False,True,0.11645138872812599,/home/rowanli.tangalin/tpr/tpr/results/hpc_rq1/nominal_analysis/traces/Jumper-v0_biped_nchl_train002_analysis00.npz
jumper__biped__nchl__seed_002,/home/rowanli.tangalin/tpr/tpr/results/hpc_rq1/nominal/jumper/biped/nchl/seed_002,8dfeba175fb7eb5c4af1378c5bb8b090486ea3a9266700a74aa62655d39623f8,30180489815d5f1159bd8494e59d0acf98f8fdfbee4f8173c93219a2785eea60,2,Jumper-v0,biped,1,6789895730674132307,2935584579999248951,W0,0.0,0,-0.1907291397368993,500,False,True,0.19663066506932114,/home/rowanli.tangalin/tpr/tpr/results/hpc_rq1/nominal_analysis/traces/Jumper-v0_biped_nchl_train002_analysis01.npz
jumper__biped__nchl__seed_002,/home/rowanli.tangalin/tpr/tpr/results/hpc_rq1/nominal/jumper/biped/nchl/seed_002,8dfeba175fb7eb5c4af1378c5bb8b090486ea3a9266700a74aa62655d39623f8,30180489815d5f1159bd8494e59d0acf98f8fdfbee4f8173c93219a2785eea60,2,Jumper-v0,biped,1,6789895730674132307,2935584579999248951,W25,0.25,125,-0.468512475142287,500,False,True,0.19663066506932114,/home/rowanli.tangalin/tpr/tpr/results/hpc_rq1/nominal_analysis/traces/Jumper-v0_biped_nchl_train002_analysis01.npz
jumper__biped__nchl__seed_002,/home/rowanli.tangalin/tpr/tpr/results/hpc_rq1/nominal/jumper/biped/nchl/seed_002,8dfeba175fb7eb5c4af1378c5bb8b090486ea3a9266700a74aa62655d39623f8,30180489815d5f1159bd8494e59d0acf98f8fdfbee4f8173c93219a2785eea60,2,Jumper-v0,biped,1,6789895730674132307,2935584579999248951,W50,0.5,250,-3.455398185442988,500,False,True,0.19663066506932114,/home/rowanli.tangalin/tpr/tpr/results/hpc_rq1/nominal_analysis/traces/Jumper-v0_biped_nchl_train002_analysis01.npz
jumper__biped__nchl__seed_002,/home/rowanli.tangalin/tpr/tpr/results/hpc_rq1/nominal/jumper/biped/nchl/seed_002,8dfeba175fb7eb5c4af1378c5bb8b090486ea3a9266700a74aa62655d39623f8,30180489815d5f1159bd8494e59d0acf98f8fdfbee4f8173c93219a2785eea60,2,Jumper-v0,biped,1,6789895730674132307,2935584579999248951,W75,0.75,375,-2.9942382294647523,500,False,True,0.19663066506932114,/home/rowanli.tangalin/tpr/tpr/results/hpc_rq1/nominal_analysis/traces/Jumper-v0_biped_nchl_train002_analysis01.npz
jumper__biped__nchl__seed_002,/home/rowanli.tangalin/tpr/tpr/results/hpc_rq1/nominal/jumper/biped/nchl/seed_002,8dfeba175fb7eb5c4af1378c5bb8b090486ea3a9266700a74aa62655d39623f8,30180489815d5f1159bd8494e59d0acf98f8fdfbee4f8173c93219a2785eea60,2,Jumper-v0,biped,1,6789895730674132307,2935584579999248951,Wfinal,1.0,500,-4.8712141088318175,500,False,True,0.19663066506932114,/home/rowanli.tangalin/tpr/tpr/results/hpc_rq1/nominal_analysis/traces/Jumper-v0_biped_nchl_train002_analysis01.npz
jumper__biped__nchl__seed_002,/home/rowanli.tangalin/tpr/tpr/results/hpc_rq1/nominal/jumper/biped/nchl/seed_002,8dfeba175fb7eb5c4af1378c5bb8b090486ea3a9266700a74aa62655d39623f8,30180489815d5f1159bd8494e59d0acf98f8fdfbee4f8173c93219a2785eea60,2,Jumper-v0,biped,2,2298876442789069326,7237655472595637189,W0,0.0,0,-0.1713227088438357,500,False,True,0.19722839881428922,/home/rowanli.tangalin/tpr/tpr/results/hpc_rq1/nominal_analysis/traces/Jumper-v0_biped_nchl_train002_analysis02.npz
jumper__biped__nchl__seed_002,/home/rowanli.tangalin/tpr/tpr/results/hpc_rq1/nominal/jumper/biped/nchl/seed_002,8dfeba175fb7eb5c4af1378c5bb8b090486ea3a9266700a74aa62655d39623f8,30180489815d5f1159bd8494e59d0acf98f8fdfbee4f8173c93219a2785eea60,2,Jumper-v0,biped,2,2298876442789069326,7237655472595637189,W25,0.25,125,-0.010005493360203399,500,False,True,0.19722839881428922,/home/rowanli.tangalin/tpr/tpr/results/hpc_rq1/nominal_analysis/traces/Jumper-v0_biped_nchl_train002_analysis02.npz
jumper__biped__nchl__seed_002,/home/rowanli.tangalin/tpr/tpr/results/hpc_rq1/nominal/jumper/biped/nchl/seed_002,8dfeba175fb7eb5c4af1378c5bb8b090486ea3a9266700a74aa62655d39623f8,30180489815d5f1159bd8494e59d0acf98f8fdfbee4f8173c93219a2785eea60,2,Jumper-v0,biped,2,2298876442789069326,7237655472595637189,W50,0.5,250,-0.7751885905724909,500,False,True,0.19722839881428922,/home/rowanli.tangalin/tpr/tpr/results/hpc_rq1/nominal_analysis/traces/Jumper-v0_biped_nchl_train002_analysis02.npz
jumper__biped__nchl__seed_002,/home/rowanli.tangalin/tpr/tpr/results/hpc_rq1/nominal/jumper/biped/nchl/seed_002,8dfeba175fb7eb5c4af1378c5bb8b090486ea3a9266700a74aa62655d39623f8,30180489815d5f1159bd8494e59d0acf98f8fdfbee4f8173c93219a2785eea60,2,Jumper-v0,biped,2,2298876442789069326,7237655472595637189,W75,0.75,375,-2.696112589219444,500,False,True,0.19722839881428922,/home/rowanli.tangalin/tpr/tpr/results/hpc_rq1/nominal_analysis/traces/Jumper-v0_biped_nchl_train002_analysis02.npz
jumper__biped__nchl__seed_002,/home/rowanli.tangalin/tpr/tpr/results/hpc_rq1/nominal/jumper/biped/nchl/seed_002,8dfeba175fb7eb5c4af1378c5bb8b090486ea3a9266700a74aa62655d39623f8,30180489815d5f1159bd8494e59d0acf98f8fdfbee4f8173c93219a2785eea60,2,Jumper-v0,biped,2,2298876442789069326,7237655472595637189,Wfinal,1.0,500,-2.1628092440916413,500,False,True,0.19722839881428922,/home/rowanli.tangalin/tpr/tpr/results/hpc_rq1/nominal_analysis/traces/Jumper-v0_biped_nchl_train002_analysis02.npz
jumper__biped__nchl__seed_003,/home/rowanli.tangalin/tpr/tpr/results/hpc_rq1/nominal/jumper/biped/nchl/seed_003,b7330d259859e51fa161413a9d13b9589759e4bfac05cedcac337b8322db95ce,c83d9b59199c471dfea7cadf24ed3dbe0c4072c6717f8ea7a4745a42a3871814,3,Jumper-v0,biped,0,6875887065855152501,8328361779180904825,W0,0.0,0,-0.17161610482423817,500,False,True,-0.044809206553534375,/home/rowanli.tangalin/tpr/tpr/results/hpc_rq1/nominal_analysis/traces/Jumper-v0_biped_nchl_train003_analysis00.npz
jumper__biped__nchl__seed_003,/home/rowanli.tangalin/tpr/tpr/results/hpc_rq1/nominal/jumper/biped/nchl/seed_003,b7330d259859e51fa161413a9d13b9589759e4bfac05cedcac337b8322db95ce,c83d9b59199c471dfea7cadf24ed3dbe0c4072c6717f8ea7a4745a42a3871814,3,Jumper-v0,biped,0,6875887065855152501,8328361779180904825,W25,0.25,125,-4.4502835220288155,500,False,True,-0.044809206553534375,/home/rowanli.tangalin/tpr/tpr/results/hpc_rq1/nominal_analysis/traces/Jumper-v0_biped_nchl_train003_analysis00.npz
jumper__biped__nchl__seed_003,/home/rowanli.tangalin/tpr/tpr/results/hpc_rq1/nominal/jumper/biped/nchl/seed_003,b7330d259859e51fa161413a9d13b9589759e4bfac05cedcac337b8322db95ce,c83d9b59199c471dfea7cadf24ed3dbe0c4072c6717f8ea7a4745a42a3871814,3,Jumper-v0,biped,0,6875887065855152501,8328361779180904825,W50,0.5,250,-1.407788581899475,500,False,True,-0.044809206553534375,/home/rowanli.tangalin/tpr/tpr/results/hpc_rq1/nominal_analysis/traces/Jumper-v0_biped_nchl_train003_analysis00.npz
jumper__biped__nchl__seed_003,/home/rowanli.tangalin/tpr/tpr/results/hpc_rq1/nominal/jumper/biped/nchl/seed_003,b7330d259859e51fa161413a9d13b9589759e4bfac05cedcac337b8322db95ce,c83d9b59199c471dfea7cadf24ed3dbe0c4072c6717f8ea7a4745a42a3871814,3,Jumper-v0,biped,0,6875887065855152501,8328361779180904825,W75,0.75,375,-1.5455840113749137,500,False,True,-0.044809206553534375,/home/rowanli.tangalin/tpr/tpr/results/hpc_rq1/nominal_analysis/traces/Jumper-v0_biped_nchl_train003_analysis00.npz
jumper__biped__nchl__seed_003,/home/rowanli.tangalin/tpr/tpr/results/hpc_rq1/nominal/jumper/biped/nchl/seed_003,b7330d259859e51fa161413a9d13b9589759e4bfac05cedcac337b8322db95ce,c83d9b59199c471dfea7cadf24ed3dbe0c4072c6717f8ea7a4745a42a3871814,3,Jumper-v0,biped,0,6875887065855152501,8328361779180904825,Wfinal,1.0,500,-1.5296085714637797,500,False,True,-0.044809206553534375,/home/rowanli.tangalin/tpr/tpr/results/hpc_rq1/nominal_analysis/traces/Jumper-v0_biped_nchl_train003_analysis00.npz
jumper__biped__nchl__seed_003,/home/rowanli.tangalin/tpr/tpr/results/hpc_rq1/nominal/jumper/biped/nchl/seed_003,b7330d259859e51fa161413a9d13b9589759e4bfac05cedcac337b8322db95ce,c83d9b59199c471dfea7cadf24ed3dbe0c4072c6717f8ea7a4745a42a3871814,3,Jumper-v0,biped,1,2344851983452959862,6171704884853545157,W0,0.0,0,-0.16443998132155968,500,False,True,0.17141638950378846,/home/rowanli.tangalin/tpr/tpr/results/hpc_rq1/nominal_analysis/traces/Jumper-v0_biped_nchl_train003_analysis01.npz
jumper__biped__nchl__seed_003,/home/rowanli.tangalin/tpr/tpr/results/hpc_rq1/nominal/jumper/biped/nchl/seed_003,b7330d259859e51fa161413a9d13b9589759e4bfac05cedcac337b8322db95ce,c83d9b59199c471dfea7cadf24ed3dbe0c4072c6717f8ea7a4745a42a3871814,3,Jumper-v0,biped,1,2344851983452959862,6171704884853545157,W25,0.25,125,-1.5542265523955785,500,False,True,0.17141638950378846,/home/rowanli.tangalin/tpr/tpr/results/hpc_rq1/nominal_analysis/traces/Jumper-v0_biped_nchl_train003_analysis01.npz
jumper__biped__nchl__seed_003,/home/rowanli.tangalin/tpr/tpr/results/hpc_rq1/nominal/jumper/biped/nchl/seed_003,b7330d259859e51fa161413a9d13b9589759e4bfac05cedcac337b8322db95ce,c83d9b59199c471dfea7cadf24ed3dbe0c4072c6717f8ea7a4745a42a3871814,3,Jumper-v0,biped,1,2344851983452959862,6171704884853545157,W50,0.5,250,-1.3589521330088168,500,False,True,0.17141638950378846,/home/rowanli.tangalin/tpr/tpr/results/hpc_rq1/nominal_analysis/traces/Jumper-v0_biped_nchl_train003_analysis01.npz
jumper__biped__nchl__seed_003,/home/rowanli.tangalin/tpr/tpr/results/hpc_rq1/nominal/jumper/biped/nchl/seed_003,b7330d259859e51fa161413a9d13b9589759e4bfac05cedcac337b8322db95ce,c83d9b59199c471dfea7cadf24ed3dbe0c4072c6717f8ea7a4745a42a3871814,3,Jumper-v0,biped,1,2344851983452959862,6171704884853545157,W75,0.75,375,-1.4909408554834003,500,False,True,0.17141638950378846,/home/rowanli.tangalin/tpr/tpr/results/hpc_rq1/nominal_analysis/traces/Jumper-v0_biped_nchl_train003_analysis01.npz
jumper__biped__nchl__seed_003,/home/rowanli.tangalin/tpr/tpr/results/hpc_rq1/nominal/jumper/biped/nchl/seed_003,b7330d259859e51fa161413a9d13b9589759e4bfac05cedcac337b8322db95ce,c83d9b59199c471dfea7cadf24ed3dbe0c4072c6717f8ea7a4745a42a3871814,3,Jumper-v0,biped,1,2344851983452959862,6171704884853545157,Wfinal,1.0,500,-1.6428298689247307,500,False,True,0.17141638950378846,/home/rowanli.tangalin/tpr/tpr/results/hpc_rq1/nominal_analysis/traces/Jumper-v0_biped_nchl_train003_analysis01.npz
jumper__biped__nchl__seed_003,/home/rowanli.tangalin/tpr/tpr/results/hpc_rq1/nominal/jumper/biped/nchl/seed_003,b7330d259859e51fa161413a9d13b9589759e4bfac05cedcac337b8322db95ce,c83d9b59199c471dfea7cadf24ed3dbe0c4072c6717f8ea7a4745a42a3871814,3,Jumper-v0,biped,2,3189270387817152734,2268335290108042879,W0,0.0,0,-0.1501365662914128,500,False,True,0.40653052513318355,/home/rowanli.tangalin/tpr/tpr/results/hpc_rq1/nominal_analysis/traces/Jumper-v0_biped_nchl_train003_analysis02.npz
jumper__biped__nchl__seed_003,/home/rowanli.tangalin/tpr/tpr/results/hpc_rq1/nominal/jumper/biped/nchl/seed_003,b7330d259859e51fa161413a9d13b9589759e4bfac05cedcac337b8322db95ce,c83d9b59199c471dfea7cadf24ed3dbe0c4072c6717f8ea7a4745a42a3871814,3,Jumper-v0,biped,2,3189270387817152734,2268335290108042879,W25,0.25,125,-4.187114637378361,500,False,True,0.40653052513318355,/home/rowanli.tangalin/tpr/tpr/results/hpc_rq1/nominal_analysis/traces/Jumper-v0_biped_nchl_train003_analysis02.npz
jumper__biped__nchl__seed_003,/home/rowanli.tangalin/tpr/tpr/results/hpc_rq1/nominal/jumper/biped/nchl/seed_003,b7330d259859e51fa161413a9d13b9589759e4bfac05cedcac337b8322db95ce,c83d9b59199c471dfea7cadf24ed3dbe0c4072c6717f8ea7a4745a42a3871814,3,Jumper-v0,biped,2,3189270387817152734,2268335290108042879,W50,0.5,250,-1.5712621316438813,500,False,True,0.40653052513318355,/home/rowanli.tangalin/tpr/tpr/results/hpc_rq1/nominal_analysis/traces/Jumper-v0_biped_nchl_train003_analysis02.npz
jumper__biped__nchl__seed_003,/home/rowanli.tangalin/tpr/tpr/results/hpc_rq1/nominal/jumper/biped/nchl/seed_003,b7330d259859e51fa161413a9d13b9589759e4bfac05cedcac337b8322db95ce,c83d9b59199c471dfea7cadf24ed3dbe0c4072c6717f8ea7a4745a42a3871814,3,Jumper-v0,biped,2,3189270387817152734,2268335290108042879,W75,0.75,375,-1.4998825146215737,500,False,True,0.40653052513318355,/home/rowanli.tangalin/tpr/tpr/results/hpc_rq1/nominal_analysis/traces/Jumper-v0_biped_nchl_train003_analysis02.npz
jumper__biped__nchl__seed_003,/home/rowanli.tangalin/tpr/tpr/results/hpc_rq1/nominal/jumper/biped/nchl/seed_003,b7330d259859e51fa161413a9d13b9589759e4bfac05cedcac337b8322db95ce,c83d9b59199c471dfea7cadf24ed3dbe0c4072c6717f8ea7a4745a42a3871814,3,Jumper-v0,biped,2,3189270387817152734,2268335290108042879,Wfinal,1.0,500,-1.4323291821347155,500,False,True,0.40653052513318355,/home/rowanli.tangalin/tpr/tpr/results/hpc_rq1/nominal_analysis/traces/Jumper-v0_biped_nchl_train003_analysis02.npz
jumper__biped__nchl__seed_004,/home/rowanli.tangalin/tpr/tpr/results/hpc_rq1/nominal/jumper/biped/nchl/seed_004,3d170b303eb034a44dff579fb2b38138922d597102744ab15a96df0b98f3621e,ed9e12edd4d9b8b752389d72f9530eed6f881f57b33975a4d726944c2899ff70,4,Jumper-v0,biped,0,4675618027918977294,6264005447694142635,W0,0.0,0,-0.15433830696354733,500,False,True,0.18416492051911815,/home/rowanli.tangalin/tpr/tpr/results/hpc_rq1/nominal_analysis/traces/Jumper-v0_biped_nchl_train004_analysis00.npz
jumper__biped__nchl__seed_004,/home/rowanli.tangalin/tpr/tpr/results/hpc_rq1/nominal/jumper/biped/nchl/seed_004,3d170b303eb034a44dff579fb2b38138922d597102744ab15a96df0b98f3621e,ed9e12edd4d9b8b752389d72f9530eed6f881f57b33975a4d726944c2899ff70,4,Jumper-v0,biped,0,4675618027918977294,6264005447694142635,W25,0.25,125,0.03142929055488741,500,False,True,0.18416492051911815,/home/rowanli.tangalin/tpr/tpr/results/hpc_rq1/nominal_analysis/traces/Jumper-v0_biped_nchl_train004_analysis00.npz
jumper__biped__nchl__seed_004,/home/rowanli.tangalin/tpr/tpr/results/hpc_rq1/nominal/jumper/biped/nchl/seed_004,3d170b303eb034a44dff579fb2b38138922d597102744ab15a96df0b98f3621e,ed9e12edd4d9b8b752389d72f9530eed6f881f57b33975a4d726944c2899ff70,4,Jumper-v0,biped,0,4675618027918977294,6264005447694142635,W50,0.5,250,0.03142929055488741,500,False,True,0.18416492051911815,/home/rowanli.tangalin/tpr/tpr/results/hpc_rq1/nominal_analysis/traces/Jumper-v0_biped_nchl_train004_analysis00.npz
jumper__biped__nchl__seed_004,/home/rowanli.tangalin/tpr/tpr/results/hpc_rq1/nominal/jumper/biped/nchl/seed_004,3d170b303eb034a44dff579fb2b38138922d597102744ab15a96df0b98f3621e,ed9e12edd4d9b8b752389d72f9530eed6f881f57b33975a4d726944c2899ff70,4,Jumper-v0,biped,0,4675618027918977294,6264005447694142635,W75,0.75,375,-0.09595025538977842,500,False,True,0.18416492051911815,/home/rowanli.tangalin/tpr/tpr/results/hpc_rq1/nominal_analysis/traces/Jumper-v0_biped_nchl_train004_analysis00.npz
jumper__biped__nchl__seed_004,/home/rowanli.tangalin/tpr/tpr/results/hpc_rq1/nominal/jumper/biped/nchl/seed_004,3d170b303eb034a44dff579fb2b38138922d597102744ab15a96df0b98f3621e,ed9e12edd4d9b8b752389d72f9530eed6f881f57b33975a4d726944c2899ff70,4,Jumper-v0,biped,0,4675618027918977294,6264005447694142635,Wfinal,1.0,500,-0.09595025538977842,500,False,True,0.18416492051911815,/home/rowanli.tangalin/tpr/tpr/results/hpc_rq1/nominal_analysis/traces/Jumper-v0_biped_nchl_train004_analysis00.npz
jumper__biped__nchl__seed_004,/home/rowanli.tangalin/tpr/tpr/results/hpc_rq1/nominal/jumper/biped/nchl/seed_004,3d170b303eb034a44dff579fb2b38138922d597102744ab15a96df0b98f3621e,ed9e12edd4d9b8b752389d72f9530eed6f881f57b33975a4d726944c2899ff70,4,Jumper-v0,biped,1,1776748932738538903,3330744174114140836,W0,0.0,0,-0.19218513525321834,500,False,True,0.0473969228745702,/home/rowanli.tangalin/tpr/tpr/results/hpc_rq1/nominal_analysis/traces/Jumper-v0_biped_nchl_train004_analysis01.npz
jumper__biped__nchl__seed_004,/home/rowanli.tangalin/tpr/tpr/results/hpc_rq1/nominal/jumper/biped/nchl/seed_004,3d170b303eb034a44dff579fb2b38138922d597102744ab15a96df0b98f3621e,ed9e12edd4d9b8b752389d72f9530eed6f881f57b33975a4d726944c2899ff70,4,Jumper-v0,biped,1,1776748932738538903,3330744174114140836,W25,0.25,125,0.10567800235314506,500,False,True,0.0473969228745702,/home/rowanli.tangalin/tpr/tpr/results/hpc_rq1/nominal_analysis/traces/Jumper-v0_biped_nchl_train004_analysis01.npz
jumper__biped__nchl__seed_004,/home/rowanli.tangalin/tpr/tpr/results/hpc_rq1/nominal/jumper/biped/nchl/seed_004,3d170b303eb034a44dff579fb2b38138922d597102744ab15a96df0b98f3621e,ed9e12edd4d9b8b752389d72f9530eed6f881f57b33975a4d726944c2899ff70,4,Jumper-v0,biped,1,1776748932738538903,3330744174114140836,W50,0.5,250,0.09886342679065685,500,False,True,0.0473969228745702,/home/rowanli.tangalin/tpr/tpr/results/hpc_rq1/nominal_analysis/traces/Jumper-v0_biped_nchl_train004_analysis01.npz
jumper__biped__nchl__seed_004,/home/rowanli.tangalin/tpr/tpr/results/hpc_rq1/nominal/jumper/biped/nchl/seed_004,3d170b303eb034a44dff579fb2b38138922d597102744ab15a96df0b98f3621e,ed9e12edd4d9b8b752389d72f9530eed6f881f57b33975a4d726944c2899ff70,4,Jumper-v0,biped,1,1776748932738538903,3330744174114140836,W75,0.75,375,-0.27891840228795484,500,False,True,0.0473969228745702,/home/rowanli.tangalin/tpr/tpr/results/hpc_rq1/nominal_analysis/traces/Jumper-v0_biped_nchl_train004_analysis01.npz
jumper__biped__nchl__seed_004,/home/rowanli.tangalin/tpr/tpr/results/hpc_rq1/nominal/jumper/biped/nchl/seed_004,3d170b303eb034a44dff579fb2b38138922d597102744ab15a96df0b98f3621e,ed9e12edd4d9b8b752389d72f9530eed6f881f57b33975a4d726944c2899ff70,4,Jumper-v0,biped,1,1776748932738538903,3330744174114140836,Wfinal,1.0,500,-0.48124298112174557,500,False,True,0.0473969228745702,/home/rowanli.tangalin/tpr/tpr/results/hpc_rq1/nominal_analysis/traces/Jumper-v0_biped_nchl_train004_analysis01.npz
jumper__biped__nchl__seed_004,/home/rowanli.tangalin/tpr/tpr/results/hpc_rq1/nominal/jumper/biped/nchl/seed_004,3d170b303eb034a44dff579fb2b38138922d597102744ab15a96df0b98f3621e,ed9e12edd4d9b8b752389d72f9530eed6f881f57b33975a4d726944c2899ff70,4,Jumper-v0,biped,2,1844154726293175647,4425154243183907800,W0,0.0,0,-0.20366741476399886,500,False,True,0.28765084009419795,/home/rowanli.tangalin/tpr/tpr/results/hpc_rq1/nominal_analysis/traces/Jumper-v0_biped_nchl_train004_analysis02.npz
jumper__biped__nchl__seed_004,/home/rowanli.tangalin/tpr/tpr/results/hpc_rq1/nominal/jumper/biped/nchl/seed_004,3d170b303eb034a44dff579fb2b38138922d597102744ab15a96df0b98f3621e,ed9e12edd4d9b8b752389d72f9530eed6f881f57b33975a4d726944c2899ff70,4,Jumper-v0,biped,2,1844154726293175647,4425154243183907800,W25,0.25,125,0.10275373833080248,500,False,True,0.28765084009419795,/home/rowanli.tangalin/tpr/tpr/results/hpc_rq1/nominal_analysis/traces/Jumper-v0_biped_nchl_train004_analysis02.npz
jumper__biped__nchl__seed_004,/home/rowanli.tangalin/tpr/tpr/results/hpc_rq1/nominal/jumper/biped/nchl/seed_004,3d170b303eb034a44dff579fb2b38138922d597102744ab15a96df0b98f3621e,ed9e12edd4d9b8b752389d72f9530eed6f881f57b33975a4d726944c2899ff70,4,Jumper-v0,biped,2,1844154726293175647,4425154243183907800,W50,0.5,250,0.09480197736480234,500,False,True,0.28765084009419795,/home/rowanli.tangalin/tpr/tpr/results/hpc_rq1/nominal_analysis/traces/Jumper-v0_biped_nchl_train004_analysis02.npz
jumper__biped__nchl__seed_004,/home/rowanli.tangalin/tpr/tpr/results/hpc_rq1/nominal/jumper/biped/nchl/seed_004,3d170b303eb034a44dff579fb2b38138922d597102744ab15a96df0b98f3621e,ed9e12edd4d9b8b752389d72f9530eed6f881f57b33975a4d726944c2899ff70,4,Jumper-v0,biped,2,1844154726293175647,4425154243183907800,W75,0.75,375,-0.48584340728681397,500,False,True,0.28765084009419795,/home/rowanli.tangalin/tpr/tpr/results/hpc_rq1/nominal_analysis/traces/Jumper-v0_biped_nchl_train004_analysis02.npz
jumper__biped__nchl__seed_004,/home/rowanli.tangalin/tpr/tpr/results/hpc_rq1/nominal/jumper/biped/nchl/seed_004,3d170b303eb034a44dff579fb2b38138922d597102744ab15a96df0b98f3621e,ed9e12edd4d9b8b752389d72f9530eed6f881f57b33975a4d726944c2899ff70,4,Jumper-v0,biped,2,1844154726293175647,4425154243183907800,Wfinal,1.0,500,-0.48391469108536145,500,False,True,0.28765084009419795,/home/rowanli.tangalin/tpr/tpr/results/hpc_rq1/nominal_analysis/traces/Jumper-v0_biped_nchl_train004_analysis02.npz
jumper__biped__nchl__seed_005,/home/rowanli.tangalin/tpr/tpr/results/hpc_rq1/nominal/jumper/biped/nchl/seed_005,4d326e23ecf3d532353d23b80bf92ab5c762bcdbed32c4a7962b4dda18522331,f2f171e0fd5ef74e5adfb4840871cafb6e76082e6fe5b7eca344fdc8014555c5,5,Jumper-v0,biped,0,6537336262564968459,5568806234066008283,W0,0.0,0,-0.15543942623445384,500,False,True,-0.08856160703481442,/home/rowanli.tangalin/tpr/tpr/results/hpc_rq1/nominal_analysis/traces/Jumper-v0_biped_nchl_train005_analysis00.npz
jumper__biped__nchl__seed_005,/home/rowanli.tangalin/tpr/tpr/results/hpc_rq1/nominal/jumper/biped/nchl/seed_005,4d326e23ecf3d532353d23b80bf92ab5c762bcdbed32c4a7962b4dda18522331,f2f171e0fd5ef74e5adfb4840871cafb6e76082e6fe5b7eca344fdc8014555c5,5,Jumper-v0,biped,0,6537336262564968459,5568806234066008283,W25,0.25,125,-0.6174732242122771,500,False,True,-0.08856160703481442,/home/rowanli.tangalin/tpr/tpr/results/hpc_rq1/nominal_analysis/traces/Jumper-v0_biped_nchl_train005_analysis00.npz
jumper__biped__nchl__seed_005,/home/rowanli.tangalin/tpr/tpr/results/hpc_rq1/nominal/jumper/biped/nchl/seed_005,4d326e23ecf3d532353d23b80bf92ab5c762bcdbed32c4a7962b4dda18522331,f2f171e0fd5ef74e5adfb4840871cafb6e76082e6fe5b7eca344fdc8014555c5,5,Jumper-v0,biped,0,6537336262564968459,5568806234066008283,W50,0.5,250,-4.251156848323035,500,False,True,-0.08856160703481442,/home/rowanli.tangalin/tpr/tpr/results/hpc_rq1/nominal_analysis/traces/Jumper-v0_biped_nchl_train005_analysis00.npz
jumper__biped__nchl__seed_005,/home/rowanli.tangalin/tpr/tpr/results/hpc_rq1/nominal/jumper/biped/nchl/seed_005,4d326e23ecf3d532353d23b80bf92ab5c762bcdbed32c4a7962b4dda18522331,f2f171e0fd5ef74e5adfb4840871cafb6e76082e6fe5b7eca344fdc8014555c5,5,Jumper-v0,biped,0,6537336262564968459,5568806234066008283,W75,0.75,375,-3.8779225399596022,500,False,True,-0.08856160703481442,/home/rowanli.tangalin/tpr/tpr/results/hpc_rq1/nominal_analysis/traces/Jumper-v0_biped_nchl_train005_analysis00.npz
jumper__biped__nchl__seed_005,/home/rowanli.tangalin/tpr/tpr/results/hpc_rq1/nominal/jumper/biped/nchl/seed_005,4d326e23ecf3d532353d23b80bf92ab5c762bcdbed32c4a7962b4dda18522331,f2f171e0fd5ef74e5adfb4840871cafb6e76082e6fe5b7eca344fdc8014555c5,5,Jumper-v0,biped,0,6537336262564968459,5568806234066008283,Wfinal,1.0,500,-0.8222564233368962,500,False,True,-0.08856160703481442,/home/rowanli.tangalin/tpr/tpr/results/hpc_rq1/nominal_analysis/traces/Jumper-v0_biped_nchl_train005_analysis00.npz
jumper__biped__nchl__seed_005,/home/rowanli.tangalin/tpr/tpr/results/hpc_rq1/nominal/jumper/biped/nchl/seed_005,4d326e23ecf3d532353d23b80bf92ab5c762bcdbed32c4a7962b4dda18522331,f2f171e0fd5ef74e5adfb4840871cafb6e76082e6fe5b7eca344fdc8014555c5,5,Jumper-v0,biped,1,7847246716821455116,5175985587420486963,W0,0.0,0,-0.17704925621058576,500,False,True,0.9784648757619007,/home/rowanli.tangalin/tpr/tpr/results/hpc_rq1/nominal_analysis/traces/Jumper-v0_biped_nchl_train005_analysis01.npz
jumper__biped__nchl__seed_005,/home/rowanli.tangalin/tpr/tpr/results/hpc_rq1/nominal/jumper/biped/nchl/seed_005,4d326e23ecf3d532353d23b80bf92ab5c762bcdbed32c4a7962b4dda18522331,f2f171e0fd5ef74e5adfb4840871cafb6e76082e6fe5b7eca344fdc8014555c5,5,Jumper-v0,biped,1,7847246716821455116,5175985587420486963,W25,0.25,125,-5.6293975942600705,500,False,True,0.9784648757619007,/home/rowanli.tangalin/tpr/tpr/results/hpc_rq1/nominal_analysis/traces/Jumper-v0_biped_nchl_train005_analysis01.npz
jumper__biped__nchl__seed_005,/home/rowanli.tangalin/tpr/tpr/results/hpc_rq1/nominal/jumper/biped/nchl/seed_005,4d326e23ecf3d532353d23b80bf92ab5c762bcdbed32c4a7962b4dda18522331,f2f171e0fd5ef74e5adfb4840871cafb6e76082e6fe5b7eca344fdc8014555c5,5,Jumper-v0,biped,1,7847246716821455116,5175985587420486963,W50,0.5,250,-5.628639100758491,500,False,True,0.9784648757619007,/home/rowanli.tangalin/tpr/tpr/results/hpc_rq1/nominal_analysis/traces/Jumper-v0_biped_nchl_train005_analysis01.npz
jumper__biped__nchl__seed_005,/home/rowanli.tangalin/tpr/tpr/results/hpc_rq1/nominal/jumper/biped/nchl/seed_005,4d326e23ecf3d532353d23b80bf92ab5c762bcdbed32c4a7962b4dda18522331,f2f171e0fd5ef74e5adfb4840871cafb6e76082e6fe5b7eca344fdc8014555c5,5,Jumper-v0,biped,1,7847246716821455116,5175985587420486963,W75,0.75,375,-4.170216008270753,500,False,True,0.9784648757619007,/home/rowanli.tangalin/tpr/tpr/results/hpc_rq1/nominal_analysis/traces/Jumper-v0_biped_nchl_train005_analysis01.npz
jumper__biped__nchl__seed_005,/home/rowanli.tangalin/tpr/tpr/results/hpc_rq1/nominal/jumper/biped/nchl/seed_005,4d326e23ecf3d532353d23b80bf92ab5c762bcdbed32c4a7962b4dda18522331,f2f171e0fd5ef74e5adfb4840871cafb6e76082e6fe5b7eca344fdc8014555c5,5,Jumper-v0,biped,1,7847246716821455116,5175985587420486963,Wfinal,1.0,500,0.020777169133090467,500,False,True,0.9784648757619007,/home/rowanli.tangalin/tpr/tpr/results/hpc_rq1/nominal_analysis/traces/Jumper-v0_biped_nchl_train005_analysis01.npz
jumper__biped__nchl__seed_005,/home/rowanli.tangalin/tpr/tpr/results/hpc_rq1/nominal/jumper/biped/nchl/seed_005,4d326e23ecf3d532353d23b80bf92ab5c762bcdbed32c4a7962b4dda18522331,f2f171e0fd5ef74e5adfb4840871cafb6e76082e6fe5b7eca344fdc8014555c5,5,Jumper-v0,biped,2,8874890859321386193,4629262467755900572,W0,0.0,0,-0.15670928280281438,500,False,True,-0.06451930099775405,/home/rowanli.tangalin/tpr/tpr/results/hpc_rq1/nominal_analysis/traces/Jumper-v0_biped_nchl_train005_analysis02.npz
jumper__biped__nchl__seed_005,/home/rowanli.tangalin/tpr/tpr/results/hpc_rq1/nominal/jumper/biped/nchl/seed_005,4d326e23ecf3d532353d23b80bf92ab5c762bcdbed32c4a7962b4dda18522331,f2f171e0fd5ef74e5adfb4840871cafb6e76082e6fe5b7eca344fdc8014555c5,5,Jumper-v0,biped,2,8874890859321386193,4629262467755900572,W25,0.25,125,-3.1857028321443535,500,False,True,-0.06451930099775405,/home/rowanli.tangalin/tpr/tpr/results/hpc_rq1/nominal_analysis/traces/Jumper-v0_biped_nchl_train005_analysis02.npz
jumper__biped__nchl__seed_005,/home/rowanli.tangalin/tpr/tpr/results/hpc_rq1/nominal/jumper/biped/nchl/seed_005,4d326e23ecf3d532353d23b80bf92ab5c762bcdbed32c4a7962b4dda18522331,f2f171e0fd5ef74e5adfb4840871cafb6e76082e6fe5b7eca344fdc8014555c5,5,Jumper-v0,biped,2,8874890859321386193,4629262467755900572,W50,0.5,250,-4.360433592414274,500,False,True,-0.06451930099775405,/home/rowanli.tangalin/tpr/tpr/results/hpc_rq1/nominal_analysis/traces/Jumper-v0_biped_nchl_train005_analysis02.npz
jumper__biped__nchl__seed_005,/home/rowanli.tangalin/tpr/tpr/results/hpc_rq1/nominal/jumper/biped/nchl/seed_005,4d326e23ecf3d532353d23b80bf92ab5c762bcdbed32c4a7962b4dda18522331,f2f171e0fd5ef74e5adfb4840871cafb6e76082e6fe5b7eca344fdc8014555c5,5,Jumper-v0,biped,2,8874890859321386193,4629262467755900572,W75,0.75,375,-3.917908156246641,500,False,True,-0.06451930099775405,/home/rowanli.tangalin/tpr/tpr/results/hpc_rq1/nominal_analysis/traces/Jumper-v0_biped_nchl_train005_analysis02.npz
jumper__biped__nchl__seed_005,/home/rowanli.tangalin/tpr/tpr/results/hpc_rq1/nominal/jumper/biped/nchl/seed_005,4d326e23ecf3d532353d23b80bf92ab5c762bcdbed32c4a7962b4dda18522331,f2f171e0fd5ef74e5adfb4840871cafb6e76082e6fe5b7eca344fdc8014555c5,5,Jumper-v0,biped,2,8874890859321386193,4629262467755900572,Wfinal,1.0,500,0.012235475947755536,500,False,True,-0.06451930099775405,/home/rowanli.tangalin/tpr/tpr/results/hpc_rq1/nominal_analysis/traces/Jumper-v0_biped_nchl_train005_analysis02.npz
jumper__biped__nchl__seed_006,/home/rowanli.tangalin/tpr/tpr/results/hpc_rq1/nominal/jumper/biped/nchl/seed_006,e581d803244e54df0bab78f078df05708a68027df13e734952b5fc1de4915b7f,0cc26d62cc86c7192a261d4229196f8f376d7bf89c2b46336cd51bedfd0f328f,6,Jumper-v0,biped,0,4697810511805331226,1837341966890607914,W0,0.0,0,-0.15176308466340882,500,False,True,0.2705353020970086,/home/rowanli.tangalin/tpr/tpr/results/hpc_rq1/nominal_analysis/traces/Jumper-v0_biped_nchl_train006_analysis00.npz
jumper__biped__nchl__seed_006,/home/rowanli.tangalin/tpr/tpr/results/hpc_rq1/nominal/jumper/biped/nchl/seed_006,e581d803244e54df0bab78f078df05708a68027df13e734952b5fc1de4915b7f,0cc26d62cc86c7192a261d4229196f8f376d7bf89c2b46336cd51bedfd0f328f,6,Jumper-v0,biped,0,4697810511805331226,1837341966890607914,W25,0.25,125,0.024089672915513782,500,False,True,0.2705353020970086,/home/rowanli.tangalin/tpr/tpr/results/hpc_rq1/nominal_analysis/traces/Jumper-v0_biped_nchl_train006_analysis00.npz
jumper__biped__nchl__seed_006,/home/rowanli.tangalin/tpr/tpr/results/hpc_rq1/nominal/jumper/biped/nchl/seed_006,e581d803244e54df0bab78f078df05708a68027df13e734952b5fc1de4915b7f,0cc26d62cc86c7192a261d4229196f8f376d7bf89c2b46336cd51bedfd0f328f,6,Jumper-v0,biped,0,4697810511805331226,1837341966890607914,W50,0.5,250,-2.1219532669628665,500,False,True,0.2705353020970086,/home/rowanli.tangalin/tpr/tpr/results/hpc_rq1/nominal_analysis/traces/Jumper-v0_biped_nchl_train006_analysis00.npz
jumper__biped__nchl__seed_006,/home/rowanli.tangalin/tpr/tpr/results/hpc_rq1/nominal/jumper/biped/nchl/seed_006,e581d803244e54df0bab78f078df05708a68027df13e734952b5fc1de4915b7f,0cc26d62cc86c7192a261d4229196f8f376d7bf89c2b46336cd51bedfd0f328f,6,Jumper-v0,biped,0,4697810511805331226,1837341966890607914,W75,0.75,375,-1.6195938106008239,500,False,True,0.2705353020970086,/home/rowanli.tangalin/tpr/tpr/results/hpc_rq1/nominal_analysis/traces/Jumper-v0_biped_nchl_train006_analysis00.npz
jumper__biped__nchl__seed_006,/home/rowanli.tangalin/tpr/tpr/results/hpc_rq1/nominal/jumper/biped/nchl/seed_006,e581d803244e54df0bab78f078df05708a68027df13e734952b5fc1de4915b7f,0cc26d62cc86c7192a261d4229196f8f376d7bf89c2b46336cd51bedfd0f328f,6,Jumper-v0,biped,0,4697810511805331226,1837341966890607914,Wfinal,1.0,500,-1.5924283944722313,500,False,True,0.2705353020970086,/home/rowanli.tangalin/tpr/tpr/results/hpc_rq1/nominal_analysis/traces/Jumper-v0_biped_nchl_train006_analysis00.npz
jumper__biped__nchl__seed_006,/home/rowanli.tangalin/tpr/tpr/results/hpc_rq1/nominal/jumper/biped/nchl/seed_006,e581d803244e54df0bab78f078df05708a68027df13e734952b5fc1de4915b7f,0cc26d62cc86c7192a261d4229196f8f376d7bf89c2b46336cd51bedfd0f328f,6,Jumper-v0,biped,1,212357942801270703,7001556810303355477,W0,0.0,0,-0.16154798502356293,500,False,True,0.24743174143259772,/home/rowanli.tangalin/tpr/tpr/results/hpc_rq1/nominal_analysis/traces/Jumper-v0_biped_nchl_train006_analysis01.npz
jumper__biped__nchl__seed_006,/home/rowanli.tangalin/tpr/tpr/results/hpc_rq1/nominal/jumper/biped/nchl/seed_006,e581d803244e54df0bab78f078df05708a68027df13e734952b5fc1de4915b7f,0cc26d62cc86c7192a261d4229196f8f376d7bf89c2b46336cd51bedfd0f328f,6,Jumper-v0,biped,1,212357942801270703,7001556810303355477,W25,0.25,125,0.019358112736466704,500,False,True,0.24743174143259772,/home/rowanli.tangalin/tpr/tpr/results/hpc_rq1/nominal_analysis/traces/Jumper-v0_biped_nchl_train006_analysis01.npz
jumper__biped__nchl__seed_006,/home/rowanli.tangalin/tpr/tpr/results/hpc_rq1/nominal/jumper/biped/nchl/seed_006,e581d803244e54df0bab78f078df05708a68027df13e734952b5fc1de4915b7f,0cc26d62cc86c7192a261d4229196f8f376d7bf89c2b46336cd51bedfd0f328f,6,Jumper-v0,biped,1,212357942801270703,7001556810303355477,W50,0.5,250,-2.5059426472873647,500,False,True,0.24743174143259772,/home/rowanli.tangalin/tpr/tpr/results/hpc_rq1/nominal_analysis/traces/Jumper-v0_biped_nchl_train006_analysis01.npz
jumper__biped__nchl__seed_006,/home/rowanli.tangalin/tpr/tpr/results/hpc_rq1/nominal/jumper/biped/nchl/seed_006,e581d803244e54df0bab78f078df05708a68027df13e734952b5fc1de4915b7f,0cc26d62cc86c7192a261d4229196f8f376d7bf89c2b46336cd51bedfd0f328f,6,Jumper-v0,biped,1,212357942801270703,7001556810303355477,W75,0.75,375,-1.91302013555041,500,False,True,0.24743174143259772,/home/rowanli.tangalin/tpr/tpr/results/hpc_rq1/nominal_analysis/traces/Jumper-v0_biped_nchl_train006_analysis01.npz
jumper__biped__nchl__seed_006,/home/rowanli.tangalin/tpr/tpr/results/hpc_rq1/nominal/jumper/biped/nchl/seed_006,e581d803244e54df0bab78f078df05708a68027df13e734952b5fc1de4915b7f,0cc26d62cc86c7192a261d4229196f8f376d7bf89c2b46336cd51bedfd0f328f,6,Jumper-v0,biped,1,212357942801270703,7001556810303355477,Wfinal,1.0,500,-1.5804234918911364,500,False,True,0.24743174143259772,/home/rowanli.tangalin/tpr/tpr/results/hpc_rq1/nominal_analysis/traces/Jumper-v0_biped_nchl_train006_analysis01.npz
jumper__biped__nchl__seed_006,/home/rowanli.tangalin/tpr/tpr/results/hpc_rq1/nominal/jumper/biped/nchl/seed_006,e581d803244e54df0bab78f078df05708a68027df13e734952b5fc1de4915b7f,0cc26d62cc86c7192a261d4229196f8f376d7bf89c2b46336cd51bedfd0f328f,6,Jumper-v0,biped,2,9197516287707139064,7789448062882196537,W0,0.0,0,-0.1704079076886128,500,False,True,0.17160097401714092,/home/rowanli.tangalin/tpr/tpr/results/hpc_rq1/nominal_analysis/traces/Jumper-v0_biped_nchl_train006_analysis02.npz
jumper__biped__nchl__seed_006,/home/rowanli.tangalin/tpr/tpr/results/hpc_rq1/nominal/jumper/biped/nchl/seed_006,e581d803244e54df0bab78f078df05708a68027df13e734952b5fc1de4915b7f,0cc26d62cc86c7192a261d4229196f8f376d7bf89c2b46336cd51bedfd0f328f,6,Jumper-v0,biped,2,9197516287707139064,7789448062882196537,W25,0.25,125,-2.459507338249984,500,False,True,0.17160097401714092,/home/rowanli.tangalin/tpr/tpr/results/hpc_rq1/nominal_analysis/traces/Jumper-v0_biped_nchl_train006_analysis02.npz
jumper__biped__nchl__seed_006,/home/rowanli.tangalin/tpr/tpr/results/hpc_rq1/nominal/jumper/biped/nchl/seed_006,e581d803244e54df0bab78f078df05708a68027df13e734952b5fc1de4915b7f,0cc26d62cc86c7192a261d4229196f8f376d7bf89c2b46336cd51bedfd0f328f,6,Jumper-v0,biped,2,9197516287707139064,7789448062882196537,W50,0.5,250,-2.222283842773586,500,False,True,0.17160097401714092,/home/rowanli.tangalin/tpr/tpr/results/hpc_rq1/nominal_analysis/traces/Jumper-v0_biped_nchl_train006_analysis02.npz
jumper__biped__nchl__seed_006,/home/rowanli.tangalin/tpr/tpr/results/hpc_rq1/nominal/jumper/biped/nchl/seed_006,e581d803244e54df0bab78f078df05708a68027df13e734952b5fc1de4915b7f,0cc26d62cc86c7192a261d4229196f8f376d7bf89c2b46336cd51bedfd0f328f,6,Jumper-v0,biped,2,9197516287707139064,7789448062882196537,W75,0.75,375,-1.2437809245018134,500,False,True,0.17160097401714092,/home/rowanli.tangalin/tpr/tpr/results/hpc_rq1/nominal_analysis/traces/Jumper-v0_biped_nchl_train006_analysis02.npz
jumper__biped__nchl__seed_006,/home/rowanli.tangalin/tpr/tpr/results/hpc_rq1/nominal/jumper/biped/nchl/seed_006,e581d803244e54df0bab78f078df05708a68027df13e734952b5fc1de4915b7f,0cc26d62cc86c7192a261d4229196f8f376d7bf89c2b46336cd51bedfd0f328f,6,Jumper-v0,biped,2,9197516287707139064,7789448062882196537,Wfinal,1.0,500,-1.577652302198516,500,False,True,0.17160097401714092,/home/rowanli.tangalin/tpr/tpr/results/hpc_rq1/nominal_analysis/traces/Jumper-v0_biped_nchl_train006_analysis02.npz
jumper__biped__nchl__seed_007,/home/rowanli.tangalin/tpr/tpr/results/hpc_rq1/nominal/jumper/biped/nchl/seed_007,9d38fb066983b9e715bc2130dbce759c2b50aa4d458452aeaae5656f36c5bbf5,63cdf755037e5a2006a1a382e443831214d30b290602cf1e57beb60634630920,7,Jumper-v0,biped,0,7273538705011962834,3327181185902024434,W0,0.0,0,-0.17100995290673437,500,False,True,0.10197236479571825,/home/rowanli.tangalin/tpr/tpr/results/hpc_rq1/nominal_analysis/traces/Jumper-v0_biped_nchl_train007_analysis00.npz
jumper__biped__nchl__seed_007,/home/rowanli.tangalin/tpr/tpr/results/hpc_rq1/nominal/jumper/biped/nchl/seed_007,9d38fb066983b9e715bc2130dbce759c2b50aa4d458452aeaae5656f36c5bbf5,63cdf755037e5a2006a1a382e443831214d30b290602cf1e57beb60634630920,7,Jumper-v0,biped,0,7273538705011962834,3327181185902024434,W25,0.25,125,0.10512717878477185,500,False,True,0.10197236479571825,/home/rowanli.tangalin/tpr/tpr/results/hpc_rq1/nominal_analysis/traces/Jumper-v0_biped_nchl_train007_analysis00.npz
jumper__biped__nchl__seed_007,/home/rowanli.tangalin/tpr/tpr/results/hpc_rq1/nominal/jumper/biped/nchl/seed_007,9d38fb066983b9e715bc2130dbce759c2b50aa4d458452aeaae5656f36c5bbf5,63cdf755037e5a2006a1a382e443831214d30b290602cf1e57beb60634630920,7,Jumper-v0,biped,0,7273538705011962834,3327181185902024434,W50,0.5,250,-3.578273597840959,500,False,True,0.10197236479571825,/home/rowanli.tangalin/tpr/tpr/results/hpc_rq1/nominal_analysis/traces/Jumper-v0_biped_nchl_train007_analysis00.npz
jumper__biped__nchl__seed_007,/home/rowanli.tangalin/tpr/tpr/results/hpc_rq1/nominal/jumper/biped/nchl/seed_007,9d38fb066983b9e715bc2130dbce759c2b50aa4d458452aeaae5656f36c5bbf5,63cdf755037e5a2006a1a382e443831214d30b290602cf1e57beb60634630920,7,Jumper-v0,biped,0,7273538705011962834,3327181185902024434,W75,0.75,375,-3.739859655461532,500,False,True,0.10197236479571825,/home/rowanli.tangalin/tpr/tpr/results/hpc_rq1/nominal_analysis/traces/Jumper-v0_biped_nchl_train007_analysis00.npz
jumper__biped__nchl__seed_007,/home/rowanli.tangalin/tpr/tpr/results/hpc_rq1/nominal/jumper/biped/nchl/seed_007,9d38fb066983b9e715bc2130dbce759c2b50aa4d458452aeaae5656f36c5bbf5,63cdf755037e5a2006a1a382e443831214d30b290602cf1e57beb60634630920,7,Jumper-v0,biped,0,7273538705011962834,3327181185902024434,Wfinal,1.0,500,-3.94778710433054,500,False,True,0.10197236479571825,/home/rowanli.tangalin/tpr/tpr/results/hpc_rq1/nominal_analysis/traces/Jumper-v0_biped_nchl_train007_analysis00.npz
jumper__biped__nchl__seed_007,/home/rowanli.tangalin/tpr/tpr/results/hpc_rq1/nominal/jumper/biped/nchl/seed_007,9d38fb066983b9e715bc2130dbce759c2b50aa4d458452aeaae5656f36c5bbf5,63cdf755037e5a2006a1a382e443831214d30b290602cf1e57beb60634630920,7,Jumper-v0,biped,1,219581318861383269,6126904072154767176,W0,0.0,0,-0.18742667969365134,500,False,True,0.10421802203996855,/home/rowanli.tangalin/tpr/tpr/results/hpc_rq1/nominal_analysis/traces/Jumper-v0_biped_nchl_train007_analysis01.npz
jumper__biped__nchl__seed_007,/home/rowanli.tangalin/tpr/tpr/results/hpc_rq1/nominal/jumper/biped/nchl/seed_007,9d38fb066983b9e715bc2130dbce759c2b50aa4d458452aeaae5656f36c5bbf5,63cdf755037e5a2006a1a382e443831214d30b290602cf1e57beb60634630920,7,Jumper-v0,biped,1,219581318861383269,6126904072154767176,W25,0.25,125,0.11087766608379845,500,False,True,0.10421802203996855,/home/rowanli.tangalin/tpr/tpr/results/hpc_rq1/nominal_analysis/traces/Jumper-v0_biped_nchl_train007_analysis01.npz
jumper__biped__nchl__seed_007,/home/rowanli.tangalin/tpr/tpr/results/hpc_rq1/nominal/jumper/biped/nchl/seed_007,9d38fb066983b9e715bc2130dbce759c2b50aa4d458452aeaae5656f36c5bbf5,63cdf755037e5a2006a1a382e443831214d30b290602cf1e57beb60634630920,7,Jumper-v0,biped,1,219581318861383269,6126904072154767176,W50,0.5,250,-3.800577969237766,500,False,True,0.10421802203996855,/home/rowanli.tangalin/tpr/tpr/results/hpc_rq1/nominal_analysis/traces/Jumper-v0_biped_nchl_train007_analysis01.npz
jumper__biped__nchl__seed_007,/home/rowanli.tangalin/tpr/tpr/results/hpc_rq1/nominal/jumper/biped/nchl/seed_007,9d38fb066983b9e715bc2130dbce759c2b50aa4d458452aeaae5656f36c5bbf5,63cdf755037e5a2006a1a382e443831214d30b290602cf1e57beb60634630920,7,Jumper-v0,biped,1,219581318861383269,6126904072154767176,W75,0.75,375,-3.950447681291168,500,False,True,0.10421802203996855,/home/rowanli.tangalin/tpr/tpr/results/hpc_rq1/nominal_analysis/traces/Jumper-v0_biped_nchl_train007_analysis01.npz
jumper__biped__nchl__seed_007,/home/rowanli.tangalin/tpr/tpr/results/hpc_rq1/nominal/jumper/biped/nchl/seed_007,9d38fb066983b9e715bc2130dbce759c2b50aa4d458452aeaae5656f36c5bbf5,63cdf755037e5a2006a1a382e443831214d30b290602cf1e57beb60634630920,7,Jumper-v0,biped,1,219581318861383269,6126904072154767176,Wfinal,1.0,500,-3.923938363650961,500,False,True,0.10421802203996855,/home/rowanli.tangalin/tpr/tpr/results/hpc_rq1/nominal_analysis/traces/Jumper-v0_biped_nchl_train007_analysis01.npz
jumper__biped__nchl__seed_007,/home/rowanli.tangalin/tpr/tpr/results/hpc_rq1/nominal/jumper/biped/nchl/seed_007,9d38fb066983b9e715bc2130dbce759c2b50aa4d458452aeaae5656f36c5bbf5,63cdf755037e5a2006a1a382e443831214d30b290602cf1e57beb60634630920,7,Jumper-v0,biped,2,7655123995385766933,8050610523573754527,W0,0.0,0,-0.1470706893160001,500,False,True,0.018921822483770057,/home/rowanli.tangalin/tpr/tpr/results/hpc_rq1/nominal_analysis/traces/Jumper-v0_biped_nchl_train007_analysis02.npz
jumper__biped__nchl__seed_007,/home/rowanli.tangalin/tpr/tpr/results/hpc_rq1/nominal/jumper/biped/nchl/seed_007,9d38fb066983b9e715bc2130dbce759c2b50aa4d458452aeaae5656f36c5bbf5,63cdf755037e5a2006a1a382e443831214d30b290602cf1e57beb60634630920,7,Jumper-v0,biped,2,7655123995385766933,8050610523573754527,W25,0.25,125,0.10150463971153434,500,False,True,0.018921822483770057,/home/rowanli.tangalin/tpr/tpr/results/hpc_rq1/nominal_analysis/traces/Jumper-v0_biped_nchl_train007_analysis02.npz
jumper__biped__nchl__seed_007,/home/rowanli.tangalin/tpr/tpr/results/hpc_rq1/nominal/jumper/biped/nchl/seed_007,9d38fb066983b9e715bc2130dbce759c2b50aa4d458452aeaae5656f36c5bbf5,63cdf755037e5a2006a1a382e443831214d30b290602cf1e57beb60634630920,7,Jumper-v0,biped,2,7655123995385766933,8050610523573754527,W50,0.5,250,-3.7972421484886394,500,False,True,0.018921822483770057,/home/rowanli.tangalin/tpr/tpr/results/hpc_rq1/nominal_analysis/traces/Jumper-v0_biped_nchl_train007_analysis02.npz
jumper__biped__nchl__seed_007,/home/rowanli.tangalin/tpr/tpr/results/hpc_rq1/nominal/jumper/biped/nchl/seed_007,9d38fb066983b9e715bc2130dbce759c2b50aa4d458452aeaae5656f36c5bbf5,63cdf755037e5a2006a1a382e443831214d30b290602cf1e57beb60634630920,7,Jumper-v0,biped,2,7655123995385766933,8050610523573754527,W75,0.75,375,-3.73139269076817,500,False,True,0.018921822483770057,/home/rowanli.tangalin/tpr/tpr/results/hpc_rq1/nominal_analysis/traces/Jumper-v0_biped_nchl_train007_analysis02.npz
jumper__biped__nchl__seed_007,/home/rowanli.tangalin/tpr/tpr/results/hpc_rq1/nominal/jumper/biped/nchl/seed_007,9d38fb066983b9e715bc2130dbce759c2b50aa4d458452aeaae5656f36c5bbf5,63cdf755037e5a2006a1a382e443831214d30b290602cf1e57beb60634630920,7,Jumper-v0,biped,2,7655123995385766933,8050610523573754527,Wfinal,1.0,500,0.09415735727156593,500,False,True,0.018921822483770057,/home/rowanli.tangalin/tpr/tpr/results/hpc_rq1/nominal_analysis/traces/Jumper-v0_biped_nchl_train007_analysis02.npz
jumper__biped__nchl__seed_008,/home/rowanli.tangalin/tpr/tpr/results/hpc_rq1/nominal/jumper/biped/nchl/seed_008,17aece822f94a514674ab91416f8706dc0a999faff4bdf31d2335a917c51b138,a34173ef43e656c7a3f3a16081281693e59f61101c7c14fa5ab2f7535c42d0dd,8,Jumper-v0,biped,0,4480449054597749916,4714160801966532834,W0,0.0,0,-0.1924593984717321,500,False,True,0.031564066756303855,/home/rowanli.tangalin/tpr/tpr/results/hpc_rq1/nominal_analysis/traces/Jumper-v0_biped_nchl_train008_analysis00.npz
jumper__biped__nchl__seed_008,/home/rowanli.tangalin/tpr/tpr/results/hpc_rq1/nominal/jumper/biped/nchl/seed_008,17aece822f94a514674ab91416f8706dc0a999faff4bdf31d2335a917c51b138,a34173ef43e656c7a3f3a16081281693e59f61101c7c14fa5ab2f7535c42d0dd,8,Jumper-v0,biped,0,4480449054597749916,4714160801966532834,W25,0.25,125,-1.209406462499415,500,False,True,0.031564066756303855,/home/rowanli.tangalin/tpr/tpr/results/hpc_rq1/nominal_analysis/traces/Jumper-v0_biped_nchl_train008_analysis00.npz
jumper__biped__nchl__seed_008,/home/rowanli.tangalin/tpr/tpr/results/hpc_rq1/nominal/jumper/biped/nchl/seed_008,17aece822f94a514674ab91416f8706dc0a999faff4bdf31d2335a917c51b138,a34173ef43e656c7a3f3a16081281693e59f61101c7c14fa5ab2f7535c42d0dd,8,Jumper-v0,biped,0,4480449054597749916,4714160801966532834,W50,0.5,250,-1.2505186231552257,500,False,True,0.031564066756303855,/home/rowanli.tangalin/tpr/tpr/results/hpc_rq1/nominal_analysis/traces/Jumper-v0_biped_nchl_train008_analysis00.npz
jumper__biped__nchl__seed_008,/home/rowanli.tangalin/tpr/tpr/results/hpc_rq1/nominal/jumper/biped/nchl/seed_008,17aece822f94a514674ab91416f8706dc0a999faff4bdf31d2335a917c51b138,a34173ef43e656c7a3f3a16081281693e59f61101c7c14fa5ab2f7535c42d0dd,8,Jumper-v0,biped,0,4480449054597749916,4714160801966532834,W75,0.75,375,-1.2613532328323713,500,False,True,0.031564066756303855,/home/rowanli.tangalin/tpr/tpr/results/hpc_rq1/nominal_analysis/traces/Jumper-v0_biped_nchl_train008_analysis00.npz
jumper__biped__nchl__seed_008,/home/rowanli.tangalin/tpr/tpr/results/hpc_rq1/nominal/jumper/biped/nchl/seed_008,17aece822f94a514674ab91416f8706dc0a999faff4bdf31d2335a917c51b138,a34173ef43e656c7a3f3a16081281693e59f61101c7c14fa5ab2f7535c42d0dd,8,Jumper-v0,biped,0,4480449054597749916,4714160801966532834,Wfinal,1.0,500,-1.1275791426154835,500,False,True,0.031564066756303855,/home/rowanli.tangalin/tpr/tpr/results/hpc_rq1/nominal_analysis/traces/Jumper-v0_biped_nchl_train008_analysis00.npz
jumper__biped__nchl__seed_008,/home/rowanli.tangalin/tpr/tpr/results/hpc_rq1/nominal/jumper/biped/nchl/seed_008,17aece822f94a514674ab91416f8706dc0a999faff4bdf31d2335a917c51b138,a34173ef43e656c7a3f3a16081281693e59f61101c7c14fa5ab2f7535c42d0dd,8,Jumper-v0,biped,1,8169066096088904802,2410012360361453569,W0,0.0,0,-0.16948625614565893,500,False,True,0.2072241078850634,/home/rowanli.tangalin/tpr/tpr/results/hpc_rq1/nominal_analysis/traces/Jumper-v0_biped_nchl_train008_analysis01.npz
jumper__biped__nchl__seed_008,/home/rowanli.tangalin/tpr/tpr/results/hpc_rq1/nominal/jumper/biped/nchl/seed_008,17aece822f94a514674ab91416f8706dc0a999faff4bdf31d2335a917c51b138,a34173ef43e656c7a3f3a16081281693e59f61101c7c14fa5ab2f7535c42d0dd,8,Jumper-v0,biped,1,8169066096088904802,2410012360361453569,W25,0.25,125,-1.14378836740813,500,False,True,0.2072241078850634,/home/rowanli.tangalin/tpr/tpr/results/hpc_rq1/nominal_analysis/traces/Jumper-v0_biped_nchl_train008_analysis01.npz
jumper__biped__nchl__seed_008,/home/rowanli.tangalin/tpr/tpr/results/hpc_rq1/nominal/jumper/biped/nchl/seed_008,17aece822f94a514674ab91416f8706dc0a999faff4bdf31d2335a917c51b138,a34173ef43e656c7a3f3a16081281693e59f61101c7c14fa5ab2f7535c42d0dd,8,Jumper-v0,biped,1,8169066096088904802,2410012360361453569,W50,0.5,250,-1.1959873331491178,500,False,True,0.2072241078850634,/home/rowanli.tangalin/tpr/tpr/results/hpc_rq1/nominal_analysis/traces/Jumper-v0_biped_nchl_train008_analysis01.npz
jumper__biped__nchl__seed_008,/home/rowanli.tangalin/tpr/tpr/results/hpc_rq1/nominal/jumper/biped/nchl/seed_008,17aece822f94a514674ab91416f8706dc0a999faff4bdf31d2335a917c51b138,a34173ef43e656c7a3f3a16081281693e59f61101c7c14fa5ab2f7535c42d0dd,8,Jumper-v0,biped,1,8169066096088904802,2410012360361453569,W75,0.75,375,-1.1877604016784553,500,False,True,0.2072241078850634,/home/rowanli.tangalin/tpr/tpr/results/hpc_rq1/nominal_analysis/traces/Jumper-v0_biped_nchl_train008_analysis01.npz
jumper__biped__nchl__seed_008,/home/rowanli.tangalin/tpr/tpr/results/hpc_rq1/nominal/jumper/biped/nchl/seed_008,17aece822f94a514674ab91416f8706dc0a999faff4bdf31d2335a917c51b138,a34173ef43e656c7a3f3a16081281693e59f61101c7c14fa5ab2f7535c42d0dd,8,Jumper-v0,biped,1,8169066096088904802,2410012360361453569,Wfinal,1.0,500,-1.1944010024632556,500,False,True,0.2072241078850634,/home/rowanli.tangalin/tpr/tpr/results/hpc_rq1/nominal_analysis/traces/Jumper-v0_biped_nchl_train008_analysis01.npz
jumper__biped__nchl__seed_008,/home/rowanli.tangalin/tpr/tpr/results/hpc_rq1/nominal/jumper/biped/nchl/seed_008,17aece822f94a514674ab91416f8706dc0a999faff4bdf31d2335a917c51b138,a34173ef43e656c7a3f3a16081281693e59f61101c7c14fa5ab2f7535c42d0dd,8,Jumper-v0,biped,2,1688151127694054410,5098444150450504360,W0,0.0,0,-0.15647860256243595,500,False,True,0.01775024958873661,/home/rowanli.tangalin/tpr/tpr/results/hpc_rq1/nominal_analysis/traces/Jumper-v0_biped_nchl_train008_analysis02.npz
jumper__biped__nchl__seed_008,/home/rowanli.tangalin/tpr/tpr/results/hpc_rq1/nominal/jumper/biped/nchl/seed_008,17aece822f94a514674ab91416f8706dc0a999faff4bdf31d2335a917c51b138,a34173ef43e656c7a3f3a16081281693e59f61101c7c14fa5ab2f7535c42d0dd,8,Jumper-v0,biped,2,1688151127694054410,5098444150450504360,W25,0.25,125,0.14871206905261558,500,False,True,0.01775024958873661,/home/rowanli.tangalin/tpr/tpr/results/hpc_rq1/nominal_analysis/traces/Jumper-v0_biped_nchl_train008_analysis02.npz
jumper__biped__nchl__seed_008,/home/rowanli.tangalin/tpr/tpr/results/hpc_rq1/nominal/jumper/biped/nchl/seed_008,17aece822f94a514674ab91416f8706dc0a999faff4bdf31d2335a917c51b138,a34173ef43e656c7a3f3a16081281693e59f61101c7c14fa5ab2f7535c42d0dd,8,Jumper-v0,biped,2,1688151127694054410,5098444150450504360,W50,0.5,250,0.04713773139961741,500,False,True,0.01775024958873661,/home/rowanli.tangalin/tpr/tpr/results/hpc_rq1/nominal_analysis/traces/Jumper-v0_biped_nchl_train008_analysis02.npz
jumper__biped__nchl__seed_008,/home/rowanli.tangalin/tpr/tpr/results/hpc_rq1/nominal/jumper/biped/nchl/seed_008,17aece822f94a514674ab91416f8706dc0a999faff4bdf31d2335a917c51b138,a34173ef43e656c7a3f3a16081281693e59f61101c7c14fa5ab2f7535c42d0dd,8,Jumper-v0,biped,2,1688151127694054410,5098444150450504360,W75,0.75,375,0.006763688870172757,500,False,True,0.01775024958873661,/home/rowanli.tangalin/tpr/tpr/results/hpc_rq1/nominal_analysis/traces/Jumper-v0_biped_nchl_train008_analysis02.npz
jumper__biped__nchl__seed_008,/home/rowanli.tangalin/tpr/tpr/results/hpc_rq1/nominal/jumper/biped/nchl/seed_008,17aece822f94a514674ab91416f8706dc0a999faff4bdf31d2335a917c51b138,a34173ef43e656c7a3f3a16081281693e59f61101c7c14fa5ab2f7535c42d0dd,8,Jumper-v0,biped,2,1688151127694054410,5098444150450504360,Wfinal,1.0,500,-0.7001775439225566,500,False,True,0.01775024958873661,/home/rowanli.tangalin/tpr/tpr/results/hpc_rq1/nominal_analysis/traces/Jumper-v0_biped_nchl_train008_analysis02.npz
jumper__biped__nchl__seed_009,/home/rowanli.tangalin/tpr/tpr/results/hpc_rq1/nominal/jumper/biped/nchl/seed_009,dd6493e763e8b52272d6e23ac84bf3442efdf77ecb9f951091eff2a2060df0a2,11882e5c3a28f4584bd6e6674778450c2449140cbb8112985a9d4c10211aee17,9,Jumper-v0,biped,0,8469251633518957484,5579477484601834272,W0,0.0,0,-0.15508267410770937,500,False,True,-0.6486268570926651,/home/rowanli.tangalin/tpr/tpr/results/hpc_rq1/nominal_analysis/traces/Jumper-v0_biped_nchl_train009_analysis00.npz
jumper__biped__nchl__seed_009,/home/rowanli.tangalin/tpr/tpr/results/hpc_rq1/nominal/jumper/biped/nchl/seed_009,dd6493e763e8b52272d6e23ac84bf3442efdf77ecb9f951091eff2a2060df0a2,11882e5c3a28f4584bd6e6674778450c2449140cbb8112985a9d4c10211aee17,9,Jumper-v0,biped,0,8469251633518957484,5579477484601834272,W25,0.25,125,-10.396066452888327,500,False,True,-0.6486268570926651,/home/rowanli.tangalin/tpr/tpr/results/hpc_rq1/nominal_analysis/traces/Jumper-v0_biped_nchl_train009_analysis00.npz
jumper__biped__nchl__seed_009,/home/rowanli.tangalin/tpr/tpr/results/hpc_rq1/nominal/jumper/biped/nchl/seed_009,dd6493e763e8b52272d6e23ac84bf3442efdf77ecb9f951091eff2a2060df0a2,11882e5c3a28f4584bd6e6674778450c2449140cbb8112985a9d4c10211aee17,9,Jumper-v0,biped,0,8469251633518957484,5579477484601834272,W50,0.5,250,-11.77944958200872,500,False,True,-0.6486268570926651,/home/rowanli.tangalin/tpr/tpr/results/hpc_rq1/nominal_analysis/traces/Jumper-v0_biped_nchl_train009_analysis00.npz
jumper__biped__nchl__seed_009,/home/rowanli.tangalin/tpr/tpr/results/hpc_rq1/nominal/jumper/biped/nchl/seed_009,dd6493e763e8b52272d6e23ac84bf3442efdf77ecb9f951091eff2a2060df0a2,11882e5c3a28f4584bd6e6674778450c2449140cbb8112985a9d4c10211aee17,9,Jumper-v0,biped,0,8469251633518957484,5579477484601834272,W75,0.75,375,-10.0930887530062,500,False,True,-0.6486268570926651,/home/rowanli.tangalin/tpr/tpr/results/hpc_rq1/nominal_analysis/traces/Jumper-v0_biped_nchl_train009_analysis00.npz
jumper__biped__nchl__seed_009,/home/rowanli.tangalin/tpr/tpr/results/hpc_rq1/nominal/jumper/biped/nchl/seed_009,dd6493e763e8b52272d6e23ac84bf3442efdf77ecb9f951091eff2a2060df0a2,11882e5c3a28f4584bd6e6674778450c2449140cbb8112985a9d4c10211aee17,9,Jumper-v0,biped,0,8469251633518957484,5579477484601834272,Wfinal,1.0,500,-9.890421503831702,500,False,True,-0.6486268570926651,/home/rowanli.tangalin/tpr/tpr/results/hpc_rq1/nominal_analysis/traces/Jumper-v0_biped_nchl_train009_analysis00.npz
jumper__biped__nchl__seed_009,/home/rowanli.tangalin/tpr/tpr/results/hpc_rq1/nominal/jumper/biped/nchl/seed_009,dd6493e763e8b52272d6e23ac84bf3442efdf77ecb9f951091eff2a2060df0a2,11882e5c3a28f4584bd6e6674778450c2449140cbb8112985a9d4c10211aee17,9,Jumper-v0,biped,1,5415548583552718452,3538497439875268043,W0,0.0,0,-0.16632047840323294,500,False,True,0.6705660626448078,/home/rowanli.tangalin/tpr/tpr/results/hpc_rq1/nominal_analysis/traces/Jumper-v0_biped_nchl_train009_analysis01.npz
jumper__biped__nchl__seed_009,/home/rowanli.tangalin/tpr/tpr/results/hpc_rq1/nominal/jumper/biped/nchl/seed_009,dd6493e763e8b52272d6e23ac84bf3442efdf77ecb9f951091eff2a2060df0a2,11882e5c3a28f4584bd6e6674778450c2449140cbb8112985a9d4c10211aee17,9,Jumper-v0,biped,1,5415548583552718452,3538497439875268043,W25,0.25,125,-8.985872602445122,500,False,True,0.6705660626448078,/home/rowanli.tangalin/tpr/tpr/results/hpc_rq1/nominal_analysis/traces/Jumper-v0_biped_nchl_train009_analysis01.npz
jumper__biped__nchl__seed_009,/home/rowanli.tangalin/tpr/tpr/results/hpc_rq1/nominal/jumper/biped/nchl/seed_009,dd6493e763e8b52272d6e23ac84bf3442efdf77ecb9f951091eff2a2060df0a2,11882e5c3a28f4584bd6e6674778450c2449140cbb8112985a9d4c10211aee17,9,Jumper-v0,biped,1,5415548583552718452,3538497439875268043,W50,0.5,250,-12.025124007110193,500,False,True,0.6705660626448078,/home/rowanli.tangalin/tpr/tpr/results/hpc_rq1/nominal_analysis/traces/Jumper-v0_biped_nchl_train009_analysis01.npz
jumper__biped__nchl__seed_009,/home/rowanli.tangalin/tpr/tpr/results/hpc_rq1/nominal/jumper/biped/nchl/seed_009,dd6493e763e8b52272d6e23ac84bf3442efdf77ecb9f951091eff2a2060df0a2,11882e5c3a28f4584bd6e6674778450c2449140cbb8112985a9d4c10211aee17,9,Jumper-v0,biped,1,5415548583552718452,3538497439875268043,W75,0.75,375,-8.723886812959687,500,False,True,0.6705660626448078,/home/rowanli.tangalin/tpr/tpr/results/hpc_rq1/nominal_analysis/traces/Jumper-v0_biped_nchl_train009_analysis01.npz
jumper__biped__nchl__seed_009,/home/rowanli.tangalin/tpr/tpr/results/hpc_rq1/nominal/jumper/biped/nchl/seed_009,dd6493e763e8b52272d6e23ac84bf3442efdf77ecb9f951091eff2a2060df0a2,11882e5c3a28f4584bd6e6674778450c2449140cbb8112985a9d4c10211aee17,9,Jumper-v0,biped,1,5415548583552718452,3538497439875268043,Wfinal,1.0,500,-0.4416738235326184,500,False,True,0.6705660626448078,/home/rowanli.tangalin/tpr/tpr/results/hpc_rq1/nominal_analysis/traces/Jumper-v0_biped_nchl_train009_analysis01.npz
jumper__biped__nchl__seed_009,/home/rowanli.tangalin/tpr/tpr/results/hpc_rq1/nominal/jumper/biped/nchl/seed_009,dd6493e763e8b52272d6e23ac84bf3442efdf77ecb9f951091eff2a2060df0a2,11882e5c3a28f4584bd6e6674778450c2449140cbb8112985a9d4c10211aee17,9,Jumper-v0,biped,2,6075971192560964690,5235945277139461518,W0,0.0,0,-0.15097002871207577,500,False,True,-0.2059918253726445,/home/rowanli.tangalin/tpr/tpr/results/hpc_rq1/nominal_analysis/traces/Jumper-v0_biped_nchl_train009_analysis02.npz
jumper__biped__nchl__seed_009,/home/rowanli.tangalin/tpr/tpr/results/hpc_rq1/nominal/jumper/biped/nchl/seed_009,dd6493e763e8b52272d6e23ac84bf3442efdf77ecb9f951091eff2a2060df0a2,11882e5c3a28f4584bd6e6674778450c2449140cbb8112985a9d4c10211aee17,9,Jumper-v0,biped,2,6075971192560964690,5235945277139461518,W25,0.25,125,-11.063297094571041,500,False,True,-0.2059918253726445,/home/rowanli.tangalin/tpr/tpr/results/hpc_rq1/nominal_analysis/traces/Jumper-v0_biped_nchl_train009_analysis02.npz
jumper__biped__nchl__seed_009,/home/rowanli.tangalin/tpr/tpr/results/hpc_rq1/nominal/jumper/biped/nchl/seed_009,dd6493e763e8b52272d6e23ac84bf3442efdf77ecb9f951091eff2a2060df0a2,11882e5c3a28f4584bd6e6674778450c2449140cbb8112985a9d4c10211aee17,9,Jumper-v0,biped,2,6075971192560964690,5235945277139461518,W50,0.5,250,-11.327295897233704,500,False,True,-0.2059918253726445,/home/rowanli.tangalin/tpr/tpr/results/hpc_rq1/nominal_analysis/traces/Jumper-v0_biped_nchl_train009_analysis02.npz
jumper__biped__nchl__seed_009,/home/rowanli.tangalin/tpr/tpr/results/hpc_rq1/nominal/jumper/biped/nchl/seed_009,dd6493e763e8b52272d6e23ac84bf3442efdf77ecb9f951091eff2a2060df0a2,11882e5c3a28f4584bd6e6674778450c2449140cbb8112985a9d4c10211aee17,9,Jumper-v0,biped,2,6075971192560964690,5235945277139461518,W75,0.75,375,-9.507671976744582,500,False,True,-0.2059918253726445,/home/rowanli.tangalin/tpr/tpr/results/hpc_rq1/nominal_analysis/traces/Jumper-v0_biped_nchl_train009_analysis02.npz
jumper__biped__nchl__seed_009,/home/rowanli.tangalin/tpr/tpr/results/hpc_rq1/nominal/jumper/biped/nchl/seed_009,dd6493e763e8b52272d6e23ac84bf3442efdf77ecb9f951091eff2a2060df0a2,11882e5c3a28f4584bd6e6674778450c2449140cbb8112985a9d4c10211aee17,9,Jumper-v0,biped,2,6075971192560964690,5235945277139461518,Wfinal,1.0,500,-12.14995700874464,500,False,True,-0.2059918253726445,/home/rowanli.tangalin/tpr/tpr/results/hpc_rq1/nominal_analysis/traces/Jumper-v0_biped_nchl_train009_analysis02.npz
thrower__biped__nchl__seed_000,/home/rowanli.tangalin/tpr/tpr/results/hpc_rq1/nominal/thrower/biped/nchl/seed_000,85f126dee04b2643fd0a4d9b2ef470847203371bbbe8b42ed6421f202795e987,19ffbe01742184a854d5e4e241414b5bad39e11efffecec5f032e04b9c191ab2,0,Thrower-v0,biped,0,4940322620982477041,3023897764847979143,W0,0.0,0,0.2978549445380381,300,False,True,1.154474179459621,/home/rowanli.tangalin/tpr/tpr/results/hpc_rq1/nominal_analysis/traces/Thrower-v0_biped_nchl_train000_analysis00.npz
thrower__biped__nchl__seed_000,/home/rowanli.tangalin/tpr/tpr/results/hpc_rq1/nominal/thrower/biped/nchl/seed_000,85f126dee04b2643fd0a4d9b2ef470847203371bbbe8b42ed6421f202795e987,19ffbe01742184a854d5e4e241414b5bad39e11efffecec5f032e04b9c191ab2,0,Thrower-v0,biped,0,4940322620982477041,3023897764847979143,W25,0.25,75,0.13868617444652193,300,False,True,1.154474179459621,/home/rowanli.tangalin/tpr/tpr/results/hpc_rq1/nominal_analysis/traces/Thrower-v0_biped_nchl_train000_analysis00.npz
thrower__biped__nchl__seed_000,/home/rowanli.tangalin/tpr/tpr/results/hpc_rq1/nominal/thrower/biped/nchl/seed_000,85f126dee04b2643fd0a4d9b2ef470847203371bbbe8b42ed6421f202795e987,19ffbe01742184a854d5e4e241414b5bad39e11efffecec5f032e04b9c191ab2,0,Thrower-v0,biped,0,4940322620982477041,3023897764847979143,W50,0.5,150,0.42292492502254925,300,False,True,1.154474179459621,/home/rowanli.tangalin/tpr/tpr/results/hpc_rq1/nominal_analysis/traces/Thrower-v0_biped_nchl_train000_analysis00.npz
thrower__biped__nchl__seed_000,/home/rowanli.tangalin/tpr/tpr/results/hpc_rq1/nominal/thrower/biped/nchl/seed_000,85f126dee04b2643fd0a4d9b2ef470847203371bbbe8b42ed6421f202795e987,19ffbe01742184a854d5e4e241414b5bad39e11efffecec5f032e04b9c191ab2,0,Thrower-v0,biped,0,4940322620982477041,3023897764847979143,W75,0.75,225,0.8625622781981326,300,False,True,1.154474179459621,/home/rowanli.tangalin/tpr/tpr/results/hpc_rq1/nominal_analysis/traces/Thrower-v0_biped_nchl_train000_analysis00.npz
thrower__biped__nchl__seed_000,/home/rowanli.tangalin/tpr/tpr/results/hpc_rq1/nominal/thrower/biped/nchl/seed_000,85f126dee04b2643fd0a4d9b2ef470847203371bbbe8b42ed6421f202795e987,19ffbe01742184a854d5e4e241414b5bad39e11efffecec5f032e04b9c191ab2,0,Thrower-v0,biped,0,4940322620982477041,3023897764847979143,Wfinal,1.0,300,0.3482212884712047,300,False,True,1.154474179459621,/home/rowanli.tangalin/tpr/tpr/results/hpc_rq1/nominal_analysis/traces/Thrower-v0_biped_nchl_train000_analysis00.npz
thrower__biped__nchl__seed_000,/home/rowanli.tangalin/tpr/tpr/results/hpc_rq1/nominal/thrower/biped/nchl/seed_000,85f126dee04b2643fd0a4d9b2ef470847203371bbbe8b42ed6421f202795e987,19ffbe01742184a854d5e4e241414b5bad39e11efffecec5f032e04b9c191ab2,0,Thrower-v0,biped,1,530078296572617688,6966882572876332860,W0,0.0,0,0.37647013675106705,300,False,True,1.6599617211633466,/home/rowanli.tangalin/tpr/tpr/results/hpc_rq1/nominal_analysis/traces/Thrower-v0_biped_nchl_train000_analysis01.npz
thrower__biped__nchl__seed_000,/home/rowanli.tangalin/tpr/tpr/results/hpc_rq1/nominal/thrower/biped/nchl/seed_000,85f126dee04b2643fd0a4d9b2ef470847203371bbbe8b42ed6421f202795e987,19ffbe01742184a854d5e4e241414b5bad39e11efffecec5f032e04b9c191ab2,0,Thrower-v0,biped,1,530078296572617688,6966882572876332860,W25,0.25,75,0.3555887273183816,300,False,True,1.6599617211633466,/home/rowanli.tangalin/tpr/tpr/results/hpc_rq1/nominal_analysis/traces/Thrower-v0_biped_nchl_train000_analysis01.npz
thrower__biped__nchl__seed_000,/home/rowanli.tangalin/tpr/tpr/results/hpc_rq1/nominal/thrower/biped/nchl/seed_000,85f126dee04b2643fd0a4d9b2ef470847203371bbbe8b42ed6421f202795e987,19ffbe01742184a854d5e4e241414b5bad39e11efffecec5f032e04b9c191ab2,0,Thrower-v0,biped,1,530078296572617688,6966882572876332860,W50,0.5,150,0.42906129387010944,300,False,True,1.6599617211633466,/home/rowanli.tangalin/tpr/tpr/results/hpc_rq1/nominal_analysis/traces/Thrower-v0_biped_nchl_train000_analysis01.npz
thrower__biped__nchl__seed_000,/home/rowanli.tangalin/tpr/tpr/results/hpc_rq1/nominal/thrower/biped/nchl/seed_000,85f126dee04b2643fd0a4d9b2ef470847203371bbbe8b42ed6421f202795e987,19ffbe01742184a854d5e4e241414b5bad39e11efffecec5f032e04b9c191ab2,0,Thrower-v0,biped,1,530078296572617688,6966882572876332860,W75,0.75,225,0.44105654675593886,300,False,True,1.6599617211633466,/home/rowanli.tangalin/tpr/tpr/results/hpc_rq1/nominal_analysis/traces/Thrower-v0_biped_nchl_train000_analysis01.npz
thrower__biped__nchl__seed_000,/home/rowanli.tangalin/tpr/tpr/results/hpc_rq1/nominal/thrower/biped/nchl/seed_000,85f126dee04b2643fd0a4d9b2ef470847203371bbbe8b42ed6421f202795e987,19ffbe01742184a854d5e4e241414b5bad39e11efffecec5f032e04b9c191ab2,0,Thrower-v0,biped,1,530078296572617688,6966882572876332860,Wfinal,1.0,300,0.4348599796672024,300,False,True,1.6599617211633466,/home/rowanli.tangalin/tpr/tpr/results/hpc_rq1/nominal_analysis/traces/Thrower-v0_biped_nchl_train000_analysis01.npz
thrower__biped__nchl__seed_000,/home/rowanli.tangalin/tpr/tpr/results/hpc_rq1/nominal/thrower/biped/nchl/seed_000,85f126dee04b2643fd0a4d9b2ef470847203371bbbe8b42ed6421f202795e987,19ffbe01742184a854d5e4e241414b5bad39e11efffecec5f032e04b9c191ab2,0,Thrower-v0,biped,2,7210830791768759910,3424438756091539107,W0,0.0,0,0.2828536536842344,300,False,True,1.468735430284909,/home/rowanli.tangalin/tpr/tpr/results/hpc_rq1/nominal_analysis/traces/Thrower-v0_biped_nchl_train000_analysis02.npz
thrower__biped__nchl__seed_000,/home/rowanli.tangalin/tpr/tpr/results/hpc_rq1/nominal/thrower/biped/nchl/seed_000,85f126dee04b2643fd0a4d9b2ef470847203371bbbe8b42ed6421f202795e987,19ffbe01742184a854d5e4e241414b5bad39e11efffecec5f032e04b9c191ab2,0,Thrower-v0,biped,2,7210830791768759910,3424438756091539107,W25,0.25,75,0.3701423420909291,300,False,True,1.468735430284909,/home/rowanli.tangalin/tpr/tpr/results/hpc_rq1/nominal_analysis/traces/Thrower-v0_biped_nchl_train000_analysis02.npz
thrower__biped__nchl__seed_000,/home/rowanli.tangalin/tpr/tpr/results/hpc_rq1/nominal/thrower/biped/nchl/seed_000,85f126dee04b2643fd0a4d9b2ef470847203371bbbe8b42ed6421f202795e987,19ffbe01742184a854d5e4e241414b5bad39e11efffecec5f032e04b9c191ab2,0,Thrower-v0,biped,2,7210830791768759910,3424438756091539107,W50,0.5,150,0.3894605901954026,300,False,True,1.468735430284909,/home/rowanli.tangalin/tpr/tpr/results/hpc_rq1/nominal_analysis/traces/Thrower-v0_biped_nchl_train000_analysis02.npz
thrower__biped__nchl__seed_000,/home/rowanli.tangalin/tpr/tpr/results/hpc_rq1/nominal/thrower/biped/nchl/seed_000,85f126dee04b2643fd0a4d9b2ef470847203371bbbe8b42ed6421f202795e987,19ffbe01742184a854d5e4e241414b5bad39e11efffecec5f032e04b9c191ab2,0,Thrower-v0,biped,2,7210830791768759910,3424438756091539107,W75,0.75,225,0.3736260297817485,300,False,True,1.468735430284909,/home/rowanli.tangalin/tpr/tpr/results/hpc_rq1/nominal_analysis/traces/Thrower-v0_biped_nchl_train000_analysis02.npz
thrower__biped__nchl__seed_000,/home/rowanli.tangalin/tpr/tpr/results/hpc_rq1/nominal/thrower/biped/nchl/seed_000,85f126dee04b2643fd0a4d9b2ef470847203371bbbe8b42ed6421f202795e987,19ffbe01742184a854d5e4e241414b5bad39e11efffecec5f032e04b9c191ab2,0,Thrower-v0,biped,2,7210830791768759910,3424438756091539107,Wfinal,1.0,300,0.37257227709977603,300,False,True,1.468735430284909,/home/rowanli.tangalin/tpr/tpr/results/hpc_rq1/nominal_analysis/traces/Thrower-v0_biped_nchl_train000_analysis02.npz
thrower__biped__nchl__seed_001,/home/rowanli.tangalin/tpr/tpr/results/hpc_rq1/nominal/thrower/biped/nchl/seed_001,61c08966474b56dd6b98017a698cbb37b8b727f4a69ae24d377b42e027741555,61505cf928bce783417d7c4951c786c27ba556fbbd92e472fd3223a1ebc3ce1d,1,Thrower-v0,biped,0,5232325836976384581,7172422899355977572,W0,0.0,0,0.2526240384711723,300,False,True,1.7416188269349526,/home/rowanli.tangalin/tpr/tpr/results/hpc_rq1/nominal_analysis/traces/Thrower-v0_biped_nchl_train001_analysis00.npz
thrower__biped__nchl__seed_001,/home/rowanli.tangalin/tpr/tpr/results/hpc_rq1/nominal/thrower/biped/nchl/seed_001,61c08966474b56dd6b98017a698cbb37b8b727f4a69ae24d377b42e027741555,61505cf928bce783417d7c4951c786c27ba556fbbd92e472fd3223a1ebc3ce1d,1,Thrower-v0,biped,0,5232325836976384581,7172422899355977572,W25,0.25,75,0.45880488133822117,300,False,True,1.7416188269349526,/home/rowanli.tangalin/tpr/tpr/results/hpc_rq1/nominal_analysis/traces/Thrower-v0_biped_nchl_train001_analysis00.npz
thrower__biped__nchl__seed_001,/home/rowanli.tangalin/tpr/tpr/results/hpc_rq1/nominal/thrower/biped/nchl/seed_001,61c08966474b56dd6b98017a698cbb37b8b727f4a69ae24d377b42e027741555,61505cf928bce783417d7c4951c786c27ba556fbbd92e472fd3223a1ebc3ce1d,1,Thrower-v0,biped,0,5232325836976384581,7172422899355977572,W50,0.5,150,0.43297356688581806,300,False,True,1.7416188269349526,/home/rowanli.tangalin/tpr/tpr/results/hpc_rq1/nominal_analysis/traces/Thrower-v0_biped_nchl_train001_analysis00.npz
thrower__biped__nchl__seed_001,/home/rowanli.tangalin/tpr/tpr/results/hpc_rq1/nominal/thrower/biped/nchl/seed_001,61c08966474b56dd6b98017a698cbb37b8b727f4a69ae24d377b42e027741555,61505cf928bce783417d7c4951c786c27ba556fbbd92e472fd3223a1ebc3ce1d,1,Thrower-v0,biped,0,5232325836976384581,7172422899355977572,W75,0.75,225,0.45511677455014865,300,False,True,1.7416188269349526,/home/rowanli.tangalin/tpr/tpr/results/hpc_rq1/nominal_analysis/traces/Thrower-v0_biped_nchl_train001_analysis00.npz
thrower__biped__nchl__seed_001,/home/rowanli.tangalin/tpr/tpr/results/hpc_rq1/nominal/thrower/biped/nchl/seed_001,61c08966474b56dd6b98017a698cbb37b8b727f4a69ae24d377b42e027741555,61505cf928bce783417d7c4951c786c27ba556fbbd92e472fd3223a1ebc3ce1d,1,Thrower-v0,biped,0,5232325836976384581,7172422899355977572,Wfinal,1.0,300,0.44447607773533504,300,False,True,1.7416188269349526,/home/rowanli.tangalin/tpr/tpr/results/hpc_rq1/nominal_analysis/traces/Thrower-v0_biped_nchl_train001_analysis00.npz
thrower__biped__nchl__seed_001,/home/rowanli.tangalin/tpr/tpr/results/hpc_rq1/nominal/thrower/biped/nchl/seed_001,61c08966474b56dd6b98017a698cbb37b8b727f4a69ae24d377b42e027741555,61505cf928bce783417d7c4951c786c27ba556fbbd92e472fd3223a1ebc3ce1d,1,Thrower-v0,biped,1,3184075494390970209,9147161066225580108,W0,0.0,0,0.3135876114366354,300,False,True,0.7102678164628742,/home/rowanli.tangalin/tpr/tpr/results/hpc_rq1/nominal_analysis/traces/Thrower-v0_biped_nchl_train001_analysis01.npz
thrower__biped__nchl__seed_001,/home/rowanli.tangalin/tpr/tpr/results/hpc_rq1/nominal/thrower/biped/nchl/seed_001,61c08966474b56dd6b98017a698cbb37b8b727f4a69ae24d377b42e027741555,61505cf928bce783417d7c4951c786c27ba556fbbd92e472fd3223a1ebc3ce1d,1,Thrower-v0,biped,1,3184075494390970209,9147161066225580108,W25,0.25,75,0.3672897119802882,300,False,True,0.7102678164628742,/home/rowanli.tangalin/tpr/tpr/results/hpc_rq1/nominal_analysis/traces/Thrower-v0_biped_nchl_train001_analysis01.npz
thrower__biped__nchl__seed_001,/home/rowanli.tangalin/tpr/tpr/results/hpc_rq1/nominal/thrower/biped/nchl/seed_001,61c08966474b56dd6b98017a698cbb37b8b727f4a69ae24d377b42e027741555,61505cf928bce783417d7c4951c786c27ba556fbbd92e472fd3223a1ebc3ce1d,1,Thrower-v0,biped,1,3184075494390970209,9147161066225580108,W50,0.5,150,0.4702181926330873,300,False,True,0.7102678164628742,/home/rowanli.tangalin/tpr/tpr/results/hpc_rq1/nominal_analysis/traces/Thrower-v0_biped_nchl_train001_analysis01.npz
thrower__biped__nchl__seed_001,/home/rowanli.tangalin/tpr/tpr/results/hpc_rq1/nominal/thrower/biped/nchl/seed_001,61c08966474b56dd6b98017a698cbb37b8b727f4a69ae24d377b42e027741555,61505cf928bce783417d7c4951c786c27ba556fbbd92e472fd3223a1ebc3ce1d,1,Thrower-v0,biped,1,3184075494390970209,9147161066225580108,W75,0.75,225,0.4057749093346225,300,False,True,0.7102678164628742,/home/rowanli.tangalin/tpr/tpr/results/hpc_rq1/nominal_analysis/traces/Thrower-v0_biped_nchl_train001_analysis01.npz
thrower__biped__nchl__seed_001,/home/rowanli.tangalin/tpr/tpr/results/hpc_rq1/nominal/thrower/biped/nchl/seed_001,61c08966474b56dd6b98017a698cbb37b8b727f4a69ae24d377b42e027741555,61505cf928bce783417d7c4951c786c27ba556fbbd92e472fd3223a1ebc3ce1d,1,Thrower-v0,biped,1,3184075494390970209,9147161066225580108,Wfinal,1.0,300,0.4491052585524037,300,False,True,0.7102678164628742,/home/rowanli.tangalin/tpr/tpr/results/hpc_rq1/nominal_analysis/traces/Thrower-v0_biped_nchl_train001_analysis01.npz
thrower__biped__nchl__seed_001,/home/rowanli.tangalin/tpr/tpr/results/hpc_rq1/nominal/thrower/biped/nchl/seed_001,61c08966474b56dd6b98017a698cbb37b8b727f4a69ae24d377b42e027741555,61505cf928bce783417d7c4951c786c27ba556fbbd92e472fd3223a1ebc3ce1d,1,Thrower-v0,biped,2,6337936886056088,9019669384804417704,W0,0.0,0,0.27064949858646403,300,False,True,1.7474112733556988,/home/rowanli.tangalin/tpr/tpr/results/hpc_rq1/nominal_analysis/traces/Thrower-v0_biped_nchl_train001_analysis02.npz
thrower__biped__nchl__seed_001,/home/rowanli.tangalin/tpr/tpr/results/hpc_rq1/nominal/thrower/biped/nchl/seed_001,61c08966474b56dd6b98017a698cbb37b8b727f4a69ae24d377b42e027741555,61505cf928bce783417d7c4951c786c27ba556fbbd92e472fd3223a1ebc3ce1d,1,Thrower-v0,biped,2,6337936886056088,9019669384804417704,W25,0.25,75,0.3949937364605725,300,False,True,1.7474112733556988,/home/rowanli.tangalin/tpr/tpr/results/hpc_rq1/nominal_analysis/traces/Thrower-v0_biped_nchl_train001_analysis02.npz
thrower__biped__nchl__seed_001,/home/rowanli.tangalin/tpr/tpr/results/hpc_rq1/nominal/thrower/biped/nchl/seed_001,61c08966474b56dd6b98017a698cbb37b8b727f4a69ae24d377b42e027741555,61505cf928bce783417d7c4951c786c27ba556fbbd92e472fd3223a1ebc3ce1d,1,Thrower-v0,biped,2,6337936886056088,9019669384804417704,W50,0.5,150,0.4295015890724591,300,False,True,1.7474112733556988,/home/rowanli.tangalin/tpr/tpr/results/hpc_rq1/nominal_analysis/traces/Thrower-v0_biped_nchl_train001_analysis02.npz
thrower__biped__nchl__seed_001,/home/rowanli.tangalin/tpr/tpr/results/hpc_rq1/nominal/thrower/biped/nchl/seed_001,61c08966474b56dd6b98017a698cbb37b8b727f4a69ae24d377b42e027741555,61505cf928bce783417d7c4951c786c27ba556fbbd92e472fd3223a1ebc3ce1d,1,Thrower-v0,biped,2,6337936886056088,9019669384804417704,W75,0.75,225,0.47672476886433024,300,False,True,1.7474112733556988,/home/rowanli.tangalin/tpr/tpr/results/hpc_rq1/nominal_analysis/traces/Thrower-v0_biped_nchl_train001_analysis02.npz
thrower__biped__nchl__seed_001,/home/rowanli.tangalin/tpr/tpr/results/hpc_rq1/nominal/thrower/biped/nchl/seed_001,61c08966474b56dd6b98017a698cbb37b8b727f4a69ae24d377b42e027741555,61505cf928bce783417d7c4951c786c27ba556fbbd92e472fd3223a1ebc3ce1d,1,Thrower-v0,biped,2,6337936886056088,9019669384804417704,Wfinal,1.0,300,0.45109920628182987,300,False,True,1.7474112733556988,/home/rowanli.tangalin/tpr/tpr/results/hpc_rq1/nominal_analysis/traces/Thrower-v0_biped_nchl_train001_analysis02.npz
thrower__biped__nchl__seed_002,/home/rowanli.tangalin/tpr/tpr/results/hpc_rq1/nominal/thrower/biped/nchl/seed_002,d80ec06808ec47fdf5b72777017b12eafdb3c945892b323b16599af5b95527ee,42a85fc52e98b2a33fbe6d61ca13ee32688f9b4feabcd30f24fd5815168d5308,2,Thrower-v0,biped,0,4709125304908105630,1244304497912131803,W0,0.0,0,0.4145041257342192,300,False,True,1.1980414685289726,/home/rowanli.tangalin/tpr/tpr/results/hpc_rq1/nominal_analysis/traces/Thrower-v0_biped_nchl_train002_analysis00.npz
thrower__biped__nchl__seed_002,/home/rowanli.tangalin/tpr/tpr/results/hpc_rq1/nominal/thrower/biped/nchl/seed_002,d80ec06808ec47fdf5b72777017b12eafdb3c945892b323b16599af5b95527ee,42a85fc52e98b2a33fbe6d61ca13ee32688f9b4feabcd30f24fd5815168d5308,2,Thrower-v0,biped,0,4709125304908105630,1244304497912131803,W25,0.25,75,0.3811283967328054,300,False,True,1.1980414685289726,/home/rowanli.tangalin/tpr/tpr/results/hpc_rq1/nominal_analysis/traces/Thrower-v0_biped_nchl_train002_analysis00.npz
thrower__biped__nchl__seed_002,/home/rowanli.tangalin/tpr/tpr/results/hpc_rq1/nominal/thrower/biped/nchl/seed_002,d80ec06808ec47fdf5b72777017b12eafdb3c945892b323b16599af5b95527ee,42a85fc52e98b2a33fbe6d61ca13ee32688f9b4feabcd30f24fd5815168d5308,2,Thrower-v0,biped,0,4709125304908105630,1244304497912131803,W50,0.5,150,0.8179820130741957,300,False,True,1.1980414685289726,/home/rowanli.tangalin/tpr/tpr/results/hpc_rq1/nominal_analysis/traces/Thrower-v0_biped_nchl_train002_analysis00.npz
thrower__biped__nchl__seed_002,/home/rowanli.tangalin/tpr/tpr/results/hpc_rq1/nominal/thrower/biped/nchl/seed_002,d80ec06808ec47fdf5b72777017b12eafdb3c945892b323b16599af5b95527ee,42a85fc52e98b2a33fbe6d61ca13ee32688f9b4feabcd30f24fd5815168d5308,2,Thrower-v0,biped,0,4709125304908105630,1244304497912131803,W75,0.75,225,0.4134274371014367,300,False,True,1.1980414685289726,/home/rowanli.tangalin/tpr/tpr/results/hpc_rq1/nominal_analysis/traces/Thrower-v0_biped_nchl_train002_analysis00.npz
thrower__biped__nchl__seed_002,/home/rowanli.tangalin/tpr/tpr/results/hpc_rq1/nominal/thrower/biped/nchl/seed_002,d80ec06808ec47fdf5b72777017b12eafdb3c945892b323b16599af5b95527ee,42a85fc52e98b2a33fbe6d61ca13ee32688f9b4feabcd30f24fd5815168d5308,2,Thrower-v0,biped,0,4709125304908105630,1244304497912131803,Wfinal,1.0,300,0.12838356946995672,300,False,True,1.1980414685289726,/home/rowanli.tangalin/tpr/tpr/results/hpc_rq1/nominal_analysis/traces/Thrower-v0_biped_nchl_train002_analysis00.npz
thrower__biped__nchl__seed_002,/home/rowanli.tangalin/tpr/tpr/results/hpc_rq1/nominal/thrower/biped/nchl/seed_002,d80ec06808ec47fdf5b72777017b12eafdb3c945892b323b16599af5b95527ee,42a85fc52e98b2a33fbe6d61ca13ee32688f9b4feabcd30f24fd5815168d5308,2,Thrower-v0,biped,1,6789895730674132307,2935584579999248951,W0,0.0,0,0.3597317041569865,300,False,True,0.8405038209916615,/home/rowanli.tangalin/tpr/tpr/results/hpc_rq1/nominal_analysis/traces/Thrower-v0_biped_nchl_train002_analysis01.npz
thrower__biped__nchl__seed_002,/home/rowanli.tangalin/tpr/tpr/results/hpc_rq1/nominal/thrower/biped/nchl/seed_002,d80ec06808ec47fdf5b72777017b12eafdb3c945892b323b16599af5b95527ee,42a85fc52e98b2a33fbe6d61ca13ee32688f9b4feabcd30f24fd5815168d5308,2,Thrower-v0,biped,1,6789895730674132307,2935584579999248951,W25,0.25,75,0.7932925152255473,300,False,True,0.8405038209916615,/home/rowanli.tangalin/tpr/tpr/results/hpc_rq1/nominal_analysis/traces/Thrower-v0_biped_nchl_train002_analysis01.npz
thrower__biped__nchl__seed_002,/home/rowanli.tangalin/tpr/tpr/results/hpc_rq1/nominal/thrower/biped/nchl/seed_002,d80ec06808ec47fdf5b72777017b12eafdb3c945892b323b16599af5b95527ee,42a85fc52e98b2a33fbe6d61ca13ee32688f9b4feabcd30f24fd5815168d5308,2,Thrower-v0,biped,1,6789895730674132307,2935584579999248951,W50,0.5,150,0.10212850369339287,300,False,True,0.8405038209916615,/home/rowanli.tangalin/tpr/tpr/results/hpc_rq1/nominal_analysis/traces/Thrower-v0_biped_nchl_train002_analysis01.npz
thrower__biped__nchl__seed_002,/home/rowanli.tangalin/tpr/tpr/results/hpc_rq1/nominal/thrower/biped/nchl/seed_002,d80ec06808ec47fdf5b72777017b12eafdb3c945892b323b16599af5b95527ee,42a85fc52e98b2a33fbe6d61ca13ee32688f9b4feabcd30f24fd5815168d5308,2,Thrower-v0,biped,1,6789895730674132307,2935584579999248951,W75,0.75,225,0.35567379945015226,300,False,True,0.8405038209916615,/home/rowanli.tangalin/tpr/tpr/results/hpc_rq1/nominal_analysis/traces/Thrower-v0_biped_nchl_train002_analysis01.npz
thrower__biped__nchl__seed_002,/home/rowanli.tangalin/tpr/tpr/results/hpc_rq1/nominal/thrower/biped/nchl/seed_002,d80ec06808ec47fdf5b72777017b12eafdb3c945892b323b16599af5b95527ee,42a85fc52e98b2a33fbe6d61ca13ee32688f9b4feabcd30f24fd5815168d5308,2,Thrower-v0,biped,1,6789895730674132307,2935584579999248951,Wfinal,1.0,300,0.40963851045302574,300,False,True,0.8405038209916615,/home/rowanli.tangalin/tpr/tpr/results/hpc_rq1/nominal_analysis/traces/Thrower-v0_biped_nchl_train002_analysis01.npz
thrower__biped__nchl__seed_002,/home/rowanli.tangalin/tpr/tpr/results/hpc_rq1/nominal/thrower/biped/nchl/seed_002,d80ec06808ec47fdf5b72777017b12eafdb3c945892b323b16599af5b95527ee,42a85fc52e98b2a33fbe6d61ca13ee32688f9b4feabcd30f24fd5815168d5308,2,Thrower-v0,biped,2,2298876442789069326,7237655472595637189,W0,0.0,0,0.27709946258415175,300,False,True,1.1921848672221482,/home/rowanli.tangalin/tpr/tpr/results/hpc_rq1/nominal_analysis/traces/Thrower-v0_biped_nchl_train002_analysis02.npz
thrower__biped__nchl__seed_002,/home/rowanli.tangalin/tpr/tpr/results/hpc_rq1/nominal/thrower/biped/nchl/seed_002,d80ec06808ec47fdf5b72777017b12eafdb3c945892b323b16599af5b95527ee,42a85fc52e98b2a33fbe6d61ca13ee32688f9b4feabcd30f24fd5815168d5308,2,Thrower-v0,biped,2,2298876442789069326,7237655472595637189,W25,0.25,75,-0.1054807319609447,300,False,True,1.1921848672221482,/home/rowanli.tangalin/tpr/tpr/results/hpc_rq1/nominal_analysis/traces/Thrower-v0_biped_nchl_train002_analysis02.npz
thrower__biped__nchl__seed_002,/home/rowanli.tangalin/tpr/tpr/results/hpc_rq1/nominal/thrower/biped/nchl/seed_002,d80ec06808ec47fdf5b72777017b12eafdb3c945892b323b16599af5b95527ee,42a85fc52e98b2a33fbe6d61ca13ee32688f9b4feabcd30f24fd5815168d5308,2,Thrower-v0,biped,2,2298876442789069326,7237655472595637189,W50,0.5,150,0.45053418692074326,300,False,True,1.1921848672221482,/home/rowanli.tangalin/tpr/tpr/results/hpc_rq1/nominal_analysis/traces/Thrower-v0_biped_nchl_train002_analysis02.npz
thrower__biped__nchl__seed_002,/home/rowanli.tangalin/tpr/tpr/results/hpc_rq1/nominal/thrower/biped/nchl/seed_002,d80ec06808ec47fdf5b72777017b12eafdb3c945892b323b16599af5b95527ee,42a85fc52e98b2a33fbe6d61ca13ee32688f9b4feabcd30f24fd5815168d5308,2,Thrower-v0,biped,2,2298876442789069326,7237655472595637189,W75,0.75,225,0.3720184380407443,300,False,True,1.1921848672221482,/home/rowanli.tangalin/tpr/tpr/results/hpc_rq1/nominal_analysis/traces/Thrower-v0_biped_nchl_train002_analysis02.npz
thrower__biped__nchl__seed_002,/home/rowanli.tangalin/tpr/tpr/results/hpc_rq1/nominal/thrower/biped/nchl/seed_002,d80ec06808ec47fdf5b72777017b12eafdb3c945892b323b16599af5b95527ee,42a85fc52e98b2a33fbe6d61ca13ee32688f9b4feabcd30f24fd5815168d5308,2,Thrower-v0,biped,2,2298876442789069326,7237655472595637189,Wfinal,1.0,300,0.3111215495072243,300,False,True,1.1921848672221482,/home/rowanli.tangalin/tpr/tpr/results/hpc_rq1/nominal_analysis/traces/Thrower-v0_biped_nchl_train002_analysis02.npz
thrower__biped__nchl__seed_003,/home/rowanli.tangalin/tpr/tpr/results/hpc_rq1/nominal/thrower/biped/nchl/seed_003,57ac6a2fa248a33477e504320336e3b55e66ca312ca9c8c0f68fcf09dad7fbae,381f2f706a69dfec32e067ad8852652d36f152a59a3a162ce0bb6526d10834b9,3,Thrower-v0,biped,0,6875887065855152501,8328361779180904825,W0,0.0,0,0.4113529540703729,300,False,True,1.2111917136701762,/home/rowanli.tangalin/tpr/tpr/results/hpc_rq1/nominal_analysis/traces/Thrower-v0_biped_nchl_train003_analysis00.npz
thrower__biped__nchl__seed_003,/home/rowanli.tangalin/tpr/tpr/results/hpc_rq1/nominal/thrower/biped/nchl/seed_003,57ac6a2fa248a33477e504320336e3b55e66ca312ca9c8c0f68fcf09dad7fbae,381f2f706a69dfec32e067ad8852652d36f152a59a3a162ce0bb6526d10834b9,3,Thrower-v0,biped,0,6875887065855152501,8328361779180904825,W25,0.25,75,0.33817009093163425,300,False,True,1.2111917136701762,/home/rowanli.tangalin/tpr/tpr/results/hpc_rq1/nominal_analysis/traces/Thrower-v0_biped_nchl_train003_analysis00.npz
thrower__biped__nchl__seed_003,/home/rowanli.tangalin/tpr/tpr/results/hpc_rq1/nominal/thrower/biped/nchl/seed_003,57ac6a2fa248a33477e504320336e3b55e66ca312ca9c8c0f68fcf09dad7fbae,381f2f706a69dfec32e067ad8852652d36f152a59a3a162ce0bb6526d10834b9,3,Thrower-v0,biped,0,6875887065855152501,8328361779180904825,W50,0.5,150,0.4187809349585089,300,False,True,1.2111917136701762,/home/rowanli.tangalin/tpr/tpr/results/hpc_rq1/nominal_analysis/traces/Thrower-v0_biped_nchl_train003_analysis00.npz
thrower__biped__nchl__seed_003,/home/rowanli.tangalin/tpr/tpr/results/hpc_rq1/nominal/thrower/biped/nchl/seed_003,57ac6a2fa248a33477e504320336e3b55e66ca312ca9c8c0f68fcf09dad7fbae,381f2f706a69dfec32e067ad8852652d36f152a59a3a162ce0bb6526d10834b9,3,Thrower-v0,biped,0,6875887065855152501,8328361779180904825,W75,0.75,225,0.8876531009084104,300,False,True,1.2111917136701762,/home/rowanli.tangalin/tpr/tpr/results/hpc_rq1/nominal_analysis/traces/Thrower-v0_biped_nchl_train003_analysis00.npz
thrower__biped__nchl__seed_003,/home/rowanli.tangalin/tpr/tpr/results/hpc_rq1/nominal/thrower/biped/nchl/seed_003,57ac6a2fa248a33477e504320336e3b55e66ca312ca9c8c0f68fcf09dad7fbae,381f2f706a69dfec32e067ad8852652d36f152a59a3a162ce0bb6526d10834b9,3,Thrower-v0,biped,0,6875887065855152501,8328361779180904825,Wfinal,1.0,300,0.8932228245398124,300,False,True,1.2111917136701762,/home/rowanli.tangalin/tpr/tpr/results/hpc_rq1/nominal_analysis/traces/Thrower-v0_biped_nchl_train003_analysis00.npz
thrower__biped__nchl__seed_003,/home/rowanli.tangalin/tpr/tpr/results/hpc_rq1/nominal/thrower/biped/nchl/seed_003,57ac6a2fa248a33477e504320336e3b55e66ca312ca9c8c0f68fcf09dad7fbae,381f2f706a69dfec32e067ad8852652d36f152a59a3a162ce0bb6526d10834b9,3,Thrower-v0,biped,1,2344851983452959862,6171704884853545157,W0,0.0,0,0.4255818271087933,300,False,True,1.2642920045244221,/home/rowanli.tangalin/tpr/tpr/results/hpc_rq1/nominal_analysis/traces/Thrower-v0_biped_nchl_train003_analysis01.npz
thrower__biped__nchl__seed_003,/home/rowanli.tangalin/tpr/tpr/results/hpc_rq1/nominal/thrower/biped/nchl/seed_003,57ac6a2fa248a33477e504320336e3b55e66ca312ca9c8c0f68fcf09dad7fbae,381f2f706a69dfec32e067ad8852652d36f152a59a3a162ce0bb6526d10834b9,3,Thrower-v0,biped,1,2344851983452959862,6171704884853545157,W25,0.25,75,0.33817009093163425,300,False,True,1.2642920045244221,/home/rowanli.tangalin/tpr/tpr/results/hpc_rq1/nominal_analysis/traces/Thrower-v0_biped_nchl_train003_analysis01.npz
thrower__biped__nchl__seed_003,/home/rowanli.tangalin/tpr/tpr/results/hpc_rq1/nominal/thrower/biped/nchl/seed_003,57ac6a2fa248a33477e504320336e3b55e66ca312ca9c8c0f68fcf09dad7fbae,381f2f706a69dfec32e067ad8852652d36f152a59a3a162ce0bb6526d10834b9,3,Thrower-v0,biped,1,2344851983452959862,6171704884853545157,W50,0.5,150,0.4275435319016762,300,False,True,1.2642920045244221,/home/rowanli.tangalin/tpr/tpr/results/hpc_rq1/nominal_analysis/traces/Thrower-v0_biped_nchl_train003_analysis01.npz
thrower__biped__nchl__seed_003,/home/rowanli.tangalin/tpr/tpr/results/hpc_rq1/nominal/thrower/biped/nchl/seed_003,57ac6a2fa248a33477e504320336e3b55e66ca312ca9c8c0f68fcf09dad7fbae,381f2f706a69dfec32e067ad8852652d36f152a59a3a162ce0bb6526d10834b9,3,Thrower-v0,biped,1,2344851983452959862,6171704884853545157,W75,0.75,225,0.8516330215002407,300,False,True,1.2642920045244221,/home/rowanli.tangalin/tpr/tpr/results/hpc_rq1/nominal_analysis/traces/Thrower-v0_biped_nchl_train003_analysis01.npz
thrower__biped__nchl__seed_003,/home/rowanli.tangalin/tpr/tpr/results/hpc_rq1/nominal/thrower/biped/nchl/seed_003,57ac6a2fa248a33477e504320336e3b55e66ca312ca9c8c0f68fcf09dad7fbae,381f2f706a69dfec32e067ad8852652d36f152a59a3a162ce0bb6526d10834b9,3,Thrower-v0,biped,1,2344851983452959862,6171704884853545157,Wfinal,1.0,300,0.8914294792137225,300,False,True,1.2642920045244221,/home/rowanli.tangalin/tpr/tpr/results/hpc_rq1/nominal_analysis/traces/Thrower-v0_biped_nchl_train003_analysis01.npz
thrower__biped__nchl__seed_003,/home/rowanli.tangalin/tpr/tpr/results/hpc_rq1/nominal/thrower/biped/nchl/seed_003,57ac6a2fa248a33477e504320336e3b55e66ca312ca9c8c0f68fcf09dad7fbae,381f2f706a69dfec32e067ad8852652d36f152a59a3a162ce0bb6526d10834b9,3,Thrower-v0,biped,2,3189270387817152734,2268335290108042879,W0,0.0,0,0.3665396027776829,300,False,True,1.2700872282708202,/home/rowanli.tangalin/tpr/tpr/results/hpc_rq1/nominal_analysis/traces/Thrower-v0_biped_nchl_train003_analysis02.npz
thrower__biped__nchl__seed_003,/home/rowanli.tangalin/tpr/tpr/results/hpc_rq1/nominal/thrower/biped/nchl/seed_003,57ac6a2fa248a33477e504320336e3b55e66ca312ca9c8c0f68fcf09dad7fbae,381f2f706a69dfec32e067ad8852652d36f152a59a3a162ce0bb6526d10834b9,3,Thrower-v0,biped,2,3189270387817152734,2268335290108042879,W25,0.25,75,0.33817009093163425,300,False,True,1.2700872282708202,/home/rowanli.tangalin/tpr/tpr/results/hpc_rq1/nominal_analysis/traces/Thrower-v0_biped_nchl_train003_analysis02.npz
thrower__biped__nchl__seed_003,/home/rowanli.tangalin/tpr/tpr/results/hpc_rq1/nominal/thrower/biped/nchl/seed_003,57ac6a2fa248a33477e504320336e3b55e66ca312ca9c8c0f68fcf09dad7fbae,381f2f706a69dfec32e067ad8852652d36f152a59a3a162ce0bb6526d10834b9,3,Thrower-v0,biped,2,3189270387817152734,2268335290108042879,W50,0.5,150,0.4111032804411896,300,False,True,1.2700872282708202,/home/rowanli.tangalin/tpr/tpr/results/hpc_rq1/nominal_analysis/traces/Thrower-v0_biped_nchl_train003_analysis02.npz
thrower__biped__nchl__seed_003,/home/rowanli.tangalin/tpr/tpr/results/hpc_rq1/nominal/thrower/biped/nchl/seed_003,57ac6a2fa248a33477e504320336e3b55e66ca312ca9c8c0f68fcf09dad7fbae,381f2f706a69dfec32e067ad8852652d36f152a59a3a162ce0bb6526d10834b9,3,Thrower-v0,biped,2,3189270387817152734,2268335290108042879,W75,0.75,225,0.8500173293371031,300,False,True,1.2700872282708202,/home/rowanli.tangalin/tpr/tpr/results/hpc_rq1/nominal_analysis/traces/Thrower-v0_biped_nchl_train003_analysis02.npz
thrower__biped__nchl__seed_003,/home/rowanli.tangalin/tpr/tpr/results/hpc_rq1/nominal/thrower/biped/nchl/seed_003,57ac6a2fa248a33477e504320336e3b55e66ca312ca9c8c0f68fcf09dad7fbae,381f2f706a69dfec32e067ad8852652d36f152a59a3a162ce0bb6526d10834b9,3,Thrower-v0,biped,2,3189270387817152734,2268335290108042879,Wfinal,1.0,300,0.8926170741516792,300,False,True,1.2700872282708202,/home/rowanli.tangalin/tpr/tpr/results/hpc_rq1/nominal_analysis/traces/Thrower-v0_biped_nchl_train003_analysis02.npz
thrower__biped__nchl__seed_004,/home/rowanli.tangalin/tpr/tpr/results/hpc_rq1/nominal/thrower/biped/nchl/seed_004,49d045e37cb26992b0baf20938b565e78c5cd47cb678ec5007a6d626bd4b858f,3475f76ccfa8cd8f58053686172b8761fe4b927e16f7660324843de664cd2b53,4,Thrower-v0,biped,0,4675618027918977294,6264005447694142635,W0,0.0,0,0.27809825398536975,300,False,True,1.231757115518861,/home/rowanli.tangalin/tpr/tpr/results/hpc_rq1/nominal_analysis/traces/Thrower-v0_biped_nchl_train004_analysis00.npz
thrower__biped__nchl__seed_004,/home/rowanli.tangalin/tpr/tpr/results/hpc_rq1/nominal/thrower/biped/nchl/seed_004,49d045e37cb26992b0baf20938b565e78c5cd47cb678ec5007a6d626bd4b858f,3475f76ccfa8cd8f58053686172b8761fe4b927e16f7660324843de664cd2b53,4,Thrower-v0,biped,0,4675618027918977294,6264005447694142635,W25,0.25,75,0.35208292423479676,300,False,True,1.231757115518861,/home/rowanli.tangalin/tpr/tpr/results/hpc_rq1/nominal_analysis/traces/Thrower-v0_biped_nchl_train004_analysis00.npz
thrower__biped__nchl__seed_004,/home/rowanli.tangalin/tpr/tpr/results/hpc_rq1/nominal/thrower/biped/nchl/seed_004,49d045e37cb26992b0baf20938b565e78c5cd47cb678ec5007a6d626bd4b858f,3475f76ccfa8cd8f58053686172b8761fe4b927e16f7660324843de664cd2b53,4,Thrower-v0,biped,0,4675618027918977294,6264005447694142635,W50,0.5,150,0.2882005907401383,300,False,True,1.231757115518861,/home/rowanli.tangalin/tpr/tpr/results/hpc_rq1/nominal_analysis/traces/Thrower-v0_biped_nchl_train004_analysis00.npz
thrower__biped__nchl__seed_004,/home/rowanli.tangalin/tpr/tpr/results/hpc_rq1/nominal/thrower/biped/nchl/seed_004,49d045e37cb26992b0baf20938b565e78c5cd47cb678ec5007a6d626bd4b858f,3475f76ccfa8cd8f58053686172b8761fe4b927e16f7660324843de664cd2b53,4,Thrower-v0,biped,0,4675618027918977294,6264005447694142635,W75,0.75,225,0.3672782731970636,300,False,True,1.231757115518861,/home/rowanli.tangalin/tpr/tpr/results/hpc_rq1/nominal_analysis/traces/Thrower-v0_biped_nchl_train004_analysis00.npz
thrower__biped__nchl__seed_004,/home/rowanli.tangalin/tpr/tpr/results/hpc_rq1/nominal/thrower/biped/nchl/seed_004,49d045e37cb26992b0baf20938b565e78c5cd47cb678ec5007a6d626bd4b858f,3475f76ccfa8cd8f58053686172b8761fe4b927e16f7660324843de664cd2b53,4,Thrower-v0,biped,0,4675618027918977294,6264005447694142635,Wfinal,1.0,300,0.35236681894355454,300,False,True,1.231757115518861,/home/rowanli.tangalin/tpr/tpr/results/hpc_rq1/nominal_analysis/traces/Thrower-v0_biped_nchl_train004_analysis00.npz
thrower__biped__nchl__seed_004,/home/rowanli.tangalin/tpr/tpr/results/hpc_rq1/nominal/thrower/biped/nchl/seed_004,49d045e37cb26992b0baf20938b565e78c5cd47cb678ec5007a6d626bd4b858f,3475f76ccfa8cd8f58053686172b8761fe4b927e16f7660324843de664cd2b53,4,Thrower-v0,biped,1,1776748932738538903,3330744174114140836,W0,0.0,0,0.286630308246458,300,False,True,1.273005311344011,/home/rowanli.tangalin/tpr/tpr/results/hpc_rq1/nominal_analysis/traces/Thrower-v0_biped_nchl_train004_analysis01.npz
thrower__biped__nchl__seed_004,/home/rowanli.tangalin/tpr/tpr/results/hpc_rq1/nominal/thrower/biped/nchl/seed_004,49d045e37cb26992b0baf20938b565e78c5cd47cb678ec5007a6d626bd4b858f,3475f76ccfa8cd8f58053686172b8761fe4b927e16f7660324843de664cd2b53,4,Thrower-v0,biped,1,1776748932738538903,3330744174114140836,W25,0.25,75,0.32764796713983707,300,False,True,1.273005311344011,/home/rowanli.tangalin/tpr/tpr/results/hpc_rq1/nominal_analysis/traces/Thrower-v0_biped_nchl_train004_analysis01.npz
thrower__biped__nchl__seed_004,/home/rowanli.tangalin/tpr/tpr/results/hpc_rq1/nominal/thrower/biped/nchl/seed_004,49d045e37cb26992b0baf20938b565e78c5cd47cb678ec5007a6d626bd4b858f,3475f76ccfa8cd8f58053686172b8761fe4b927e16f7660324843de664cd2b53,4,Thrower-v0,biped,1,1776748932738538903,3330744174114140836,W50,0.5,150,0.43404381730426694,300,False,True,1.273005311344011,/home/rowanli.tangalin/tpr/tpr/results/hpc_rq1/nominal_analysis/traces/Thrower-v0_biped_nchl_train004_analysis01.npz
thrower__biped__nchl__seed_004,/home/rowanli.tangalin/tpr/tpr/results/hpc_rq1/nominal/thrower/biped/nchl/seed_004,49d045e37cb26992b0baf20938b565e78c5cd47cb678ec5007a6d626bd4b858f,3475f76ccfa8cd8f58053686172b8761fe4b927e16f7660324843de664cd2b53,4,Thrower-v0,biped,1,1776748932738538903,3330744174114140836,W75,0.75,225,0.3593422596533176,300,False,True,1.273005311344011,/home/rowanli.tangalin/tpr/tpr/results/hpc_rq1/nominal_analysis/traces/Thrower-v0_biped_nchl_train004_analysis01.npz
thrower__biped__nchl__seed_004,/home/rowanli.tangalin/tpr/tpr/results/hpc_rq1/nominal/thrower/biped/nchl/seed_004,49d045e37cb26992b0baf20938b565e78c5cd47cb678ec5007a6d626bd4b858f,3475f76ccfa8cd8f58053686172b8761fe4b927e16f7660324843de664cd2b53,4,Thrower-v0,biped,1,1776748932738538903,3330744174114140836,Wfinal,1.0,300,0.27873840426411434,300,False,True,1.273005311344011,/home/rowanli.tangalin/tpr/tpr/results/hpc_rq1/nominal_analysis/traces/Thrower-v0_biped_nchl_train004_analysis01.npz
thrower__biped__nchl__seed_004,/home/rowanli.tangalin/tpr/tpr/results/hpc_rq1/nominal/thrower/biped/nchl/seed_004,49d045e37cb26992b0baf20938b565e78c5cd47cb678ec5007a6d626bd4b858f,3475f76ccfa8cd8f58053686172b8761fe4b927e16f7660324843de664cd2b53,4,Thrower-v0,biped,2,1844154726293175647,4425154243183907800,W0,0.0,0,0.27495426564709036,300,False,True,1.2746583111512488,/home/rowanli.tangalin/tpr/tpr/results/hpc_rq1/nominal_analysis/traces/Thrower-v0_biped_nchl_train004_analysis02.npz
thrower__biped__nchl__seed_004,/home/rowanli.tangalin/tpr/tpr/results/hpc_rq1/nominal/thrower/biped/nchl/seed_004,49d045e37cb26992b0baf20938b565e78c5cd47cb678ec5007a6d626bd4b858f,3475f76ccfa8cd8f58053686172b8761fe4b927e16f7660324843de664cd2b53,4,Thrower-v0,biped,2,1844154726293175647,4425154243183907800,W25,0.25,75,0.3351038823109777,300,False,True,1.2746583111512488,/home/rowanli.tangalin/tpr/tpr/results/hpc_rq1/nominal_analysis/traces/Thrower-v0_biped_nchl_train004_analysis02.npz
thrower__biped__nchl__seed_004,/home/rowanli.tangalin/tpr/tpr/results/hpc_rq1/nominal/thrower/biped/nchl/seed_004,49d045e37cb26992b0baf20938b565e78c5cd47cb678ec5007a6d626bd4b858f,3475f76ccfa8cd8f58053686172b8761fe4b927e16f7660324843de664cd2b53,4,Thrower-v0,biped,2,1844154726293175647,4425154243183907800,W50,0.5,150,0.34022274996532725,300,False,True,1.2746583111512488,/home/rowanli.tangalin/tpr/tpr/results/hpc_rq1/nominal_analysis/traces/Thrower-v0_biped_nchl_train004_analysis02.npz
thrower__biped__nchl__seed_004,/home/rowanli.tangalin/tpr/tpr/results/hpc_rq1/nominal/thrower/biped/nchl/seed_004,49d045e37cb26992b0baf20938b565e78c5cd47cb678ec5007a6d626bd4b858f,3475f76ccfa8cd8f58053686172b8761fe4b927e16f7660324843de664cd2b53,4,Thrower-v0,biped,2,1844154726293175647,4425154243183907800,W75,0.75,225,0.3584114779659846,300,False,True,1.2746583111512488,/home/rowanli.tangalin/tpr/tpr/results/hpc_rq1/nominal_analysis/traces/Thrower-v0_biped_nchl_train004_analysis02.npz
thrower__biped__nchl__seed_004,/home/rowanli.tangalin/tpr/tpr/results/hpc_rq1/nominal/thrower/biped/nchl/seed_004,49d045e37cb26992b0baf20938b565e78c5cd47cb678ec5007a6d626bd4b858f,3475f76ccfa8cd8f58053686172b8761fe4b927e16f7660324843de664cd2b53,4,Thrower-v0,biped,2,1844154726293175647,4425154243183907800,Wfinal,1.0,300,0.2979137189858584,300,False,True,1.2746583111512488,/home/rowanli.tangalin/tpr/tpr/results/hpc_rq1/nominal_analysis/traces/Thrower-v0_biped_nchl_train004_analysis02.npz
thrower__biped__nchl__seed_005,/home/rowanli.tangalin/tpr/tpr/results/hpc_rq1/nominal/thrower/biped/nchl/seed_005,55f9470589187f844cbca3c99c1228d620e3cd3b9f48f2d30134c47f9a10f22c,fb9a66f945c3bf19dc87f23c33324dfc92ede9618acd8e8da3dc1809eb3efb44,5,Thrower-v0,biped,0,6537336262564968459,5568806234066008283,W0,0.0,0,0.2829954092511097,300,False,True,1.25439313239744,/home/rowanli.tangalin/tpr/tpr/results/hpc_rq1/nominal_analysis/traces/Thrower-v0_biped_nchl_train005_analysis00.npz
thrower__biped__nchl__seed_005,/home/rowanli.tangalin/tpr/tpr/results/hpc_rq1/nominal/thrower/biped/nchl/seed_005,55f9470589187f844cbca3c99c1228d620e3cd3b9f48f2d30134c47f9a10f22c,fb9a66f945c3bf19dc87f23c33324dfc92ede9618acd8e8da3dc1809eb3efb44,5,Thrower-v0,biped,0,6537336262564968459,5568806234066008283,W25,0.25,75,-0.1001687549974491,300,False,True,1.25439313239744,/home/rowanli.tangalin/tpr/tpr/results/hpc_rq1/nominal_analysis/traces/Thrower-v0_biped_nchl_train005_analysis00.npz
thrower__biped__nchl__seed_005,/home/rowanli.tangalin/tpr/tpr/results/hpc_rq1/nominal/thrower/biped/nchl/seed_005,55f9470589187f844cbca3c99c1228d620e3cd3b9f48f2d30134c47f9a10f22c,fb9a66f945c3bf19dc87f23c33324dfc92ede9618acd8e8da3dc1809eb3efb44,5,Thrower-v0,biped,0,6537336262564968459,5568806234066008283,W50,0.5,150,0.3764966664355425,300,False,True,1.25439313239744,/home/rowanli.tangalin/tpr/tpr/results/hpc_rq1/nominal_analysis/traces/Thrower-v0_biped_nchl_train005_analysis00.npz
thrower__biped__nchl__seed_005,/home/rowanli.tangalin/tpr/tpr/results/hpc_rq1/nominal/thrower/biped/nchl/seed_005,55f9470589187f844cbca3c99c1228d620e3cd3b9f48f2d30134c47f9a10f22c,fb9a66f945c3bf19dc87f23c33324dfc92ede9618acd8e8da3dc1809eb3efb44,5,Thrower-v0,biped,0,6537336262564968459,5568806234066008283,W75,0.75,225,0.8211893884989723,300,False,True,1.25439313239744,/home/rowanli.tangalin/tpr/tpr/results/hpc_rq1/nominal_analysis/traces/Thrower-v0_biped_nchl_train005_analysis00.npz
thrower__biped__nchl__seed_005,/home/rowanli.tangalin/tpr/tpr/results/hpc_rq1/nominal/thrower/biped/nchl/seed_005,55f9470589187f844cbca3c99c1228d620e3cd3b9f48f2d30134c47f9a10f22c,fb9a66f945c3bf19dc87f23c33324dfc92ede9618acd8e8da3dc1809eb3efb44,5,Thrower-v0,biped,0,6537336262564968459,5568806234066008283,Wfinal,1.0,300,0.8151712108268453,300,False,True,1.25439313239744,/home/rowanli.tangalin/tpr/tpr/results/hpc_rq1/nominal_analysis/traces/Thrower-v0_biped_nchl_train005_analysis00.npz
thrower__biped__nchl__seed_005,/home/rowanli.tangalin/tpr/tpr/results/hpc_rq1/nominal/thrower/biped/nchl/seed_005,55f9470589187f844cbca3c99c1228d620e3cd3b9f48f2d30134c47f9a10f22c,fb9a66f945c3bf19dc87f23c33324dfc92ede9618acd8e8da3dc1809eb3efb44,5,Thrower-v0,biped,1,7847246716821455116,5175985587420486963,W0,0.0,0,0.3872433740992836,300,False,True,1.185537748377443,/home/rowanli.tangalin/tpr/tpr/results/hpc_rq1/nominal_analysis/traces/Thrower-v0_biped_nchl_train005_analysis01.npz
thrower__biped__nchl__seed_005,/home/rowanli.tangalin/tpr/tpr/results/hpc_rq1/nominal/thrower/biped/nchl/seed_005,55f9470589187f844cbca3c99c1228d620e3cd3b9f48f2d30134c47f9a10f22c,fb9a66f945c3bf19dc87f23c33324dfc92ede9618acd8e8da3dc1809eb3efb44,5,Thrower-v0,biped,1,7847246716821455116,5175985587420486963,W25,0.25,75,0.3343618102976597,300,False,True,1.185537748377443,/home/rowanli.tangalin/tpr/tpr/results/hpc_rq1/nominal_analysis/traces/Thrower-v0_biped_nchl_train005_analysis01.npz
thrower__biped__nchl__seed_005,/home/rowanli.tangalin/tpr/tpr/results/hpc_rq1/nominal/thrower/biped/nchl/seed_005,55f9470589187f844cbca3c99c1228d620e3cd3b9f48f2d30134c47f9a10f22c,fb9a66f945c3bf19dc87f23c33324dfc92ede9618acd8e8da3dc1809eb3efb44,5,Thrower-v0,biped,1,7847246716821455116,5175985587420486963,W50,0.5,150,0.2198934532027461,300,False,True,1.185537748377443,/home/rowanli.tangalin/tpr/tpr/results/hpc_rq1/nominal_analysis/traces/Thrower-v0_biped_nchl_train005_analysis01.npz
thrower__biped__nchl__seed_005,/home/rowanli.tangalin/tpr/tpr/results/hpc_rq1/nominal/thrower/biped/nchl/seed_005,55f9470589187f844cbca3c99c1228d620e3cd3b9f48f2d30134c47f9a10f22c,fb9a66f945c3bf19dc87f23c33324dfc92ede9618acd8e8da3dc1809eb3efb44,5,Thrower-v0,biped,1,7847246716821455116,5175985587420486963,W75,0.75,225,0.3778730917215764,300,False,True,1.185537748377443,/home/rowanli.tangalin/tpr/tpr/results/hpc_rq1/nominal_analysis/traces/Thrower-v0_biped_nchl_train005_analysis01.npz
thrower__biped__nchl__seed_005,/home/rowanli.tangalin/tpr/tpr/results/hpc_rq1/nominal/thrower/biped/nchl/seed_005,55f9470589187f844cbca3c99c1228d620e3cd3b9f48f2d30134c47f9a10f22c,fb9a66f945c3bf19dc87f23c33324dfc92ede9618acd8e8da3dc1809eb3efb44,5,Thrower-v0,biped,1,7847246716821455116,5175985587420486963,Wfinal,1.0,300,0.36604493614301087,300,False,True,1.185537748377443,/home/rowanli.tangalin/tpr/tpr/results/hpc_rq1/nominal_analysis/traces/Thrower-v0_biped_nchl_train005_analysis01.npz
thrower__biped__nchl__seed_005,/home/rowanli.tangalin/tpr/tpr/results/hpc_rq1/nominal/thrower/biped/nchl/seed_005,55f9470589187f844cbca3c99c1228d620e3cd3b9f48f2d30134c47f9a10f22c,fb9a66f945c3bf19dc87f23c33324dfc92ede9618acd8e8da3dc1809eb3efb44,5,Thrower-v0,biped,2,8874890859321386193,4629262467755900572,W0,0.0,0,0.4192060894404024,300,False,True,1.6106802408576089,/home/rowanli.tangalin/tpr/tpr/results/hpc_rq1/nominal_analysis/traces/Thrower-v0_biped_nchl_train005_analysis02.npz
thrower__biped__nchl__seed_005,/home/rowanli.tangalin/tpr/tpr/results/hpc_rq1/nominal/thrower/biped/nchl/seed_005,55f9470589187f844cbca3c99c1228d620e3cd3b9f48f2d30134c47f9a10f22c,fb9a66f945c3bf19dc87f23c33324dfc92ede9618acd8e8da3dc1809eb3efb44,5,Thrower-v0,biped,2,8874890859321386193,4629262467755900572,W25,0.25,75,0.38244199128559,300,False,True,1.6106802408576089,/home/rowanli.tangalin/tpr/tpr/results/hpc_rq1/nominal_analysis/traces/Thrower-v0_biped_nchl_train005_analysis02.npz
thrower__biped__nchl__seed_005,/home/rowanli.tangalin/tpr/tpr/results/hpc_rq1/nominal/thrower/biped/nchl/seed_005,55f9470589187f844cbca3c99c1228d620e3cd3b9f48f2d30134c47f9a10f22c,fb9a66f945c3bf19dc87f23c33324dfc92ede9618acd8e8da3dc1809eb3efb44,5,Thrower-v0,biped,2,8874890859321386193,4629262467755900572,W50,0.5,150,0.22074433960980586,300,False,True,1.6106802408576089,/home/rowanli.tangalin/tpr/tpr/results/hpc_rq1/nominal_analysis/traces/Thrower-v0_biped_nchl_train005_analysis02.npz
thrower__biped__nchl__seed_005,/home/rowanli.tangalin/tpr/tpr/results/hpc_rq1/nominal/thrower/biped/nchl/seed_005,55f9470589187f844cbca3c99c1228d620e3cd3b9f48f2d30134c47f9a10f22c,fb9a66f945c3bf19dc87f23c33324dfc92ede9618acd8e8da3dc1809eb3efb44,5,Thrower-v0,biped,2,8874890859321386193,4629262467755900572,W75,0.75,225,0.3652958533887457,300,False,True,1.6106802408576089,/home/rowanli.tangalin/tpr/tpr/results/hpc_rq1/nominal_analysis/traces/Thrower-v0_biped_nchl_train005_analysis02.npz
thrower__biped__nchl__seed_005,/home/rowanli.tangalin/tpr/tpr/results/hpc_rq1/nominal/thrower/biped/nchl/seed_005,55f9470589187f844cbca3c99c1228d620e3cd3b9f48f2d30134c47f9a10f22c,fb9a66f945c3bf19dc87f23c33324dfc92ede9618acd8e8da3dc1809eb3efb44,5,Thrower-v0,biped,2,8874890859321386193,4629262467755900572,Wfinal,1.0,300,0.43174764239379226,300,False,True,1.6106802408576089,/home/rowanli.tangalin/tpr/tpr/results/hpc_rq1/nominal_analysis/traces/Thrower-v0_biped_nchl_train005_analysis02.npz
thrower__biped__nchl__seed_006,/home/rowanli.tangalin/tpr/tpr/results/hpc_rq1/nominal/thrower/biped/nchl/seed_006,fc393af65600376e2f98ff47e06159dc842b6adfc5910101c29da53f1f9725b5,1f9e662b86242969180f7109e257dcee56c669ef7c3bf9db01b660f336514a01,6,Thrower-v0,biped,0,4697810511805331226,1837341966890607914,W0,0.0,0,0.2940198584471687,300,False,True,1.6739104808248932,/home/rowanli.tangalin/tpr/tpr/results/hpc_rq1/nominal_analysis/traces/Thrower-v0_biped_nchl_train006_analysis00.npz
thrower__biped__nchl__seed_006,/home/rowanli.tangalin/tpr/tpr/results/hpc_rq1/nominal/thrower/biped/nchl/seed_006,fc393af65600376e2f98ff47e06159dc842b6adfc5910101c29da53f1f9725b5,1f9e662b86242969180f7109e257dcee56c669ef7c3bf9db01b660f336514a01,6,Thrower-v0,biped,0,4697810511805331226,1837341966890607914,W25,0.25,75,0.31461690617742033,300,False,True,1.6739104808248932,/home/rowanli.tangalin/tpr/tpr/results/hpc_rq1/nominal_analysis/traces/Thrower-v0_biped_nchl_train006_analysis00.npz
thrower__biped__nchl__seed_006,/home/rowanli.tangalin/tpr/tpr/results/hpc_rq1/nominal/thrower/biped/nchl/seed_006,fc393af65600376e2f98ff47e06159dc842b6adfc5910101c29da53f1f9725b5,1f9e662b86242969180f7109e257dcee56c669ef7c3bf9db01b660f336514a01,6,Thrower-v0,biped,0,4697810511805331226,1837341966890607914,W50,0.5,150,0.40525701407785997,300,False,True,1.6739104808248932,/home/rowanli.tangalin/tpr/tpr/results/hpc_rq1/nominal_analysis/traces/Thrower-v0_biped_nchl_train006_analysis00.npz
thrower__biped__nchl__seed_006,/home/rowanli.tangalin/tpr/tpr/results/hpc_rq1/nominal/thrower/biped/nchl/seed_006,fc393af65600376e2f98ff47e06159dc842b6adfc5910101c29da53f1f9725b5,1f9e662b86242969180f7109e257dcee56c669ef7c3bf9db01b660f336514a01,6,Thrower-v0,biped,0,4697810511805331226,1837341966890607914,W75,0.75,225,0.793349933942696,300,False,True,1.6739104808248932,/home/rowanli.tangalin/tpr/tpr/results/hpc_rq1/nominal_analysis/traces/Thrower-v0_biped_nchl_train006_analysis00.npz
thrower__biped__nchl__seed_006,/home/rowanli.tangalin/tpr/tpr/results/hpc_rq1/nominal/thrower/biped/nchl/seed_006,fc393af65600376e2f98ff47e06159dc842b6adfc5910101c29da53f1f9725b5,1f9e662b86242969180f7109e257dcee56c669ef7c3bf9db01b660f336514a01,6,Thrower-v0,biped,0,4697810511805331226,1837341966890607914,Wfinal,1.0,300,0.25715525066347394,300,False,True,1.6739104808248932,/home/rowanli.tangalin/tpr/tpr/results/hpc_rq1/nominal_analysis/traces/Thrower-v0_biped_nchl_train006_analysis00.npz
thrower__biped__nchl__seed_006,/home/rowanli.tangalin/tpr/tpr/results/hpc_rq1/nominal/thrower/biped/nchl/seed_006,fc393af65600376e2f98ff47e06159dc842b6adfc5910101c29da53f1f9725b5,1f9e662b86242969180f7109e257dcee56c669ef7c3bf9db01b660f336514a01,6,Thrower-v0,biped,1,212357942801270703,7001556810303355477,W0,0.0,0,0.29102594743287163,300,False,True,1.0915777036787153,/home/rowanli.tangalin/tpr/tpr/results/hpc_rq1/nominal_analysis/traces/Thrower-v0_biped_nchl_train006_analysis01.npz
thrower__biped__nchl__seed_006,/home/rowanli.tangalin/tpr/tpr/results/hpc_rq1/nominal/thrower/biped/nchl/seed_006,fc393af65600376e2f98ff47e06159dc842b6adfc5910101c29da53f1f9725b5,1f9e662b86242969180f7109e257dcee56c669ef7c3bf9db01b660f336514a01,6,Thrower-v0,biped,1,212357942801270703,7001556810303355477,W25,0.25,75,0.3377960691705994,300,False,True,1.0915777036787153,/home/rowanli.tangalin/tpr/tpr/results/hpc_rq1/nominal_analysis/traces/Thrower-v0_biped_nchl_train006_analysis01.npz
thrower__biped__nchl__seed_006,/home/rowanli.tangalin/tpr/tpr/results/hpc_rq1/nominal/thrower/biped/nchl/seed_006,fc393af65600376e2f98ff47e06159dc842b6adfc5910101c29da53f1f9725b5,1f9e662b86242969180f7109e257dcee56c669ef7c3bf9db01b660f336514a01,6,Thrower-v0,biped,1,212357942801270703,7001556810303355477,W50,0.5,150,-0.02816321785115336,300,False,True,1.0915777036787153,/home/rowanli.tangalin/tpr/tpr/results/hpc_rq1/nominal_analysis/traces/Thrower-v0_biped_nchl_train006_analysis01.npz
thrower__biped__nchl__seed_006,/home/rowanli.tangalin/tpr/tpr/results/hpc_rq1/nominal/thrower/biped/nchl/seed_006,fc393af65600376e2f98ff47e06159dc842b6adfc5910101c29da53f1f9725b5,1f9e662b86242969180f7109e257dcee56c669ef7c3bf9db01b660f336514a01,6,Thrower-v0,biped,1,212357942801270703,7001556810303355477,W75,0.75,225,-0.22958802871723072,300,False,True,1.0915777036787153,/home/rowanli.tangalin/tpr/tpr/results/hpc_rq1/nominal_analysis/traces/Thrower-v0_biped_nchl_train006_analysis01.npz
thrower__biped__nchl__seed_006,/home/rowanli.tangalin/tpr/tpr/results/hpc_rq1/nominal/thrower/biped/nchl/seed_006,fc393af65600376e2f98ff47e06159dc842b6adfc5910101c29da53f1f9725b5,1f9e662b86242969180f7109e257dcee56c669ef7c3bf9db01b660f336514a01,6,Thrower-v0,biped,1,212357942801270703,7001556810303355477,Wfinal,1.0,300,0.7523236034104093,300,False,True,1.0915777036787153,/home/rowanli.tangalin/tpr/tpr/results/hpc_rq1/nominal_analysis/traces/Thrower-v0_biped_nchl_train006_analysis01.npz
thrower__biped__nchl__seed_006,/home/rowanli.tangalin/tpr/tpr/results/hpc_rq1/nominal/thrower/biped/nchl/seed_006,fc393af65600376e2f98ff47e06159dc842b6adfc5910101c29da53f1f9725b5,1f9e662b86242969180f7109e257dcee56c669ef7c3bf9db01b660f336514a01,6,Thrower-v0,biped,2,9197516287707139064,7789448062882196537,W0,0.0,0,0.3816191073024908,300,False,True,1.5174007936984841,/home/rowanli.tangalin/tpr/tpr/results/hpc_rq1/nominal_analysis/traces/Thrower-v0_biped_nchl_train006_analysis02.npz
thrower__biped__nchl__seed_006,/home/rowanli.tangalin/tpr/tpr/results/hpc_rq1/nominal/thrower/biped/nchl/seed_006,fc393af65600376e2f98ff47e06159dc842b6adfc5910101c29da53f1f9725b5,1f9e662b86242969180f7109e257dcee56c669ef7c3bf9db01b660f336514a01,6,Thrower-v0,biped,2,9197516287707139064,7789448062882196537,W25,0.25,75,0.3179158391839243,300,False,True,1.5174007936984841,/home/rowanli.tangalin/tpr/tpr/results/hpc_rq1/nominal_analysis/traces/Thrower-v0_biped_nchl_train006_analysis02.npz
thrower__biped__nchl__seed_006,/home/rowanli.tangalin/tpr/tpr/results/hpc_rq1/nominal/thrower/biped/nchl/seed_006,fc393af65600376e2f98ff47e06159dc842b6adfc5910101c29da53f1f9725b5,1f9e662b86242969180f7109e257dcee56c669ef7c3bf9db01b660f336514a01,6,Thrower-v0,biped,2,9197516287707139064,7789448062882196537,W50,0.5,150,-0.7946746180470587,300,False,True,1.5174007936984841,/home/rowanli.tangalin/tpr/tpr/results/hpc_rq1/nominal_analysis/traces/Thrower-v0_biped_nchl_train006_analysis02.npz
thrower__biped__nchl__seed_006,/home/rowanli.tangalin/tpr/tpr/results/hpc_rq1/nominal/thrower/biped/nchl/seed_006,fc393af65600376e2f98ff47e06159dc842b6adfc5910101c29da53f1f9725b5,1f9e662b86242969180f7109e257dcee56c669ef7c3bf9db01b660f336514a01,6,Thrower-v0,biped,2,9197516287707139064,7789448062882196537,W75,0.75,225,-0.7216778403719487,300,False,True,1.5174007936984841,/home/rowanli.tangalin/tpr/tpr/results/hpc_rq1/nominal_analysis/traces/Thrower-v0_biped_nchl_train006_analysis02.npz
thrower__biped__nchl__seed_006,/home/rowanli.tangalin/tpr/tpr/results/hpc_rq1/nominal/thrower/biped/nchl/seed_006,fc393af65600376e2f98ff47e06159dc842b6adfc5910101c29da53f1f9725b5,1f9e662b86242969180f7109e257dcee56c669ef7c3bf9db01b660f336514a01,6,Thrower-v0,biped,2,9197516287707139064,7789448062882196537,Wfinal,1.0,300,-0.3977138837876045,300,False,True,1.5174007936984841,/home/rowanli.tangalin/tpr/tpr/results/hpc_rq1/nominal_analysis/traces/Thrower-v0_biped_nchl_train006_analysis02.npz
thrower__biped__nchl__seed_007,/home/rowanli.tangalin/tpr/tpr/results/hpc_rq1/nominal/thrower/biped/nchl/seed_007,16cbc6c4b3eb41025ec2c1e0622e099ad6e12a8dab950cbb6e0e239ec33c78e2,9293d8be8770fb8b2f01c1c431d968d24d892f8348c6b6cfe91e3e694fe26430,7,Thrower-v0,biped,0,7273538705011962834,3327181185902024434,W0,0.0,0,0.36775454919045525,300,False,True,1.2663674846293929,/home/rowanli.tangalin/tpr/tpr/results/hpc_rq1/nominal_analysis/traces/Thrower-v0_biped_nchl_train007_analysis00.npz
thrower__biped__nchl__seed_007,/home/rowanli.tangalin/tpr/tpr/results/hpc_rq1/nominal/thrower/biped/nchl/seed_007,16cbc6c4b3eb41025ec2c1e0622e099ad6e12a8dab950cbb6e0e239ec33c78e2,9293d8be8770fb8b2f01c1c431d968d24d892f8348c6b6cfe91e3e694fe26430,7,Thrower-v0,biped,0,7273538705011962834,3327181185902024434,W25,0.25,75,0.8468553972742223,300,False,True,1.2663674846293929,/home/rowanli.tangalin/tpr/tpr/results/hpc_rq1/nominal_analysis/traces/Thrower-v0_biped_nchl_train007_analysis00.npz
thrower__biped__nchl__seed_007,/home/rowanli.tangalin/tpr/tpr/results/hpc_rq1/nominal/thrower/biped/nchl/seed_007,16cbc6c4b3eb41025ec2c1e0622e099ad6e12a8dab950cbb6e0e239ec33c78e2,9293d8be8770fb8b2f01c1c431d968d24d892f8348c6b6cfe91e3e694fe26430,7,Thrower-v0,biped,0,7273538705011962834,3327181185902024434,W50,0.5,150,0.1432310277386722,300,False,True,1.2663674846293929,/home/rowanli.tangalin/tpr/tpr/results/hpc_rq1/nominal_analysis/traces/Thrower-v0_biped_nchl_train007_analysis00.npz
thrower__biped__nchl__seed_007,/home/rowanli.tangalin/tpr/tpr/results/hpc_rq1/nominal/thrower/biped/nchl/seed_007,16cbc6c4b3eb41025ec2c1e0622e099ad6e12a8dab950cbb6e0e239ec33c78e2,9293d8be8770fb8b2f01c1c431d968d24d892f8348c6b6cfe91e3e694fe26430,7,Thrower-v0,biped,0,7273538705011962834,3327181185902024434,W75,0.75,225,0.7690519197740424,300,False,True,1.2663674846293929,/home/rowanli.tangalin/tpr/tpr/results/hpc_rq1/nominal_analysis/traces/Thrower-v0_biped_nchl_train007_analysis00.npz
thrower__biped__nchl__seed_007,/home/rowanli.tangalin/tpr/tpr/results/hpc_rq1/nominal/thrower/biped/nchl/seed_007,16cbc6c4b3eb41025ec2c1e0622e099ad6e12a8dab950cbb6e0e239ec33c78e2,9293d8be8770fb8b2f01c1c431d968d24d892f8348c6b6cfe91e3e694fe26430,7,Thrower-v0,biped,0,7273538705011962834,3327181185902024434,Wfinal,1.0,300,0.8293761365168654,300,False,True,1.2663674846293929,/home/rowanli.tangalin/tpr/tpr/results/hpc_rq1/nominal_analysis/traces/Thrower-v0_biped_nchl_train007_analysis00.npz
thrower__biped__nchl__seed_007,/home/rowanli.tangalin/tpr/tpr/results/hpc_rq1/nominal/thrower/biped/nchl/seed_007,16cbc6c4b3eb41025ec2c1e0622e099ad6e12a8dab950cbb6e0e239ec33c78e2,9293d8be8770fb8b2f01c1c431d968d24d892f8348c6b6cfe91e3e694fe26430,7,Thrower-v0,biped,1,219581318861383269,6126904072154767176,W0,0.0,0,0.28465290363222473,300,False,True,0.6347892492493801,/home/rowanli.tangalin/tpr/tpr/results/hpc_rq1/nominal_analysis/traces/Thrower-v0_biped_nchl_train007_analysis01.npz
thrower__biped__nchl__seed_007,/home/rowanli.tangalin/tpr/tpr/results/hpc_rq1/nominal/thrower/biped/nchl/seed_007,16cbc6c4b3eb41025ec2c1e0622e099ad6e12a8dab950cbb6e0e239ec33c78e2,9293d8be8770fb8b2f01c1c431d968d24d892f8348c6b6cfe91e3e694fe26430,7,Thrower-v0,biped,1,219581318861383269,6126904072154767176,W25,0.25,75,0.8344402394762048,300,False,True,0.6347892492493801,/home/rowanli.tangalin/tpr/tpr/results/hpc_rq1/nominal_analysis/traces/Thrower-v0_biped_nchl_train007_analysis01.npz
thrower__biped__nchl__seed_007,/home/rowanli.tangalin/tpr/tpr/results/hpc_rq1/nominal/thrower/biped/nchl/seed_007,16cbc6c4b3eb41025ec2c1e0622e099ad6e12a8dab950cbb6e0e239ec33c78e2,9293d8be8770fb8b2f01c1c431d968d24d892f8348c6b6cfe91e3e694fe26430,7,Thrower-v0,biped,1,219581318861383269,6126904072154767176,W50,0.5,150,0.7475207726052746,300,False,True,0.6347892492493801,/home/rowanli.tangalin/tpr/tpr/results/hpc_rq1/nominal_analysis/traces/Thrower-v0_biped_nchl_train007_analysis01.npz
thrower__biped__nchl__seed_007,/home/rowanli.tangalin/tpr/tpr/results/hpc_rq1/nominal/thrower/biped/nchl/seed_007,16cbc6c4b3eb41025ec2c1e0622e099ad6e12a8dab950cbb6e0e239ec33c78e2,9293d8be8770fb8b2f01c1c431d968d24d892f8348c6b6cfe91e3e694fe26430,7,Thrower-v0,biped,1,219581318861383269,6126904072154767176,W75,0.75,225,0.6219045623230605,300,False,True,0.6347892492493801,/home/rowanli.tangalin/tpr/tpr/results/hpc_rq1/nominal_analysis/traces/Thrower-v0_biped_nchl_train007_analysis01.npz
thrower__biped__nchl__seed_007,/home/rowanli.tangalin/tpr/tpr/results/hpc_rq1/nominal/thrower/biped/nchl/seed_007,16cbc6c4b3eb41025ec2c1e0622e099ad6e12a8dab950cbb6e0e239ec33c78e2,9293d8be8770fb8b2f01c1c431d968d24d892f8348c6b6cfe91e3e694fe26430,7,Thrower-v0,biped,1,219581318861383269,6126904072154767176,Wfinal,1.0,300,0.9046257815793329,300,False,True,0.6347892492493801,/home/rowanli.tangalin/tpr/tpr/results/hpc_rq1/nominal_analysis/traces/Thrower-v0_biped_nchl_train007_analysis01.npz
thrower__biped__nchl__seed_007,/home/rowanli.tangalin/tpr/tpr/results/hpc_rq1/nominal/thrower/biped/nchl/seed_007,16cbc6c4b3eb41025ec2c1e0622e099ad6e12a8dab950cbb6e0e239ec33c78e2,9293d8be8770fb8b2f01c1c431d968d24d892f8348c6b6cfe91e3e694fe26430,7,Thrower-v0,biped,2,7655123995385766933,8050610523573754527,W0,0.0,0,0.3812275091469898,300,False,True,1.1665084548532725,/home/rowanli.tangalin/tpr/tpr/results/hpc_rq1/nominal_analysis/traces/Thrower-v0_biped_nchl_train007_analysis02.npz
thrower__biped__nchl__seed_007,/home/rowanli.tangalin/tpr/tpr/results/hpc_rq1/nominal/thrower/biped/nchl/seed_007,16cbc6c4b3eb41025ec2c1e0622e099ad6e12a8dab950cbb6e0e239ec33c78e2,9293d8be8770fb8b2f01c1c431d968d24d892f8348c6b6cfe91e3e694fe26430,7,Thrower-v0,biped,2,7655123995385766933,8050610523573754527,W25,0.25,75,0.8198013191888616,300,False,True,1.1665084548532725,/home/rowanli.tangalin/tpr/tpr/results/hpc_rq1/nominal_analysis/traces/Thrower-v0_biped_nchl_train007_analysis02.npz
thrower__biped__nchl__seed_007,/home/rowanli.tangalin/tpr/tpr/results/hpc_rq1/nominal/thrower/biped/nchl/seed_007,16cbc6c4b3eb41025ec2c1e0622e099ad6e12a8dab950cbb6e0e239ec33c78e2,9293d8be8770fb8b2f01c1c431d968d24d892f8348c6b6cfe91e3e694fe26430,7,Thrower-v0,biped,2,7655123995385766933,8050610523573754527,W50,0.5,150,-0.15929462161200847,300,False,True,1.1665084548532725,/home/rowanli.tangalin/tpr/tpr/results/hpc_rq1/nominal_analysis/traces/Thrower-v0_biped_nchl_train007_analysis02.npz
thrower__biped__nchl__seed_007,/home/rowanli.tangalin/tpr/tpr/results/hpc_rq1/nominal/thrower/biped/nchl/seed_007,16cbc6c4b3eb41025ec2c1e0622e099ad6e12a8dab950cbb6e0e239ec33c78e2,9293d8be8770fb8b2f01c1c431d968d24d892f8348c6b6cfe91e3e694fe26430,7,Thrower-v0,biped,2,7655123995385766933,8050610523573754527,W75,0.75,225,0.5849040043956656,300,False,True,1.1665084548532725,/home/rowanli.tangalin/tpr/tpr/results/hpc_rq1/nominal_analysis/traces/Thrower-v0_biped_nchl_train007_analysis02.npz
thrower__biped__nchl__seed_007,/home/rowanli.tangalin/tpr/tpr/results/hpc_rq1/nominal/thrower/biped/nchl/seed_007,16cbc6c4b3eb41025ec2c1e0622e099ad6e12a8dab950cbb6e0e239ec33c78e2,9293d8be8770fb8b2f01c1c431d968d24d892f8348c6b6cfe91e3e694fe26430,7,Thrower-v0,biped,2,7655123995385766933,8050610523573754527,Wfinal,1.0,300,0.8470784539318041,300,False,True,1.1665084548532725,/home/rowanli.tangalin/tpr/tpr/results/hpc_rq1/nominal_analysis/traces/Thrower-v0_biped_nchl_train007_analysis02.npz
thrower__biped__nchl__seed_008,/home/rowanli.tangalin/tpr/tpr/results/hpc_rq1/nominal/thrower/biped/nchl/seed_008,89479f2c5e55b30dfa240041e89c07044bd88e4c380d9b52a4635807282e3882,386750d4853f3e81c5d0c5ce5b6b12dd50a5f3693530c5141c707aebce78e149,8,Thrower-v0,biped,0,4480449054597749916,4714160801966532834,W0,0.0,0,0.2628677047842714,300,False,True,1.3035908244286367,/home/rowanli.tangalin/tpr/tpr/results/hpc_rq1/nominal_analysis/traces/Thrower-v0_biped_nchl_train008_analysis00.npz
thrower__biped__nchl__seed_008,/home/rowanli.tangalin/tpr/tpr/results/hpc_rq1/nominal/thrower/biped/nchl/seed_008,89479f2c5e55b30dfa240041e89c07044bd88e4c380d9b52a4635807282e3882,386750d4853f3e81c5d0c5ce5b6b12dd50a5f3693530c5141c707aebce78e149,8,Thrower-v0,biped,0,4480449054597749916,4714160801966532834,W25,0.25,75,0.30483694155808794,300,False,True,1.3035908244286367,/home/rowanli.tangalin/tpr/tpr/results/hpc_rq1/nominal_analysis/traces/Thrower-v0_biped_nchl_train008_analysis00.npz
thrower__biped__nchl__seed_008,/home/rowanli.tangalin/tpr/tpr/results/hpc_rq1/nominal/thrower/biped/nchl/seed_008,89479f2c5e55b30dfa240041e89c07044bd88e4c380d9b52a4635807282e3882,386750d4853f3e81c5d0c5ce5b6b12dd50a5f3693530c5141c707aebce78e149,8,Thrower-v0,biped,0,4480449054597749916,4714160801966532834,W50,0.5,150,0.8862916822377467,300,False,True,1.3035908244286367,/home/rowanli.tangalin/tpr/tpr/results/hpc_rq1/nominal_analysis/traces/Thrower-v0_biped_nchl_train008_analysis00.npz
thrower__biped__nchl__seed_008,/home/rowanli.tangalin/tpr/tpr/results/hpc_rq1/nominal/thrower/biped/nchl/seed_008,89479f2c5e55b30dfa240041e89c07044bd88e4c380d9b52a4635807282e3882,386750d4853f3e81c5d0c5ce5b6b12dd50a5f3693530c5141c707aebce78e149,8,Thrower-v0,biped,0,4480449054597749916,4714160801966532834,W75,0.75,225,0.8699794981809893,300,False,True,1.3035908244286367,/home/rowanli.tangalin/tpr/tpr/results/hpc_rq1/nominal_analysis/traces/Thrower-v0_biped_nchl_train008_analysis00.npz
thrower__biped__nchl__seed_008,/home/rowanli.tangalin/tpr/tpr/results/hpc_rq1/nominal/thrower/biped/nchl/seed_008,89479f2c5e55b30dfa240041e89c07044bd88e4c380d9b52a4635807282e3882,386750d4853f3e81c5d0c5ce5b6b12dd50a5f3693530c5141c707aebce78e149,8,Thrower-v0,biped,0,4480449054597749916,4714160801966532834,Wfinal,1.0,300,1.1854560701000805,300,False,True,1.3035908244286367,/home/rowanli.tangalin/tpr/tpr/results/hpc_rq1/nominal_analysis/traces/Thrower-v0_biped_nchl_train008_analysis00.npz
thrower__biped__nchl__seed_008,/home/rowanli.tangalin/tpr/tpr/results/hpc_rq1/nominal/thrower/biped/nchl/seed_008,89479f2c5e55b30dfa240041e89c07044bd88e4c380d9b52a4635807282e3882,386750d4853f3e81c5d0c5ce5b6b12dd50a5f3693530c5141c707aebce78e149,8,Thrower-v0,biped,1,8169066096088904802,2410012360361453569,W0,0.0,0,0.3865921470268576,300,False,True,1.1504444399503482,/home/rowanli.tangalin/tpr/tpr/results/hpc_rq1/nominal_analysis/traces/Thrower-v0_biped_nchl_train008_analysis01.npz
thrower__biped__nchl__seed_008,/home/rowanli.tangalin/tpr/tpr/results/hpc_rq1/nominal/thrower/biped/nchl/seed_008,89479f2c5e55b30dfa240041e89c07044bd88e4c380d9b52a4635807282e3882,386750d4853f3e81c5d0c5ce5b6b12dd50a5f3693530c5141c707aebce78e149,8,Thrower-v0,biped,1,8169066096088904802,2410012360361453569,W25,0.25,75,0.3943610057858158,300,False,True,1.1504444399503482,/home/rowanli.tangalin/tpr/tpr/results/hpc_rq1/nominal_analysis/traces/Thrower-v0_biped_nchl_train008_analysis01.npz
thrower__biped__nchl__seed_008,/home/rowanli.tangalin/tpr/tpr/results/hpc_rq1/nominal/thrower/biped/nchl/seed_008,89479f2c5e55b30dfa240041e89c07044bd88e4c380d9b52a4635807282e3882,386750d4853f3e81c5d0c5ce5b6b12dd50a5f3693530c5141c707aebce78e149,8,Thrower-v0,biped,1,8169066096088904802,2410012360361453569,W50,0.5,150,0.44197201245511214,300,False,True,1.1504444399503482,/home/rowanli.tangalin/tpr/tpr/results/hpc_rq1/nominal_analysis/traces/Thrower-v0_biped_nchl_train008_analysis01.npz
thrower__biped__nchl__seed_008,/home/rowanli.tangalin/tpr/tpr/results/hpc_rq1/nominal/thrower/biped/nchl/seed_008,89479f2c5e55b30dfa240041e89c07044bd88e4c380d9b52a4635807282e3882,386750d4853f3e81c5d0c5ce5b6b12dd50a5f3693530c5141c707aebce78e149,8,Thrower-v0,biped,1,8169066096088904802,2410012360361453569,W75,0.75,225,0.8436646276642825,300,False,True,1.1504444399503482,/home/rowanli.tangalin/tpr/tpr/results/hpc_rq1/nominal_analysis/traces/Thrower-v0_biped_nchl_train008_analysis01.npz
thrower__biped__nchl__seed_008,/home/rowanli.tangalin/tpr/tpr/results/hpc_rq1/nominal/thrower/biped/nchl/seed_008,89479f2c5e55b30dfa240041e89c07044bd88e4c380d9b52a4635807282e3882,386750d4853f3e81c5d0c5ce5b6b12dd50a5f3693530c5141c707aebce78e149,8,Thrower-v0,biped,1,8169066096088904802,2410012360361453569,Wfinal,1.0,300,0.07099883004889052,300,False,True,1.1504444399503482,/home/rowanli.tangalin/tpr/tpr/results/hpc_rq1/nominal_analysis/traces/Thrower-v0_biped_nchl_train008_analysis01.npz
thrower__biped__nchl__seed_008,/home/rowanli.tangalin/tpr/tpr/results/hpc_rq1/nominal/thrower/biped/nchl/seed_008,89479f2c5e55b30dfa240041e89c07044bd88e4c380d9b52a4635807282e3882,386750d4853f3e81c5d0c5ce5b6b12dd50a5f3693530c5141c707aebce78e149,8,Thrower-v0,biped,2,1688151127694054410,5098444150450504360,W0,0.0,0,0.4782374538092013,300,False,True,1.21300198604139,/home/rowanli.tangalin/tpr/tpr/results/hpc_rq1/nominal_analysis/traces/Thrower-v0_biped_nchl_train008_analysis02.npz
thrower__biped__nchl__seed_008,/home/rowanli.tangalin/tpr/tpr/results/hpc_rq1/nominal/thrower/biped/nchl/seed_008,89479f2c5e55b30dfa240041e89c07044bd88e4c380d9b52a4635807282e3882,386750d4853f3e81c5d0c5ce5b6b12dd50a5f3693530c5141c707aebce78e149,8,Thrower-v0,biped,2,1688151127694054410,5098444150450504360,W25,0.25,75,-0.7978563913282317,300,False,True,1.21300198604139,/home/rowanli.tangalin/tpr/tpr/results/hpc_rq1/nominal_analysis/traces/Thrower-v0_biped_nchl_train008_analysis02.npz
thrower__biped__nchl__seed_008,/home/rowanli.tangalin/tpr/tpr/results/hpc_rq1/nominal/thrower/biped/nchl/seed_008,89479f2c5e55b30dfa240041e89c07044bd88e4c380d9b52a4635807282e3882,386750d4853f3e81c5d0c5ce5b6b12dd50a5f3693530c5141c707aebce78e149,8,Thrower-v0,biped,2,1688151127694054410,5098444150450504360,W50,0.5,150,0.8068818471016311,300,False,True,1.21300198604139,/home/rowanli.tangalin/tpr/tpr/results/hpc_rq1/nominal_analysis/traces/Thrower-v0_biped_nchl_train008_analysis02.npz
thrower__biped__nchl__seed_008,/home/rowanli.tangalin/tpr/tpr/results/hpc_rq1/nominal/thrower/biped/nchl/seed_008,89479f2c5e55b30dfa240041e89c07044bd88e4c380d9b52a4635807282e3882,386750d4853f3e81c5d0c5ce5b6b12dd50a5f3693530c5141c707aebce78e149,8,Thrower-v0,biped,2,1688151127694054410,5098444150450504360,W75,0.75,225,0.7884618762811191,300,False,True,1.21300198604139,/home/rowanli.tangalin/tpr/tpr/results/hpc_rq1/nominal_analysis/traces/Thrower-v0_biped_nchl_train008_analysis02.npz
thrower__biped__nchl__seed_008,/home/rowanli.tangalin/tpr/tpr/results/hpc_rq1/nominal/thrower/biped/nchl/seed_008,89479f2c5e55b30dfa240041e89c07044bd88e4c380d9b52a4635807282e3882,386750d4853f3e81c5d0c5ce5b6b12dd50a5f3693530c5141c707aebce78e149,8,Thrower-v0,biped,2,1688151127694054410,5098444150450504360,Wfinal,1.0,300,0.8745180838974921,300,False,True,1.21300198604139,/home/rowanli.tangalin/tpr/tpr/results/hpc_rq1/nominal_analysis/traces/Thrower-v0_biped_nchl_train008_analysis02.npz
thrower__biped__nchl__seed_009,/home/rowanli.tangalin/tpr/tpr/results/hpc_rq1/nominal/thrower/biped/nchl/seed_009,98722ce097a22114dfda873eacbddad1a417b8e2e5716ed9a13401116eaf3ce4,654b258558320dba36c760d416d12588b713ad9152e48e38ab31a6384bc49ec4,9,Thrower-v0,biped,0,8469251633518957484,5579477484601834272,W0,0.0,0,0.32543289411957355,300,False,True,1.1198717452675182,/home/rowanli.tangalin/tpr/tpr/results/hpc_rq1/nominal_analysis/traces/Thrower-v0_biped_nchl_train009_analysis00.npz
thrower__biped__nchl__seed_009,/home/rowanli.tangalin/tpr/tpr/results/hpc_rq1/nominal/thrower/biped/nchl/seed_009,98722ce097a22114dfda873eacbddad1a417b8e2e5716ed9a13401116eaf3ce4,654b258558320dba36c760d416d12588b713ad9152e48e38ab31a6384bc49ec4,9,Thrower-v0,biped,0,8469251633518957484,5579477484601834272,W25,0.25,75,0.3595953011596521,300,False,True,1.1198717452675182,/home/rowanli.tangalin/tpr/tpr/results/hpc_rq1/nominal_analysis/traces/Thrower-v0_biped_nchl_train009_analysis00.npz
thrower__biped__nchl__seed_009,/home/rowanli.tangalin/tpr/tpr/results/hpc_rq1/nominal/thrower/biped/nchl/seed_009,98722ce097a22114dfda873eacbddad1a417b8e2e5716ed9a13401116eaf3ce4,654b258558320dba36c760d416d12588b713ad9152e48e38ab31a6384bc49ec4,9,Thrower-v0,biped,0,8469251633518957484,5579477484601834272,W50,0.5,150,0.42298499622261515,300,False,True,1.1198717452675182,/home/rowanli.tangalin/tpr/tpr/results/hpc_rq1/nominal_analysis/traces/Thrower-v0_biped_nchl_train009_analysis00.npz
thrower__biped__nchl__seed_009,/home/rowanli.tangalin/tpr/tpr/results/hpc_rq1/nominal/thrower/biped/nchl/seed_009,98722ce097a22114dfda873eacbddad1a417b8e2e5716ed9a13401116eaf3ce4,654b258558320dba36c760d416d12588b713ad9152e48e38ab31a6384bc49ec4,9,Thrower-v0,biped,0,8469251633518957484,5579477484601834272,W75,0.75,225,0.3342443876006477,300,False,True,1.1198717452675182,/home/rowanli.tangalin/tpr/tpr/results/hpc_rq1/nominal_analysis/traces/Thrower-v0_biped_nchl_train009_analysis00.npz
thrower__biped__nchl__seed_009,/home/rowanli.tangalin/tpr/tpr/results/hpc_rq1/nominal/thrower/biped/nchl/seed_009,98722ce097a22114dfda873eacbddad1a417b8e2e5716ed9a13401116eaf3ce4,654b258558320dba36c760d416d12588b713ad9152e48e38ab31a6384bc49ec4,9,Thrower-v0,biped,0,8469251633518957484,5579477484601834272,Wfinal,1.0,300,0.2824835367774517,300,False,True,1.1198717452675182,/home/rowanli.tangalin/tpr/tpr/results/hpc_rq1/nominal_analysis/traces/Thrower-v0_biped_nchl_train009_analysis00.npz
thrower__biped__nchl__seed_009,/home/rowanli.tangalin/tpr/tpr/results/hpc_rq1/nominal/thrower/biped/nchl/seed_009,98722ce097a22114dfda873eacbddad1a417b8e2e5716ed9a13401116eaf3ce4,654b258558320dba36c760d416d12588b713ad9152e48e38ab31a6384bc49ec4,9,Thrower-v0,biped,1,5415548583552718452,3538497439875268043,W0,0.0,0,0.4093398287861155,300,False,True,0.8015894116287262,/home/rowanli.tangalin/tpr/tpr/results/hpc_rq1/nominal_analysis/traces/Thrower-v0_biped_nchl_train009_analysis01.npz
thrower__biped__nchl__seed_009,/home/rowanli.tangalin/tpr/tpr/results/hpc_rq1/nominal/thrower/biped/nchl/seed_009,98722ce097a22114dfda873eacbddad1a417b8e2e5716ed9a13401116eaf3ce4,654b258558320dba36c760d416d12588b713ad9152e48e38ab31a6384bc49ec4,9,Thrower-v0,biped,1,5415548583552718452,3538497439875268043,W25,0.25,75,0.34913763914578244,300,False,True,0.8015894116287262,/home/rowanli.tangalin/tpr/tpr/results/hpc_rq1/nominal_analysis/traces/Thrower-v0_biped_nchl_train009_analysis01.npz
thrower__biped__nchl__seed_009,/home/rowanli.tangalin/tpr/tpr/results/hpc_rq1/nominal/thrower/biped/nchl/seed_009,98722ce097a22114dfda873eacbddad1a417b8e2e5716ed9a13401116eaf3ce4,654b258558320dba36c760d416d12588b713ad9152e48e38ab31a6384bc49ec4,9,Thrower-v0,biped,1,5415548583552718452,3538497439875268043,W50,0.5,150,0.18465404339086722,300,False,True,0.8015894116287262,/home/rowanli.tangalin/tpr/tpr/results/hpc_rq1/nominal_analysis/traces/Thrower-v0_biped_nchl_train009_analysis01.npz
thrower__biped__nchl__seed_009,/home/rowanli.tangalin/tpr/tpr/results/hpc_rq1/nominal/thrower/biped/nchl/seed_009,98722ce097a22114dfda873eacbddad1a417b8e2e5716ed9a13401116eaf3ce4,654b258558320dba36c760d416d12588b713ad9152e48e38ab31a6384bc49ec4,9,Thrower-v0,biped,1,5415548583552718452,3538497439875268043,W75,0.75,225,0.09897177709012903,300,False,True,0.8015894116287262,/home/rowanli.tangalin/tpr/tpr/results/hpc_rq1/nominal_analysis/traces/Thrower-v0_biped_nchl_train009_analysis01.npz
thrower__biped__nchl__seed_009,/home/rowanli.tangalin/tpr/tpr/results/hpc_rq1/nominal/thrower/biped/nchl/seed_009,98722ce097a22114dfda873eacbddad1a417b8e2e5716ed9a13401116eaf3ce4,654b258558320dba36c760d416d12588b713ad9152e48e38ab31a6384bc49ec4,9,Thrower-v0,biped,1,5415548583552718452,3538497439875268043,Wfinal,1.0,300,0.3982536339342416,300,False,True,0.8015894116287262,/home/rowanli.tangalin/tpr/tpr/results/hpc_rq1/nominal_analysis/traces/Thrower-v0_biped_nchl_train009_analysis01.npz
thrower__biped__nchl__seed_009,/home/rowanli.tangalin/tpr/tpr/results/hpc_rq1/nominal/thrower/biped/nchl/seed_009,98722ce097a22114dfda873eacbddad1a417b8e2e5716ed9a13401116eaf3ce4,654b258558320dba36c760d416d12588b713ad9152e48e38ab31a6384bc49ec4,9,Thrower-v0,biped,2,6075971192560964690,5235945277139461518,W0,0.0,0,0.3049382547970231,300,False,True,1.2153541046385876,/home/rowanli.tangalin/tpr/tpr/results/hpc_rq1/nominal_analysis/traces/Thrower-v0_biped_nchl_train009_analysis02.npz
thrower__biped__nchl__seed_009,/home/rowanli.tangalin/tpr/tpr/results/hpc_rq1/nominal/thrower/biped/nchl/seed_009,98722ce097a22114dfda873eacbddad1a417b8e2e5716ed9a13401116eaf3ce4,654b258558320dba36c760d416d12588b713ad9152e48e38ab31a6384bc49ec4,9,Thrower-v0,biped,2,6075971192560964690,5235945277139461518,W25,0.25,75,0.26936085018442807,300,False,True,1.2153541046385876,/home/rowanli.tangalin/tpr/tpr/results/hpc_rq1/nominal_analysis/traces/Thrower-v0_biped_nchl_train009_analysis02.npz
thrower__biped__nchl__seed_009,/home/rowanli.tangalin/tpr/tpr/results/hpc_rq1/nominal/thrower/biped/nchl/seed_009,98722ce097a22114dfda873eacbddad1a417b8e2e5716ed9a13401116eaf3ce4,654b258558320dba36c760d416d12588b713ad9152e48e38ab31a6384bc49ec4,9,Thrower-v0,biped,2,6075971192560964690,5235945277139461518,W50,0.5,150,0.23499660915206866,300,False,True,1.2153541046385876,/home/rowanli.tangalin/tpr/tpr/results/hpc_rq1/nominal_analysis/traces/Thrower-v0_biped_nchl_train009_analysis02.npz
thrower__biped__nchl__seed_009,/home/rowanli.tangalin/tpr/tpr/results/hpc_rq1/nominal/thrower/biped/nchl/seed_009,98722ce097a22114dfda873eacbddad1a417b8e2e5716ed9a13401116eaf3ce4,654b258558320dba36c760d416d12588b713ad9152e48e38ab31a6384bc49ec4,9,Thrower-v0,biped,2,6075971192560964690,5235945277139461518,W75,0.75,225,0.31841883827353024,300,False,True,1.2153541046385876,/home/rowanli.tangalin/tpr/tpr/results/hpc_rq1/nominal_analysis/traces/Thrower-v0_biped_nchl_train009_analysis02.npz
thrower__biped__nchl__seed_009,/home/rowanli.tangalin/tpr/tpr/results/hpc_rq1/nominal/thrower/biped/nchl/seed_009,98722ce097a22114dfda873eacbddad1a417b8e2e5716ed9a13401116eaf3ce4,654b258558320dba36c760d416d12588b713ad9152e48e38ab31a6384bc49ec4,9,Thrower-v0,biped,2,6075971192560964690,5235945277139461518,Wfinal,1.0,300,0.36527746641165265,300,False,True,1.2153541046385876,/home/rowanli.tangalin/tpr/tpr/results/hpc_rq1/nominal_analysis/traces/Thrower-v0_biped_nchl_train009_analysis02.npz
thrower__thrower_arm__nchl__seed_000,/home/rowanli.tangalin/tpr/tpr/results/hpc_rq1/nominal/thrower/thrower_arm/nchl/seed_000,fc922ac142f7558d012c1f4fa556dbe2f5f0a6ce1a26bc38380c596e3b55d056,b30bae82a6d922fbd0a09b345d6213d72112e43deac1ae15c3d289801b24b7d3,0,Thrower-v0,thrower_arm,0,4940322620982477041,3023897764847979143,W0,0.0,0,0.15693353991588904,300,False,True,3.078065084312924,/home/rowanli.tangalin/tpr/tpr/results/hpc_rq1/nominal_analysis/traces/Thrower-v0_thrower_arm_nchl_train000_analysis00.npz
thrower__thrower_arm__nchl__seed_000,/home/rowanli.tangalin/tpr/tpr/results/hpc_rq1/nominal/thrower/thrower_arm/nchl/seed_000,fc922ac142f7558d012c1f4fa556dbe2f5f0a6ce1a26bc38380c596e3b55d056,b30bae82a6d922fbd0a09b345d6213d72112e43deac1ae15c3d289801b24b7d3,0,Thrower-v0,thrower_arm,0,4940322620982477041,3023897764847979143,W25,0.25,75,1.2233202093701023,300,False,True,3.078065084312924,/home/rowanli.tangalin/tpr/tpr/results/hpc_rq1/nominal_analysis/traces/Thrower-v0_thrower_arm_nchl_train000_analysis00.npz
thrower__thrower_arm__nchl__seed_000,/home/rowanli.tangalin/tpr/tpr/results/hpc_rq1/nominal/thrower/thrower_arm/nchl/seed_000,fc922ac142f7558d012c1f4fa556dbe2f5f0a6ce1a26bc38380c596e3b55d056,b30bae82a6d922fbd0a09b345d6213d72112e43deac1ae15c3d289801b24b7d3,0,Thrower-v0,thrower_arm,0,4940322620982477041,3023897764847979143,W50,0.5,150,1.5482329964334332,300,False,True,3.078065084312924,/home/rowanli.tangalin/tpr/tpr/results/hpc_rq1/nominal_analysis/traces/Thrower-v0_thrower_arm_nchl_train000_analysis00.npz
thrower__thrower_arm__nchl__seed_000,/home/rowanli.tangalin/tpr/tpr/results/hpc_rq1/nominal/thrower/thrower_arm/nchl/seed_000,fc922ac142f7558d012c1f4fa556dbe2f5f0a6ce1a26bc38380c596e3b55d056,b30bae82a6d922fbd0a09b345d6213d72112e43deac1ae15c3d289801b24b7d3,0,Thrower-v0,thrower_arm,0,4940322620982477041,3023897764847979143,W75,0.75,225,1.57709007920904,300,False,True,3.078065084312924,/home/rowanli.tangalin/tpr/tpr/results/hpc_rq1/nominal_analysis/traces/Thrower-v0_thrower_arm_nchl_train000_analysis00.npz
thrower__thrower_arm__nchl__seed_000,/home/rowanli.tangalin/tpr/tpr/results/hpc_rq1/nominal/thrower/thrower_arm/nchl/seed_000,fc922ac142f7558d012c1f4fa556dbe2f5f0a6ce1a26bc38380c596e3b55d056,b30bae82a6d922fbd0a09b345d6213d72112e43deac1ae15c3d289801b24b7d3,0,Thrower-v0,thrower_arm,0,4940322620982477041,3023897764847979143,Wfinal,1.0,300,1.5758717462786174,300,False,True,3.078065084312924,/home/rowanli.tangalin/tpr/tpr/results/hpc_rq1/nominal_analysis/traces/Thrower-v0_thrower_arm_nchl_train000_analysis00.npz
thrower__thrower_arm__nchl__seed_000,/home/rowanli.tangalin/tpr/tpr/results/hpc_rq1/nominal/thrower/thrower_arm/nchl/seed_000,fc922ac142f7558d012c1f4fa556dbe2f5f0a6ce1a26bc38380c596e3b55d056,b30bae82a6d922fbd0a09b345d6213d72112e43deac1ae15c3d289801b24b7d3,0,Thrower-v0,thrower_arm,1,530078296572617688,6966882572876332860,W0,0.0,0,0.35825036168167573,300,False,True,3.0536539420031903,/home/rowanli.tangalin/tpr/tpr/results/hpc_rq1/nominal_analysis/traces/Thrower-v0_thrower_arm_nchl_train000_analysis01.npz
thrower__thrower_arm__nchl__seed_000,/home/rowanli.tangalin/tpr/tpr/results/hpc_rq1/nominal/thrower/thrower_arm/nchl/seed_000,fc922ac142f7558d012c1f4fa556dbe2f5f0a6ce1a26bc38380c596e3b55d056,b30bae82a6d922fbd0a09b345d6213d72112e43deac1ae15c3d289801b24b7d3,0,Thrower-v0,thrower_arm,1,530078296572617688,6966882572876332860,W25,0.25,75,1.1358528347356502,300,False,True,3.0536539420031903,/home/rowanli.tangalin/tpr/tpr/results/hpc_rq1/nominal_analysis/traces/Thrower-v0_thrower_arm_nchl_train000_analysis01.npz
thrower__thrower_arm__nchl__seed_000,/home/rowanli.tangalin/tpr/tpr/results/hpc_rq1/nominal/thrower/thrower_arm/nchl/seed_000,fc922ac142f7558d012c1f4fa556dbe2f5f0a6ce1a26bc38380c596e3b55d056,b30bae82a6d922fbd0a09b345d6213d72112e43deac1ae15c3d289801b24b7d3,0,Thrower-v0,thrower_arm,1,530078296572617688,6966882572876332860,W50,0.5,150,1.146448351043031,300,False,True,3.0536539420031903,/home/rowanli.tangalin/tpr/tpr/results/hpc_rq1/nominal_analysis/traces/Thrower-v0_thrower_arm_nchl_train000_analysis01.npz
thrower__thrower_arm__nchl__seed_000,/home/rowanli.tangalin/tpr/tpr/results/hpc_rq1/nominal/thrower/thrower_arm/nchl/seed_000,fc922ac142f7558d012c1f4fa556dbe2f5f0a6ce1a26bc38380c596e3b55d056,b30bae82a6d922fbd0a09b345d6213d72112e43deac1ae15c3d289801b24b7d3,0,Thrower-v0,thrower_arm,1,530078296572617688,6966882572876332860,W75,0.75,225,1.0603664407425832,300,False,True,3.0536539420031903,/home/rowanli.tangalin/tpr/tpr/results/hpc_rq1/nominal_analysis/traces/Thrower-v0_thrower_arm_nchl_train000_analysis01.npz
thrower__thrower_arm__nchl__seed_000,/home/rowanli.tangalin/tpr/tpr/results/hpc_rq1/nominal/thrower/thrower_arm/nchl/seed_000,fc922ac142f7558d012c1f4fa556dbe2f5f0a6ce1a26bc38380c596e3b55d056,b30bae82a6d922fbd0a09b345d6213d72112e43deac1ae15c3d289801b24b7d3,0,Thrower-v0,thrower_arm,1,530078296572617688,6966882572876332860,Wfinal,1.0,300,1.555429780904876,300,False,True,3.0536539420031903,/home/rowanli.tangalin/tpr/tpr/results/hpc_rq1/nominal_analysis/traces/Thrower-v0_thrower_arm_nchl_train000_analysis01.npz
thrower__thrower_arm__nchl__seed_000,/home/rowanli.tangalin/tpr/tpr/results/hpc_rq1/nominal/thrower/thrower_arm/nchl/seed_000,fc922ac142f7558d012c1f4fa556dbe2f5f0a6ce1a26bc38380c596e3b55d056,b30bae82a6d922fbd0a09b345d6213d72112e43deac1ae15c3d289801b24b7d3,0,Thrower-v0,thrower_arm,2,7210830791768759910,3424438756091539107,W0,0.0,0,0.3903452631268497,300,False,True,2.869167021165804,/home/rowanli.tangalin/tpr/tpr/results/hpc_rq1/nominal_analysis/traces/Thrower-v0_thrower_arm_nchl_train000_analysis02.npz
thrower__thrower_arm__nchl__seed_000,/home/rowanli.tangalin/tpr/tpr/results/hpc_rq1/nominal/thrower/thrower_arm/nchl/seed_000,fc922ac142f7558d012c1f4fa556dbe2f5f0a6ce1a26bc38380c596e3b55d056,b30bae82a6d922fbd0a09b345d6213d72112e43deac1ae15c3d289801b24b7d3,0,Thrower-v0,thrower_arm,2,7210830791768759910,3424438756091539107,W25,0.25,75,1.188405181451403,300,False,True,2.869167021165804,/home/rowanli.tangalin/tpr/tpr/results/hpc_rq1/nominal_analysis/traces/Thrower-v0_thrower_arm_nchl_train000_analysis02.npz
thrower__thrower_arm__nchl__seed_000,/home/rowanli.tangalin/tpr/tpr/results/hpc_rq1/nominal/thrower/thrower_arm/nchl/seed_000,fc922ac142f7558d012c1f4fa556dbe2f5f0a6ce1a26bc38380c596e3b55d056,b30bae82a6d922fbd0a09b345d6213d72112e43deac1ae15c3d289801b24b7d3,0,Thrower-v0,thrower_arm,2,7210830791768759910,3424438756091539107,W50,0.5,150,0.652707681209112,300,False,True,2.869167021165804,/home/rowanli.tangalin/tpr/tpr/results/hpc_rq1/nominal_analysis/traces/Thrower-v0_thrower_arm_nchl_train000_analysis02.npz
thrower__thrower_arm__nchl__seed_000,/home/rowanli.tangalin/tpr/tpr/results/hpc_rq1/nominal/thrower/thrower_arm/nchl/seed_000,fc922ac142f7558d012c1f4fa556dbe2f5f0a6ce1a26bc38380c596e3b55d056,b30bae82a6d922fbd0a09b345d6213d72112e43deac1ae15c3d289801b24b7d3,0,Thrower-v0,thrower_arm,2,7210830791768759910,3424438756091539107,W75,0.75,225,1.541642006885459,300,False,True,2.869167021165804,/home/rowanli.tangalin/tpr/tpr/results/hpc_rq1/nominal_analysis/traces/Thrower-v0_thrower_arm_nchl_train000_analysis02.npz
thrower__thrower_arm__nchl__seed_000,/home/rowanli.tangalin/tpr/tpr/results/hpc_rq1/nominal/thrower/thrower_arm/nchl/seed_000,fc922ac142f7558d012c1f4fa556dbe2f5f0a6ce1a26bc38380c596e3b55d056,b30bae82a6d922fbd0a09b345d6213d72112e43deac1ae15c3d289801b24b7d3,0,Thrower-v0,thrower_arm,2,7210830791768759910,3424438756091539107,Wfinal,1.0,300,1.5138984163969962,300,False,True,2.869167021165804,/home/rowanli.tangalin/tpr/tpr/results/hpc_rq1/nominal_analysis/traces/Thrower-v0_thrower_arm_nchl_train000_analysis02.npz
thrower__thrower_arm__nchl__seed_001,/home/rowanli.tangalin/tpr/tpr/results/hpc_rq1/nominal/thrower/thrower_arm/nchl/seed_001,ad8a66363c20bb385a6a9364528f0810583350313bfc874a6ae9af5427f03e68,a5438cd639fd30ef49268f438281e3e1abf7da3c55b60d869f956bc636932115,1,Thrower-v0,thrower_arm,0,5232325836976384581,7172422899355977572,W0,0.0,0,0.1514448895328836,300,False,True,3.1494880796370435,/home/rowanli.tangalin/tpr/tpr/results/hpc_rq1/nominal_analysis/traces/Thrower-v0_thrower_arm_nchl_train001_analysis00.npz
thrower__thrower_arm__nchl__seed_001,/home/rowanli.tangalin/tpr/tpr/results/hpc_rq1/nominal/thrower/thrower_arm/nchl/seed_001,ad8a66363c20bb385a6a9364528f0810583350313bfc874a6ae9af5427f03e68,a5438cd639fd30ef49268f438281e3e1abf7da3c55b60d869f956bc636932115,1,Thrower-v0,thrower_arm,0,5232325836976384581,7172422899355977572,W25,0.25,75,1.752860824552008,300,False,True,3.1494880796370435,/home/rowanli.tangalin/tpr/tpr/results/hpc_rq1/nominal_analysis/traces/Thrower-v0_thrower_arm_nchl_train001_analysis00.npz
thrower__thrower_arm__nchl__seed_001,/home/rowanli.tangalin/tpr/tpr/results/hpc_rq1/nominal/thrower/thrower_arm/nchl/seed_001,ad8a66363c20bb385a6a9364528f0810583350313bfc874a6ae9af5427f03e68,a5438cd639fd30ef49268f438281e3e1abf7da3c55b60d869f956bc636932115,1,Thrower-v0,thrower_arm,0,5232325836976384581,7172422899355977572,W50,0.5,150,2.0492540817860743,300,False,True,3.1494880796370435,/home/rowanli.tangalin/tpr/tpr/results/hpc_rq1/nominal_analysis/traces/Thrower-v0_thrower_arm_nchl_train001_analysis00.npz
thrower__thrower_arm__nchl__seed_001,/home/rowanli.tangalin/tpr/tpr/results/hpc_rq1/nominal/thrower/thrower_arm/nchl/seed_001,ad8a66363c20bb385a6a9364528f0810583350313bfc874a6ae9af5427f03e68,a5438cd639fd30ef49268f438281e3e1abf7da3c55b60d869f956bc636932115,1,Thrower-v0,thrower_arm,0,5232325836976384581,7172422899355977572,W75,0.75,225,1.3156758131328838,300,False,True,3.1494880796370435,/home/rowanli.tangalin/tpr/tpr/results/hpc_rq1/nominal_analysis/traces/Thrower-v0_thrower_arm_nchl_train001_analysis00.npz
thrower__thrower_arm__nchl__seed_001,/home/rowanli.tangalin/tpr/tpr/results/hpc_rq1/nominal/thrower/thrower_arm/nchl/seed_001,ad8a66363c20bb385a6a9364528f0810583350313bfc874a6ae9af5427f03e68,a5438cd639fd30ef49268f438281e3e1abf7da3c55b60d869f956bc636932115,1,Thrower-v0,thrower_arm,0,5232325836976384581,7172422899355977572,Wfinal,1.0,300,3.236458978082868,300,False,True,3.1494880796370435,/home/rowanli.tangalin/tpr/tpr/results/hpc_rq1/nominal_analysis/traces/Thrower-v0_thrower_arm_nchl_train001_analysis00.npz
thrower__thrower_arm__nchl__seed_001,/home/rowanli.tangalin/tpr/tpr/results/hpc_rq1/nominal/thrower/thrower_arm/nchl/seed_001,ad8a66363c20bb385a6a9364528f0810583350313bfc874a6ae9af5427f03e68,a5438cd639fd30ef49268f438281e3e1abf7da3c55b60d869f956bc636932115,1,Thrower-v0,thrower_arm,1,3184075494390970209,9147161066225580108,W0,0.0,0,-0.9842663550625614,300,False,True,3.20301393408878,/home/rowanli.tangalin/tpr/tpr/results/hpc_rq1/nominal_analysis/traces/Thrower-v0_thrower_arm_nchl_train001_analysis01.npz
thrower__thrower_arm__nchl__seed_001,/home/rowanli.tangalin/tpr/tpr/results/hpc_rq1/nominal/thrower/thrower_arm/nchl/seed_001,ad8a66363c20bb385a6a9364528f0810583350313bfc874a6ae9af5427f03e68,a5438cd639fd30ef49268f438281e3e1abf7da3c55b60d869f956bc636932115,1,Thrower-v0,thrower_arm,1,3184075494390970209,9147161066225580108,W25,0.25,75,0.7505427512702435,300,False,True,3.20301393408878,/home/rowanli.tangalin/tpr/tpr/results/hpc_rq1/nominal_analysis/traces/Thrower-v0_thrower_arm_nchl_train001_analysis01.npz
thrower__thrower_arm__nchl__seed_001,/home/rowanli.tangalin/tpr/tpr/results/hpc_rq1/nominal/thrower/thrower_arm/nchl/seed_001,ad8a66363c20bb385a6a9364528f0810583350313bfc874a6ae9af5427f03e68,a5438cd639fd30ef49268f438281e3e1abf7da3c55b60d869f956bc636932115,1,Thrower-v0,thrower_arm,1,3184075494390970209,9147161066225580108,W50,0.5,150,1.2589368867515889,300,False,True,3.20301393408878,/home/rowanli.tangalin/tpr/tpr/results/hpc_rq1/nominal_analysis/traces/Thrower-v0_thrower_arm_nchl_train001_analysis01.npz
thrower__thrower_arm__nchl__seed_001,/home/rowanli.tangalin/tpr/tpr/results/hpc_rq1/nominal/thrower/thrower_arm/nchl/seed_001,ad8a66363c20bb385a6a9364528f0810583350313bfc874a6ae9af5427f03e68,a5438cd639fd30ef49268f438281e3e1abf7da3c55b60d869f956bc636932115,1,Thrower-v0,thrower_arm,1,3184075494390970209,9147161066225580108,W75,0.75,225,2.1169722901085977,300,False,True,3.20301393408878,/home/rowanli.tangalin/tpr/tpr/results/hpc_rq1/nominal_analysis/traces/Thrower-v0_thrower_arm_nchl_train001_analysis01.npz
thrower__thrower_arm__nchl__seed_001,/home/rowanli.tangalin/tpr/tpr/results/hpc_rq1/nominal/thrower/thrower_arm/nchl/seed_001,ad8a66363c20bb385a6a9364528f0810583350313bfc874a6ae9af5427f03e68,a5438cd639fd30ef49268f438281e3e1abf7da3c55b60d869f956bc636932115,1,Thrower-v0,thrower_arm,1,3184075494390970209,9147161066225580108,Wfinal,1.0,300,3.1338005553681034,300,False,True,3.20301393408878,/home/rowanli.tangalin/tpr/tpr/results/hpc_rq1/nominal_analysis/traces/Thrower-v0_thrower_arm_nchl_train001_analysis01.npz
thrower__thrower_arm__nchl__seed_001,/home/rowanli.tangalin/tpr/tpr/results/hpc_rq1/nominal/thrower/thrower_arm/nchl/seed_001,ad8a66363c20bb385a6a9364528f0810583350313bfc874a6ae9af5427f03e68,a5438cd639fd30ef49268f438281e3e1abf7da3c55b60d869f956bc636932115,1,Thrower-v0,thrower_arm,2,6337936886056088,9019669384804417704,W0,0.0,0,0.42022147764665446,300,False,True,3.3201002699271758,/home/rowanli.tangalin/tpr/tpr/results/hpc_rq1/nominal_analysis/traces/Thrower-v0_thrower_arm_nchl_train001_analysis02.npz
thrower__thrower_arm__nchl__seed_001,/home/rowanli.tangalin/tpr/tpr/results/hpc_rq1/nominal/thrower/thrower_arm/nchl/seed_001,ad8a66363c20bb385a6a9364528f0810583350313bfc874a6ae9af5427f03e68,a5438cd639fd30ef49268f438281e3e1abf7da3c55b60d869f956bc636932115,1,Thrower-v0,thrower_arm,2,6337936886056088,9019669384804417704,W25,0.25,75,0.5714843075641962,300,False,True,3.3201002699271758,/home/rowanli.tangalin/tpr/tpr/results/hpc_rq1/nominal_analysis/traces/Thrower-v0_thrower_arm_nchl_train001_analysis02.npz
thrower__thrower_arm__nchl__seed_001,/home/rowanli.tangalin/tpr/tpr/results/hpc_rq1/nominal/thrower/thrower_arm/nchl/seed_001,ad8a66363c20bb385a6a9364528f0810583350313bfc874a6ae9af5427f03e68,a5438cd639fd30ef49268f438281e3e1abf7da3c55b60d869f956bc636932115,1,Thrower-v0,thrower_arm,2,6337936886056088,9019669384804417704,W50,0.5,150,0.852079966129757,300,False,True,3.3201002699271758,/home/rowanli.tangalin/tpr/tpr/results/hpc_rq1/nominal_analysis/traces/Thrower-v0_thrower_arm_nchl_train001_analysis02.npz
thrower__thrower_arm__nchl__seed_001,/home/rowanli.tangalin/tpr/tpr/results/hpc_rq1/nominal/thrower/thrower_arm/nchl/seed_001,ad8a66363c20bb385a6a9364528f0810583350313bfc874a6ae9af5427f03e68,a5438cd639fd30ef49268f438281e3e1abf7da3c55b60d869f956bc636932115,1,Thrower-v0,thrower_arm,2,6337936886056088,9019669384804417704,W75,0.75,225,2.080169831405968,300,False,True,3.3201002699271758,/home/rowanli.tangalin/tpr/tpr/results/hpc_rq1/nominal_analysis/traces/Thrower-v0_thrower_arm_nchl_train001_analysis02.npz
thrower__thrower_arm__nchl__seed_001,/home/rowanli.tangalin/tpr/tpr/results/hpc_rq1/nominal/thrower/thrower_arm/nchl/seed_001,ad8a66363c20bb385a6a9364528f0810583350313bfc874a6ae9af5427f03e68,a5438cd639fd30ef49268f438281e3e1abf7da3c55b60d869f956bc636932115,1,Thrower-v0,thrower_arm,2,6337936886056088,9019669384804417704,Wfinal,1.0,300,2.1580006047679166,300,False,True,3.3201002699271758,/home/rowanli.tangalin/tpr/tpr/results/hpc_rq1/nominal_analysis/traces/Thrower-v0_thrower_arm_nchl_train001_analysis02.npz
thrower__thrower_arm__nchl__seed_002,/home/rowanli.tangalin/tpr/tpr/results/hpc_rq1/nominal/thrower/thrower_arm/nchl/seed_002,c0fe4c66e1739f91e800330d9e044e63dc94d647b7892238bca5ee91edd392a3,5f17647971ebd99153bfd433fd20da394c8e49ed86aff82efe3690357b5fd6f3,2,Thrower-v0,thrower_arm,0,4709125304908105630,1244304497912131803,W0,0.0,0,0.30423069084764254,300,False,True,0.6846796128621824,/home/rowanli.tangalin/tpr/tpr/results/hpc_rq1/nominal_analysis/traces/Thrower-v0_thrower_arm_nchl_train002_analysis00.npz
thrower__thrower_arm__nchl__seed_002,/home/rowanli.tangalin/tpr/tpr/results/hpc_rq1/nominal/thrower/thrower_arm/nchl/seed_002,c0fe4c66e1739f91e800330d9e044e63dc94d647b7892238bca5ee91edd392a3,5f17647971ebd99153bfd433fd20da394c8e49ed86aff82efe3690357b5fd6f3,2,Thrower-v0,thrower_arm,0,4709125304908105630,1244304497912131803,W25,0.25,75,1.5202970988698594,300,False,True,0.6846796128621824,/home/rowanli.tangalin/tpr/tpr/results/hpc_rq1/nominal_analysis/traces/Thrower-v0_thrower_arm_nchl_train002_analysis00.npz
thrower__thrower_arm__nchl__seed_002,/home/rowanli.tangalin/tpr/tpr/results/hpc_rq1/nominal/thrower/thrower_arm/nchl/seed_002,c0fe4c66e1739f91e800330d9e044e63dc94d647b7892238bca5ee91edd392a3,5f17647971ebd99153bfd433fd20da394c8e49ed86aff82efe3690357b5fd6f3,2,Thrower-v0,thrower_arm,0,4709125304908105630,1244304497912131803,W50,0.5,150,1.6162425261766464,300,False,True,0.6846796128621824,/home/rowanli.tangalin/tpr/tpr/results/hpc_rq1/nominal_analysis/traces/Thrower-v0_thrower_arm_nchl_train002_analysis00.npz
thrower__thrower_arm__nchl__seed_002,/home/rowanli.tangalin/tpr/tpr/results/hpc_rq1/nominal/thrower/thrower_arm/nchl/seed_002,c0fe4c66e1739f91e800330d9e044e63dc94d647b7892238bca5ee91edd392a3,5f17647971ebd99153bfd433fd20da394c8e49ed86aff82efe3690357b5fd6f3,2,Thrower-v0,thrower_arm,0,4709125304908105630,1244304497912131803,W75,0.75,225,1.3176699239074592,300,False,True,0.6846796128621824,/home/rowanli.tangalin/tpr/tpr/results/hpc_rq1/nominal_analysis/traces/Thrower-v0_thrower_arm_nchl_train002_analysis00.npz
thrower__thrower_arm__nchl__seed_002,/home/rowanli.tangalin/tpr/tpr/results/hpc_rq1/nominal/thrower/thrower_arm/nchl/seed_002,c0fe4c66e1739f91e800330d9e044e63dc94d647b7892238bca5ee91edd392a3,5f17647971ebd99153bfd433fd20da394c8e49ed86aff82efe3690357b5fd6f3,2,Thrower-v0,thrower_arm,0,4709125304908105630,1244304497912131803,Wfinal,1.0,300,1.1955769119604092,300,False,True,0.6846796128621824,/home/rowanli.tangalin/tpr/tpr/results/hpc_rq1/nominal_analysis/traces/Thrower-v0_thrower_arm_nchl_train002_analysis00.npz
thrower__thrower_arm__nchl__seed_002,/home/rowanli.tangalin/tpr/tpr/results/hpc_rq1/nominal/thrower/thrower_arm/nchl/seed_002,c0fe4c66e1739f91e800330d9e044e63dc94d647b7892238bca5ee91edd392a3,5f17647971ebd99153bfd433fd20da394c8e49ed86aff82efe3690357b5fd6f3,2,Thrower-v0,thrower_arm,1,6789895730674132307,2935584579999248951,W0,0.0,0,0.24657442526555062,300,False,True,0.7446253064446575,/home/rowanli.tangalin/tpr/tpr/results/hpc_rq1/nominal_analysis/traces/Thrower-v0_thrower_arm_nchl_train002_analysis01.npz
thrower__thrower_arm__nchl__seed_002,/home/rowanli.tangalin/tpr/tpr/results/hpc_rq1/nominal/thrower/thrower_arm/nchl/seed_002,c0fe4c66e1739f91e800330d9e044e63dc94d647b7892238bca5ee91edd392a3,5f17647971ebd99153bfd433fd20da394c8e49ed86aff82efe3690357b5fd6f3,2,Thrower-v0,thrower_arm,1,6789895730674132307,2935584579999248951,W25,0.25,75,2.081472006222958,300,False,True,0.7446253064446575,/home/rowanli.tangalin/tpr/tpr/results/hpc_rq1/nominal_analysis/traces/Thrower-v0_thrower_arm_nchl_train002_analysis01.npz
thrower__thrower_arm__nchl__seed_002,/home/rowanli.tangalin/tpr/tpr/results/hpc_rq1/nominal/thrower/thrower_arm/nchl/seed_002,c0fe4c66e1739f91e800330d9e044e63dc94d647b7892238bca5ee91edd392a3,5f17647971ebd99153bfd433fd20da394c8e49ed86aff82efe3690357b5fd6f3,2,Thrower-v0,thrower_arm,1,6789895730674132307,2935584579999248951,W50,0.5,150,0.7312038967630985,300,False,True,0.7446253064446575,/home/rowanli.tangalin/tpr/tpr/results/hpc_rq1/nominal_analysis/traces/Thrower-v0_thrower_arm_nchl_train002_analysis01.npz
thrower__thrower_arm__nchl__seed_002,/home/rowanli.tangalin/tpr/tpr/results/hpc_rq1/nominal/thrower/thrower_arm/nchl/seed_002,c0fe4c66e1739f91e800330d9e044e63dc94d647b7892238bca5ee91edd392a3,5f17647971ebd99153bfd433fd20da394c8e49ed86aff82efe3690357b5fd6f3,2,Thrower-v0,thrower_arm,1,6789895730674132307,2935584579999248951,W75,0.75,225,2.0779726573505215,300,False,True,0.7446253064446575,/home/rowanli.tangalin/tpr/tpr/results/hpc_rq1/nominal_analysis/traces/Thrower-v0_thrower_arm_nchl_train002_analysis01.npz
thrower__thrower_arm__nchl__seed_002,/home/rowanli.tangalin/tpr/tpr/results/hpc_rq1/nominal/thrower/thrower_arm/nchl/seed_002,c0fe4c66e1739f91e800330d9e044e63dc94d647b7892238bca5ee91edd392a3,5f17647971ebd99153bfd433fd20da394c8e49ed86aff82efe3690357b5fd6f3,2,Thrower-v0,thrower_arm,1,6789895730674132307,2935584579999248951,Wfinal,1.0,300,0.7322147702848958,300,False,True,0.7446253064446575,/home/rowanli.tangalin/tpr/tpr/results/hpc_rq1/nominal_analysis/traces/Thrower-v0_thrower_arm_nchl_train002_analysis01.npz
thrower__thrower_arm__nchl__seed_002,/home/rowanli.tangalin/tpr/tpr/results/hpc_rq1/nominal/thrower/thrower_arm/nchl/seed_002,c0fe4c66e1739f91e800330d9e044e63dc94d647b7892238bca5ee91edd392a3,5f17647971ebd99153bfd433fd20da394c8e49ed86aff82efe3690357b5fd6f3,2,Thrower-v0,thrower_arm,2,2298876442789069326,7237655472595637189,W0,0.0,0,0.32580912978272086,300,False,True,-0.7792790959135377,/home/rowanli.tangalin/tpr/tpr/results/hpc_rq1/nominal_analysis/traces/Thrower-v0_thrower_arm_nchl_train002_analysis02.npz
thrower__thrower_arm__nchl__seed_002,/home/rowanli.tangalin/tpr/tpr/results/hpc_rq1/nominal/thrower/thrower_arm/nchl/seed_002,c0fe4c66e1739f91e800330d9e044e63dc94d647b7892238bca5ee91edd392a3,5f17647971ebd99153bfd433fd20da394c8e49ed86aff82efe3690357b5fd6f3,2,Thrower-v0,thrower_arm,2,2298876442789069326,7237655472595637189,W25,0.25,75,1.2644956467557884,300,False,True,-0.7792790959135377,/home/rowanli.tangalin/tpr/tpr/results/hpc_rq1/nominal_analysis/traces/Thrower-v0_thrower_arm_nchl_train002_analysis02.npz
thrower__thrower_arm__nchl__seed_002,/home/rowanli.tangalin/tpr/tpr/results/hpc_rq1/nominal/thrower/thrower_arm/nchl/seed_002,c0fe4c66e1739f91e800330d9e044e63dc94d647b7892238bca5ee91edd392a3,5f17647971ebd99153bfd433fd20da394c8e49ed86aff82efe3690357b5fd6f3,2,Thrower-v0,thrower_arm,2,2298876442789069326,7237655472595637189,W50,0.5,150,1.6624231623113657,300,False,True,-0.7792790959135377,/home/rowanli.tangalin/tpr/tpr/results/hpc_rq1/nominal_analysis/traces/Thrower-v0_thrower_arm_nchl_train002_analysis02.npz
thrower__thrower_arm__nchl__seed_002,/home/rowanli.tangalin/tpr/tpr/results/hpc_rq1/nominal/thrower/thrower_arm/nchl/seed_002,c0fe4c66e1739f91e800330d9e044e63dc94d647b7892238bca5ee91edd392a3,5f17647971ebd99153bfd433fd20da394c8e49ed86aff82efe3690357b5fd6f3,2,Thrower-v0,thrower_arm,2,2298876442789069326,7237655472595637189,W75,0.75,225,1.7795950132442824,300,False,True,-0.7792790959135377,/home/rowanli.tangalin/tpr/tpr/results/hpc_rq1/nominal_analysis/traces/Thrower-v0_thrower_arm_nchl_train002_analysis02.npz
thrower__thrower_arm__nchl__seed_002,/home/rowanli.tangalin/tpr/tpr/results/hpc_rq1/nominal/thrower/thrower_arm/nchl/seed_002,c0fe4c66e1739f91e800330d9e044e63dc94d647b7892238bca5ee91edd392a3,5f17647971ebd99153bfd433fd20da394c8e49ed86aff82efe3690357b5fd6f3,2,Thrower-v0,thrower_arm,2,2298876442789069326,7237655472595637189,Wfinal,1.0,300,-1.0691071450014975,300,False,True,-0.7792790959135377,/home/rowanli.tangalin/tpr/tpr/results/hpc_rq1/nominal_analysis/traces/Thrower-v0_thrower_arm_nchl_train002_analysis02.npz
thrower__thrower_arm__nchl__seed_003,/home/rowanli.tangalin/tpr/tpr/results/hpc_rq1/nominal/thrower/thrower_arm/nchl/seed_003,0d1a38b7c1b7fbd84b87338d3134b3959c99f77cd6ee0dd022a8d860732cf540,bbe1da0aa5354bfc65069abfece3cd019f7a72d58889df1e611504cd148fd200,3,Thrower-v0,thrower_arm,0,6875887065855152501,8328361779180904825,W0,0.0,0,0.30634067429928236,300,False,True,3.3321781589771966,/home/rowanli.tangalin/tpr/tpr/results/hpc_rq1/nominal_analysis/traces/Thrower-v0_thrower_arm_nchl_train003_analysis00.npz
thrower__thrower_arm__nchl__seed_003,/home/rowanli.tangalin/tpr/tpr/results/hpc_rq1/nominal/thrower/thrower_arm/nchl/seed_003,0d1a38b7c1b7fbd84b87338d3134b3959c99f77cd6ee0dd022a8d860732cf540,bbe1da0aa5354bfc65069abfece3cd019f7a72d58889df1e611504cd148fd200,3,Thrower-v0,thrower_arm,0,6875887065855152501,8328361779180904825,W25,0.25,75,0.8765425096091766,300,False,True,3.3321781589771966,/home/rowanli.tangalin/tpr/tpr/results/hpc_rq1/nominal_analysis/traces/Thrower-v0_thrower_arm_nchl_train003_analysis00.npz
thrower__thrower_arm__nchl__seed_003,/home/rowanli.tangalin/tpr/tpr/results/hpc_rq1/nominal/thrower/thrower_arm/nchl/seed_003,0d1a38b7c1b7fbd84b87338d3134b3959c99f77cd6ee0dd022a8d860732cf540,bbe1da0aa5354bfc65069abfece3cd019f7a72d58889df1e611504cd148fd200,3,Thrower-v0,thrower_arm,0,6875887065855152501,8328361779180904825,W50,0.5,150,0.7043442257291823,300,False,True,3.3321781589771966,/home/rowanli.tangalin/tpr/tpr/results/hpc_rq1/nominal_analysis/traces/Thrower-v0_thrower_arm_nchl_train003_analysis00.npz
thrower__thrower_arm__nchl__seed_003,/home/rowanli.tangalin/tpr/tpr/results/hpc_rq1/nominal/thrower/thrower_arm/nchl/seed_003,0d1a38b7c1b7fbd84b87338d3134b3959c99f77cd6ee0dd022a8d860732cf540,bbe1da0aa5354bfc65069abfece3cd019f7a72d58889df1e611504cd148fd200,3,Thrower-v0,thrower_arm,0,6875887065855152501,8328361779180904825,W75,0.75,225,0.7654080122204502,300,False,True,3.3321781589771966,/home/rowanli.tangalin/tpr/tpr/results/hpc_rq1/nominal_analysis/traces/Thrower-v0_thrower_arm_nchl_train003_analysis00.npz
thrower__thrower_arm__nchl__seed_003,/home/rowanli.tangalin/tpr/tpr/results/hpc_rq1/nominal/thrower/thrower_arm/nchl/seed_003,0d1a38b7c1b7fbd84b87338d3134b3959c99f77cd6ee0dd022a8d860732cf540,bbe1da0aa5354bfc65069abfece3cd019f7a72d58889df1e611504cd148fd200,3,Thrower-v0,thrower_arm,0,6875887065855152501,8328361779180904825,Wfinal,1.0,300,0.7504240639496077,300,False,True,3.3321781589771966,/home/rowanli.tangalin/tpr/tpr/results/hpc_rq1/nominal_analysis/traces/Thrower-v0_thrower_arm_nchl_train003_analysis00.npz
thrower__thrower_arm__nchl__seed_003,/home/rowanli.tangalin/tpr/tpr/results/hpc_rq1/nominal/thrower/thrower_arm/nchl/seed_003,0d1a38b7c1b7fbd84b87338d3134b3959c99f77cd6ee0dd022a8d860732cf540,bbe1da0aa5354bfc65069abfece3cd019f7a72d58889df1e611504cd148fd200,3,Thrower-v0,thrower_arm,1,2344851983452959862,6171704884853545157,W0,0.0,0,0.34405828702507457,300,False,True,1.593367924905027,/home/rowanli.tangalin/tpr/tpr/results/hpc_rq1/nominal_analysis/traces/Thrower-v0_thrower_arm_nchl_train003_analysis01.npz
thrower__thrower_arm__nchl__seed_003,/home/rowanli.tangalin/tpr/tpr/results/hpc_rq1/nominal/thrower/thrower_arm/nchl/seed_003,0d1a38b7c1b7fbd84b87338d3134b3959c99f77cd6ee0dd022a8d860732cf540,bbe1da0aa5354bfc65069abfece3cd019f7a72d58889df1e611504cd148fd200,3,Thrower-v0,thrower_arm,1,2344851983452959862,6171704884853545157,W25,0.25,75,0.8727756333143709,300,False,True,1.593367924905027,/home/rowanli.tangalin/tpr/tpr/results/hpc_rq1/nominal_analysis/traces/Thrower-v0_thrower_arm_nchl_train003_analysis01.npz
thrower__thrower_arm__nchl__seed_003,/home/rowanli.tangalin/tpr/tpr/results/hpc_rq1/nominal/thrower/thrower_arm/nchl/seed_003,0d1a38b7c1b7fbd84b87338d3134b3959c99f77cd6ee0dd022a8d860732cf540,bbe1da0aa5354bfc65069abfece3cd019f7a72d58889df1e611504cd148fd200,3,Thrower-v0,thrower_arm,1,2344851983452959862,6171704884853545157,W50,0.5,150,0.35599020171550594,300,False,True,1.593367924905027,/home/rowanli.tangalin/tpr/tpr/results/hpc_rq1/nominal_analysis/traces/Thrower-v0_thrower_arm_nchl_train003_analysis01.npz
thrower__thrower_arm__nchl__seed_003,/home/rowanli.tangalin/tpr/tpr/results/hpc_rq1/nominal/thrower/thrower_arm/nchl/seed_003,0d1a38b7c1b7fbd84b87338d3134b3959c99f77cd6ee0dd022a8d860732cf540,bbe1da0aa5354bfc65069abfece3cd019f7a72d58889df1e611504cd148fd200,3,Thrower-v0,thrower_arm,1,2344851983452959862,6171704884853545157,W75,0.75,225,1.1753877476053527,300,False,True,1.593367924905027,/home/rowanli.tangalin/tpr/tpr/results/hpc_rq1/nominal_analysis/traces/Thrower-v0_thrower_arm_nchl_train003_analysis01.npz
thrower__thrower_arm__nchl__seed_003,/home/rowanli.tangalin/tpr/tpr/results/hpc_rq1/nominal/thrower/thrower_arm/nchl/seed_003,0d1a38b7c1b7fbd84b87338d3134b3959c99f77cd6ee0dd022a8d860732cf540,bbe1da0aa5354bfc65069abfece3cd019f7a72d58889df1e611504cd148fd200,3,Thrower-v0,thrower_arm,1,2344851983452959862,6171704884853545157,Wfinal,1.0,300,1.2664066116294317,300,False,True,1.593367924905027,/home/rowanli.tangalin/tpr/tpr/results/hpc_rq1/nominal_analysis/traces/Thrower-v0_thrower_arm_nchl_train003_analysis01.npz
thrower__thrower_arm__nchl__seed_003,/home/rowanli.tangalin/tpr/tpr/results/hpc_rq1/nominal/thrower/thrower_arm/nchl/seed_003,0d1a38b7c1b7fbd84b87338d3134b3959c99f77cd6ee0dd022a8d860732cf540,bbe1da0aa5354bfc65069abfece3cd019f7a72d58889df1e611504cd148fd200,3,Thrower-v0,thrower_arm,2,3189270387817152734,2268335290108042879,W0,0.0,0,0.32276002600890374,300,False,True,3.1531395291157573,/home/rowanli.tangalin/tpr/tpr/results/hpc_rq1/nominal_analysis/traces/Thrower-v0_thrower_arm_nchl_train003_analysis02.npz
thrower__thrower_arm__nchl__seed_003,/home/rowanli.tangalin/tpr/tpr/results/hpc_rq1/nominal/thrower/thrower_arm/nchl/seed_003,0d1a38b7c1b7fbd84b87338d3134b3959c99f77cd6ee0dd022a8d860732cf540,bbe1da0aa5354bfc65069abfece3cd019f7a72d58889df1e611504cd148fd200,3,Thrower-v0,thrower_arm,2,3189270387817152734,2268335290108042879,W25,0.25,75,0.8353315590624497,300,False,True,3.1531395291157573,/home/rowanli.tangalin/tpr/tpr/results/hpc_rq1/nominal_analysis/traces/Thrower-v0_thrower_arm_nchl_train003_analysis02.npz
thrower__thrower_arm__nchl__seed_003,/home/rowanli.tangalin/tpr/tpr/results/hpc_rq1/nominal/thrower/thrower_arm/nchl/seed_003,0d1a38b7c1b7fbd84b87338d3134b3959c99f77cd6ee0dd022a8d860732cf540,bbe1da0aa5354bfc65069abfece3cd019f7a72d58889df1e611504cd148fd200,3,Thrower-v0,thrower_arm,2,3189270387817152734,2268335290108042879,W50,0.5,150,0.3209374310428042,300,False,True,3.1531395291157573,/home/rowanli.tangalin/tpr/tpr/results/hpc_rq1/nominal_analysis/traces/Thrower-v0_thrower_arm_nchl_train003_analysis02.npz
thrower__thrower_arm__nchl__seed_003,/home/rowanli.tangalin/tpr/tpr/results/hpc_rq1/nominal/thrower/thrower_arm/nchl/seed_003,0d1a38b7c1b7fbd84b87338d3134b3959c99f77cd6ee0dd022a8d860732cf540,bbe1da0aa5354bfc65069abfece3cd019f7a72d58889df1e611504cd148fd200,3,Thrower-v0,thrower_arm,2,3189270387817152734,2268335290108042879,W75,0.75,225,0.35768883726539735,300,False,True,3.1531395291157573,/home/rowanli.tangalin/tpr/tpr/results/hpc_rq1/nominal_analysis/traces/Thrower-v0_thrower_arm_nchl_train003_analysis02.npz
thrower__thrower_arm__nchl__seed_003,/home/rowanli.tangalin/tpr/tpr/results/hpc_rq1/nominal/thrower/thrower_arm/nchl/seed_003,0d1a38b7c1b7fbd84b87338d3134b3959c99f77cd6ee0dd022a8d860732cf540,bbe1da0aa5354bfc65069abfece3cd019f7a72d58889df1e611504cd148fd200,3,Thrower-v0,thrower_arm,2,3189270387817152734,2268335290108042879,Wfinal,1.0,300,1.138779400907063,300,False,True,3.1531395291157573,/home/rowanli.tangalin/tpr/tpr/results/hpc_rq1/nominal_analysis/traces/Thrower-v0_thrower_arm_nchl_train003_analysis02.npz
thrower__thrower_arm__nchl__seed_004,/home/rowanli.tangalin/tpr/tpr/results/hpc_rq1/nominal/thrower/thrower_arm/nchl/seed_004,cd4ef82ef3b8c891e536517c06f0ca37ddb49fb9172e181caaa3a445f9fa7729,c761b239f2faba00061f1ad76305b1a2a471dc7dfaeda4c6e01f009b0a526a26,4,Thrower-v0,thrower_arm,0,4675618027918977294,6264005447694142635,W0,0.0,0,0.3870449852434109,300,False,True,0.7591328104645017,/home/rowanli.tangalin/tpr/tpr/results/hpc_rq1/nominal_analysis/traces/Thrower-v0_thrower_arm_nchl_train004_analysis00.npz
thrower__thrower_arm__nchl__seed_004,/home/rowanli.tangalin/tpr/tpr/results/hpc_rq1/nominal/thrower/thrower_arm/nchl/seed_004,cd4ef82ef3b8c891e536517c06f0ca37ddb49fb9172e181caaa3a445f9fa7729,c761b239f2faba00061f1ad76305b1a2a471dc7dfaeda4c6e01f009b0a526a26,4,Thrower-v0,thrower_arm,0,4675618027918977294,6264005447694142635,W25,0.25,75,0.8127549981980158,300,False,True,0.7591328104645017,/home/rowanli.tangalin/tpr/tpr/results/hpc_rq1/nominal_analysis/traces/Thrower-v0_thrower_arm_nchl_train004_analysis00.npz
thrower__thrower_arm__nchl__seed_004,/home/rowanli.tangalin/tpr/tpr/results/hpc_rq1/nominal/thrower/thrower_arm/nchl/seed_004,cd4ef82ef3b8c891e536517c06f0ca37ddb49fb9172e181caaa3a445f9fa7729,c761b239f2faba00061f1ad76305b1a2a471dc7dfaeda4c6e01f009b0a526a26,4,Thrower-v0,thrower_arm,0,4675618027918977294,6264005447694142635,W50,0.5,150,0.4459663392454306,300,False,True,0.7591328104645017,/home/rowanli.tangalin/tpr/tpr/results/hpc_rq1/nominal_analysis/traces/Thrower-v0_thrower_arm_nchl_train004_analysis00.npz
thrower__thrower_arm__nchl__seed_004,/home/rowanli.tangalin/tpr/tpr/results/hpc_rq1/nominal/thrower/thrower_arm/nchl/seed_004,cd4ef82ef3b8c891e536517c06f0ca37ddb49fb9172e181caaa3a445f9fa7729,c761b239f2faba00061f1ad76305b1a2a471dc7dfaeda4c6e01f009b0a526a26,4,Thrower-v0,thrower_arm,0,4675618027918977294,6264005447694142635,W75,0.75,225,-1.2961266458341203,300,False,True,0.7591328104645017,/home/rowanli.tangalin/tpr/tpr/results/hpc_rq1/nominal_analysis/traces/Thrower-v0_thrower_arm_nchl_train004_analysis00.npz
thrower__thrower_arm__nchl__seed_004,/home/rowanli.tangalin/tpr/tpr/results/hpc_rq1/nominal/thrower/thrower_arm/nchl/seed_004,cd4ef82ef3b8c891e536517c06f0ca37ddb49fb9172e181caaa3a445f9fa7729,c761b239f2faba00061f1ad76305b1a2a471dc7dfaeda4c6e01f009b0a526a26,4,Thrower-v0,thrower_arm,0,4675618027918977294,6264005447694142635,Wfinal,1.0,300,1.1167149621690258,300,False,True,0.7591328104645017,/home/rowanli.tangalin/tpr/tpr/results/hpc_rq1/nominal_analysis/traces/Thrower-v0_thrower_arm_nchl_train004_analysis00.npz
thrower__thrower_arm__nchl__seed_004,/home/rowanli.tangalin/tpr/tpr/results/hpc_rq1/nominal/thrower/thrower_arm/nchl/seed_004,cd4ef82ef3b8c891e536517c06f0ca37ddb49fb9172e181caaa3a445f9fa7729,c761b239f2faba00061f1ad76305b1a2a471dc7dfaeda4c6e01f009b0a526a26,4,Thrower-v0,thrower_arm,1,1776748932738538903,3330744174114140836,W0,0.0,0,0.25783455324459814,300,False,True,2.2790190867345954,/home/rowanli.tangalin/tpr/tpr/results/hpc_rq1/nominal_analysis/traces/Thrower-v0_thrower_arm_nchl_train004_analysis01.npz
thrower__thrower_arm__nchl__seed_004,/home/rowanli.tangalin/tpr/tpr/results/hpc_rq1/nominal/thrower/thrower_arm/nchl/seed_004,cd4ef82ef3b8c891e536517c06f0ca37ddb49fb9172e181caaa3a445f9fa7729,c761b239f2faba00061f1ad76305b1a2a471dc7dfaeda4c6e01f009b0a526a26,4,Thrower-v0,thrower_arm,1,1776748932738538903,3330744174114140836,W25,0.25,75,0.8003942145228156,300,False,True,2.2790190867345954,/home/rowanli.tangalin/tpr/tpr/results/hpc_rq1/nominal_analysis/traces/Thrower-v0_thrower_arm_nchl_train004_analysis01.npz
thrower__thrower_arm__nchl__seed_004,/home/rowanli.tangalin/tpr/tpr/results/hpc_rq1/nominal/thrower/thrower_arm/nchl/seed_004,cd4ef82ef3b8c891e536517c06f0ca37ddb49fb9172e181caaa3a445f9fa7729,c761b239f2faba00061f1ad76305b1a2a471dc7dfaeda4c6e01f009b0a526a26,4,Thrower-v0,thrower_arm,1,1776748932738538903,3330744174114140836,W50,0.5,150,0.350739433037752,300,False,True,2.2790190867345954,/home/rowanli.tangalin/tpr/tpr/results/hpc_rq1/nominal_analysis/traces/Thrower-v0_thrower_arm_nchl_train004_analysis01.npz
thrower__thrower_arm__nchl__seed_004,/home/rowanli.tangalin/tpr/tpr/results/hpc_rq1/nominal/thrower/thrower_arm/nchl/seed_004,cd4ef82ef3b8c891e536517c06f0ca37ddb49fb9172e181caaa3a445f9fa7729,c761b239f2faba00061f1ad76305b1a2a471dc7dfaeda4c6e01f009b0a526a26,4,Thrower-v0,thrower_arm,1,1776748932738538903,3330744174114140836,W75,0.75,225,0.7054544395381181,300,False,True,2.2790190867345954,/home/rowanli.tangalin/tpr/tpr/results/hpc_rq1/nominal_analysis/traces/Thrower-v0_thrower_arm_nchl_train004_analysis01.npz
thrower__thrower_arm__nchl__seed_004,/home/rowanli.tangalin/tpr/tpr/results/hpc_rq1/nominal/thrower/thrower_arm/nchl/seed_004,cd4ef82ef3b8c891e536517c06f0ca37ddb49fb9172e181caaa3a445f9fa7729,c761b239f2faba00061f1ad76305b1a2a471dc7dfaeda4c6e01f009b0a526a26,4,Thrower-v0,thrower_arm,1,1776748932738538903,3330744174114140836,Wfinal,1.0,300,1.6718169135371803,300,False,True,2.2790190867345954,/home/rowanli.tangalin/tpr/tpr/results/hpc_rq1/nominal_analysis/traces/Thrower-v0_thrower_arm_nchl_train004_analysis01.npz
thrower__thrower_arm__nchl__seed_004,/home/rowanli.tangalin/tpr/tpr/results/hpc_rq1/nominal/thrower/thrower_arm/nchl/seed_004,cd4ef82ef3b8c891e536517c06f0ca37ddb49fb9172e181caaa3a445f9fa7729,c761b239f2faba00061f1ad76305b1a2a471dc7dfaeda4c6e01f009b0a526a26,4,Thrower-v0,thrower_arm,2,1844154726293175647,4425154243183907800,W0,0.0,0,0.5034208915462905,300,False,True,1.6532096885743879,/home/rowanli.tangalin/tpr/tpr/results/hpc_rq1/nominal_analysis/traces/Thrower-v0_thrower_arm_nchl_train004_analysis02.npz
thrower__thrower_arm__nchl__seed_004,/home/rowanli.tangalin/tpr/tpr/results/hpc_rq1/nominal/thrower/thrower_arm/nchl/seed_004,cd4ef82ef3b8c891e536517c06f0ca37ddb49fb9172e181caaa3a445f9fa7729,c761b239f2faba00061f1ad76305b1a2a471dc7dfaeda4c6e01f009b0a526a26,4,Thrower-v0,thrower_arm,2,1844154726293175647,4425154243183907800,W25,0.25,75,0.8082671574371074,300,False,True,1.6532096885743879,/home/rowanli.tangalin/tpr/tpr/results/hpc_rq1/nominal_analysis/traces/Thrower-v0_thrower_arm_nchl_train004_analysis02.npz
thrower__thrower_arm__nchl__seed_004,/home/rowanli.tangalin/tpr/tpr/results/hpc_rq1/nominal/thrower/thrower_arm/nchl/seed_004,cd4ef82ef3b8c891e536517c06f0ca37ddb49fb9172e181caaa3a445f9fa7729,c761b239f2faba00061f1ad76305b1a2a471dc7dfaeda4c6e01f009b0a526a26,4,Thrower-v0,thrower_arm,2,1844154726293175647,4425154243183907800,W50,0.5,150,0.4536804416906139,300,False,True,1.6532096885743879,/home/rowanli.tangalin/tpr/tpr/results/hpc_rq1/nominal_analysis/traces/Thrower-v0_thrower_arm_nchl_train004_analysis02.npz
thrower__thrower_arm__nchl__seed_004,/home/rowanli.tangalin/tpr/tpr/results/hpc_rq1/nominal/thrower/thrower_arm/nchl/seed_004,cd4ef82ef3b8c891e536517c06f0ca37ddb49fb9172e181caaa3a445f9fa7729,c761b239f2faba00061f1ad76305b1a2a471dc7dfaeda4c6e01f009b0a526a26,4,Thrower-v0,thrower_arm,2,1844154726293175647,4425154243183907800,W75,0.75,225,0.7607128877017947,300,False,True,1.6532096885743879,/home/rowanli.tangalin/tpr/tpr/results/hpc_rq1/nominal_analysis/traces/Thrower-v0_thrower_arm_nchl_train004_analysis02.npz
thrower__thrower_arm__nchl__seed_004,/home/rowanli.tangalin/tpr/tpr/results/hpc_rq1/nominal/thrower/thrower_arm/nchl/seed_004,cd4ef82ef3b8c891e536517c06f0ca37ddb49fb9172e181caaa3a445f9fa7729,c761b239f2faba00061f1ad76305b1a2a471dc7dfaeda4c6e01f009b0a526a26,4,Thrower-v0,thrower_arm,2,1844154726293175647,4425154243183907800,Wfinal,1.0,300,0.8363099102858765,300,False,True,1.6532096885743879,/home/rowanli.tangalin/tpr/tpr/results/hpc_rq1/nominal_analysis/traces/Thrower-v0_thrower_arm_nchl_train004_analysis02.npz
thrower__thrower_arm__nchl__seed_005,/home/rowanli.tangalin/tpr/tpr/results/hpc_rq1/nominal/thrower/thrower_arm/nchl/seed_005,497c82087fa58f76676013c55b4ae00785376422cdfe0167fb69b6f2d2c1f4b2,3e506dd400938559e12401203e8f970e9b5cc7c3e7228a9816e633ee307b3d58,5,Thrower-v0,thrower_arm,0,6537336262564968459,5568806234066008283,W0,0.0,0,0.42639461037377147,300,False,True,-0.3849159967214679,/home/rowanli.tangalin/tpr/tpr/results/hpc_rq1/nominal_analysis/traces/Thrower-v0_thrower_arm_nchl_train005_analysis00.npz
thrower__thrower_arm__nchl__seed_005,/home/rowanli.tangalin/tpr/tpr/results/hpc_rq1/nominal/thrower/thrower_arm/nchl/seed_005,497c82087fa58f76676013c55b4ae00785376422cdfe0167fb69b6f2d2c1f4b2,3e506dd400938559e12401203e8f970e9b5cc7c3e7228a9816e633ee307b3d58,5,Thrower-v0,thrower_arm,0,6537336262564968459,5568806234066008283,W25,0.25,75,1.6028796942764025,300,False,True,-0.3849159967214679,/home/rowanli.tangalin/tpr/tpr/results/hpc_rq1/nominal_analysis/traces/Thrower-v0_thrower_arm_nchl_train005_analysis00.npz
thrower__thrower_arm__nchl__seed_005,/home/rowanli.tangalin/tpr/tpr/results/hpc_rq1/nominal/thrower/thrower_arm/nchl/seed_005,497c82087fa58f76676013c55b4ae00785376422cdfe0167fb69b6f2d2c1f4b2,3e506dd400938559e12401203e8f970e9b5cc7c3e7228a9816e633ee307b3d58,5,Thrower-v0,thrower_arm,0,6537336262564968459,5568806234066008283,W50,0.5,150,0.8050932206825189,300,False,True,-0.3849159967214679,/home/rowanli.tangalin/tpr/tpr/results/hpc_rq1/nominal_analysis/traces/Thrower-v0_thrower_arm_nchl_train005_analysis00.npz
thrower__thrower_arm__nchl__seed_005,/home/rowanli.tangalin/tpr/tpr/results/hpc_rq1/nominal/thrower/thrower_arm/nchl/seed_005,497c82087fa58f76676013c55b4ae00785376422cdfe0167fb69b6f2d2c1f4b2,3e506dd400938559e12401203e8f970e9b5cc7c3e7228a9816e633ee307b3d58,5,Thrower-v0,thrower_arm,0,6537336262564968459,5568806234066008283,W75,0.75,225,1.7251219788738539,300,False,True,-0.3849159967214679,/home/rowanli.tangalin/tpr/tpr/results/hpc_rq1/nominal_analysis/traces/Thrower-v0_thrower_arm_nchl_train005_analysis00.npz
thrower__thrower_arm__nchl__seed_005,/home/rowanli.tangalin/tpr/tpr/results/hpc_rq1/nominal/thrower/thrower_arm/nchl/seed_005,497c82087fa58f76676013c55b4ae00785376422cdfe0167fb69b6f2d2c1f4b2,3e506dd400938559e12401203e8f970e9b5cc7c3e7228a9816e633ee307b3d58,5,Thrower-v0,thrower_arm,0,6537336262564968459,5568806234066008283,Wfinal,1.0,300,2.0911090352223973,300,False,True,-0.3849159967214679,/home/rowanli.tangalin/tpr/tpr/results/hpc_rq1/nominal_analysis/traces/Thrower-v0_thrower_arm_nchl_train005_analysis00.npz
thrower__thrower_arm__nchl__seed_005,/home/rowanli.tangalin/tpr/tpr/results/hpc_rq1/nominal/thrower/thrower_arm/nchl/seed_005,497c82087fa58f76676013c55b4ae00785376422cdfe0167fb69b6f2d2c1f4b2,3e506dd400938559e12401203e8f970e9b5cc7c3e7228a9816e633ee307b3d58,5,Thrower-v0,thrower_arm,1,7847246716821455116,5175985587420486963,W0,0.0,0,0.21775815914719268,300,False,True,2.947953142003182,/home/rowanli.tangalin/tpr/tpr/results/hpc_rq1/nominal_analysis/traces/Thrower-v0_thrower_arm_nchl_train005_analysis01.npz
thrower__thrower_arm__nchl__seed_005,/home/rowanli.tangalin/tpr/tpr/results/hpc_rq1/nominal/thrower/thrower_arm/nchl/seed_005,497c82087fa58f76676013c55b4ae00785376422cdfe0167fb69b6f2d2c1f4b2,3e506dd400938559e12401203e8f970e9b5cc7c3e7228a9816e633ee307b3d58,5,Thrower-v0,thrower_arm,1,7847246716821455116,5175985587420486963,W25,0.25,75,0.7719216201740577,300,False,True,2.947953142003182,/home/rowanli.tangalin/tpr/tpr/results/hpc_rq1/nominal_analysis/traces/Thrower-v0_thrower_arm_nchl_train005_analysis01.npz
thrower__thrower_arm__nchl__seed_005,/home/rowanli.tangalin/tpr/tpr/results/hpc_rq1/nominal/thrower/thrower_arm/nchl/seed_005,497c82087fa58f76676013c55b4ae00785376422cdfe0167fb69b6f2d2c1f4b2,3e506dd400938559e12401203e8f970e9b5cc7c3e7228a9816e633ee307b3d58,5,Thrower-v0,thrower_arm,1,7847246716821455116,5175985587420486963,W50,0.5,150,1.4641422479664294,300,False,True,2.947953142003182,/home/rowanli.tangalin/tpr/tpr/results/hpc_rq1/nominal_analysis/traces/Thrower-v0_thrower_arm_nchl_train005_analysis01.npz
thrower__thrower_arm__nchl__seed_005,/home/rowanli.tangalin/tpr/tpr/results/hpc_rq1/nominal/thrower/thrower_arm/nchl/seed_005,497c82087fa58f76676013c55b4ae00785376422cdfe0167fb69b6f2d2c1f4b2,3e506dd400938559e12401203e8f970e9b5cc7c3e7228a9816e633ee307b3d58,5,Thrower-v0,thrower_arm,1,7847246716821455116,5175985587420486963,W75,0.75,225,2.1131541213992264,300,False,True,2.947953142003182,/home/rowanli.tangalin/tpr/tpr/results/hpc_rq1/nominal_analysis/traces/Thrower-v0_thrower_arm_nchl_train005_analysis01.npz
thrower__thrower_arm__nchl__seed_005,/home/rowanli.tangalin/tpr/tpr/results/hpc_rq1/nominal/thrower/thrower_arm/nchl/seed_005,497c82087fa58f76676013c55b4ae00785376422cdfe0167fb69b6f2d2c1f4b2,3e506dd400938559e12401203e8f970e9b5cc7c3e7228a9816e633ee307b3d58,5,Thrower-v0,thrower_arm,1,7847246716821455116,5175985587420486963,Wfinal,1.0,300,2.1308496733379503,300,False,True,2.947953142003182,/home/rowanli.tangalin/tpr/tpr/results/hpc_rq1/nominal_analysis/traces/Thrower-v0_thrower_arm_nchl_train005_analysis01.npz
thrower__thrower_arm__nchl__seed_005,/home/rowanli.tangalin/tpr/tpr/results/hpc_rq1/nominal/thrower/thrower_arm/nchl/seed_005,497c82087fa58f76676013c55b4ae00785376422cdfe0167fb69b6f2d2c1f4b2,3e506dd400938559e12401203e8f970e9b5cc7c3e7228a9816e633ee307b3d58,5,Thrower-v0,thrower_arm,2,8874890859321386193,4629262467755900572,W0,0.0,0,0.3248731413198029,300,False,True,3.1758672610273333,/home/rowanli.tangalin/tpr/tpr/results/hpc_rq1/nominal_analysis/traces/Thrower-v0_thrower_arm_nchl_train005_analysis02.npz
thrower__thrower_arm__nchl__seed_005,/home/rowanli.tangalin/tpr/tpr/results/hpc_rq1/nominal/thrower/thrower_arm/nchl/seed_005,497c82087fa58f76676013c55b4ae00785376422cdfe0167fb69b6f2d2c1f4b2,3e506dd400938559e12401203e8f970e9b5cc7c3e7228a9816e633ee307b3d58,5,Thrower-v0,thrower_arm,2,8874890859321386193,4629262467755900572,W25,0.25,75,1.1867618984470234,300,False,True,3.1758672610273333,/home/rowanli.tangalin/tpr/tpr/results/hpc_rq1/nominal_analysis/traces/Thrower-v0_thrower_arm_nchl_train005_analysis02.npz
thrower__thrower_arm__nchl__seed_005,/home/rowanli.tangalin/tpr/tpr/results/hpc_rq1/nominal/thrower/thrower_arm/nchl/seed_005,497c82087fa58f76676013c55b4ae00785376422cdfe0167fb69b6f2d2c1f4b2,3e506dd400938559e12401203e8f970e9b5cc7c3e7228a9816e633ee307b3d58,5,Thrower-v0,thrower_arm,2,8874890859321386193,4629262467755900572,W50,0.5,150,2.1770228107958904,300,False,True,3.1758672610273333,/home/rowanli.tangalin/tpr/tpr/results/hpc_rq1/nominal_analysis/traces/Thrower-v0_thrower_arm_nchl_train005_analysis02.npz
thrower__thrower_arm__nchl__seed_005,/home/rowanli.tangalin/tpr/tpr/results/hpc_rq1/nominal/thrower/thrower_arm/nchl/seed_005,497c82087fa58f76676013c55b4ae00785376422cdfe0167fb69b6f2d2c1f4b2,3e506dd400938559e12401203e8f970e9b5cc7c3e7228a9816e633ee307b3d58,5,Thrower-v0,thrower_arm,2,8874890859321386193,4629262467755900572,W75,0.75,225,1.6163860818496432,300,False,True,3.1758672610273333,/home/rowanli.tangalin/tpr/tpr/results/hpc_rq1/nominal_analysis/traces/Thrower-v0_thrower_arm_nchl_train005_analysis02.npz
thrower__thrower_arm__nchl__seed_005,/home/rowanli.tangalin/tpr/tpr/results/hpc_rq1/nominal/thrower/thrower_arm/nchl/seed_005,497c82087fa58f76676013c55b4ae00785376422cdfe0167fb69b6f2d2c1f4b2,3e506dd400938559e12401203e8f970e9b5cc7c3e7228a9816e633ee307b3d58,5,Thrower-v0,thrower_arm,2,8874890859321386193,4629262467755900572,Wfinal,1.0,300,1.6239275094462309,300,False,True,3.1758672610273333,/home/rowanli.tangalin/tpr/tpr/results/hpc_rq1/nominal_analysis/traces/Thrower-v0_thrower_arm_nchl_train005_analysis02.npz
thrower__thrower_arm__nchl__seed_006,/home/rowanli.tangalin/tpr/tpr/results/hpc_rq1/nominal/thrower/thrower_arm/nchl/seed_006,0c31b284048474b449e93dd529ccab657f1c55da1a3e10b8a9791d342fb87094,9576bd051ba902cd71727488cc7230559fc28d49983a9013bd2a135995c8aff1,6,Thrower-v0,thrower_arm,0,4697810511805331226,1837341966890607914,W0,0.0,0,0.2917864819289166,300,False,True,1.25131542197244,/home/rowanli.tangalin/tpr/tpr/results/hpc_rq1/nominal_analysis/traces/Thrower-v0_thrower_arm_nchl_train006_analysis00.npz
thrower__thrower_arm__nchl__seed_006,/home/rowanli.tangalin/tpr/tpr/results/hpc_rq1/nominal/thrower/thrower_arm/nchl/seed_006,0c31b284048474b449e93dd529ccab657f1c55da1a3e10b8a9791d342fb87094,9576bd051ba902cd71727488cc7230559fc28d49983a9013bd2a135995c8aff1,6,Thrower-v0,thrower_arm,0,4697810511805331226,1837341966890607914,W25,0.25,75,0.9112018520249453,300,False,True,1.25131542197244,/home/rowanli.tangalin/tpr/tpr/results/hpc_rq1/nominal_analysis/traces/Thrower-v0_thrower_arm_nchl_train006_analysis00.npz
thrower__thrower_arm__nchl__seed_006,/home/rowanli.tangalin/tpr/tpr/results/hpc_rq1/nominal/thrower/thrower_arm/nchl/seed_006,0c31b284048474b449e93dd529ccab657f1c55da1a3e10b8a9791d342fb87094,9576bd051ba902cd71727488cc7230559fc28d49983a9013bd2a135995c8aff1,6,Thrower-v0,thrower_arm,0,4697810511805331226,1837341966890607914,W50,0.5,150,0.41132748878941067,300,False,True,1.25131542197244,/home/rowanli.tangalin/tpr/tpr/results/hpc_rq1/nominal_analysis/traces/Thrower-v0_thrower_arm_nchl_train006_analysis00.npz
thrower__thrower_arm__nchl__seed_006,/home/rowanli.tangalin/tpr/tpr/results/hpc_rq1/nominal/thrower/thrower_arm/nchl/seed_006,0c31b284048474b449e93dd529ccab657f1c55da1a3e10b8a9791d342fb87094,9576bd051ba902cd71727488cc7230559fc28d49983a9013bd2a135995c8aff1,6,Thrower-v0,thrower_arm,0,4697810511805331226,1837341966890607914,W75,0.75,225,0.4600794972563777,300,False,True,1.25131542197244,/home/rowanli.tangalin/tpr/tpr/results/hpc_rq1/nominal_analysis/traces/Thrower-v0_thrower_arm_nchl_train006_analysis00.npz
thrower__thrower_arm__nchl__seed_006,/home/rowanli.tangalin/tpr/tpr/results/hpc_rq1/nominal/thrower/thrower_arm/nchl/seed_006,0c31b284048474b449e93dd529ccab657f1c55da1a3e10b8a9791d342fb87094,9576bd051ba902cd71727488cc7230559fc28d49983a9013bd2a135995c8aff1,6,Thrower-v0,thrower_arm,0,4697810511805331226,1837341966890607914,Wfinal,1.0,300,0.6404732008697731,300,False,True,1.25131542197244,/home/rowanli.tangalin/tpr/tpr/results/hpc_rq1/nominal_analysis/traces/Thrower-v0_thrower_arm_nchl_train006_analysis00.npz
thrower__thrower_arm__nchl__seed_006,/home/rowanli.tangalin/tpr/tpr/results/hpc_rq1/nominal/thrower/thrower_arm/nchl/seed_006,0c31b284048474b449e93dd529ccab657f1c55da1a3e10b8a9791d342fb87094,9576bd051ba902cd71727488cc7230559fc28d49983a9013bd2a135995c8aff1,6,Thrower-v0,thrower_arm,1,212357942801270703,7001556810303355477,W0,0.0,0,-1.024613404976433,300,False,True,1.1089560789379225,/home/rowanli.tangalin/tpr/tpr/results/hpc_rq1/nominal_analysis/traces/Thrower-v0_thrower_arm_nchl_train006_analysis01.npz
thrower__thrower_arm__nchl__seed_006,/home/rowanli.tangalin/tpr/tpr/results/hpc_rq1/nominal/thrower/thrower_arm/nchl/seed_006,0c31b284048474b449e93dd529ccab657f1c55da1a3e10b8a9791d342fb87094,9576bd051ba902cd71727488cc7230559fc28d49983a9013bd2a135995c8aff1,6,Thrower-v0,thrower_arm,1,212357942801270703,7001556810303355477,W25,0.25,75,0.928288663014347,300,False,True,1.1089560789379225,/home/rowanli.tangalin/tpr/tpr/results/hpc_rq1/nominal_analysis/traces/Thrower-v0_thrower_arm_nchl_train006_analysis01.npz
thrower__thrower_arm__nchl__seed_006,/home/rowanli.tangalin/tpr/tpr/results/hpc_rq1/nominal/thrower/thrower_arm/nchl/seed_006,0c31b284048474b449e93dd529ccab657f1c55da1a3e10b8a9791d342fb87094,9576bd051ba902cd71727488cc7230559fc28d49983a9013bd2a135995c8aff1,6,Thrower-v0,thrower_arm,1,212357942801270703,7001556810303355477,W50,0.5,150,0.835011335995805,300,False,True,1.1089560789379225,/home/rowanli.tangalin/tpr/tpr/results/hpc_rq1/nominal_analysis/traces/Thrower-v0_thrower_arm_nchl_train006_analysis01.npz
thrower__thrower_arm__nchl__seed_006,/home/rowanli.tangalin/tpr/tpr/results/hpc_rq1/nominal/thrower/thrower_arm/nchl/seed_006,0c31b284048474b449e93dd529ccab657f1c55da1a3e10b8a9791d342fb87094,9576bd051ba902cd71727488cc7230559fc28d49983a9013bd2a135995c8aff1,6,Thrower-v0,thrower_arm,1,212357942801270703,7001556810303355477,W75,0.75,225,0.4462590186142731,300,False,True,1.1089560789379225,/home/rowanli.tangalin/tpr/tpr/results/hpc_rq1/nominal_analysis/traces/Thrower-v0_thrower_arm_nchl_train006_analysis01.npz
thrower__thrower_arm__nchl__seed_006,/home/rowanli.tangalin/tpr/tpr/results/hpc_rq1/nominal/thrower/thrower_arm/nchl/seed_006,0c31b284048474b449e93dd529ccab657f1c55da1a3e10b8a9791d342fb87094,9576bd051ba902cd71727488cc7230559fc28d49983a9013bd2a135995c8aff1,6,Thrower-v0,thrower_arm,1,212357942801270703,7001556810303355477,Wfinal,1.0,300,0.4621856897030142,300,False,True,1.1089560789379225,/home/rowanli.tangalin/tpr/tpr/results/hpc_rq1/nominal_analysis/traces/Thrower-v0_thrower_arm_nchl_train006_analysis01.npz
thrower__thrower_arm__nchl__seed_006,/home/rowanli.tangalin/tpr/tpr/results/hpc_rq1/nominal/thrower/thrower_arm/nchl/seed_006,0c31b284048474b449e93dd529ccab657f1c55da1a3e10b8a9791d342fb87094,9576bd051ba902cd71727488cc7230559fc28d49983a9013bd2a135995c8aff1,6,Thrower-v0,thrower_arm,2,9197516287707139064,7789448062882196537,W0,0.0,0,0.367381384032318,300,False,True,1.3186170464966864,/home/rowanli.tangalin/tpr/tpr/results/hpc_rq1/nominal_analysis/traces/Thrower-v0_thrower_arm_nchl_train006_analysis02.npz
thrower__thrower_arm__nchl__seed_006,/home/rowanli.tangalin/tpr/tpr/results/hpc_rq1/nominal/thrower/thrower_arm/nchl/seed_006,0c31b284048474b449e93dd529ccab657f1c55da1a3e10b8a9791d342fb87094,9576bd051ba902cd71727488cc7230559fc28d49983a9013bd2a135995c8aff1,6,Thrower-v0,thrower_arm,2,9197516287707139064,7789448062882196537,W25,0.25,75,1.5667669900944046,300,False,True,1.3186170464966864,/home/rowanli.tangalin/tpr/tpr/results/hpc_rq1/nominal_analysis/traces/Thrower-v0_thrower_arm_nchl_train006_analysis02.npz
thrower__thrower_arm__nchl__seed_006,/home/rowanli.tangalin/tpr/tpr/results/hpc_rq1/nominal/thrower/thrower_arm/nchl/seed_006,0c31b284048474b449e93dd529ccab657f1c55da1a3e10b8a9791d342fb87094,9576bd051ba902cd71727488cc7230559fc28d49983a9013bd2a135995c8aff1,6,Thrower-v0,thrower_arm,2,9197516287707139064,7789448062882196537,W50,0.5,150,0.7328302387514594,300,False,True,1.3186170464966864,/home/rowanli.tangalin/tpr/tpr/results/hpc_rq1/nominal_analysis/traces/Thrower-v0_thrower_arm_nchl_train006_analysis02.npz
thrower__thrower_arm__nchl__seed_006,/home/rowanli.tangalin/tpr/tpr/results/hpc_rq1/nominal/thrower/thrower_arm/nchl/seed_006,0c31b284048474b449e93dd529ccab657f1c55da1a3e10b8a9791d342fb87094,9576bd051ba902cd71727488cc7230559fc28d49983a9013bd2a135995c8aff1,6,Thrower-v0,thrower_arm,2,9197516287707139064,7789448062882196537,W75,0.75,225,0.873624584226697,300,False,True,1.3186170464966864,/home/rowanli.tangalin/tpr/tpr/results/hpc_rq1/nominal_analysis/traces/Thrower-v0_thrower_arm_nchl_train006_analysis02.npz
thrower__thrower_arm__nchl__seed_006,/home/rowanli.tangalin/tpr/tpr/results/hpc_rq1/nominal/thrower/thrower_arm/nchl/seed_006,0c31b284048474b449e93dd529ccab657f1c55da1a3e10b8a9791d342fb87094,9576bd051ba902cd71727488cc7230559fc28d49983a9013bd2a135995c8aff1,6,Thrower-v0,thrower_arm,2,9197516287707139064,7789448062882196537,Wfinal,1.0,300,0.811275375306578,300,False,True,1.3186170464966864,/home/rowanli.tangalin/tpr/tpr/results/hpc_rq1/nominal_analysis/traces/Thrower-v0_thrower_arm_nchl_train006_analysis02.npz
thrower__thrower_arm__nchl__seed_007,/home/rowanli.tangalin/tpr/tpr/results/hpc_rq1/nominal/thrower/thrower_arm/nchl/seed_007,691cd3937c649ebeaf7594b7d1b9612b79c9a70122cd1b677ce5f67cb5b21c91,12821db76da7bc0f2a6fcd4e65d48b42b0261e88060269fb40bed442f03b3bfa,7,Thrower-v0,thrower_arm,0,7273538705011962834,3327181185902024434,W0,0.0,0,0.42274166255049667,300,False,True,2.150198210579862,/home/rowanli.tangalin/tpr/tpr/results/hpc_rq1/nominal_analysis/traces/Thrower-v0_thrower_arm_nchl_train007_analysis00.npz
thrower__thrower_arm__nchl__seed_007,/home/rowanli.tangalin/tpr/tpr/results/hpc_rq1/nominal/thrower/thrower_arm/nchl/seed_007,691cd3937c649ebeaf7594b7d1b9612b79c9a70122cd1b677ce5f67cb5b21c91,12821db76da7bc0f2a6fcd4e65d48b42b0261e88060269fb40bed442f03b3bfa,7,Thrower-v0,thrower_arm,0,7273538705011962834,3327181185902024434,W25,0.25,75,0.830320619750141,300,False,True,2.150198210579862,/home/rowanli.tangalin/tpr/tpr/results/hpc_rq1/nominal_analysis/traces/Thrower-v0_thrower_arm_nchl_train007_analysis00.npz
thrower__thrower_arm__nchl__seed_007,/home/rowanli.tangalin/tpr/tpr/results/hpc_rq1/nominal/thrower/thrower_arm/nchl/seed_007,691cd3937c649ebeaf7594b7d1b9612b79c9a70122cd1b677ce5f67cb5b21c91,12821db76da7bc0f2a6fcd4e65d48b42b0261e88060269fb40bed442f03b3bfa,7,Thrower-v0,thrower_arm,0,7273538705011962834,3327181185902024434,W50,0.5,150,1.1321256692697135,300,False,True,2.150198210579862,/home/rowanli.tangalin/tpr/tpr/results/hpc_rq1/nominal_analysis/traces/Thrower-v0_thrower_arm_nchl_train007_analysis00.npz
thrower__thrower_arm__nchl__seed_007,/home/rowanli.tangalin/tpr/tpr/results/hpc_rq1/nominal/thrower/thrower_arm/nchl/seed_007,691cd3937c649ebeaf7594b7d1b9612b79c9a70122cd1b677ce5f67cb5b21c91,12821db76da7bc0f2a6fcd4e65d48b42b0261e88060269fb40bed442f03b3bfa,7,Thrower-v0,thrower_arm,0,7273538705011962834,3327181185902024434,W75,0.75,225,1.0665372280712495,300,False,True,2.150198210579862,/home/rowanli.tangalin/tpr/tpr/results/hpc_rq1/nominal_analysis/traces/Thrower-v0_thrower_arm_nchl_train007_analysis00.npz
thrower__thrower_arm__nchl__seed_007,/home/rowanli.tangalin/tpr/tpr/results/hpc_rq1/nominal/thrower/thrower_arm/nchl/seed_007,691cd3937c649ebeaf7594b7d1b9612b79c9a70122cd1b677ce5f67cb5b21c91,12821db76da7bc0f2a6fcd4e65d48b42b0261e88060269fb40bed442f03b3bfa,7,Thrower-v0,thrower_arm,0,7273538705011962834,3327181185902024434,Wfinal,1.0,300,1.565654296273202,300,False,True,2.150198210579862,/home/rowanli.tangalin/tpr/tpr/results/hpc_rq1/nominal_analysis/traces/Thrower-v0_thrower_arm_nchl_train007_analysis00.npz
thrower__thrower_arm__nchl__seed_007,/home/rowanli.tangalin/tpr/tpr/results/hpc_rq1/nominal/thrower/thrower_arm/nchl/seed_007,691cd3937c649ebeaf7594b7d1b9612b79c9a70122cd1b677ce5f67cb5b21c91,12821db76da7bc0f2a6fcd4e65d48b42b0261e88060269fb40bed442f03b3bfa,7,Thrower-v0,thrower_arm,1,219581318861383269,6126904072154767176,W0,0.0,0,0.20365651893601255,300,False,True,3.2585998588808733,/home/rowanli.tangalin/tpr/tpr/results/hpc_rq1/nominal_analysis/traces/Thrower-v0_thrower_arm_nchl_train007_analysis01.npz
thrower__thrower_arm__nchl__seed_007,/home/rowanli.tangalin/tpr/tpr/results/hpc_rq1/nominal/thrower/thrower_arm/nchl/seed_007,691cd3937c649ebeaf7594b7d1b9612b79c9a70122cd1b677ce5f67cb5b21c91,12821db76da7bc0f2a6fcd4e65d48b42b0261e88060269fb40bed442f03b3bfa,7,Thrower-v0,thrower_arm,1,219581318861383269,6126904072154767176,W25,0.25,75,1.277174414990368,300,False,True,3.2585998588808733,/home/rowanli.tangalin/tpr/tpr/results/hpc_rq1/nominal_analysis/traces/Thrower-v0_thrower_arm_nchl_train007_analysis01.npz
thrower__thrower_arm__nchl__seed_007,/home/rowanli.tangalin/tpr/tpr/results/hpc_rq1/nominal/thrower/thrower_arm/nchl/seed_007,691cd3937c649ebeaf7594b7d1b9612b79c9a70122cd1b677ce5f67cb5b21c91,12821db76da7bc0f2a6fcd4e65d48b42b0261e88060269fb40bed442f03b3bfa,7,Thrower-v0,thrower_arm,1,219581318861383269,6126904072154767176,W50,0.5,150,0.8152535432493513,300,False,True,3.2585998588808733,/home/rowanli.tangalin/tpr/tpr/results/hpc_rq1/nominal_analysis/traces/Thrower-v0_thrower_arm_nchl_train007_analysis01.npz
thrower__thrower_arm__nchl__seed_007,/home/rowanli.tangalin/tpr/tpr/results/hpc_rq1/nominal/thrower/thrower_arm/nchl/seed_007,691cd3937c649ebeaf7594b7d1b9612b79c9a70122cd1b677ce5f67cb5b21c91,12821db76da7bc0f2a6fcd4e65d48b42b0261e88060269fb40bed442f03b3bfa,7,Thrower-v0,thrower_arm,1,219581318861383269,6126904072154767176,W75,0.75,225,0.7445663956217955,300,False,True,3.2585998588808733,/home/rowanli.tangalin/tpr/tpr/results/hpc_rq1/nominal_analysis/traces/Thrower-v0_thrower_arm_nchl_train007_analysis01.npz
thrower__thrower_arm__nchl__seed_007,/home/rowanli.tangalin/tpr/tpr/results/hpc_rq1/nominal/thrower/thrower_arm/nchl/seed_007,691cd3937c649ebeaf7594b7d1b9612b79c9a70122cd1b677ce5f67cb5b21c91,12821db76da7bc0f2a6fcd4e65d48b42b0261e88060269fb40bed442f03b3bfa,7,Thrower-v0,thrower_arm,1,219581318861383269,6126904072154767176,Wfinal,1.0,300,1.1487458810925502,300,False,True,3.2585998588808733,/home/rowanli.tangalin/tpr/tpr/results/hpc_rq1/nominal_analysis/traces/Thrower-v0_thrower_arm_nchl_train007_analysis01.npz
thrower__thrower_arm__nchl__seed_007,/home/rowanli.tangalin/tpr/tpr/results/hpc_rq1/nominal/thrower/thrower_arm/nchl/seed_007,691cd3937c649ebeaf7594b7d1b9612b79c9a70122cd1b677ce5f67cb5b21c91,12821db76da7bc0f2a6fcd4e65d48b42b0261e88060269fb40bed442f03b3bfa,7,Thrower-v0,thrower_arm,2,7655123995385766933,8050610523573754527,W0,0.0,0,0.24978457663504905,300,False,True,3.1728720863450075,/home/rowanli.tangalin/tpr/tpr/results/hpc_rq1/nominal_analysis/traces/Thrower-v0_thrower_arm_nchl_train007_analysis02.npz
thrower__thrower_arm__nchl__seed_007,/home/rowanli.tangalin/tpr/tpr/results/hpc_rq1/nominal/thrower/thrower_arm/nchl/seed_007,691cd3937c649ebeaf7594b7d1b9612b79c9a70122cd1b677ce5f67cb5b21c91,12821db76da7bc0f2a6fcd4e65d48b42b0261e88060269fb40bed442f03b3bfa,7,Thrower-v0,thrower_arm,2,7655123995385766933,8050610523573754527,W25,0.25,75,1.6443546374092706,300,False,True,3.1728720863450075,/home/rowanli.tangalin/tpr/tpr/results/hpc_rq1/nominal_analysis/traces/Thrower-v0_thrower_arm_nchl_train007_analysis02.npz
thrower__thrower_arm__nchl__seed_007,/home/rowanli.tangalin/tpr/tpr/results/hpc_rq1/nominal/thrower/thrower_arm/nchl/seed_007,691cd3937c649ebeaf7594b7d1b9612b79c9a70122cd1b677ce5f67cb5b21c91,12821db76da7bc0f2a6fcd4e65d48b42b0261e88060269fb40bed442f03b3bfa,7,Thrower-v0,thrower_arm,2,7655123995385766933,8050610523573754527,W50,0.5,150,0.743059634895288,300,False,True,3.1728720863450075,/home/rowanli.tangalin/tpr/tpr/results/hpc_rq1/nominal_analysis/traces/Thrower-v0_thrower_arm_nchl_train007_analysis02.npz
thrower__thrower_arm__nchl__seed_007,/home/rowanli.tangalin/tpr/tpr/results/hpc_rq1/nominal/thrower/thrower_arm/nchl/seed_007,691cd3937c649ebeaf7594b7d1b9612b79c9a70122cd1b677ce5f67cb5b21c91,12821db76da7bc0f2a6fcd4e65d48b42b0261e88060269fb40bed442f03b3bfa,7,Thrower-v0,thrower_arm,2,7655123995385766933,8050610523573754527,W75,0.75,225,0.7906208871969223,300,False,True,3.1728720863450075,/home/rowanli.tangalin/tpr/tpr/results/hpc_rq1/nominal_analysis/traces/Thrower-v0_thrower_arm_nchl_train007_analysis02.npz
thrower__thrower_arm__nchl__seed_007,/home/rowanli.tangalin/tpr/tpr/results/hpc_rq1/nominal/thrower/thrower_arm/nchl/seed_007,691cd3937c649ebeaf7594b7d1b9612b79c9a70122cd1b677ce5f67cb5b21c91,12821db76da7bc0f2a6fcd4e65d48b42b0261e88060269fb40bed442f03b3bfa,7,Thrower-v0,thrower_arm,2,7655123995385766933,8050610523573754527,Wfinal,1.0,300,0.8183055728039653,300,False,True,3.1728720863450075,/home/rowanli.tangalin/tpr/tpr/results/hpc_rq1/nominal_analysis/traces/Thrower-v0_thrower_arm_nchl_train007_analysis02.npz
thrower__thrower_arm__nchl__seed_008,/home/rowanli.tangalin/tpr/tpr/results/hpc_rq1/nominal/thrower/thrower_arm/nchl/seed_008,b2b4e331fbf1c0491321ab933836530d78932ad701d914ca63de58b7553f5a08,1bb219156901759e223ffeaacce2ae7bae91632f8e48d604c5d5ba7e531e141a,8,Thrower-v0,thrower_arm,0,4480449054597749916,4714160801966532834,W0,0.0,0,0.30226705699061307,300,False,True,3.2019649865754154,/home/rowanli.tangalin/tpr/tpr/results/hpc_rq1/nominal_analysis/traces/Thrower-v0_thrower_arm_nchl_train008_analysis00.npz
thrower__thrower_arm__nchl__seed_008,/home/rowanli.tangalin/tpr/tpr/results/hpc_rq1/nominal/thrower/thrower_arm/nchl/seed_008,b2b4e331fbf1c0491321ab933836530d78932ad701d914ca63de58b7553f5a08,1bb219156901759e223ffeaacce2ae7bae91632f8e48d604c5d5ba7e531e141a,8,Thrower-v0,thrower_arm,0,4480449054597749916,4714160801966532834,W25,0.25,75,0.6420674436285071,300,False,True,3.2019649865754154,/home/rowanli.tangalin/tpr/tpr/results/hpc_rq1/nominal_analysis/traces/Thrower-v0_thrower_arm_nchl_train008_analysis00.npz
thrower__thrower_arm__nchl__seed_008,/home/rowanli.tangalin/tpr/tpr/results/hpc_rq1/nominal/thrower/thrower_arm/nchl/seed_008,b2b4e331fbf1c0491321ab933836530d78932ad701d914ca63de58b7553f5a08,1bb219156901759e223ffeaacce2ae7bae91632f8e48d604c5d5ba7e531e141a,8,Thrower-v0,thrower_arm,0,4480449054597749916,4714160801966532834,W50,0.5,150,2.09461010215996,300,False,True,3.2019649865754154,/home/rowanli.tangalin/tpr/tpr/results/hpc_rq1/nominal_analysis/traces/Thrower-v0_thrower_arm_nchl_train008_analysis00.npz
thrower__thrower_arm__nchl__seed_008,/home/rowanli.tangalin/tpr/tpr/results/hpc_rq1/nominal/thrower/thrower_arm/nchl/seed_008,b2b4e331fbf1c0491321ab933836530d78932ad701d914ca63de58b7553f5a08,1bb219156901759e223ffeaacce2ae7bae91632f8e48d604c5d5ba7e531e141a,8,Thrower-v0,thrower_arm,0,4480449054597749916,4714160801966532834,W75,0.75,225,1.4354428727540052,300,False,True,3.2019649865754154,/home/rowanli.tangalin/tpr/tpr/results/hpc_rq1/nominal_analysis/traces/Thrower-v0_thrower_arm_nchl_train008_analysis00.npz
thrower__thrower_arm__nchl__seed_008,/home/rowanli.tangalin/tpr/tpr/results/hpc_rq1/nominal/thrower/thrower_arm/nchl/seed_008,b2b4e331fbf1c0491321ab933836530d78932ad701d914ca63de58b7553f5a08,1bb219156901759e223ffeaacce2ae7bae91632f8e48d604c5d5ba7e531e141a,8,Thrower-v0,thrower_arm,0,4480449054597749916,4714160801966532834,Wfinal,1.0,300,1.5577081854076453,300,False,True,3.2019649865754154,/home/rowanli.tangalin/tpr/tpr/results/hpc_rq1/nominal_analysis/traces/Thrower-v0_thrower_arm_nchl_train008_analysis00.npz
thrower__thrower_arm__nchl__seed_008,/home/rowanli.tangalin/tpr/tpr/results/hpc_rq1/nominal/thrower/thrower_arm/nchl/seed_008,b2b4e331fbf1c0491321ab933836530d78932ad701d914ca63de58b7553f5a08,1bb219156901759e223ffeaacce2ae7bae91632f8e48d604c5d5ba7e531e141a,8,Thrower-v0,thrower_arm,1,8169066096088904802,2410012360361453569,W0,0.0,0,0.4850539368719064,300,False,True,2.772317965611185,/home/rowanli.tangalin/tpr/tpr/results/hpc_rq1/nominal_analysis/traces/Thrower-v0_thrower_arm_nchl_train008_analysis01.npz
thrower__thrower_arm__nchl__seed_008,/home/rowanli.tangalin/tpr/tpr/results/hpc_rq1/nominal/thrower/thrower_arm/nchl/seed_008,b2b4e331fbf1c0491321ab933836530d78932ad701d914ca63de58b7553f5a08,1bb219156901759e223ffeaacce2ae7bae91632f8e48d604c5d5ba7e531e141a,8,Thrower-v0,thrower_arm,1,8169066096088904802,2410012360361453569,W25,0.25,75,1.5348834527056066,300,False,True,2.772317965611185,/home/rowanli.tangalin/tpr/tpr/results/hpc_rq1/nominal_analysis/traces/Thrower-v0_thrower_arm_nchl_train008_analysis01.npz
thrower__thrower_arm__nchl__seed_008,/home/rowanli.tangalin/tpr/tpr/results/hpc_rq1/nominal/thrower/thrower_arm/nchl/seed_008,b2b4e331fbf1c0491321ab933836530d78932ad701d914ca63de58b7553f5a08,1bb219156901759e223ffeaacce2ae7bae91632f8e48d604c5d5ba7e531e141a,8,Thrower-v0,thrower_arm,1,8169066096088904802,2410012360361453569,W50,0.5,150,1.6184030818055608,300,False,True,2.772317965611185,/home/rowanli.tangalin/tpr/tpr/results/hpc_rq1/nominal_analysis/traces/Thrower-v0_thrower_arm_nchl_train008_analysis01.npz
thrower__thrower_arm__nchl__seed_008,/home/rowanli.tangalin/tpr/tpr/results/hpc_rq1/nominal/thrower/thrower_arm/nchl/seed_008,b2b4e331fbf1c0491321ab933836530d78932ad701d914ca63de58b7553f5a08,1bb219156901759e223ffeaacce2ae7bae91632f8e48d604c5d5ba7e531e141a,8,Thrower-v0,thrower_arm,1,8169066096088904802,2410012360361453569,W75,0.75,225,2.1348886213442335,300,False,True,2.772317965611185,/home/rowanli.tangalin/tpr/tpr/results/hpc_rq1/nominal_analysis/traces/Thrower-v0_thrower_arm_nchl_train008_analysis01.npz
thrower__thrower_arm__nchl__seed_008,/home/rowanli.tangalin/tpr/tpr/results/hpc_rq1/nominal/thrower/thrower_arm/nchl/seed_008,b2b4e331fbf1c0491321ab933836530d78932ad701d914ca63de58b7553f5a08,1bb219156901759e223ffeaacce2ae7bae91632f8e48d604c5d5ba7e531e141a,8,Thrower-v0,thrower_arm,1,8169066096088904802,2410012360361453569,Wfinal,1.0,300,3.2674317716820296,300,False,True,2.772317965611185,/home/rowanli.tangalin/tpr/tpr/results/hpc_rq1/nominal_analysis/traces/Thrower-v0_thrower_arm_nchl_train008_analysis01.npz
thrower__thrower_arm__nchl__seed_008,/home/rowanli.tangalin/tpr/tpr/results/hpc_rq1/nominal/thrower/thrower_arm/nchl/seed_008,b2b4e331fbf1c0491321ab933836530d78932ad701d914ca63de58b7553f5a08,1bb219156901759e223ffeaacce2ae7bae91632f8e48d604c5d5ba7e531e141a,8,Thrower-v0,thrower_arm,2,1688151127694054410,5098444150450504360,W0,0.0,0,0.45634401509746475,300,False,True,2.9779893524096424,/home/rowanli.tangalin/tpr/tpr/results/hpc_rq1/nominal_analysis/traces/Thrower-v0_thrower_arm_nchl_train008_analysis02.npz
thrower__thrower_arm__nchl__seed_008,/home/rowanli.tangalin/tpr/tpr/results/hpc_rq1/nominal/thrower/thrower_arm/nchl/seed_008,b2b4e331fbf1c0491321ab933836530d78932ad701d914ca63de58b7553f5a08,1bb219156901759e223ffeaacce2ae7bae91632f8e48d604c5d5ba7e531e141a,8,Thrower-v0,thrower_arm,2,1688151127694054410,5098444150450504360,W25,0.25,75,0.7564225813900863,300,False,True,2.9779893524096424,/home/rowanli.tangalin/tpr/tpr/results/hpc_rq1/nominal_analysis/traces/Thrower-v0_thrower_arm_nchl_train008_analysis02.npz
thrower__thrower_arm__nchl__seed_008,/home/rowanli.tangalin/tpr/tpr/results/hpc_rq1/nominal/thrower/thrower_arm/nchl/seed_008,b2b4e331fbf1c0491321ab933836530d78932ad701d914ca63de58b7553f5a08,1bb219156901759e223ffeaacce2ae7bae91632f8e48d604c5d5ba7e531e141a,8,Thrower-v0,thrower_arm,2,1688151127694054410,5098444150450504360,W50,0.5,150,2.1180241053598072,300,False,True,2.9779893524096424,/home/rowanli.tangalin/tpr/tpr/results/hpc_rq1/nominal_analysis/traces/Thrower-v0_thrower_arm_nchl_train008_analysis02.npz
thrower__thrower_arm__nchl__seed_008,/home/rowanli.tangalin/tpr/tpr/results/hpc_rq1/nominal/thrower/thrower_arm/nchl/seed_008,b2b4e331fbf1c0491321ab933836530d78932ad701d914ca63de58b7553f5a08,1bb219156901759e223ffeaacce2ae7bae91632f8e48d604c5d5ba7e531e141a,8,Thrower-v0,thrower_arm,2,1688151127694054410,5098444150450504360,W75,0.75,225,1.9828304705298787,300,False,True,2.9779893524096424,/home/rowanli.tangalin/tpr/tpr/results/hpc_rq1/nominal_analysis/traces/Thrower-v0_thrower_arm_nchl_train008_analysis02.npz
thrower__thrower_arm__nchl__seed_008,/home/rowanli.tangalin/tpr/tpr/results/hpc_rq1/nominal/thrower/thrower_arm/nchl/seed_008,b2b4e331fbf1c0491321ab933836530d78932ad701d914ca63de58b7553f5a08,1bb219156901759e223ffeaacce2ae7bae91632f8e48d604c5d5ba7e531e141a,8,Thrower-v0,thrower_arm,2,1688151127694054410,5098444150450504360,Wfinal,1.0,300,1.6521853849107653,300,False,True,2.9779893524096424,/home/rowanli.tangalin/tpr/tpr/results/hpc_rq1/nominal_analysis/traces/Thrower-v0_thrower_arm_nchl_train008_analysis02.npz
thrower__thrower_arm__nchl__seed_009,/home/rowanli.tangalin/tpr/tpr/results/hpc_rq1/nominal/thrower/thrower_arm/nchl/seed_009,064a520a9f389cf91a9ee5b96699dd01f6447dcca7f78e612d01b157414d6cf4,17877e84ad50904157234de9f5c767788365a6e3018edab4c3f73d9534f3a80b,9,Thrower-v0,thrower_arm,0,8469251633518957484,5579477484601834272,W0,0.0,0,0.32791642968120327,300,False,True,2.283777837291681,/home/rowanli.tangalin/tpr/tpr/results/hpc_rq1/nominal_analysis/traces/Thrower-v0_thrower_arm_nchl_train009_analysis00.npz
thrower__thrower_arm__nchl__seed_009,/home/rowanli.tangalin/tpr/tpr/results/hpc_rq1/nominal/thrower/thrower_arm/nchl/seed_009,064a520a9f389cf91a9ee5b96699dd01f6447dcca7f78e612d01b157414d6cf4,17877e84ad50904157234de9f5c767788365a6e3018edab4c3f73d9534f3a80b,9,Thrower-v0,thrower_arm,0,8469251633518957484,5579477484601834272,W25,0.25,75,0.8902553303650134,300,False,True,2.283777837291681,/home/rowanli.tangalin/tpr/tpr/results/hpc_rq1/nominal_analysis/traces/Thrower-v0_thrower_arm_nchl_train009_analysis00.npz
thrower__thrower_arm__nchl__seed_009,/home/rowanli.tangalin/tpr/tpr/results/hpc_rq1/nominal/thrower/thrower_arm/nchl/seed_009,064a520a9f389cf91a9ee5b96699dd01f6447dcca7f78e612d01b157414d6cf4,17877e84ad50904157234de9f5c767788365a6e3018edab4c3f73d9534f3a80b,9,Thrower-v0,thrower_arm,0,8469251633518957484,5579477484601834272,W50,0.5,150,0.33115468782384005,300,False,True,2.283777837291681,/home/rowanli.tangalin/tpr/tpr/results/hpc_rq1/nominal_analysis/traces/Thrower-v0_thrower_arm_nchl_train009_analysis00.npz
thrower__thrower_arm__nchl__seed_009,/home/rowanli.tangalin/tpr/tpr/results/hpc_rq1/nominal/thrower/thrower_arm/nchl/seed_009,064a520a9f389cf91a9ee5b96699dd01f6447dcca7f78e612d01b157414d6cf4,17877e84ad50904157234de9f5c767788365a6e3018edab4c3f73d9534f3a80b,9,Thrower-v0,thrower_arm,0,8469251633518957484,5579477484601834272,W75,0.75,225,0.8343920391580412,300,False,True,2.283777837291681,/home/rowanli.tangalin/tpr/tpr/results/hpc_rq1/nominal_analysis/traces/Thrower-v0_thrower_arm_nchl_train009_analysis00.npz
thrower__thrower_arm__nchl__seed_009,/home/rowanli.tangalin/tpr/tpr/results/hpc_rq1/nominal/thrower/thrower_arm/nchl/seed_009,064a520a9f389cf91a9ee5b96699dd01f6447dcca7f78e612d01b157414d6cf4,17877e84ad50904157234de9f5c767788365a6e3018edab4c3f73d9534f3a80b,9,Thrower-v0,thrower_arm,0,8469251633518957484,5579477484601834272,Wfinal,1.0,300,0.8343920391580412,300,False,True,2.283777837291681,/home/rowanli.tangalin/tpr/tpr/results/hpc_rq1/nominal_analysis/traces/Thrower-v0_thrower_arm_nchl_train009_analysis00.npz
thrower__thrower_arm__nchl__seed_009,/home/rowanli.tangalin/tpr/tpr/results/hpc_rq1/nominal/thrower/thrower_arm/nchl/seed_009,064a520a9f389cf91a9ee5b96699dd01f6447dcca7f78e612d01b157414d6cf4,17877e84ad50904157234de9f5c767788365a6e3018edab4c3f73d9534f3a80b,9,Thrower-v0,thrower_arm,1,5415548583552718452,3538497439875268043,W0,0.0,0,0.49818437363555756,300,False,True,3.1485724312705266,/home/rowanli.tangalin/tpr/tpr/results/hpc_rq1/nominal_analysis/traces/Thrower-v0_thrower_arm_nchl_train009_analysis01.npz
thrower__thrower_arm__nchl__seed_009,/home/rowanli.tangalin/tpr/tpr/results/hpc_rq1/nominal/thrower/thrower_arm/nchl/seed_009,064a520a9f389cf91a9ee5b96699dd01f6447dcca7f78e612d01b157414d6cf4,17877e84ad50904157234de9f5c767788365a6e3018edab4c3f73d9534f3a80b,9,Thrower-v0,thrower_arm,1,5415548583552718452,3538497439875268043,W25,0.25,75,0.8274226056637675,300,False,True,3.1485724312705266,/home/rowanli.tangalin/tpr/tpr/results/hpc_rq1/nominal_analysis/traces/Thrower-v0_thrower_arm_nchl_train009_analysis01.npz
thrower__thrower_arm__nchl__seed_009,/home/rowanli.tangalin/tpr/tpr/results/hpc_rq1/nominal/thrower/thrower_arm/nchl/seed_009,064a520a9f389cf91a9ee5b96699dd01f6447dcca7f78e612d01b157414d6cf4,17877e84ad50904157234de9f5c767788365a6e3018edab4c3f73d9534f3a80b,9,Thrower-v0,thrower_arm,1,5415548583552718452,3538497439875268043,W50,0.5,150,0.8436630049317033,300,False,True,3.1485724312705266,/home/rowanli.tangalin/tpr/tpr/results/hpc_rq1/nominal_analysis/traces/Thrower-v0_thrower_arm_nchl_train009_analysis01.npz
thrower__thrower_arm__nchl__seed_009,/home/rowanli.tangalin/tpr/tpr/results/hpc_rq1/nominal/thrower/thrower_arm/nchl/seed_009,064a520a9f389cf91a9ee5b96699dd01f6447dcca7f78e612d01b157414d6cf4,17877e84ad50904157234de9f5c767788365a6e3018edab4c3f73d9534f3a80b,9,Thrower-v0,thrower_arm,1,5415548583552718452,3538497439875268043,W75,0.75,225,0.7692537362824123,300,False,True,3.1485724312705266,/home/rowanli.tangalin/tpr/tpr/results/hpc_rq1/nominal_analysis/traces/Thrower-v0_thrower_arm_nchl_train009_analysis01.npz
thrower__thrower_arm__nchl__seed_009,/home/rowanli.tangalin/tpr/tpr/results/hpc_rq1/nominal/thrower/thrower_arm/nchl/seed_009,064a520a9f389cf91a9ee5b96699dd01f6447dcca7f78e612d01b157414d6cf4,17877e84ad50904157234de9f5c767788365a6e3018edab4c3f73d9534f3a80b,9,Thrower-v0,thrower_arm,1,5415548583552718452,3538497439875268043,Wfinal,1.0,300,0.809873646900174,300,False,True,3.1485724312705266,/home/rowanli.tangalin/tpr/tpr/results/hpc_rq1/nominal_analysis/traces/Thrower-v0_thrower_arm_nchl_train009_analysis01.npz
thrower__thrower_arm__nchl__seed_009,/home/rowanli.tangalin/tpr/tpr/results/hpc_rq1/nominal/thrower/thrower_arm/nchl/seed_009,064a520a9f389cf91a9ee5b96699dd01f6447dcca7f78e612d01b157414d6cf4,17877e84ad50904157234de9f5c767788365a6e3018edab4c3f73d9534f3a80b,9,Thrower-v0,thrower_arm,2,6075971192560964690,5235945277139461518,W0,0.0,0,0.2644324279284285,300,False,True,3.0679905490819235,/home/rowanli.tangalin/tpr/tpr/results/hpc_rq1/nominal_analysis/traces/Thrower-v0_thrower_arm_nchl_train009_analysis02.npz
thrower__thrower_arm__nchl__seed_009,/home/rowanli.tangalin/tpr/tpr/results/hpc_rq1/nominal/thrower/thrower_arm/nchl/seed_009,064a520a9f389cf91a9ee5b96699dd01f6447dcca7f78e612d01b157414d6cf4,17877e84ad50904157234de9f5c767788365a6e3018edab4c3f73d9534f3a80b,9,Thrower-v0,thrower_arm,2,6075971192560964690,5235945277139461518,W25,0.25,75,0.7440193678146197,300,False,True,3.0679905490819235,/home/rowanli.tangalin/tpr/tpr/results/hpc_rq1/nominal_analysis/traces/Thrower-v0_thrower_arm_nchl_train009_analysis02.npz
thrower__thrower_arm__nchl__seed_009,/home/rowanli.tangalin/tpr/tpr/results/hpc_rq1/nominal/thrower/thrower_arm/nchl/seed_009,064a520a9f389cf91a9ee5b96699dd01f6447dcca7f78e612d01b157414d6cf4,17877e84ad50904157234de9f5c767788365a6e3018edab4c3f73d9534f3a80b,9,Thrower-v0,thrower_arm,2,6075971192560964690,5235945277139461518,W50,0.5,150,0.8506612686809489,300,False,True,3.0679905490819235,/home/rowanli.tangalin/tpr/tpr/results/hpc_rq1/nominal_analysis/traces/Thrower-v0_thrower_arm_nchl_train009_analysis02.npz
thrower__thrower_arm__nchl__seed_009,/home/rowanli.tangalin/tpr/tpr/results/hpc_rq1/nominal/thrower/thrower_arm/nchl/seed_009,064a520a9f389cf91a9ee5b96699dd01f6447dcca7f78e612d01b157414d6cf4,17877e84ad50904157234de9f5c767788365a6e3018edab4c3f73d9534f3a80b,9,Thrower-v0,thrower_arm,2,6075971192560964690,5235945277139461518,W75,0.75,225,0.8192246218544557,300,False,True,3.0679905490819235,/home/rowanli.tangalin/tpr/tpr/results/hpc_rq1/nominal_analysis/traces/Thrower-v0_thrower_arm_nchl_train009_analysis02.npz
thrower__thrower_arm__nchl__seed_009,/home/rowanli.tangalin/tpr/tpr/results/hpc_rq1/nominal/thrower/thrower_arm/nchl/seed_009,064a520a9f389cf91a9ee5b96699dd01f6447dcca7f78e612d01b157414d6cf4,17877e84ad50904157234de9f5c767788365a6e3018edab4c3f73d9534f3a80b,9,Thrower-v0,thrower_arm,2,6075971192560964690,5235945277139461518,Wfinal,1.0,300,0.8343920391580412,300,False,True,3.0679905490819235,/home/rowanli.tangalin/tpr/tpr/results/hpc_rq1/nominal_analysis/traces/Thrower-v0_thrower_arm_nchl_train009_analysis02.npz
