run_id,source_run,config_digest,genome_sha256,training_seed,analysis_index,environment_seed,controller_seed,task,morphology,controller,hidden_sizes,episode_length,weight_drift_rms,plasticity_path_length,mean_update_rms,peak_update_rms,peak_update_normalized_time,initial_weight_rms,final_weight_rms
walker__biped__static__seed_000,/home/rowanli.tangalin/tpr/tpr/results/hpc_rq1/nominal/walker/biped/static/seed_000,fa37097d088b39394ee1f29e39176aeb3baebd9da81506bd3eb9274ed07082c1,0d850fa5d7d8f982f6bca2b77d2422d2d300ae6e81b640d522d6114a014333c7,0,0,4940322620982477041,3023897764847979143,Walker-v0,biped,static,"(40,)",500,0.0,0.0,0.0,0.0,0.0,1.7482567599086858,1.7482567599086858
walker__biped__static__seed_000,/home/rowanli.tangalin/tpr/tpr/results/hpc_rq1/nominal/walker/biped/static/seed_000,fa37097d088b39394ee1f29e39176aeb3baebd9da81506bd3eb9274ed07082c1,0d850fa5d7d8f982f6bca2b77d2422d2d300ae6e81b640d522d6114a014333c7,0,1,530078296572617688,6966882572876332860,Walker-v0,biped,static,"(40,)",500,0.0,0.0,0.0,0.0,0.0,1.7482567599086858,1.7482567599086858
walker__biped__static__seed_000,/home/rowanli.tangalin/tpr/tpr/results/hpc_rq1/nominal/walker/biped/static/seed_000,fa37097d088b39394ee1f29e39176aeb3baebd9da81506bd3eb9274ed07082c1,0d850fa5d7d8f982f6bca2b77d2422d2d300ae6e81b640d522d6114a014333c7,0,2,7210830791768759910,3424438756091539107,Walker-v0,biped,static,"(40,)",500,0.0,0.0,0.0,0.0,0.0,1.7482567599086858,1.7482567599086858
walker__biped__static__seed_001,/home/rowanli.tangalin/tpr/tpr/results/hpc_rq1/nominal/walker/biped/static/seed_001,e6f4f280f48cfda40218c2bbb25f53daa0a089f5a957e8792c620ed131a1fa47,929f96e91f0f0489a0b1b6ca9a414f4c8e5c7c617249a363efff628ecfa5d50c,1,0,5232325836976384581,7172422899355977572,Walker-v0,biped,static,"(40,)",500,0.0,0.0,0.0,0.0,0.0,1.1988261352452636,1.1988261352452636
walker__biped__static__seed_001,/home/rowanli.tangalin/tpr/tpr/results/hpc_rq1/nominal/walker/biped/static/seed_001,e6f4f280f48cfda40218c2bbb25f53daa0a089f5a957e8792c620ed131a1fa47,929f96e91f0f0489a0b1b6ca9a414f4c8e5c7c617249a363efff628ecfa5d50c,1,1,3184075494390970209,9147161066225580108,Walker-v0,biped,static,"(40,)",500,0.0,0.0,0.0,0.0,0.0,1.1988261352452636,1.1988261352452636
walker__biped__static__seed_001,/home/rowanli.tangalin/tpr/tpr/results/hpc_rq1/nominal/walker/biped/static/seed_001,e6f4f280f48cfda40218c2bbb25f53daa0a089f5a957e8792c620ed131a1fa47,929f96e91f0f0489a0b1b6ca9a414f4c8e5c7c617249a363efff628ecfa5d50c,1,2,6337936886056088,9019669384804417704,Walker-v0,biped,static,"(40,)",500,0.0,0.0,0.0,0.0,0.0,1.1988261352452636,1.1988261352452636
walker__biped__static__seed_002,/home/rowanli.tangalin/tpr/tpr/results/hpc_rq1/nominal/walker/biped/static/seed_002,05e39abb232867bbb7dc6d67dcf3fa3ccc496c3fb2a26b1b986eeffbb24c4718,e84292c78f24229f1ff330f7248727fbdc01048e1e3fc37c4aab9ad91a5a22ac,2,0,4709125304908105630,1244304497912131803,Walker-v0,biped,static,"(40,)",500,0.0,0.0,0.0,0.0,0.0,1.3580241014099435,1.3580241014099435
walker__biped__static__seed_002,/home/rowanli.tangalin/tpr/tpr/results/hpc_rq1/nominal/walker/biped/static/seed_002,05e39abb232867bbb7dc6d67dcf3fa3ccc496c3fb2a26b1b986eeffbb24c4718,e84292c78f24229f1ff330f7248727fbdc01048e1e3fc37c4aab9ad91a5a22ac,2,1,6789895730674132307,2935584579999248951,Walker-v0,biped,static,"(40,)",500,0.0,0.0,0.0,0.0,0.0,1.3580241014099435,1.3580241014099435
walker__biped__static__seed_002,/home/rowanli.tangalin/tpr/tpr/results/hpc_rq1/nominal/walker/biped/static/seed_002,05e39abb232867bbb7dc6d67dcf3fa3ccc496c3fb2a26b1b986eeffbb24c4718,e84292c78f24229f1ff330f7248727fbdc01048e1e3fc37c4aab9ad91a5a22ac,2,2,2298876442789069326,7237655472595637189,Walker-v0,biped,static,"(40,)",500,0.0,0.0,0.0,0.0,0.0,1.3580241014099435,1.3580241014099435
walker__biped__static__seed_003,/home/rowanli.tangalin/tpr/tpr/results/hpc_rq1/nominal/walker/biped/static/seed_003,1cc64e6f578e69e0f2714d4df09a0a651df1c8afbda46eaac634ef58727e59ba,943a25d447aec4d34e097ce3d71a06978c75a90634ec0dcb52184c8539418dcd,3,0,6875887065855152501,8328361779180904825,Walker-v0,biped,static,"(40,)",500,0.0,0.0,0.0,0.0,0.0,1.3745594913847963,1.3745594913847963
walker__biped__static__seed_003,/home/rowanli.tangalin/tpr/tpr/results/hpc_rq1/nominal/walker/biped/static/seed_003,1cc64e6f578e69e0f2714d4df09a0a651df1c8afbda46eaac634ef58727e59ba,943a25d447aec4d34e097ce3d71a06978c75a90634ec0dcb52184c8539418dcd,3,1,2344851983452959862,6171704884853545157,Walker-v0,biped,static,"(40,)",500,0.0,0.0,0.0,0.0,0.0,1.3745594913847963,1.3745594913847963
walker__biped__static__seed_003,/home/rowanli.tangalin/tpr/tpr/results/hpc_rq1/nominal/walker/biped/static/seed_003,1cc64e6f578e69e0f2714d4df09a0a651df1c8afbda46eaac634ef58727e59ba,943a25d447aec4d34e097ce3d71a06978c75a90634ec0dcb52184c8539418dcd,3,2,3189270387817152734,2268335290108042879,Walker-v0,biped,static,"(40,)",500,0.0,0.0,0.0,0.0,0.0,1.3745594913847963,1.3745594913847963
walker__biped__static__seed_004,/home/rowanli.tangalin/tpr/tpr/results/hpc_rq1/nominal/walker/biped/static/seed_004,0c1e1cf2dc9662886eba3576333f4188a276f848962c76184807fc458d5fb9b0,1eabe010fcfcfe1a2b36d1ebbfa686a86bd05498b2034a87565ba0892bbdebaa,4,0,4675618027918977294,6264005447694142635,Walker-v0,biped,static,"(40,)",500,0.0,0.0,0.0,0.0,0.0,1.193873213144984,1.193873213144984
walker__biped__static__seed_004,/home/rowanli.tangalin/tpr/tpr/results/hpc_rq1/nominal/walker/biped/static/seed_004,0c1e1cf2dc9662886eba3576333f4188a276f848962c76184807fc458d5fb9b0,1eabe010fcfcfe1a2b36d1ebbfa686a86bd05498b2034a87565ba0892bbdebaa,4,1,1776748932738538903,3330744174114140836,Walker-v0,biped,static,"(40,)",500,0.0,0.0,0.0,0.0,0.0,1.193873213144984,1.193873213144984
walker__biped__static__seed_004,/home/rowanli.tangalin/tpr/tpr/results/hpc_rq1/nominal/walker/biped/static/seed_004,0c1e1cf2dc9662886eba3576333f4188a276f848962c76184807fc458d5fb9b0,1eabe010fcfcfe1a2b36d1ebbfa686a86bd05498b2034a87565ba0892bbdebaa,4,2,1844154726293175647,4425154243183907800,Walker-v0,biped,static,"(40,)",500,0.0,0.0,0.0,0.0,0.0,1.193873213144984,1.193873213144984
walker__biped__static__seed_005,/home/rowanli.tangalin/tpr/tpr/results/hpc_rq1/nominal/walker/biped/static/seed_005,8279b4eba7818e04426e3bc1a6dd3d3cd597a6e7f14735a65637f6a14027aa9f,a9c974cfb3921f1e965a8e608987aea2fc0776fd676843f7048c91ad3043dcb2,5,0,6537336262564968459,5568806234066008283,Walker-v0,biped,static,"(40,)",500,0.0,0.0,0.0,0.0,0.0,1.570731130941498,1.570731130941498
walker__biped__static__seed_005,/home/rowanli.tangalin/tpr/tpr/results/hpc_rq1/nominal/walker/biped/static/seed_005,8279b4eba7818e04426e3bc1a6dd3d3cd597a6e7f14735a65637f6a14027aa9f,a9c974cfb3921f1e965a8e608987aea2fc0776fd676843f7048c91ad3043dcb2,5,1,7847246716821455116,5175985587420486963,Walker-v0,biped,static,"(40,)",500,0.0,0.0,0.0,0.0,0.0,1.570731130941498,1.570731130941498
walker__biped__static__seed_005,/home/rowanli.tangalin/tpr/tpr/results/hpc_rq1/nominal/walker/biped/static/seed_005,8279b4eba7818e04426e3bc1a6dd3d3cd597a6e7f14735a65637f6a14027aa9f,a9c974cfb3921f1e965a8e608987aea2fc0776fd676843f7048c91ad3043dcb2,5,2,8874890859321386193,4629262467755900572,Walker-v0,biped,static,"(40,)",500,0.0,0.0,0.0,0.0,0.0,1.570731130941498,1.570731130941498
walker__biped__static__seed_006,/home/rowanli.tangalin/tpr/tpr/results/hpc_rq1/nominal/walker/biped/static/seed_006,7d94a6b4b787e10c882419953ce0f7a9f770c5ee4781d8537303f940ddaaab2e,9fb3a101e2d9449bad056d521455e5ce816bf9ded813f8f084a5a26b65a4108b,6,0,4697810511805331226,1837341966890607914,Walker-v0,biped,static,"(40,)",500,0.0,0.0,0.0,0.0,0.0,1.0626711003223999,1.0626711003223999
walker__biped__static__seed_006,/home/rowanli.tangalin/tpr/tpr/results/hpc_rq1/nominal/walker/biped/static/seed_006,7d94a6b4b787e10c882419953ce0f7a9f770c5ee4781d8537303f940ddaaab2e,9fb3a101e2d9449bad056d521455e5ce816bf9ded813f8f084a5a26b65a4108b,6,1,212357942801270703,7001556810303355477,Walker-v0,biped,static,"(40,)",500,0.0,0.0,0.0,0.0,0.0,1.0626711003223999,1.0626711003223999
walker__biped__static__seed_006,/home/rowanli.tangalin/tpr/tpr/results/hpc_rq1/nominal/walker/biped/static/seed_006,7d94a6b4b787e10c882419953ce0f7a9f770c5ee4781d8537303f940ddaaab2e,9fb3a101e2d9449bad056d521455e5ce816bf9ded813f8f084a5a26b65a4108b,6,2,9197516287707139064,7789448062882196537,Walker-v0,biped,static,"(40,)",500,0.0,0.0,0.0,0.0,0.0,1.0626711003223999,1.0626711003223999
walker__biped__static__seed_007,/home/rowanli.tangalin/tpr/tpr/results/hpc_rq1/nominal/walker/biped/static/seed_007,b4a18406e03efb77525a864b386eaef289630ebfc0fb3139f121366fc93f9c45,874fece134f80ec9d8bb7eac29fc2ff92b85ff2b647ac404ca2ccd3944b37e03,7,0,7273538705011962834,3327181185902024434,Walker-v0,biped,static,"(40,)",500,0.0,0.0,0.0,0.0,0.0,1.8808226773401326,1.8808226773401326
walker__biped__static__seed_007,/home/rowanli.tangalin/tpr/tpr/results/hpc_rq1/nominal/walker/biped/static/seed_007,b4a18406e03efb77525a864b386eaef289630ebfc0fb3139f121366fc93f9c45,874fece134f80ec9d8bb7eac29fc2ff92b85ff2b647ac404ca2ccd3944b37e03,7,1,219581318861383269,6126904072154767176,Walker-v0,biped,static,"(40,)",500,0.0,0.0,0.0,0.0,0.0,1.8808226773401326,1.8808226773401326
walker__biped__static__seed_007,/home/rowanli.tangalin/tpr/tpr/results/hpc_rq1/nominal/walker/biped/static/seed_007,b4a18406e03efb77525a864b386eaef289630ebfc0fb3139f121366fc93f9c45,874fece134f80ec9d8bb7eac29fc2ff92b85ff2b647ac404ca2ccd3944b37e03,7,2,7655123995385766933,8050610523573754527,Walker-v0,biped,static,"(40,)",500,0.0,0.0,0.0,0.0,0.0,1.8808226773401326,1.8808226773401326
walker__biped__static__seed_008,/home/rowanli.tangalin/tpr/tpr/results/hpc_rq1/nominal/walker/biped/static/seed_008,7c5affa978d404a72be406daa99278161358babb86a4ac4c1b62ec240f8a0e00,ac6222f7bb2fb06eacc8e5e11c352a9c9d65e6fe4fdc931e9d017beab372cb99,8,0,4480449054597749916,4714160801966532834,Walker-v0,biped,static,"(40,)",500,0.0,0.0,0.0,0.0,0.0,1.337630091377046,1.337630091377046
walker__biped__static__seed_008,/home/rowanli.tangalin/tpr/tpr/results/hpc_rq1/nominal/walker/biped/static/seed_008,7c5affa978d404a72be406daa99278161358babb86a4ac4c1b62ec240f8a0e00,ac6222f7bb2fb06eacc8e5e11c352a9c9d65e6fe4fdc931e9d017beab372cb99,8,1,8169066096088904802,2410012360361453569,Walker-v0,biped,static,"(40,)",500,0.0,0.0,0.0,0.0,0.0,1.337630091377046,1.337630091377046
walker__biped__static__seed_008,/home/rowanli.tangalin/tpr/tpr/results/hpc_rq1/nominal/walker/biped/static/seed_008,7c5affa978d404a72be406daa99278161358babb86a4ac4c1b62ec240f8a0e00,ac6222f7bb2fb06eacc8e5e11c352a9c9d65e6fe4fdc931e9d017beab372cb99,8,2,1688151127694054410,5098444150450504360,Walker-v0,biped,static,"(40,)",500,0.0,0.0,0.0,0.0,0.0,1.337630091377046,1.337630091377046
walker__biped__static__seed_009,/home/rowanli.tangalin/tpr/tpr/results/hpc_rq1/nominal/walker/biped/static/seed_009,cb8398b1a533a19a4fc081e6e0d46618329e03332e1f5f8bb535d338e90c99ee,932a889f6cc99bfabb207ed5875170a996f8c00f12d4fb66792a013ec184f22b,9,0,8469251633518957484,5579477484601834272,Walker-v0,biped,static,"(40,)",500,0.0,0.0,0.0,0.0,0.0,1.153989871855645,1.153989871855645
walker__biped__static__seed_009,/home/rowanli.tangalin/tpr/tpr/results/hpc_rq1/nominal/walker/biped/static/seed_009,cb8398b1a533a19a4fc081e6e0d46618329e03332e1f5f8bb535d338e90c99ee,932a889f6cc99bfabb207ed5875170a996f8c00f12d4fb66792a013ec184f22b,9,1,5415548583552718452,3538497439875268043,Walker-v0,biped,static,"(40,)",500,0.0,0.0,0.0,0.0,0.0,1.153989871855645,1.153989871855645
walker__biped__static__seed_009,/home/rowanli.tangalin/tpr/tpr/results/hpc_rq1/nominal/walker/biped/static/seed_009,cb8398b1a533a19a4fc081e6e0d46618329e03332e1f5f8bb535d338e90c99ee,932a889f6cc99bfabb207ed5875170a996f8c00f12d4fb66792a013ec184f22b,9,2,6075971192560964690,5235945277139461518,Walker-v0,biped,static,"(40,)",500,0.0,0.0,0.0,0.0,0.0,1.153989871855645,1.153989871855645
walker__biped__nchl__seed_000,/home/rowanli.tangalin/tpr/tpr/results/hpc_rq1/nominal/walker/biped/nchl/seed_000,2c6e6b026ee677a78e9d744112611304c259ad9e06288c90c1e89bc39bd8badd,0eb5701f411aa47ac1e44eebe094581522cd785c4ed2e62bfc88f104abf0de6d,0,0,4940322620982477041,3023897764847979143,Walker-v0,biped,nchl,"(40,)",500,125.64626079948732,148.61486963823106,0.2972297392764621,0.35495757274179707,0.6092184368737475,0.05692660903396396,125.64650319476902
walker__biped__nchl__seed_000,/home/rowanli.tangalin/tpr/tpr/results/hpc_rq1/nominal/walker/biped/nchl/seed_000,2c6e6b026ee677a78e9d744112611304c259ad9e06288c90c1e89bc39bd8badd,0eb5701f411aa47ac1e44eebe094581522cd785c4ed2e62bfc88f104abf0de6d,0,1,530078296572617688,6966882572876332860,Walker-v0,biped,nchl,"(40,)",500,122.53655235979062,144.76439032856734,0.28952878065713467,0.3528550466278741,0.6913827655310621,0.056763682487475355,122.53606760739001
walker__biped__nchl__seed_000,/home/rowanli.tangalin/tpr/tpr/results/hpc_rq1/nominal/walker/biped/nchl/seed_000,2c6e6b026ee677a78e9d744112611304c259ad9e06288c90c1e89bc39bd8badd,0eb5701f411aa47ac1e44eebe094581522cd785c4ed2e62bfc88f104abf0de6d,0,2,7210830791768759910,3424438756091539107,Walker-v0,biped,nchl,"(40,)",500,123.11595732185846,144.95272114361745,0.2899054422872349,0.3402454161240789,0.4228456913827655,0.057442932927878394,123.11600531795762
walker__biped__nchl__seed_001,/home/rowanli.tangalin/tpr/tpr/results/hpc_rq1/nominal/walker/biped/nchl/seed_001,f9c3dae9eeb3f7ac5b8ce4b6b913d3366424db3aaddddccde1131516ab0d9cad,a572e58d8e87bd245914da3a46e61bd70f8601e6cc66c55a1bf69c085a3024a4,1,0,5232325836976384581,7172422899355977572,Walker-v0,biped,nchl,"(40,)",500,173.66100369515348,202.30863863739035,0.4046172772747807,0.47448021536387197,0.531062124248497,0.05812744608686652,173.66094364714658
walker__biped__nchl__seed_001,/home/rowanli.tangalin/tpr/tpr/results/hpc_rq1/nominal/walker/biped/nchl/seed_001,f9c3dae9eeb3f7ac5b8ce4b6b913d3366424db3aaddddccde1131516ab0d9cad,a572e58d8e87bd245914da3a46e61bd70f8601e6cc66c55a1bf69c085a3024a4,1,1,3184075494390970209,9147161066225580108,Walker-v0,biped,nchl,"(40,)",500,175.5076513652699,204.003632667908,0.408007265335816,0.47582841693392425,0.4709418837675351,0.05803308070146708,175.504254563554
walker__biped__nchl__seed_001,/home/rowanli.tangalin/tpr/tpr/results/hpc_rq1/nominal/walker/biped/nchl/seed_001,f9c3dae9eeb3f7ac5b8ce4b6b913d3366424db3aaddddccde1131516ab0d9cad,a572e58d8e87bd245914da3a46e61bd70f8601e6cc66c55a1bf69c085a3024a4,1,2,6337936886056088,9019669384804417704,Walker-v0,biped,nchl,"(40,)",500,172.25131775243273,200.62249079413547,0.40124498158827093,0.4732687123380766,0.7615230460921844,0.05702460473271785,172.25167271481686
walker__biped__nchl__seed_002,/home/rowanli.tangalin/tpr/tpr/results/hpc_rq1/nominal/walker/biped/nchl/seed_002,51ddb163f7a437b9dd383beaad7780645de42b5ff0ad7627ea6b5406927801c0,e84198b2b677961f123556d89ee5400ad96dd0bf8d35aa9f967b42fad4e3745d,2,0,4709125304908105630,1244304497912131803,Walker-v0,biped,nchl,"(40,)",500,178.8339832383256,230.24739165490394,0.46049478330980786,0.5423949863613143,0.8096192384769539,0.056756476785167834,178.83489588130573
walker__biped__nchl__seed_002,/home/rowanli.tangalin/tpr/tpr/results/hpc_rq1/nominal/walker/biped/nchl/seed_002,51ddb163f7a437b9dd383beaad7780645de42b5ff0ad7627ea6b5406927801c0,e84198b2b677961f123556d89ee5400ad96dd0bf8d35aa9f967b42fad4e3745d,2,1,6789895730674132307,2935584579999248951,Walker-v0,biped,nchl,"(40,)",500,173.84791872571512,217.8295589459633,0.4356591178919266,0.5047485180517186,0.6633266533066132,0.058068526525838424,173.84935445130955
walker__biped__nchl__seed_002,/home/rowanli.tangalin/tpr/tpr/results/hpc_rq1/nominal/walker/biped/nchl/seed_002,51ddb163f7a437b9dd383beaad7780645de42b5ff0ad7627ea6b5406927801c0,e84198b2b677961f123556d89ee5400ad96dd0bf8d35aa9f967b42fad4e3745d,2,2,2298876442789069326,7237655472595637189,Walker-v0,biped,nchl,"(40,)",500,174.27249924495106,218.37470269687134,0.4367494053937427,0.5100171657081101,0.9458917835671342,0.057023024030273116,174.27295406792067
walker__biped__nchl__seed_003,/home/rowanli.tangalin/tpr/tpr/results/hpc_rq1/nominal/walker/biped/nchl/seed_003,e15a4d9d9c51ddc2e9ec78035a4d9c4f27aaece9cd90565ef2a9794e844e224f,48d66aeb9e00e431834498cfabb6f6baad1444c56b5738bb617b7e3604e29c6f,3,0,6875887065855152501,8328361779180904825,Walker-v0,biped,nchl,"(40,)",500,141.09456160208666,179.14511915492312,0.35829023830984624,0.4278024176323289,0.657314629258517,0.057654834203972154,141.09300103670387
walker__biped__nchl__seed_003,/home/rowanli.tangalin/tpr/tpr/results/hpc_rq1/nominal/walker/biped/nchl/seed_003,e15a4d9d9c51ddc2e9ec78035a4d9c4f27aaece9cd90565ef2a9794e844e224f,48d66aeb9e00e431834498cfabb6f6baad1444c56b5738bb617b7e3604e29c6f,3,1,2344851983452959862,6171704884853545157,Walker-v0,biped,nchl,"(40,)",500,135.7457257612163,171.89197351687469,0.34378394703374937,0.4192011204908301,0.8276553106212425,0.0574386526779105,135.746076361697
walker__biped__nchl__seed_003,/home/rowanli.tangalin/tpr/tpr/results/hpc_rq1/nominal/walker/biped/nchl/seed_003,e15a4d9d9c51ddc2e9ec78035a4d9c4f27aaece9cd90565ef2a9794e844e224f,48d66aeb9e00e431834498cfabb6f6baad1444c56b5738bb617b7e3604e29c6f,3,2,3189270387817152734,2268335290108042879,Walker-v0,biped,nchl,"(40,)",500,138.96012478401576,176.65061644234936,0.3533012328846987,0.42803349239679983,0.6753507014028056,0.05749474292753772,138.9588482413047
walker__biped__nchl__seed_004,/home/rowanli.tangalin/tpr/tpr/results/hpc_rq1/nominal/walker/biped/nchl/seed_004,de1d133581515e158a317db31d0047534d22c144c35c8a91816750a519a78390,176e555b9e6dd75db19973400b373b1815e6d847a929dda8224c2f804bdec8df,4,0,4675618027918977294,6264005447694142635,Walker-v0,biped,nchl,"(40,)",500,111.83200491373188,139.74329508275054,0.2794865901655011,0.35244028446316406,0.45090180360721444,0.05713528351295593,111.83260900166991
walker__biped__nchl__seed_004,/home/rowanli.tangalin/tpr/tpr/results/hpc_rq1/nominal/walker/biped/nchl/seed_004,de1d133581515e158a317db31d0047534d22c144c35c8a91816750a519a78390,176e555b9e6dd75db19973400b373b1815e6d847a929dda8224c2f804bdec8df,4,1,1776748932738538903,3330744174114140836,Walker-v0,biped,nchl,"(40,)",500,113.38496819936388,141.76689725387763,0.2835337945077553,0.35255096395907487,0.6753507014028056,0.05804666341101502,113.3846896495853
walker__biped__nchl__seed_004,/home/rowanli.tangalin/tpr/tpr/results/hpc_rq1/nominal/walker/biped/nchl/seed_004,de1d133581515e158a317db31d0047534d22c144c35c8a91816750a519a78390,176e555b9e6dd75db19973400b373b1815e6d847a929dda8224c2f804bdec8df,4,2,1844154726293175647,4425154243183907800,Walker-v0,biped,nchl,"(40,)",500,111.10975241829023,138.38454737195028,0.27676909474390055,0.3431655436205805,0.6513026052104208,0.05763871936526153,111.10933965753617
walker__biped__nchl__seed_005,/home/rowanli.tangalin/tpr/tpr/results/hpc_rq1/nominal/walker/biped/nchl/seed_005,2e4757f4c378c86feb7fc7fd527fb70abfece956b54f623c7dca5a69b22a2844,8a67eccc47600ee29c5e23846a953ae63da22dd458d6e605118cf5834c3e6b06,5,0,6537336262564968459,5568806234066008283,Walker-v0,biped,nchl,"(40,)",500,103.4131141973872,117.7630695714821,0.23552613914296422,0.2605893770441382,0.5430861723446894,0.057523255893046805,103.41287281300596
walker__biped__nchl__seed_005,/home/rowanli.tangalin/tpr/tpr/results/hpc_rq1/nominal/walker/biped/nchl/seed_005,2e4757f4c378c86feb7fc7fd527fb70abfece956b54f623c7dca5a69b22a2844,8a67eccc47600ee29c5e23846a953ae63da22dd458d6e605118cf5834c3e6b06,5,1,7847246716821455116,5175985587420486963,Walker-v0,biped,nchl,"(40,)",500,105.70370827850086,120.74026676654454,0.24148053353308907,0.2682512507760297,0.6953907815631263,0.05741045135097242,105.70440966242329
walker__biped__nchl__seed_005,/home/rowanli.tangalin/tpr/tpr/results/hpc_rq1/nominal/walker/biped/nchl/seed_005,2e4757f4c378c86feb7fc7fd527fb70abfece956b54f623c7dca5a69b22a2844,8a67eccc47600ee29c5e23846a953ae63da22dd458d6e605118cf5834c3e6b06,5,2,8874890859321386193,4629262467755900572,Walker-v0,biped,nchl,"(40,)",500,105.88625190614476,120.8332731373286,0.2416665462746572,0.2732589638707526,0.751503006012024,0.05627732214178166,105.88725265227656
walker__biped__nchl__seed_006,/home/rowanli.tangalin/tpr/tpr/results/hpc_rq1/nominal/walker/biped/nchl/seed_006,fe312947a36da98a70b77eb9fd91f62a26e020d408da588a23b7f09829ae207f,6797b0c354c9039088787823e4806722c75e0f265fb729ab1fa34ec52af2c5ba,6,0,4697810511805331226,1837341966890607914,Walker-v0,biped,nchl,"(40,)",500,100.68725433788316,135.0934245896731,0.2701868491793462,0.39636805832027305,0.9218436873747495,0.05819701869936354,100.68693350311713
walker__biped__nchl__seed_006,/home/rowanli.tangalin/tpr/tpr/results/hpc_rq1/nominal/walker/biped/nchl/seed_006,fe312947a36da98a70b77eb9fd91f62a26e020d408da588a23b7f09829ae207f,6797b0c354c9039088787823e4806722c75e0f265fb729ab1fa34ec52af2c5ba,6,1,212357942801270703,7001556810303355477,Walker-v0,biped,nchl,"(40,)",500,113.12102629365113,143.03059728130503,0.2860611945626101,0.3382781349172684,0.9959919839679359,0.05754417675046222,113.12226361168193
walker__biped__nchl__seed_006,/home/rowanli.tangalin/tpr/tpr/results/hpc_rq1/nominal/walker/biped/nchl/seed_006,fe312947a36da98a70b77eb9fd91f62a26e020d408da588a23b7f09829ae207f,6797b0c354c9039088787823e4806722c75e0f265fb729ab1fa34ec52af2c5ba,6,2,9197516287707139064,7789448062882196537,Walker-v0,biped,nchl,"(40,)",500,113.76922024014868,144.76450646222156,0.2895290129244431,0.34794352553874675,0.9879759519038076,0.057692020271241394,113.77066158831322
walker__biped__nchl__seed_007,/home/rowanli.tangalin/tpr/tpr/results/hpc_rq1/nominal/walker/biped/nchl/seed_007,187d9917a60541b0544ad0eeb63e2c1cb930aa9b282d4de77adc5b90ded411d1,4b0c69aa068e0cf25eb659923649590b49505991967bc54d5e7b2464a255caf5,7,0,7273538705011962834,3327181185902024434,Walker-v0,biped,nchl,"(40,)",500,156.11100321115026,202.49116567490458,0.40498233134980915,0.49740261305122135,0.5511022044088176,0.05711686392581773,156.11271817748806
walker__biped__nchl__seed_007,/home/rowanli.tangalin/tpr/tpr/results/hpc_rq1/nominal/walker/biped/nchl/seed_007,187d9917a60541b0544ad0eeb63e2c1cb930aa9b282d4de77adc5b90ded411d1,4b0c69aa068e0cf25eb659923649590b49505991967bc54d5e7b2464a255caf5,7,1,219581318861383269,6126904072154767176,Walker-v0,biped,nchl,"(40,)",500,155.6735750275643,199.90860321731432,0.39981720643462865,0.4899386396304714,0.21643286573146292,0.05798128244759799,155.6745119269525
walker__biped__nchl__seed_007,/home/rowanli.tangalin/tpr/tpr/results/hpc_rq1/nominal/walker/biped/nchl/seed_007,187d9917a60541b0544ad0eeb63e2c1cb930aa9b282d4de77adc5b90ded411d1,4b0c69aa068e0cf25eb659923649590b49505991967bc54d5e7b2464a255caf5,7,2,7655123995385766933,8050610523573754527,Walker-v0,biped,nchl,"(40,)",500,155.4154409076402,202.01625767429738,0.40403251534859475,0.49601579529255413,0.4028056112224449,0.05715788421399722,155.41691683134627
walker__biped__nchl__seed_008,/home/rowanli.tangalin/tpr/tpr/results/hpc_rq1/nominal/walker/biped/nchl/seed_008,aac83c4201c750fc99272cd1db3ed1909dde41ff44c4c142259acfc5f8e0aee0,8b336ec6134dab5c8c196a8644a5a2b5c895c203c85103162ddbe5d8361ae4dd,8,0,4480449054597749916,4714160801966532834,Walker-v0,biped,nchl,"(40,)",500,195.50960743757278,235.48010699320156,0.47096021398640314,0.5199418262576001,0.6072144288577155,0.05748103422997294,195.50893293810896
walker__biped__nchl__seed_008,/home/rowanli.tangalin/tpr/tpr/results/hpc_rq1/nominal/walker/biped/nchl/seed_008,aac83c4201c750fc99272cd1db3ed1909dde41ff44c4c142259acfc5f8e0aee0,8b336ec6134dab5c8c196a8644a5a2b5c895c203c85103162ddbe5d8361ae4dd,8,1,8169066096088904802,2410012360361453569,Walker-v0,biped,nchl,"(40,)",500,195.87952579287995,236.30511836633178,0.47261023673266356,0.5303494724500645,0.9619238476953907,0.05706536569864713,195.8803303127041
walker__biped__nchl__seed_008,/home/rowanli.tangalin/tpr/tpr/results/hpc_rq1/nominal/walker/biped/nchl/seed_008,aac83c4201c750fc99272cd1db3ed1909dde41ff44c4c142259acfc5f8e0aee0,8b336ec6134dab5c8c196a8644a5a2b5c895c203c85103162ddbe5d8361ae4dd,8,2,1688151127694054410,5098444150450504360,Walker-v0,biped,nchl,"(40,)",500,195.70859673139833,235.795386269797,0.471590772539594,0.5270546826945454,0.5210420841683366,0.05796241622545218,195.70705413124878
walker__biped__nchl__seed_009,/home/rowanli.tangalin/tpr/tpr/results/hpc_rq1/nominal/walker/biped/nchl/seed_009,a4ead1617d7d8d40bcbf3b43a09b7ab2032776df39b543c89d9f53bd20aedd2b,b077b2c9460524bcea7470caf2839274e881ca94901aaac84022d4938b05ca85,9,0,8469251633518957484,5579477484601834272,Walker-v0,biped,nchl,"(40,)",500,124.98269870010174,159.41401684766987,0.31882803369533974,0.42103354293732903,0.6733466933867736,0.056689033525567555,124.9830339070791
walker__biped__nchl__seed_009,/home/rowanli.tangalin/tpr/tpr/results/hpc_rq1/nominal/walker/biped/nchl/seed_009,a4ead1617d7d8d40bcbf3b43a09b7ab2032776df39b543c89d9f53bd20aedd2b,b077b2c9460524bcea7470caf2839274e881ca94901aaac84022d4938b05ca85,9,1,5415548583552718452,3538497439875268043,Walker-v0,biped,nchl,"(40,)",500,123.47046623050848,160.07141421126545,0.3201428284225309,0.4249382231460989,0.7715430861723447,0.056837175502114715,123.4707478094967
walker__biped__nchl__seed_009,/home/rowanli.tangalin/tpr/tpr/results/hpc_rq1/nominal/walker/biped/nchl/seed_009,a4ead1617d7d8d40bcbf3b43a09b7ab2032776df39b543c89d9f53bd20aedd2b,b077b2c9460524bcea7470caf2839274e881ca94901aaac84022d4938b05ca85,9,2,6075971192560964690,5235945277139461518,Walker-v0,biped,nchl,"(40,)",500,125.78896484591925,158.0591708798205,0.316118341759641,0.40492213984938397,0.20641282565130262,0.057616098082587615,125.78908214116407
carrier__biped__static__seed_000,/home/rowanli.tangalin/tpr/tpr/results/hpc_rq1/nominal/carrier/biped/static/seed_000,7481dfaf521a1080c442ee4538ecacd6db02caa97888d55b278d95afbd10ba4d,e267f85c16974bb5f6983abbde1db1ab2fd9e856a3fc406457e4995b3727d7c1,0,0,4940322620982477041,3023897764847979143,Carrier-v0,biped,static,"(44,)",500,0.0,0.0,0.0,0.0,0.0,1.4924510285191492,1.4924510285191492
carrier__biped__static__seed_000,/home/rowanli.tangalin/tpr/tpr/results/hpc_rq1/nominal/carrier/biped/static/seed_000,7481dfaf521a1080c442ee4538ecacd6db02caa97888d55b278d95afbd10ba4d,e267f85c16974bb5f6983abbde1db1ab2fd9e856a3fc406457e4995b3727d7c1,0,1,530078296572617688,6966882572876332860,Carrier-v0,biped,static,"(44,)",500,0.0,0.0,0.0,0.0,0.0,1.4924510285191492,1.4924510285191492
carrier__biped__static__seed_000,/home/rowanli.tangalin/tpr/tpr/results/hpc_rq1/nominal/carrier/biped/static/seed_000,7481dfaf521a1080c442ee4538ecacd6db02caa97888d55b278d95afbd10ba4d,e267f85c16974bb5f6983abbde1db1ab2fd9e856a3fc406457e4995b3727d7c1,0,2,7210830791768759910,3424438756091539107,Carrier-v0,biped,static,"(44,)",500,0.0,0.0,0.0,0.0,0.0,1.4924510285191492,1.4924510285191492
carrier__biped__static__seed_001,/home/rowanli.tangalin/tpr/tpr/results/hpc_rq1/nominal/carrier/biped/static/seed_001,7a24d056f998b3e3eb1c4e16b634d1c3cc1b5039b4262ce34cc21dafe29f2bf5,03fff3811609f93c125ba7a3ac43dddc95b3397ca4a91e0c51c32eeba18517a4,1,0,5232325836976384581,7172422899355977572,Carrier-v0,biped,static,"(44,)",500,0.0,0.0,0.0,0.0,0.0,1.2589937433359015,1.2589937433359015
carrier__biped__static__seed_001,/home/rowanli.tangalin/tpr/tpr/results/hpc_rq1/nominal/carrier/biped/static/seed_001,7a24d056f998b3e3eb1c4e16b634d1c3cc1b5039b4262ce34cc21dafe29f2bf5,03fff3811609f93c125ba7a3ac43dddc95b3397ca4a91e0c51c32eeba18517a4,1,1,3184075494390970209,9147161066225580108,Carrier-v0,biped,static,"(44,)",500,0.0,0.0,0.0,0.0,0.0,1.2589937433359015,1.2589937433359015
carrier__biped__static__seed_001,/home/rowanli.tangalin/tpr/tpr/results/hpc_rq1/nominal/carrier/biped/static/seed_001,7a24d056f998b3e3eb1c4e16b634d1c3cc1b5039b4262ce34cc21dafe29f2bf5,03fff3811609f93c125ba7a3ac43dddc95b3397ca4a91e0c51c32eeba18517a4,1,2,6337936886056088,9019669384804417704,Carrier-v0,biped,static,"(44,)",500,0.0,0.0,0.0,0.0,0.0,1.2589937433359015,1.2589937433359015
carrier__biped__static__seed_002,/home/rowanli.tangalin/tpr/tpr/results/hpc_rq1/nominal/carrier/biped/static/seed_002,36643fca2368b4b41d31f141557806455a8ac8e36ac34f5ede9bfa68408f3a3a,ba35af13e459cf39e3e59f47609563bfaceea24992e50f501c8b5d08a5c4d428,2,0,4709125304908105630,1244304497912131803,Carrier-v0,biped,static,"(44,)",500,0.0,0.0,0.0,0.0,0.0,1.3420500125128254,1.3420500125128254
carrier__biped__static__seed_002,/home/rowanli.tangalin/tpr/tpr/results/hpc_rq1/nominal/carrier/biped/static/seed_002,36643fca2368b4b41d31f141557806455a8ac8e36ac34f5ede9bfa68408f3a3a,ba35af13e459cf39e3e59f47609563bfaceea24992e50f501c8b5d08a5c4d428,2,1,6789895730674132307,2935584579999248951,Carrier-v0,biped,static,"(44,)",500,0.0,0.0,0.0,0.0,0.0,1.3420500125128254,1.3420500125128254
carrier__biped__static__seed_002,/home/rowanli.tangalin/tpr/tpr/results/hpc_rq1/nominal/carrier/biped/static/seed_002,36643fca2368b4b41d31f141557806455a8ac8e36ac34f5ede9bfa68408f3a3a,ba35af13e459cf39e3e59f47609563bfaceea24992e50f501c8b5d08a5c4d428,2,2,2298876442789069326,7237655472595637189,Carrier-v0,biped,static,"(44,)",500,0.0,0.0,0.0,0.0,0.0,1.3420500125128254,1.3420500125128254
carrier__biped__static__seed_003,/home/rowanli.tangalin/tpr/tpr/results/hpc_rq1/nominal/carrier/biped/static/seed_003,d6b98b2a57ece69936d50e94ad53bd58a768503647d0f25a5373728a475110d6,2cae28c603e02c342647f54b0a36808c21699246e11e3912bf1dbd56e73b9ce5,3,0,6875887065855152501,8328361779180904825,Carrier-v0,biped,static,"(44,)",500,0.0,0.0,0.0,0.0,0.0,1.1076301051349722,1.1076301051349722
carrier__biped__static__seed_003,/home/rowanli.tangalin/tpr/tpr/results/hpc_rq1/nominal/carrier/biped/static/seed_003,d6b98b2a57ece69936d50e94ad53bd58a768503647d0f25a5373728a475110d6,2cae28c603e02c342647f54b0a36808c21699246e11e3912bf1dbd56e73b9ce5,3,1,2344851983452959862,6171704884853545157,Carrier-v0,biped,static,"(44,)",500,0.0,0.0,0.0,0.0,0.0,1.1076301051349722,1.1076301051349722
carrier__biped__static__seed_003,/home/rowanli.tangalin/tpr/tpr/results/hpc_rq1/nominal/carrier/biped/static/seed_003,d6b98b2a57ece69936d50e94ad53bd58a768503647d0f25a5373728a475110d6,2cae28c603e02c342647f54b0a36808c21699246e11e3912bf1dbd56e73b9ce5,3,2,3189270387817152734,2268335290108042879,Carrier-v0,biped,static,"(44,)",500,0.0,0.0,0.0,0.0,0.0,1.1076301051349722,1.1076301051349722
carrier__biped__static__seed_004,/home/rowanli.tangalin/tpr/tpr/results/hpc_rq1/nominal/carrier/biped/static/seed_004,d948692e7f8a79421274dd9f6cc7e45facb803f46ae8d63be0c21cd679d2c447,12f1969873bc41f9a2e2af83326f5738e18913fa2851161eec7a0caadd3afa40,4,0,4675618027918977294,6264005447694142635,Carrier-v0,biped,static,"(44,)",500,0.0,0.0,0.0,0.0,0.0,1.360288962149932,1.360288962149932
carrier__biped__static__seed_004,/home/rowanli.tangalin/tpr/tpr/results/hpc_rq1/nominal/carrier/biped/static/seed_004,d948692e7f8a79421274dd9f6cc7e45facb803f46ae8d63be0c21cd679d2c447,12f1969873bc41f9a2e2af83326f5738e18913fa2851161eec7a0caadd3afa40,4,1,1776748932738538903,3330744174114140836,Carrier-v0,biped,static,"(44,)",500,0.0,0.0,0.0,0.0,0.0,1.360288962149932,1.360288962149932
carrier__biped__static__seed_004,/home/rowanli.tangalin/tpr/tpr/results/hpc_rq1/nominal/carrier/biped/static/seed_004,d948692e7f8a79421274dd9f6cc7e45facb803f46ae8d63be0c21cd679d2c447,12f1969873bc41f9a2e2af83326f5738e18913fa2851161eec7a0caadd3afa40,4,2,1844154726293175647,4425154243183907800,Carrier-v0,biped,static,"(44,)",500,0.0,0.0,0.0,0.0,0.0,1.360288962149932,1.360288962149932
carrier__biped__static__seed_005,/home/rowanli.tangalin/tpr/tpr/results/hpc_rq1/nominal/carrier/biped/static/seed_005,12119ee8789a72d4de39b07306bcf72120a1202a3951da7a7da699ab126564df,607bddf6cfcc925a09986d871c6a9ec076610145a1d468b73a6eae5abae65df9,5,0,6537336262564968459,5568806234066008283,Carrier-v0,biped,static,"(44,)",500,0.0,0.0,0.0,0.0,0.0,1.6168339761174386,1.6168339761174386
carrier__biped__static__seed_005,/home/rowanli.tangalin/tpr/tpr/results/hpc_rq1/nominal/carrier/biped/static/seed_005,12119ee8789a72d4de39b07306bcf72120a1202a3951da7a7da699ab126564df,607bddf6cfcc925a09986d871c6a9ec076610145a1d468b73a6eae5abae65df9,5,1,7847246716821455116,5175985587420486963,Carrier-v0,biped,static,"(44,)",500,0.0,0.0,0.0,0.0,0.0,1.6168339761174386,1.6168339761174386
carrier__biped__static__seed_005,/home/rowanli.tangalin/tpr/tpr/results/hpc_rq1/nominal/carrier/biped/static/seed_005,12119ee8789a72d4de39b07306bcf72120a1202a3951da7a7da699ab126564df,607bddf6cfcc925a09986d871c6a9ec076610145a1d468b73a6eae5abae65df9,5,2,8874890859321386193,4629262467755900572,Carrier-v0,biped,static,"(44,)",500,0.0,0.0,0.0,0.0,0.0,1.6168339761174386,1.6168339761174386
carrier__biped__static__seed_006,/home/rowanli.tangalin/tpr/tpr/results/hpc_rq1/nominal/carrier/biped/static/seed_006,17aa5b283be0549004b5c74b1922ff57d10e25652c263eeb3db88e9c4c402d1d,a11123f43ac875499a625abb0042b89cc3be099c298ffde03d9578a1c8d340ed,6,0,4697810511805331226,1837341966890607914,Carrier-v0,biped,static,"(44,)",500,0.0,0.0,0.0,0.0,0.0,1.3070445858671818,1.3070445858671818
carrier__biped__static__seed_006,/home/rowanli.tangalin/tpr/tpr/results/hpc_rq1/nominal/carrier/biped/static/seed_006,17aa5b283be0549004b5c74b1922ff57d10e25652c263eeb3db88e9c4c402d1d,a11123f43ac875499a625abb0042b89cc3be099c298ffde03d9578a1c8d340ed,6,1,212357942801270703,7001556810303355477,Carrier-v0,biped,static,"(44,)",500,0.0,0.0,0.0,0.0,0.0,1.3070445858671818,1.3070445858671818
carrier__biped__static__seed_006,/home/rowanli.tangalin/tpr/tpr/results/hpc_rq1/nominal/carrier/biped/static/seed_006,17aa5b283be0549004b5c74b1922ff57d10e25652c263eeb3db88e9c4c402d1d,a11123f43ac875499a625abb0042b89cc3be099c298ffde03d9578a1c8d340ed,6,2,9197516287707139064,7789448062882196537,Carrier-v0,biped,static,"(44,)",500,0.0,0.0,0.0,0.0,0.0,1.3070445858671818,1.3070445858671818
carrier__biped__static__seed_007,/home/rowanli.tangalin/tpr/tpr/results/hpc_rq1/nominal/carrier/biped/static/seed_007,9df9c78c523c4c7311c5ceb12610711107d640e21680ded48beb9a736179b207,50025d127a0a03138697fd98be0358e3198b4fbbeac5d865920799f80e02afdb,7,0,7273538705011962834,3327181185902024434,Carrier-v0,biped,static,"(44,)",500,0.0,0.0,0.0,0.0,0.0,1.6757335090867873,1.6757335090867873
carrier__biped__static__seed_007,/home/rowanli.tangalin/tpr/tpr/results/hpc_rq1/nominal/carrier/biped/static/seed_007,9df9c78c523c4c7311c5ceb12610711107d640e21680ded48beb9a736179b207,50025d127a0a03138697fd98be0358e3198b4fbbeac5d865920799f80e02afdb,7,1,219581318861383269,6126904072154767176,Carrier-v0,biped,static,"(44,)",500,0.0,0.0,0.0,0.0,0.0,1.6757335090867873,1.6757335090867873
carrier__biped__static__seed_007,/home/rowanli.tangalin/tpr/tpr/results/hpc_rq1/nominal/carrier/biped/static/seed_007,9df9c78c523c4c7311c5ceb12610711107d640e21680ded48beb9a736179b207,50025d127a0a03138697fd98be0358e3198b4fbbeac5d865920799f80e02afdb,7,2,7655123995385766933,8050610523573754527,Carrier-v0,biped,static,"(44,)",500,0.0,0.0,0.0,0.0,0.0,1.6757335090867873,1.6757335090867873
carrier__biped__static__seed_008,/home/rowanli.tangalin/tpr/tpr/results/hpc_rq1/nominal/carrier/biped/static/seed_008,0e57e49c802f65dcd589faf4763afdbb3a1af4c70d81ce497abc0cf1b619bc88,7246e0e4d95ad5d4ca27882e9675c69c1fca0cefe4ce8fc83de98ee166855c32,8,0,4480449054597749916,4714160801966532834,Carrier-v0,biped,static,"(44,)",500,0.0,0.0,0.0,0.0,0.0,1.4116777245630052,1.4116777245630052
carrier__biped__static__seed_008,/home/rowanli.tangalin/tpr/tpr/results/hpc_rq1/nominal/carrier/biped/static/seed_008,0e57e49c802f65dcd589faf4763afdbb3a1af4c70d81ce497abc0cf1b619bc88,7246e0e4d95ad5d4ca27882e9675c69c1fca0cefe4ce8fc83de98ee166855c32,8,1,8169066096088904802,2410012360361453569,Carrier-v0,biped,static,"(44,)",500,0.0,0.0,0.0,0.0,0.0,1.4116777245630052,1.4116777245630052
carrier__biped__static__seed_008,/home/rowanli.tangalin/tpr/tpr/results/hpc_rq1/nominal/carrier/biped/static/seed_008,0e57e49c802f65dcd589faf4763afdbb3a1af4c70d81ce497abc0cf1b619bc88,7246e0e4d95ad5d4ca27882e9675c69c1fca0cefe4ce8fc83de98ee166855c32,8,2,1688151127694054410,5098444150450504360,Carrier-v0,biped,static,"(44,)",500,0.0,0.0,0.0,0.0,0.0,1.4116777245630052,1.4116777245630052
carrier__biped__static__seed_009,/home/rowanli.tangalin/tpr/tpr/results/hpc_rq1/nominal/carrier/biped/static/seed_009,275e79bc26c7759cff176a3e56034b3c8048a5980e26ece38dd43fea1cde46fc,3dff4fd60133594d5fffb47498a91c28bbb0517e12609ee2ff98c54d9ef2d6fa,9,0,8469251633518957484,5579477484601834272,Carrier-v0,biped,static,"(44,)",500,0.0,0.0,0.0,0.0,0.0,0.8591368469225463,0.8591368469225463
carrier__biped__static__seed_009,/home/rowanli.tangalin/tpr/tpr/results/hpc_rq1/nominal/carrier/biped/static/seed_009,275e79bc26c7759cff176a3e56034b3c8048a5980e26ece38dd43fea1cde46fc,3dff4fd60133594d5fffb47498a91c28bbb0517e12609ee2ff98c54d9ef2d6fa,9,1,5415548583552718452,3538497439875268043,Carrier-v0,biped,static,"(44,)",500,0.0,0.0,0.0,0.0,0.0,0.8591368469225463,0.8591368469225463
carrier__biped__static__seed_009,/home/rowanli.tangalin/tpr/tpr/results/hpc_rq1/nominal/carrier/biped/static/seed_009,275e79bc26c7759cff176a3e56034b3c8048a5980e26ece38dd43fea1cde46fc,3dff4fd60133594d5fffb47498a91c28bbb0517e12609ee2ff98c54d9ef2d6fa,9,2,6075971192560964690,5235945277139461518,Carrier-v0,biped,static,"(44,)",500,0.0,0.0,0.0,0.0,0.0,0.8591368469225463,0.8591368469225463
carrier__biped__nchl__seed_000,/home/rowanli.tangalin/tpr/tpr/results/hpc_rq1/nominal/carrier/biped/nchl/seed_000,4a3d60bfbae110cc2ae817b182f8e6175b8b040eb98b466606818ece568fa0db,b27340837bf097dc72467699a6e255ffcc5fa10a3d24eec4675f0e9076348ee5,0,0,4940322620982477041,3023897764847979143,Carrier-v0,biped,nchl,"(44,)",500,102.54992024994628,108.94189478662346,0.21788378957324692,0.3406486439630871,0.22044088176352705,0.05665306293927525,102.55210418135101
carrier__biped__nchl__seed_000,/home/rowanli.tangalin/tpr/tpr/results/hpc_rq1/nominal/carrier/biped/nchl/seed_000,4a3d60bfbae110cc2ae817b182f8e6175b8b040eb98b466606818ece568fa0db,b27340837bf097dc72467699a6e255ffcc5fa10a3d24eec4675f0e9076348ee5,0,1,530078296572617688,6966882572876332860,Carrier-v0,biped,nchl,"(44,)",500,102.90901600730173,109.84333719635535,0.2196866743927107,0.3740302352655419,0.2845691382765531,0.05708923011216521,102.91031537541187
carrier__biped__nchl__seed_000,/home/rowanli.tangalin/tpr/tpr/results/hpc_rq1/nominal/carrier/biped/nchl/seed_000,4a3d60bfbae110cc2ae817b182f8e6175b8b040eb98b466606818ece568fa0db,b27340837bf097dc72467699a6e255ffcc5fa10a3d24eec4675f0e9076348ee5,0,2,7210830791768759910,3424438756091539107,Carrier-v0,biped,nchl,"(44,)",500,105.18861736144936,112.28454791182881,0.2245690958236576,0.37070130170990073,0.24448897795591182,0.05717165490421656,105.18811569258999
carrier__biped__nchl__seed_001,/home/rowanli.tangalin/tpr/tpr/results/hpc_rq1/nominal/carrier/biped/nchl/seed_001,fc165def04eedc1fd39ccf612741552d9574a5a8228c644a7661cafd62ea43f0,bcfc50584d481bf2c31cf036c23de8c75ffd2c207764f9a82ebfcc7957783874,1,0,5232325836976384581,7172422899355977572,Carrier-v0,biped,nchl,"(44,)",500,192.44725070441024,222.35385876919838,0.4447077175383968,0.5544412530002023,0.14428857715430862,0.05778908907590388,192.4471861006796
carrier__biped__nchl__seed_001,/home/rowanli.tangalin/tpr/tpr/results/hpc_rq1/nominal/carrier/biped/nchl/seed_001,fc165def04eedc1fd39ccf612741552d9574a5a8228c644a7661cafd62ea43f0,bcfc50584d481bf2c31cf036c23de8c75ffd2c207764f9a82ebfcc7957783874,1,1,3184075494390970209,9147161066225580108,Carrier-v0,biped,nchl,"(44,)",500,193.21259980113518,222.5884851587358,0.4451769703174716,0.5581033751810617,0.14829659318637275,0.05781759628778104,193.21215683135574
carrier__biped__nchl__seed_001,/home/rowanli.tangalin/tpr/tpr/results/hpc_rq1/nominal/carrier/biped/nchl/seed_001,fc165def04eedc1fd39ccf612741552d9574a5a8228c644a7661cafd62ea43f0,bcfc50584d481bf2c31cf036c23de8c75ffd2c207764f9a82ebfcc7957783874,1,2,6337936886056088,9019669384804417704,Carrier-v0,biped,nchl,"(44,)",500,191.31561653497096,221.32909800224832,0.44265819600449663,0.5474394739866238,0.1462925851703407,0.05732718250243206,191.3170159121441
carrier__biped__nchl__seed_002,/home/rowanli.tangalin/tpr/tpr/results/hpc_rq1/nominal/carrier/biped/nchl/seed_002,c46b349c32b84b18b55b1db6867a934cedf5926fbed8b7b83ac07cb27e38fbc6,5f8022e16235e323465151070d754b0eb110031823a3d789ee06bb90d58cb1de,2,0,4709125304908105630,1244304497912131803,Carrier-v0,biped,nchl,"(44,)",500,97.99870378533048,110.86670719129077,0.22173341438258154,0.27811453188589486,0.02004008016032064,0.05696892261135121,97.9992119658359
carrier__biped__nchl__seed_002,/home/rowanli.tangalin/tpr/tpr/results/hpc_rq1/nominal/carrier/biped/nchl/seed_002,c46b349c32b84b18b55b1db6867a934cedf5926fbed8b7b83ac07cb27e38fbc6,5f8022e16235e323465151070d754b0eb110031823a3d789ee06bb90d58cb1de,2,1,6789895730674132307,2935584579999248951,Carrier-v0,biped,nchl,"(44,)",500,90.45584666115549,110.54889526719472,0.22109779053438944,0.27028792864318135,0.02004008016032064,0.058234840013360184,90.45386996970294
carrier__biped__nchl__seed_002,/home/rowanli.tangalin/tpr/tpr/results/hpc_rq1/nominal/carrier/biped/nchl/seed_002,c46b349c32b84b18b55b1db6867a934cedf5926fbed8b7b83ac07cb27e38fbc6,5f8022e16235e323465151070d754b0eb110031823a3d789ee06bb90d58cb1de,2,2,2298876442789069326,7237655472595637189,Carrier-v0,biped,nchl,"(44,)",500,74.56321439670185,110.81758802676609,0.22163517605353217,0.29209016552601264,0.8276553106212425,0.05715812147703097,74.56262753198489
carrier__biped__nchl__seed_003,/home/rowanli.tangalin/tpr/tpr/results/hpc_rq1/nominal/carrier/biped/nchl/seed_003,dd90ace3a112904155ff3289426075ff7c4eea3913621e63d1815172815cf404,651bde1ffc06829ffd3cc6c9bb2d18faa214f12a2eefb4fa1ee32d316932989a,3,0,6875887065855152501,8328361779180904825,Carrier-v0,biped,nchl,"(44,)",500,99.26416684335314,115.27610951162185,0.23055221902324372,0.254107793823971,0.09218436873747494,0.05799812669811447,99.2654575011219
carrier__biped__nchl__seed_003,/home/rowanli.tangalin/tpr/tpr/results/hpc_rq1/nominal/carrier/biped/nchl/seed_003,dd90ace3a112904155ff3289426075ff7c4eea3913621e63d1815172815cf404,651bde1ffc06829ffd3cc6c9bb2d18faa214f12a2eefb4fa1ee32d316932989a,3,1,2344851983452959862,6171704884853545157,Carrier-v0,biped,nchl,"(44,)",500,98.5591229517835,113.17141437742735,0.2263428287548547,0.2542572945013604,0.09218436873747494,0.05765838203738944,98.55937393695262
carrier__biped__nchl__seed_003,/home/rowanli.tangalin/tpr/tpr/results/hpc_rq1/nominal/carrier/biped/nchl/seed_003,dd90ace3a112904155ff3289426075ff7c4eea3913621e63d1815172815cf404,651bde1ffc06829ffd3cc6c9bb2d18faa214f12a2eefb4fa1ee32d316932989a,3,2,3189270387817152734,2268335290108042879,Carrier-v0,biped,nchl,"(44,)",500,100.12186177594766,115.87254012442065,0.2317450802488413,0.256966597776763,0.04008016032064128,0.05761186148541597,100.12172850283396
carrier__biped__nchl__seed_004,/home/rowanli.tangalin/tpr/tpr/results/hpc_rq1/nominal/carrier/biped/nchl/seed_004,02a112f7f3c173167135d33f72892b6d09a8a7130df309d7adfad5707dc12442,29d73f1e8559af4ac1a132110f6533549805c422fee605ee2afbec77c612355a,4,0,4675618027918977294,6264005447694142635,Carrier-v0,biped,nchl,"(44,)",500,88.52857073846496,104.39964254986393,0.20879928509972787,0.2693207777712375,0.280561122244489,0.05696622384216462,88.53028686822785
carrier__biped__nchl__seed_004,/home/rowanli.tangalin/tpr/tpr/results/hpc_rq1/nominal/carrier/biped/nchl/seed_004,02a112f7f3c173167135d33f72892b6d09a8a7130df309d7adfad5707dc12442,29d73f1e8559af4ac1a132110f6533549805c422fee605ee2afbec77c612355a,4,1,1776748932738538903,3330744174114140836,Carrier-v0,biped,nchl,"(44,)",500,85.95494464564126,100.9788768398272,0.20195775367965438,0.23592227305332714,0.14428857715430862,0.057748753934515805,85.95586614934086
carrier__biped__nchl__seed_004,/home/rowanli.tangalin/tpr/tpr/results/hpc_rq1/nominal/carrier/biped/nchl/seed_004,02a112f7f3c173167135d33f72892b6d09a8a7130df309d7adfad5707dc12442,29d73f1e8559af4ac1a132110f6533549805c422fee605ee2afbec77c612355a,4,2,1844154726293175647,4425154243183907800,Carrier-v0,biped,nchl,"(44,)",500,85.30947982735098,101.15509660887749,0.20231019321775498,0.22925314057972815,0.20641282565130262,0.05805539446149769,85.30851300563803
carrier__biped__nchl__seed_005,/home/rowanli.tangalin/tpr/tpr/results/hpc_rq1/nominal/carrier/biped/nchl/seed_005,59576d974c40b5d6b64196be05d1cbb1da4280930f2f42a519aee7be5e9074e3,0680c604b12c78632dccecc9209649a3a7dced147bfcb9ba197dae4d141d960f,5,0,6537336262564968459,5568806234066008283,Carrier-v0,biped,nchl,"(44,)",500,140.8125026636323,160.5590713773331,0.3211181427546662,0.41935843080862373,0.12224448897795591,0.0575573316807038,140.81426408048338
carrier__biped__nchl__seed_005,/home/rowanli.tangalin/tpr/tpr/results/hpc_rq1/nominal/carrier/biped/nchl/seed_005,59576d974c40b5d6b64196be05d1cbb1da4280930f2f42a519aee7be5e9074e3,0680c604b12c78632dccecc9209649a3a7dced147bfcb9ba197dae4d141d960f,5,1,7847246716821455116,5175985587420486963,Carrier-v0,biped,nchl,"(44,)",500,140.31120747427093,159.41314934409206,0.31882629868818413,0.42657056166017415,0.1342685370741483,0.056972888138529264,140.31235617276434
carrier__biped__nchl__seed_005,/home/rowanli.tangalin/tpr/tpr/results/hpc_rq1/nominal/carrier/biped/nchl/seed_005,59576d974c40b5d6b64196be05d1cbb1da4280930f2f42a519aee7be5e9074e3,0680c604b12c78632dccecc9209649a3a7dced147bfcb9ba197dae4d141d960f,5,2,8874890859321386193,4629262467755900572,Carrier-v0,biped,nchl,"(44,)",500,140.45403639544,159.93813191176866,0.31987626382353734,0.43757862858512997,0.13627254509018036,0.056742020188433724,140.4532707809473
carrier__biped__nchl__seed_006,/home/rowanli.tangalin/tpr/tpr/results/hpc_rq1/nominal/carrier/biped/nchl/seed_006,5c7ed5b35412f661a01011a05217ec60a319583f52660088f2aa311eaa0ccaa4,f9a37017632a26ea96b8231039666b991b98f0666e75826a5b98e292632c3d53,6,0,4697810511805331226,1837341966890607914,Carrier-v0,biped,nchl,"(44,)",500,153.08717091138664,165.00193569078297,0.33000387138156595,0.439818070563386,0.13226452905811623,0.05796979165352805,153.0867957480359
carrier__biped__nchl__seed_006,/home/rowanli.tangalin/tpr/tpr/results/hpc_rq1/nominal/carrier/biped/nchl/seed_006,5c7ed5b35412f661a01011a05217ec60a319583f52660088f2aa311eaa0ccaa4,f9a37017632a26ea96b8231039666b991b98f0666e75826a5b98e292632c3d53,6,1,212357942801270703,7001556810303355477,Carrier-v0,biped,nchl,"(44,)",500,153.08296123317302,164.89113633466712,0.32978227266933424,0.43990814315693616,0.13226452905811623,0.05759649128568477,153.0841296012945
carrier__biped__nchl__seed_006,/home/rowanli.tangalin/tpr/tpr/results/hpc_rq1/nominal/carrier/biped/nchl/seed_006,5c7ed5b35412f661a01011a05217ec60a319583f52660088f2aa311eaa0ccaa4,f9a37017632a26ea96b8231039666b991b98f0666e75826a5b98e292632c3d53,6,2,9197516287707139064,7789448062882196537,Carrier-v0,biped,nchl,"(44,)",500,153.51472447614853,164.83395051015037,0.32966790102030075,0.44146676147660396,0.13827655310621242,0.05778447595208054,153.51221293991773
carrier__biped__nchl__seed_007,/home/rowanli.tangalin/tpr/tpr/results/hpc_rq1/nominal/carrier/biped/nchl/seed_007,3ed6918f77319552df9435be1863d69c413ca688a3729a33fe31775171199a4e,287249010693f650dc0c24582c034eb5ba7887793a2b526de28caf3766738ef5,7,0,7273538705011962834,3327181185902024434,Carrier-v0,biped,nchl,"(44,)",500,138.87681401297115,162.66507153598087,0.32533014307196173,0.47987449561090467,0.09418837675350701,0.05715179176761197,138.87580941169864
carrier__biped__nchl__seed_007,/home/rowanli.tangalin/tpr/tpr/results/hpc_rq1/nominal/carrier/biped/nchl/seed_007,3ed6918f77319552df9435be1863d69c413ca688a3729a33fe31775171199a4e,287249010693f650dc0c24582c034eb5ba7887793a2b526de28caf3766738ef5,7,1,219581318861383269,6126904072154767176,Carrier-v0,biped,nchl,"(44,)",500,137.7098745947772,163.0277298406214,0.3260554596812428,0.4977397270809235,0.09018036072144289,0.05769811918499482,137.70888018241828
carrier__biped__nchl__seed_007,/home/rowanli.tangalin/tpr/tpr/results/hpc_rq1/nominal/carrier/biped/nchl/seed_007,3ed6918f77319552df9435be1863d69c413ca688a3729a33fe31775171199a4e,287249010693f650dc0c24582c034eb5ba7887793a2b526de28caf3766738ef5,7,2,7655123995385766933,8050610523573754527,Carrier-v0,biped,nchl,"(44,)",500,138.01107105543912,162.93795393964115,0.3258759078792823,0.4911675440131409,0.09018036072144289,0.05764466722127823,138.0105654049093
carrier__biped__nchl__seed_008,/home/rowanli.tangalin/tpr/tpr/results/hpc_rq1/nominal/carrier/biped/nchl/seed_008,ad265df0c69f27ccea7fb58a3c9ec91b1fa68e9775fc9f92d27b0e8694f4d3d8,2d6fa1e9e4d74132ed75f6f063ca7a6db4b210a7f8cb25a88cd7cce8fe390fac,8,0,4480449054597749916,4714160801966532834,Carrier-v0,biped,nchl,"(44,)",500,102.1550317663905,115.09626564333138,0.23019253128666275,0.3306420904636398,0.342685370741483,0.057209752292588456,102.15369870037591
carrier__biped__nchl__seed_008,/home/rowanli.tangalin/tpr/tpr/results/hpc_rq1/nominal/carrier/biped/nchl/seed_008,ad265df0c69f27ccea7fb58a3c9ec91b1fa68e9775fc9f92d27b0e8694f4d3d8,2d6fa1e9e4d74132ed75f6f063ca7a6db4b210a7f8cb25a88cd7cce8fe390fac,8,1,8169066096088904802,2410012360361453569,Carrier-v0,biped,nchl,"(44,)",500,103.24417216906092,115.86747574026151,0.23173495148052303,0.3239467550842122,0.3166332665330661,0.056757106559011415,103.24460218553153
carrier__biped__nchl__seed_008,/home/rowanli.tangalin/tpr/tpr/results/hpc_rq1/nominal/carrier/biped/nchl/seed_008,ad265df0c69f27ccea7fb58a3c9ec91b1fa68e9775fc9f92d27b0e8694f4d3d8,2d6fa1e9e4d74132ed75f6f063ca7a6db4b210a7f8cb25a88cd7cce8fe390fac,8,2,1688151127694054410,5098444150450504360,Carrier-v0,biped,nchl,"(44,)",500,101.69046653621571,114.8386277719547,0.22967725554390941,0.308181879797405,0.2925851703406814,0.05807681956978263,101.69048951555666
carrier__biped__nchl__seed_009,/home/rowanli.tangalin/tpr/tpr/results/hpc_rq1/nominal/carrier/biped/nchl/seed_009,c1aac2e2d985f35c2aed40f3b6e71308304409cd7f9dbaf26bc19dc41617ecbf,35ea2800a1989ba1b1450cdff63bba4b79346025dfd6b3e10a8f40dbd7acf195,9,0,8469251633518957484,5579477484601834272,Carrier-v0,biped,nchl,"(44,)",500,96.61448093536724,116.01926855732734,0.23203853711465466,0.32590478033576575,0.14428857715430862,0.05696215672451468,96.61388435866324
carrier__biped__nchl__seed_009,/home/rowanli.tangalin/tpr/tpr/results/hpc_rq1/nominal/carrier/biped/nchl/seed_009,c1aac2e2d985f35c2aed40f3b6e71308304409cd7f9dbaf26bc19dc41617ecbf,35ea2800a1989ba1b1450cdff63bba4b79346025dfd6b3e10a8f40dbd7acf195,9,1,5415548583552718452,3538497439875268043,Carrier-v0,biped,nchl,"(44,)",500,95.04389398133577,115.7245129432777,0.23144902588655542,0.31159235555466785,0.18637274549098196,0.05685386452032765,95.04317785595413
carrier__biped__nchl__seed_009,/home/rowanli.tangalin/tpr/tpr/results/hpc_rq1/nominal/carrier/biped/nchl/seed_009,c1aac2e2d985f35c2aed40f3b6e71308304409cd7f9dbaf26bc19dc41617ecbf,35ea2800a1989ba1b1450cdff63bba4b79346025dfd6b3e10a8f40dbd7acf195,9,2,6075971192560964690,5235945277139461518,Carrier-v0,biped,nchl,"(44,)",500,96.53816668623952,115.99488710624234,0.23198977421248468,0.31567099216890554,0.19238476953907815,0.05728848270593419,96.53802433442655
jumper__biped__static__seed_000,/home/rowanli.tangalin/tpr/tpr/results/hpc_rq1/nominal/jumper/biped/static/seed_000,2ea7f4d6430209eea15ca2d735cc2a545f240d7d69db5fe0ce0e89cfe0306769,c576dc4ec4b1fa1ecc8749d59ad3ba36fdb388ab0e53cd1c33a78ad34cd9b7a0,0,0,4940322620982477041,3023897764847979143,Jumper-v0,biped,static,"(45,)",500,0.0,0.0,0.0,0.0,0.0,1.0512125216959947,1.0512125216959947
jumper__biped__static__seed_000,/home/rowanli.tangalin/tpr/tpr/results/hpc_rq1/nominal/jumper/biped/static/seed_000,2ea7f4d6430209eea15ca2d735cc2a545f240d7d69db5fe0ce0e89cfe0306769,c576dc4ec4b1fa1ecc8749d59ad3ba36fdb388ab0e53cd1c33a78ad34cd9b7a0,0,1,530078296572617688,6966882572876332860,Jumper-v0,biped,static,"(45,)",500,0.0,0.0,0.0,0.0,0.0,1.0512125216959947,1.0512125216959947
jumper__biped__static__seed_000,/home/rowanli.tangalin/tpr/tpr/results/hpc_rq1/nominal/jumper/biped/static/seed_000,2ea7f4d6430209eea15ca2d735cc2a545f240d7d69db5fe0ce0e89cfe0306769,c576dc4ec4b1fa1ecc8749d59ad3ba36fdb388ab0e53cd1c33a78ad34cd9b7a0,0,2,7210830791768759910,3424438756091539107,Jumper-v0,biped,static,"(45,)",500,0.0,0.0,0.0,0.0,0.0,1.0512125216959947,1.0512125216959947
jumper__biped__static__seed_001,/home/rowanli.tangalin/tpr/tpr/results/hpc_rq1/nominal/jumper/biped/static/seed_001,7991e3de365329ae877fc9cdd8e73a524f0e712cc76a81c558333b671d837a02,6dcd9242d079410a333fa84b170c1f15e558a937ee3ba2154db34bf8214dcf43,1,0,5232325836976384581,7172422899355977572,Jumper-v0,biped,static,"(45,)",500,0.0,0.0,0.0,0.0,0.0,1.1159719354699436,1.1159719354699436
jumper__biped__static__seed_001,/home/rowanli.tangalin/tpr/tpr/results/hpc_rq1/nominal/jumper/biped/static/seed_001,7991e3de365329ae877fc9cdd8e73a524f0e712cc76a81c558333b671d837a02,6dcd9242d079410a333fa84b170c1f15e558a937ee3ba2154db34bf8214dcf43,1,1,3184075494390970209,9147161066225580108,Jumper-v0,biped,static,"(45,)",500,0.0,0.0,0.0,0.0,0.0,1.1159719354699436,1.1159719354699436
jumper__biped__static__seed_001,/home/rowanli.tangalin/tpr/tpr/results/hpc_rq1/nominal/jumper/biped/static/seed_001,7991e3de365329ae877fc9cdd8e73a524f0e712cc76a81c558333b671d837a02,6dcd9242d079410a333fa84b170c1f15e558a937ee3ba2154db34bf8214dcf43,1,2,6337936886056088,9019669384804417704,Jumper-v0,biped,static,"(45,)",500,0.0,0.0,0.0,0.0,0.0,1.1159719354699436,1.1159719354699436
jumper__biped__static__seed_002,/home/rowanli.tangalin/tpr/tpr/results/hpc_rq1/nominal/jumper/biped/static/seed_002,34c102789e3b93aa2cee80a754a7d11a954626a953e5f66fa4bec8513b19d5de,e8ed92ca78f65f5f26707644a27b5804acb5fb343746f53897026e16b3dea4fa,2,0,4709125304908105630,1244304497912131803,Jumper-v0,biped,static,"(45,)",500,0.0,0.0,0.0,0.0,0.0,1.3574829065282723,1.3574829065282723
jumper__biped__static__seed_002,/home/rowanli.tangalin/tpr/tpr/results/hpc_rq1/nominal/jumper/biped/static/seed_002,34c102789e3b93aa2cee80a754a7d11a954626a953e5f66fa4bec8513b19d5de,e8ed92ca78f65f5f26707644a27b5804acb5fb343746f53897026e16b3dea4fa,2,1,6789895730674132307,2935584579999248951,Jumper-v0,biped,static,"(45,)",500,0.0,0.0,0.0,0.0,0.0,1.3574829065282723,1.3574829065282723
jumper__biped__static__seed_002,/home/rowanli.tangalin/tpr/tpr/results/hpc_rq1/nominal/jumper/biped/static/seed_002,34c102789e3b93aa2cee80a754a7d11a954626a953e5f66fa4bec8513b19d5de,e8ed92ca78f65f5f26707644a27b5804acb5fb343746f53897026e16b3dea4fa,2,2,2298876442789069326,7237655472595637189,Jumper-v0,biped,static,"(45,)",500,0.0,0.0,0.0,0.0,0.0,1.3574829065282723,1.3574829065282723
jumper__biped__static__seed_003,/home/rowanli.tangalin/tpr/tpr/results/hpc_rq1/nominal/jumper/biped/static/seed_003,db455981d4b74b4bd51aec3f36a880cfffab1a13397dbde40afbb06363271fae,7272a88d56cffdafeb1b856935c3a3383732f8c5aeb59de6d331811c9a8e54f3,3,0,6875887065855152501,8328361779180904825,Jumper-v0,biped,static,"(45,)",500,0.0,0.0,0.0,0.0,0.0,0.7160098096935167,0.7160098096935167
jumper__biped__static__seed_003,/home/rowanli.tangalin/tpr/tpr/results/hpc_rq1/nominal/jumper/biped/static/seed_003,db455981d4b74b4bd51aec3f36a880cfffab1a13397dbde40afbb06363271fae,7272a88d56cffdafeb1b856935c3a3383732f8c5aeb59de6d331811c9a8e54f3,3,1,2344851983452959862,6171704884853545157,Jumper-v0,biped,static,"(45,)",500,0.0,0.0,0.0,0.0,0.0,0.7160098096935167,0.7160098096935167
jumper__biped__static__seed_003,/home/rowanli.tangalin/tpr/tpr/results/hpc_rq1/nominal/jumper/biped/static/seed_003,db455981d4b74b4bd51aec3f36a880cfffab1a13397dbde40afbb06363271fae,7272a88d56cffdafeb1b856935c3a3383732f8c5aeb59de6d331811c9a8e54f3,3,2,3189270387817152734,2268335290108042879,Jumper-v0,biped,static,"(45,)",500,0.0,0.0,0.0,0.0,0.0,0.7160098096935167,0.7160098096935167
jumper__biped__static__seed_004,/home/rowanli.tangalin/tpr/tpr/results/hpc_rq1/nominal/jumper/biped/static/seed_004,5aff64f671cfe2dfdadd64d38bca80967df7026c419b68df30d01b204d0541d9,a76dfce6251817e329e7d5558e757ec5869f62cf9b55fd395c0435a9bcaea1a6,4,0,4675618027918977294,6264005447694142635,Jumper-v0,biped,static,"(45,)",500,0.0,0.0,0.0,0.0,0.0,0.89563659082184,0.89563659082184
jumper__biped__static__seed_004,/home/rowanli.tangalin/tpr/tpr/results/hpc_rq1/nominal/jumper/biped/static/seed_004,5aff64f671cfe2dfdadd64d38bca80967df7026c419b68df30d01b204d0541d9,a76dfce6251817e329e7d5558e757ec5869f62cf9b55fd395c0435a9bcaea1a6,4,1,1776748932738538903,3330744174114140836,Jumper-v0,biped,static,"(45,)",500,0.0,0.0,0.0,0.0,0.0,0.89563659082184,0.89563659082184
jumper__biped__static__seed_004,/home/rowanli.tangalin/tpr/tpr/results/hpc_rq1/nominal/jumper/biped/static/seed_004,5aff64f671cfe2dfdadd64d38bca80967df7026c419b68df30d01b204d0541d9,a76dfce6251817e329e7d5558e757ec5869f62cf9b55fd395c0435a9bcaea1a6,4,2,1844154726293175647,4425154243183907800,Jumper-v0,biped,static,"(45,)",500,0.0,0.0,0.0,0.0,0.0,0.89563659082184,0.89563659082184
jumper__biped__static__seed_005,/home/rowanli.tangalin/tpr/tpr/results/hpc_rq1/nominal/jumper/biped/static/seed_005,fe7da90b51997cb80cd640a745f5d8b9c8c3f74d53079b2374d144ec903eb8a1,00fd44780c75fc2bf82a6562ae300a72a946e6717513936cfaabbde7a51ed7f5,5,0,6537336262564968459,5568806234066008283,Jumper-v0,biped,static,"(45,)",500,0.0,0.0,0.0,0.0,0.0,1.3226320085053997,1.3226320085053997
jumper__biped__static__seed_005,/home/rowanli.tangalin/tpr/tpr/results/hpc_rq1/nominal/jumper/biped/static/seed_005,fe7da90b51997cb80cd640a745f5d8b9c8c3f74d53079b2374d144ec903eb8a1,00fd44780c75fc2bf82a6562ae300a72a946e6717513936cfaabbde7a51ed7f5,5,1,7847246716821455116,5175985587420486963,Jumper-v0,biped,static,"(45,)",500,0.0,0.0,0.0,0.0,0.0,1.3226320085053997,1.3226320085053997
jumper__biped__static__seed_005,/home/rowanli.tangalin/tpr/tpr/results/hpc_rq1/nominal/jumper/biped/static/seed_005,fe7da90b51997cb80cd640a745f5d8b9c8c3f74d53079b2374d144ec903eb8a1,00fd44780c75fc2bf82a6562ae300a72a946e6717513936cfaabbde7a51ed7f5,5,2,8874890859321386193,4629262467755900572,Jumper-v0,biped,static,"(45,)",500,0.0,0.0,0.0,0.0,0.0,1.3226320085053997,1.3226320085053997
jumper__biped__static__seed_006,/home/rowanli.tangalin/tpr/tpr/results/hpc_rq1/nominal/jumper/biped/static/seed_006,908d5e0947b1e06cc4b56a682b99aa149e7dcfbad3d699e3c844151a7b9e0fc8,4951aac24c35cf8ca173d889d10479f159c282272e3788263389d13881c9532a,6,0,4697810511805331226,1837341966890607914,Jumper-v0,biped,static,"(45,)",500,0.0,0.0,0.0,0.0,0.0,1.091599345629185,1.091599345629185
jumper__biped__static__seed_006,/home/rowanli.tangalin/tpr/tpr/results/hpc_rq1/nominal/jumper/biped/static/seed_006,908d5e0947b1e06cc4b56a682b99aa149e7dcfbad3d699e3c844151a7b9e0fc8,4951aac24c35cf8ca173d889d10479f159c282272e3788263389d13881c9532a,6,1,212357942801270703,7001556810303355477,Jumper-v0,biped,static,"(45,)",500,0.0,0.0,0.0,0.0,0.0,1.091599345629185,1.091599345629185
jumper__biped__static__seed_006,/home/rowanli.tangalin/tpr/tpr/results/hpc_rq1/nominal/jumper/biped/static/seed_006,908d5e0947b1e06cc4b56a682b99aa149e7dcfbad3d699e3c844151a7b9e0fc8,4951aac24c35cf8ca173d889d10479f159c282272e3788263389d13881c9532a,6,2,9197516287707139064,7789448062882196537,Jumper-v0,biped,static,"(45,)",500,0.0,0.0,0.0,0.0,0.0,1.091599345629185,1.091599345629185
jumper__biped__static__seed_007,/home/rowanli.tangalin/tpr/tpr/results/hpc_rq1/nominal/jumper/biped/static/seed_007,704e9cab57822d8db97108fceb2bc5ea665c40eb040480779910087ab1071f08,209c9d136b56592d5a1c75cf24ebb895da1333ba9524c8d6e34b531c78e08d50,7,0,7273538705011962834,3327181185902024434,Jumper-v0,biped,static,"(45,)",500,0.0,0.0,0.0,0.0,0.0,1.1681652417881867,1.1681652417881867
jumper__biped__static__seed_007,/home/rowanli.tangalin/tpr/tpr/results/hpc_rq1/nominal/jumper/biped/static/seed_007,704e9cab57822d8db97108fceb2bc5ea665c40eb040480779910087ab1071f08,209c9d136b56592d5a1c75cf24ebb895da1333ba9524c8d6e34b531c78e08d50,7,1,219581318861383269,6126904072154767176,Jumper-v0,biped,static,"(45,)",500,0.0,0.0,0.0,0.0,0.0,1.1681652417881867,1.1681652417881867
jumper__biped__static__seed_007,/home/rowanli.tangalin/tpr/tpr/results/hpc_rq1/nominal/jumper/biped/static/seed_007,704e9cab57822d8db97108fceb2bc5ea665c40eb040480779910087ab1071f08,209c9d136b56592d5a1c75cf24ebb895da1333ba9524c8d6e34b531c78e08d50,7,2,7655123995385766933,8050610523573754527,Jumper-v0,biped,static,"(45,)",500,0.0,0.0,0.0,0.0,0.0,1.1681652417881867,1.1681652417881867
jumper__biped__static__seed_008,/home/rowanli.tangalin/tpr/tpr/results/hpc_rq1/nominal/jumper/biped/static/seed_008,4d3d3c98b1f56896bd067218a95e7297ef5c50d1653b0b5c8defe61ed350cc3a,f53bc3237be5baea0ff0a631a3dfb0bff749693ddc66e026427ad9708c855162,8,0,4480449054597749916,4714160801966532834,Jumper-v0,biped,static,"(45,)",500,0.0,0.0,0.0,0.0,0.0,1.2315651332986361,1.2315651332986361
jumper__biped__static__seed_008,/home/rowanli.tangalin/tpr/tpr/results/hpc_rq1/nominal/jumper/biped/static/seed_008,4d3d3c98b1f56896bd067218a95e7297ef5c50d1653b0b5c8defe61ed350cc3a,f53bc3237be5baea0ff0a631a3dfb0bff749693ddc66e026427ad9708c855162,8,1,8169066096088904802,2410012360361453569,Jumper-v0,biped,static,"(45,)",500,0.0,0.0,0.0,0.0,0.0,1.2315651332986361,1.2315651332986361
jumper__biped__static__seed_008,/home/rowanli.tangalin/tpr/tpr/results/hpc_rq1/nominal/jumper/biped/static/seed_008,4d3d3c98b1f56896bd067218a95e7297ef5c50d1653b0b5c8defe61ed350cc3a,f53bc3237be5baea0ff0a631a3dfb0bff749693ddc66e026427ad9708c855162,8,2,1688151127694054410,5098444150450504360,Jumper-v0,biped,static,"(45,)",500,0.0,0.0,0.0,0.0,0.0,1.2315651332986361,1.2315651332986361
jumper__biped__static__seed_009,/home/rowanli.tangalin/tpr/tpr/results/hpc_rq1/nominal/jumper/biped/static/seed_009,26dc2708932098cfdc86320ad3008f1281a757efda869ffc3b96162a2064b435,54fe29051620bb37978d000cc4aed122f820be84f9111ecfeee9959d2ae69ed2,9,0,8469251633518957484,5579477484601834272,Jumper-v0,biped,static,"(45,)",500,0.0,0.0,0.0,0.0,0.0,1.3045297621540617,1.3045297621540617
jumper__biped__static__seed_009,/home/rowanli.tangalin/tpr/tpr/results/hpc_rq1/nominal/jumper/biped/static/seed_009,26dc2708932098cfdc86320ad3008f1281a757efda869ffc3b96162a2064b435,54fe29051620bb37978d000cc4aed122f820be84f9111ecfeee9959d2ae69ed2,9,1,5415548583552718452,3538497439875268043,Jumper-v0,biped,static,"(45,)",500,0.0,0.0,0.0,0.0,0.0,1.3045297621540617,1.3045297621540617
jumper__biped__static__seed_009,/home/rowanli.tangalin/tpr/tpr/results/hpc_rq1/nominal/jumper/biped/static/seed_009,26dc2708932098cfdc86320ad3008f1281a757efda869ffc3b96162a2064b435,54fe29051620bb37978d000cc4aed122f820be84f9111ecfeee9959d2ae69ed2,9,2,6075971192560964690,5235945277139461518,Jumper-v0,biped,static,"(45,)",500,0.0,0.0,0.0,0.0,0.0,1.3045297621540617,1.3045297621540617
jumper__biped__nchl__seed_000,/home/rowanli.tangalin/tpr/tpr/results/hpc_rq1/nominal/jumper/biped/nchl/seed_000,872315b412cee97f007c35ed1fff6f53dfb4a69da57fc5eabde7fd62939bbe6b,c032dac4c80c8952cf42085032833ed24c20537b90f0dfb02b608c17a26b9c34,0,0,4940322620982477041,3023897764847979143,Jumper-v0,biped,nchl,"(45,)",500,76.20039473657064,77.29189200760071,0.15458378401520143,0.15892114605825008,0.6292585170340681,0.05673788118982413,76.20056140756387
jumper__biped__nchl__seed_000,/home/rowanli.tangalin/tpr/tpr/results/hpc_rq1/nominal/jumper/biped/nchl/seed_000,872315b412cee97f007c35ed1fff6f53dfb4a69da57fc5eabde7fd62939bbe6b,c032dac4c80c8952cf42085032833ed24c20537b90f0dfb02b608c17a26b9c34,0,1,530078296572617688,6966882572876332860,Jumper-v0,biped,nchl,"(45,)",500,76.0944525448391,77.24998573923061,0.15449997147846123,0.15852647550750143,0.8637274549098196,0.05733723618629241,76.09559657147564
jumper__biped__nchl__seed_000,/home/rowanli.tangalin/tpr/tpr/results/hpc_rq1/nominal/jumper/biped/nchl/seed_000,872315b412cee97f007c35ed1fff6f53dfb4a69da57fc5eabde7fd62939bbe6b,c032dac4c80c8952cf42085032833ed24c20537b90f0dfb02b608c17a26b9c34,0,2,7210830791768759910,3424438756091539107,Jumper-v0,biped,nchl,"(45,)",500,76.00200281353199,77.24616880418856,0.1544923376083771,0.15883137143697582,0.8276553106212425,0.057210750362832304,76.00106821993931
jumper__biped__nchl__seed_001,/home/rowanli.tangalin/tpr/tpr/results/hpc_rq1/nominal/jumper/biped/nchl/seed_001,2d7488e64d9132742d6e7e9a1270351f534764b5c243f88632db05f034f7af03,a977f292cca1bada2a3bed271cb86be96dff1e11bc5d91d20276ec85a97ac940,1,0,5232325836976384581,7172422899355977572,Jumper-v0,biped,nchl,"(45,)",500,82.39066707308798,82.99750724136545,0.1659950144827309,0.1743449837514014,1.0,0.0578528810322855,82.39034809145609
jumper__biped__nchl__seed_001,/home/rowanli.tangalin/tpr/tpr/results/hpc_rq1/nominal/jumper/biped/nchl/seed_001,2d7488e64d9132742d6e7e9a1270351f534764b5c243f88632db05f034f7af03,a977f292cca1bada2a3bed271cb86be96dff1e11bc5d91d20276ec85a97ac940,1,1,3184075494390970209,9147161066225580108,Jumper-v0,biped,nchl,"(45,)",500,82.4635612441776,82.98218662512396,0.1659643732502479,0.16863345166490282,0.9859719438877755,0.057852239740878546,82.46339785323497
jumper__biped__nchl__seed_001,/home/rowanli.tangalin/tpr/tpr/results/hpc_rq1/nominal/jumper/biped/nchl/seed_001,2d7488e64d9132742d6e7e9a1270351f534764b5c243f88632db05f034f7af03,a977f292cca1bada2a3bed271cb86be96dff1e11bc5d91d20276ec85a97ac940,1,2,6337936886056088,9019669384804417704,Jumper-v0,biped,nchl,"(45,)",500,81.30764336850098,83.26612251244637,0.16653224502489275,0.20655221066638108,0.9739478957915831,0.05718918187598518,81.30668943776976
jumper__biped__nchl__seed_002,/home/rowanli.tangalin/tpr/tpr/results/hpc_rq1/nominal/jumper/biped/nchl/seed_002,8dfeba175fb7eb5c4af1378c5bb8b090486ea3a9266700a74aa62655d39623f8,30180489815d5f1159bd8494e59d0acf98f8fdfbee4f8173c93219a2785eea60,2,0,4709125304908105630,1244304497912131803,Jumper-v0,biped,nchl,"(45,)",500,119.06778803836988,120.89405738572844,0.2417881147714569,0.26206800089043963,0.03807615230460922,0.05693552897049562,119.06682207894877
jumper__biped__nchl__seed_002,/home/rowanli.tangalin/tpr/tpr/results/hpc_rq1/nominal/jumper/biped/nchl/seed_002,8dfeba175fb7eb5c4af1378c5bb8b090486ea3a9266700a74aa62655d39623f8,30180489815d5f1159bd8494e59d0acf98f8fdfbee4f8173c93219a2785eea60,2,1,6789895730674132307,2935584579999248951,Jumper-v0,biped,nchl,"(45,)",500,119.20878066471505,120.39791016527808,0.24079582033055616,0.2529093398101991,0.9198396793587175,0.05831524741915983,119.20872129217304
jumper__biped__nchl__seed_002,/home/rowanli.tangalin/tpr/tpr/results/hpc_rq1/nominal/jumper/biped/nchl/seed_002,8dfeba175fb7eb5c4af1378c5bb8b090486ea3a9266700a74aa62655d39623f8,30180489815d5f1159bd8494e59d0acf98f8fdfbee4f8173c93219a2785eea60,2,2,2298876442789069326,7237655472595637189,Jumper-v0,biped,nchl,"(45,)",500,119.18822005021387,120.56997056182502,0.24113994112365003,0.253222498543123,0.9138276553106213,0.05716099371550595,119.1889425881518
jumper__biped__nchl__seed_003,/home/rowanli.tangalin/tpr/tpr/results/hpc_rq1/nominal/jumper/biped/nchl/seed_003,b7330d259859e51fa161413a9d13b9589759e4bfac05cedcac337b8322db95ce,c83d9b59199c471dfea7cadf24ed3dbe0c4072c6717f8ea7a4745a42a3871814,3,0,6875887065855152501,8328361779180904825,Jumper-v0,biped,nchl,"(45,)",500,49.73148422983156,50.55411754200728,0.10110823508401456,0.10812872150241336,0.6492985971943888,0.058012999134732214,49.73181458684187
jumper__biped__nchl__seed_003,/home/rowanli.tangalin/tpr/tpr/results/hpc_rq1/nominal/jumper/biped/nchl/seed_003,b7330d259859e51fa161413a9d13b9589759e4bfac05cedcac337b8322db95ce,c83d9b59199c471dfea7cadf24ed3dbe0c4072c6717f8ea7a4745a42a3871814,3,1,2344851983452959862,6171704884853545157,Jumper-v0,biped,nchl,"(45,)",500,49.658854504169746,50.46211515382317,0.10092423030764634,0.12057839555896742,1.0,0.05759150522479173,49.65883694295347
jumper__biped__nchl__seed_003,/home/rowanli.tangalin/tpr/tpr/results/hpc_rq1/nominal/jumper/biped/nchl/seed_003,b7330d259859e51fa161413a9d13b9589759e4bfac05cedcac337b8322db95ce,c83d9b59199c471dfea7cadf24ed3dbe0c4072c6717f8ea7a4745a42a3871814,3,2,3189270387817152734,2268335290108042879,Jumper-v0,biped,nchl,"(45,)",500,49.493361950436395,50.571106740021776,0.10114221348004356,0.12089810684871924,0.9599198396793587,0.057392924044539016,49.492778934961464
jumper__biped__nchl__seed_004,/home/rowanli.tangalin/tpr/tpr/results/hpc_rq1/nominal/jumper/biped/nchl/seed_004,3d170b303eb034a44dff579fb2b38138922d597102744ab15a96df0b98f3621e,ed9e12edd4d9b8b752389d72f9530eed6f881f57b33975a4d726944c2899ff70,4,0,4675618027918977294,6264005447694142635,Jumper-v0,biped,nchl,"(45,)",500,109.03713266260998,109.83507583777026,0.21967015167554052,0.22322488778220304,0.8557114228456913,0.057116616202313474,109.03772675347835
jumper__biped__nchl__seed_004,/home/rowanli.tangalin/tpr/tpr/results/hpc_rq1/nominal/jumper/biped/nchl/seed_004,3d170b303eb034a44dff579fb2b38138922d597102744ab15a96df0b98f3621e,ed9e12edd4d9b8b752389d72f9530eed6f881f57b33975a4d726944c2899ff70,4,1,1776748932738538903,3330744174114140836,Jumper-v0,biped,nchl,"(45,)",500,108.33434408824118,109.95960618444384,0.21991921236888767,0.2289530150998228,0.875751503006012,0.05772435094828522,108.33515824383713
jumper__biped__nchl__seed_004,/home/rowanli.tangalin/tpr/tpr/results/hpc_rq1/nominal/jumper/biped/nchl/seed_004,3d170b303eb034a44dff579fb2b38138922d597102744ab15a96df0b98f3621e,ed9e12edd4d9b8b752389d72f9530eed6f881f57b33975a4d726944c2899ff70,4,2,1844154726293175647,4425154243183907800,Jumper-v0,biped,nchl,"(45,)",500,108.7323286728397,109.7731494310723,0.2195462988621446,0.2291544601699887,0.9959919839679359,0.05801490617822259,108.73337563416788
jumper__biped__nchl__seed_005,/home/rowanli.tangalin/tpr/tpr/results/hpc_rq1/nominal/jumper/biped/nchl/seed_005,4d326e23ecf3d532353d23b80bf92ab5c762bcdbed32c4a7962b4dda18522331,f2f171e0fd5ef74e5adfb4840871cafb6e76082e6fe5b7eca344fdc8014555c5,5,0,6537336262564968459,5568806234066008283,Jumper-v0,biped,nchl,"(45,)",500,106.93242388218133,108.72359958108581,0.21744719916217162,0.2633412522071385,0.9498997995991983,0.057503052280047436,106.93277402589766
jumper__biped__nchl__seed_005,/home/rowanli.tangalin/tpr/tpr/results/hpc_rq1/nominal/jumper/biped/nchl/seed_005,4d326e23ecf3d532353d23b80bf92ab5c762bcdbed32c4a7962b4dda18522331,f2f171e0fd5ef74e5adfb4840871cafb6e76082e6fe5b7eca344fdc8014555c5,5,1,7847246716821455116,5175985587420486963,Jumper-v0,biped,nchl,"(45,)",500,106.51601230584922,110.37441291763264,0.22074882583526528,0.4313263663544725,0.9719438877755511,0.05697024600952017,106.51818915738961
jumper__biped__nchl__seed_005,/home/rowanli.tangalin/tpr/tpr/results/hpc_rq1/nominal/jumper/biped/nchl/seed_005,4d326e23ecf3d532353d23b80bf92ab5c762bcdbed32c4a7962b4dda18522331,f2f171e0fd5ef74e5adfb4840871cafb6e76082e6fe5b7eca344fdc8014555c5,5,2,8874890859321386193,4629262467755900572,Jumper-v0,biped,nchl,"(45,)",500,104.04006723719732,111.45928112694267,0.22291856225388534,0.3931681707963789,0.8817635270541082,0.056625116666294814,104.03866272669111
jumper__biped__nchl__seed_006,/home/rowanli.tangalin/tpr/tpr/results/hpc_rq1/nominal/jumper/biped/nchl/seed_006,e581d803244e54df0bab78f078df05708a68027df13e734952b5fc1de4915b7f,0cc26d62cc86c7192a261d4229196f8f376d7bf89c2b46336cd51bedfd0f328f,6,0,4697810511805331226,1837341966890607914,Jumper-v0,biped,nchl,"(45,)",500,117.16680140930832,118.57739079370087,0.23715478158740175,0.2517556974399529,0.9839679358717435,0.05801260830733693,117.16685190690967
jumper__biped__nchl__seed_006,/home/rowanli.tangalin/tpr/tpr/results/hpc_rq1/nominal/jumper/biped/nchl/seed_006,e581d803244e54df0bab78f078df05708a68027df13e734952b5fc1de4915b7f,0cc26d62cc86c7192a261d4229196f8f376d7bf89c2b46336cd51bedfd0f328f,6,1,212357942801270703,7001556810303355477,Jumper-v0,biped,nchl,"(45,)",500,117.20239264565306,118.52338220863817,0.23704676441727635,0.25245203945101835,0.9899799599198397,0.05770309626009511,117.2001732980829
jumper__biped__nchl__seed_006,/home/rowanli.tangalin/tpr/tpr/results/hpc_rq1/nominal/jumper/biped/nchl/seed_006,e581d803244e54df0bab78f078df05708a68027df13e734952b5fc1de4915b7f,0cc26d62cc86c7192a261d4229196f8f376d7bf89c2b46336cd51bedfd0f328f,6,2,9197516287707139064,7789448062882196537,Jumper-v0,biped,nchl,"(45,)",500,117.34704784483988,118.55554749020733,0.23711109498041466,0.25241814675613755,0.9959919839679359,0.05767191779783365,117.34792201199444
jumper__biped__nchl__seed_007,/home/rowanli.tangalin/tpr/tpr/results/hpc_rq1/nominal/jumper/biped/nchl/seed_007,9d38fb066983b9e715bc2130dbce759c2b50aa4d458452aeaae5656f36c5bbf5,63cdf755037e5a2006a1a382e443831214d30b290602cf1e57beb60634630920,7,0,7273538705011962834,3327181185902024434,Jumper-v0,biped,nchl,"(45,)",500,51.8026613654554,51.9345660889916,0.1038691321779832,0.10507847380153082,0.9519038076152304,0.05732446923603235,51.80505696326589
jumper__biped__nchl__seed_007,/home/rowanli.tangalin/tpr/tpr/results/hpc_rq1/nominal/jumper/biped/nchl/seed_007,9d38fb066983b9e715bc2130dbce759c2b50aa4d458452aeaae5656f36c5bbf5,63cdf755037e5a2006a1a382e443831214d30b290602cf1e57beb60634630920,7,1,219581318861383269,6126904072154767176,Jumper-v0,biped,nchl,"(45,)",500,51.79313349544325,51.93202087172264,0.10386404174344528,0.1051335706290214,0.9418837675350702,0.057725463089118294,51.79411297896114
jumper__biped__nchl__seed_007,/home/rowanli.tangalin/tpr/tpr/results/hpc_rq1/nominal/jumper/biped/nchl/seed_007,9d38fb066983b9e715bc2130dbce759c2b50aa4d458452aeaae5656f36c5bbf5,63cdf755037e5a2006a1a382e443831214d30b290602cf1e57beb60634630920,7,2,7655123995385766933,8050610523573754527,Jumper-v0,biped,nchl,"(45,)",500,51.429640266311154,51.97904957410735,0.1039580991482147,0.1105023610607463,0.9458917835671342,0.057736561473314366,51.430689998954605
jumper__biped__nchl__seed_008,/home/rowanli.tangalin/tpr/tpr/results/hpc_rq1/nominal/jumper/biped/nchl/seed_008,17aece822f94a514674ab91416f8706dc0a999faff4bdf31d2335a917c51b138,a34173ef43e656c7a3f3a16081281693e59f61101c7c14fa5ab2f7535c42d0dd,8,0,4480449054597749916,4714160801966532834,Jumper-v0,biped,nchl,"(45,)",500,96.39647565353455,101.42040189763442,0.20284080379526884,0.22761496099388492,0.9879759519038076,0.057264551642963846,96.39897772861198
jumper__biped__nchl__seed_008,/home/rowanli.tangalin/tpr/tpr/results/hpc_rq1/nominal/jumper/biped/nchl/seed_008,17aece822f94a514674ab91416f8706dc0a999faff4bdf31d2335a917c51b138,a34173ef43e656c7a3f3a16081281693e59f61101c7c14fa5ab2f7535c42d0dd,8,1,8169066096088904802,2410012360361453569,Jumper-v0,biped,nchl,"(45,)",500,97.78197532733962,100.44318977571058,0.20088637955142116,0.20904293893051712,0.6813627254509018,0.056889031760051,97.78262145289885
jumper__biped__nchl__seed_008,/home/rowanli.tangalin/tpr/tpr/results/hpc_rq1/nominal/jumper/biped/nchl/seed_008,17aece822f94a514674ab91416f8706dc0a999faff4bdf31d2335a917c51b138,a34173ef43e656c7a3f3a16081281693e59f61101c7c14fa5ab2f7535c42d0dd,8,2,1688151127694054410,5098444150450504360,Jumper-v0,biped,nchl,"(45,)",500,96.88460869074876,101.28812224220218,0.20257624448440437,0.21769701203922667,0.9879759519038076,0.05803104640136065,96.88582599137742
jumper__biped__nchl__seed_009,/home/rowanli.tangalin/tpr/tpr/results/hpc_rq1/nominal/jumper/biped/nchl/seed_009,dd6493e763e8b52272d6e23ac84bf3442efdf77ecb9f951091eff2a2060df0a2,11882e5c3a28f4584bd6e6674778450c2449140cbb8112985a9d4c10211aee17,9,0,8469251633518957484,5579477484601834272,Jumper-v0,biped,nchl,"(45,)",500,50.68890162785847,57.65759858529972,0.11531519717059945,0.1463276506628221,0.8857715430861723,0.05689317324605476,50.688905943643455
jumper__biped__nchl__seed_009,/home/rowanli.tangalin/tpr/tpr/results/hpc_rq1/nominal/jumper/biped/nchl/seed_009,dd6493e763e8b52272d6e23ac84bf3442efdf77ecb9f951091eff2a2060df0a2,11882e5c3a28f4584bd6e6674778450c2449140cbb8112985a9d4c10211aee17,9,1,5415548583552718452,3538497439875268043,Jumper-v0,biped,nchl,"(45,)",500,52.45681815142243,57.1963230803645,0.114392646160729,0.14605868350102857,0.9539078156312625,0.0566615845068708,52.45497546878352
jumper__biped__nchl__seed_009,/home/rowanli.tangalin/tpr/tpr/results/hpc_rq1/nominal/jumper/biped/nchl/seed_009,dd6493e763e8b52272d6e23ac84bf3442efdf77ecb9f951091eff2a2060df0a2,11882e5c3a28f4584bd6e6674778450c2449140cbb8112985a9d4c10211aee17,9,2,6075971192560964690,5235945277139461518,Jumper-v0,biped,nchl,"(45,)",500,54.41724429362406,56.738484906009845,0.11347696981201968,0.1269114648422507,0.9298597194388778,0.05715450790190196,54.41670608081836
thrower__biped__static__seed_000,/home/rowanli.tangalin/tpr/tpr/results/hpc_rq1/nominal/thrower/biped/static/seed_000,c4b3747d237c45a7d3e671d2ab7b7a2e372a2f091fdccc436c793832a53e428f,e881ba8837e77be3c27619ef5586fcc2071eca3893ab2556364c1424d5797663,0,0,4940322620982477041,3023897764847979143,Thrower-v0,biped,static,"(44,)",300,0.0,0.0,0.0,0.0,0.0,1.0154347191657271,1.0154347191657271
thrower__biped__static__seed_000,/home/rowanli.tangalin/tpr/tpr/results/hpc_rq1/nominal/thrower/biped/static/seed_000,c4b3747d237c45a7d3e671d2ab7b7a2e372a2f091fdccc436c793832a53e428f,e881ba8837e77be3c27619ef5586fcc2071eca3893ab2556364c1424d5797663,0,1,530078296572617688,6966882572876332860,Thrower-v0,biped,static,"(44,)",300,0.0,0.0,0.0,0.0,0.0,1.0154347191657271,1.0154347191657271
thrower__biped__static__seed_000,/home/rowanli.tangalin/tpr/tpr/results/hpc_rq1/nominal/thrower/biped/static/seed_000,c4b3747d237c45a7d3e671d2ab7b7a2e372a2f091fdccc436c793832a53e428f,e881ba8837e77be3c27619ef5586fcc2071eca3893ab2556364c1424d5797663,0,2,7210830791768759910,3424438756091539107,Thrower-v0,biped,static,"(44,)",300,0.0,0.0,0.0,0.0,0.0,1.0154347191657271,1.0154347191657271
thrower__biped__static__seed_001,/home/rowanli.tangalin/tpr/tpr/results/hpc_rq1/nominal/thrower/biped/static/seed_001,56d325f4247b166a1111cce9b3cb6388bd6985374535603edb434169283f1030,8fb588ff156d7c73328dd0a7bd51554da7aa3ab362e0b82bd97bb0531756c34c,1,0,5232325836976384581,7172422899355977572,Thrower-v0,biped,static,"(44,)",300,0.0,0.0,0.0,0.0,0.0,1.3318063711925112,1.3318063711925112
thrower__biped__static__seed_001,/home/rowanli.tangalin/tpr/tpr/results/hpc_rq1/nominal/thrower/biped/static/seed_001,56d325f4247b166a1111cce9b3cb6388bd6985374535603edb434169283f1030,8fb588ff156d7c73328dd0a7bd51554da7aa3ab362e0b82bd97bb0531756c34c,1,1,3184075494390970209,9147161066225580108,Thrower-v0,biped,static,"(44,)",300,0.0,0.0,0.0,0.0,0.0,1.3318063711925112,1.3318063711925112
thrower__biped__static__seed_001,/home/rowanli.tangalin/tpr/tpr/results/hpc_rq1/nominal/thrower/biped/static/seed_001,56d325f4247b166a1111cce9b3cb6388bd6985374535603edb434169283f1030,8fb588ff156d7c73328dd0a7bd51554da7aa3ab362e0b82bd97bb0531756c34c,1,2,6337936886056088,9019669384804417704,Thrower-v0,biped,static,"(44,)",300,0.0,0.0,0.0,0.0,0.0,1.3318063711925112,1.3318063711925112
thrower__biped__static__seed_002,/home/rowanli.tangalin/tpr/tpr/results/hpc_rq1/nominal/thrower/biped/static/seed_002,a47338b42245b2e1d801c79ef9779ad89c321a626bb0fe5a50750b956257e969,a659a570f7efd6b09c810fa85a3cec1a3e5b8e6bfe5ee9bea861b5a792eecf35,2,0,4709125304908105630,1244304497912131803,Thrower-v0,biped,static,"(44,)",300,0.0,0.0,0.0,0.0,0.0,1.184563838002881,1.184563838002881
thrower__biped__static__seed_002,/home/rowanli.tangalin/tpr/tpr/results/hpc_rq1/nominal/thrower/biped/static/seed_002,a47338b42245b2e1d801c79ef9779ad89c321a626bb0fe5a50750b956257e969,a659a570f7efd6b09c810fa85a3cec1a3e5b8e6bfe5ee9bea861b5a792eecf35,2,1,6789895730674132307,2935584579999248951,Thrower-v0,biped,static,"(44,)",300,0.0,0.0,0.0,0.0,0.0,1.184563838002881,1.184563838002881
thrower__biped__static__seed_002,/home/rowanli.tangalin/tpr/tpr/results/hpc_rq1/nominal/thrower/biped/static/seed_002,a47338b42245b2e1d801c79ef9779ad89c321a626bb0fe5a50750b956257e969,a659a570f7efd6b09c810fa85a3cec1a3e5b8e6bfe5ee9bea861b5a792eecf35,2,2,2298876442789069326,7237655472595637189,Thrower-v0,biped,static,"(44,)",300,0.0,0.0,0.0,0.0,0.0,1.184563838002881,1.184563838002881
thrower__biped__static__seed_003,/home/rowanli.tangalin/tpr/tpr/results/hpc_rq1/nominal/thrower/biped/static/seed_003,45677c35932cdd2f142a7dba736086917b039cb20516c56187b57f0dc14b3180,d7b4a5622b06b8e33952ec0193cf9375f8606e538cba6d2ed20755d97610d51c,3,0,6875887065855152501,8328361779180904825,Thrower-v0,biped,static,"(44,)",300,0.0,0.0,0.0,0.0,0.0,1.3171864193741245,1.3171864193741245
thrower__biped__static__seed_003,/home/rowanli.tangalin/tpr/tpr/results/hpc_rq1/nominal/thrower/biped/static/seed_003,45677c35932cdd2f142a7dba736086917b039cb20516c56187b57f0dc14b3180,d7b4a5622b06b8e33952ec0193cf9375f8606e538cba6d2ed20755d97610d51c,3,1,2344851983452959862,6171704884853545157,Thrower-v0,biped,static,"(44,)",300,0.0,0.0,0.0,0.0,0.0,1.3171864193741245,1.3171864193741245
thrower__biped__static__seed_003,/home/rowanli.tangalin/tpr/tpr/results/hpc_rq1/nominal/thrower/biped/static/seed_003,45677c35932cdd2f142a7dba736086917b039cb20516c56187b57f0dc14b3180,d7b4a5622b06b8e33952ec0193cf9375f8606e538cba6d2ed20755d97610d51c,3,2,3189270387817152734,2268335290108042879,Thrower-v0,biped,static,"(44,)",300,0.0,0.0,0.0,0.0,0.0,1.3171864193741245,1.3171864193741245
thrower__biped__static__seed_004,/home/rowanli.tangalin/tpr/tpr/results/hpc_rq1/nominal/thrower/biped/static/seed_004,639520971878746dc252ea35664e6a0e7f0d74355ec633115e9aa9b0fbc1dc67,3bc3eeb43f157e8f5ba0a1f050fe9360d5ec38549b8a4283f2cba013d8932993,4,0,4675618027918977294,6264005447694142635,Thrower-v0,biped,static,"(44,)",300,0.0,0.0,0.0,0.0,0.0,1.119880880795109,1.119880880795109
thrower__biped__static__seed_004,/home/rowanli.tangalin/tpr/tpr/results/hpc_rq1/nominal/thrower/biped/static/seed_004,639520971878746dc252ea35664e6a0e7f0d74355ec633115e9aa9b0fbc1dc67,3bc3eeb43f157e8f5ba0a1f050fe9360d5ec38549b8a4283f2cba013d8932993,4,1,1776748932738538903,3330744174114140836,Thrower-v0,biped,static,"(44,)",300,0.0,0.0,0.0,0.0,0.0,1.119880880795109,1.119880880795109
thrower__biped__static__seed_004,/home/rowanli.tangalin/tpr/tpr/results/hpc_rq1/nominal/thrower/biped/static/seed_004,639520971878746dc252ea35664e6a0e7f0d74355ec633115e9aa9b0fbc1dc67,3bc3eeb43f157e8f5ba0a1f050fe9360d5ec38549b8a4283f2cba013d8932993,4,2,1844154726293175647,4425154243183907800,Thrower-v0,biped,static,"(44,)",300,0.0,0.0,0.0,0.0,0.0,1.119880880795109,1.119880880795109
thrower__biped__static__seed_005,/home/rowanli.tangalin/tpr/tpr/results/hpc_rq1/nominal/thrower/biped/static/seed_005,8ca533c2b9dd90ef51b17faeee0d5fbd8affdc2df88496bdf301779da7d120be,04429dd92889a1e63df3979f3f52e63a39db1f83c821ca1845ff88f25152e90a,5,0,6537336262564968459,5568806234066008283,Thrower-v0,biped,static,"(44,)",300,0.0,0.0,0.0,0.0,0.0,1.0518983135206297,1.0518983135206297
thrower__biped__static__seed_005,/home/rowanli.tangalin/tpr/tpr/results/hpc_rq1/nominal/thrower/biped/static/seed_005,8ca533c2b9dd90ef51b17faeee0d5fbd8affdc2df88496bdf301779da7d120be,04429dd92889a1e63df3979f3f52e63a39db1f83c821ca1845ff88f25152e90a,5,1,7847246716821455116,5175985587420486963,Thrower-v0,biped,static,"(44,)",300,0.0,0.0,0.0,0.0,0.0,1.0518983135206297,1.0518983135206297
thrower__biped__static__seed_005,/home/rowanli.tangalin/tpr/tpr/results/hpc_rq1/nominal/thrower/biped/static/seed_005,8ca533c2b9dd90ef51b17faeee0d5fbd8affdc2df88496bdf301779da7d120be,04429dd92889a1e63df3979f3f52e63a39db1f83c821ca1845ff88f25152e90a,5,2,8874890859321386193,4629262467755900572,Thrower-v0,biped,static,"(44,)",300,0.0,0.0,0.0,0.0,0.0,1.0518983135206297,1.0518983135206297
thrower__biped__static__seed_006,/home/rowanli.tangalin/tpr/tpr/results/hpc_rq1/nominal/thrower/biped/static/seed_006,3654bd4877d0e846ff933749c9a90b950a81123c5a74ac12dca5a0eca5c1883a,22cf2ad5777f747795b331e974c4cac301888a1dba7ff997959cb1a754bdfc08,6,0,4697810511805331226,1837341966890607914,Thrower-v0,biped,static,"(44,)",300,0.0,0.0,0.0,0.0,0.0,1.294617400536592,1.294617400536592
thrower__biped__static__seed_006,/home/rowanli.tangalin/tpr/tpr/results/hpc_rq1/nominal/thrower/biped/static/seed_006,3654bd4877d0e846ff933749c9a90b950a81123c5a74ac12dca5a0eca5c1883a,22cf2ad5777f747795b331e974c4cac301888a1dba7ff997959cb1a754bdfc08,6,1,212357942801270703,7001556810303355477,Thrower-v0,biped,static,"(44,)",300,0.0,0.0,0.0,0.0,0.0,1.294617400536592,1.294617400536592
thrower__biped__static__seed_006,/home/rowanli.tangalin/tpr/tpr/results/hpc_rq1/nominal/thrower/biped/static/seed_006,3654bd4877d0e846ff933749c9a90b950a81123c5a74ac12dca5a0eca5c1883a,22cf2ad5777f747795b331e974c4cac301888a1dba7ff997959cb1a754bdfc08,6,2,9197516287707139064,7789448062882196537,Thrower-v0,biped,static,"(44,)",300,0.0,0.0,0.0,0.0,0.0,1.294617400536592,1.294617400536592
thrower__biped__static__seed_007,/home/rowanli.tangalin/tpr/tpr/results/hpc_rq1/nominal/thrower/biped/static/seed_007,2459838292d8d8e81a4bf62bba2f1e681585662bab081477a368695d631a57d9,d32a025c0ffd31e406531e12f2e16ac431a33bb70cfab762448b0efd2f1fa028,7,0,7273538705011962834,3327181185902024434,Thrower-v0,biped,static,"(44,)",300,0.0,0.0,0.0,0.0,0.0,1.150634250143974,1.150634250143974
thrower__biped__static__seed_007,/home/rowanli.tangalin/tpr/tpr/results/hpc_rq1/nominal/thrower/biped/static/seed_007,2459838292d8d8e81a4bf62bba2f1e681585662bab081477a368695d631a57d9,d32a025c0ffd31e406531e12f2e16ac431a33bb70cfab762448b0efd2f1fa028,7,1,219581318861383269,6126904072154767176,Thrower-v0,biped,static,"(44,)",300,0.0,0.0,0.0,0.0,0.0,1.150634250143974,1.150634250143974
thrower__biped__static__seed_007,/home/rowanli.tangalin/tpr/tpr/results/hpc_rq1/nominal/thrower/biped/static/seed_007,2459838292d8d8e81a4bf62bba2f1e681585662bab081477a368695d631a57d9,d32a025c0ffd31e406531e12f2e16ac431a33bb70cfab762448b0efd2f1fa028,7,2,7655123995385766933,8050610523573754527,Thrower-v0,biped,static,"(44,)",300,0.0,0.0,0.0,0.0,0.0,1.150634250143974,1.150634250143974
thrower__biped__static__seed_008,/home/rowanli.tangalin/tpr/tpr/results/hpc_rq1/nominal/thrower/biped/static/seed_008,0b8338fd4331b9e7ef63b16e424c3baf6cda56155c67873eac2ff91b97d9d490,4b4f0684ef6d12c6fdd36b8bda2754927aa5eec0f5e3ffc32fd08cfcf180dcfa,8,0,4480449054597749916,4714160801966532834,Thrower-v0,biped,static,"(44,)",300,0.0,0.0,0.0,0.0,0.0,0.9032882545056469,0.9032882545056469
thrower__biped__static__seed_008,/home/rowanli.tangalin/tpr/tpr/results/hpc_rq1/nominal/thrower/biped/static/seed_008,0b8338fd4331b9e7ef63b16e424c3baf6cda56155c67873eac2ff91b97d9d490,4b4f0684ef6d12c6fdd36b8bda2754927aa5eec0f5e3ffc32fd08cfcf180dcfa,8,1,8169066096088904802,2410012360361453569,Thrower-v0,biped,static,"(44,)",300,0.0,0.0,0.0,0.0,0.0,0.9032882545056469,0.9032882545056469
thrower__biped__static__seed_008,/home/rowanli.tangalin/tpr/tpr/results/hpc_rq1/nominal/thrower/biped/static/seed_008,0b8338fd4331b9e7ef63b16e424c3baf6cda56155c67873eac2ff91b97d9d490,4b4f0684ef6d12c6fdd36b8bda2754927aa5eec0f5e3ffc32fd08cfcf180dcfa,8,2,1688151127694054410,5098444150450504360,Thrower-v0,biped,static,"(44,)",300,0.0,0.0,0.0,0.0,0.0,0.9032882545056469,0.9032882545056469
thrower__biped__static__seed_009,/home/rowanli.tangalin/tpr/tpr/results/hpc_rq1/nominal/thrower/biped/static/seed_009,fe8905cf5c4889f9a938d0c23a6b01b6882b6df97b9c2d1ade7e1abb81bb3f5c,5200209f240a94a3717b7de8236ef7706413fc6de1c19715871efc3f314ce080,9,0,8469251633518957484,5579477484601834272,Thrower-v0,biped,static,"(44,)",300,0.0,0.0,0.0,0.0,0.0,1.142270986633878,1.142270986633878
thrower__biped__static__seed_009,/home/rowanli.tangalin/tpr/tpr/results/hpc_rq1/nominal/thrower/biped/static/seed_009,fe8905cf5c4889f9a938d0c23a6b01b6882b6df97b9c2d1ade7e1abb81bb3f5c,5200209f240a94a3717b7de8236ef7706413fc6de1c19715871efc3f314ce080,9,1,5415548583552718452,3538497439875268043,Thrower-v0,biped,static,"(44,)",300,0.0,0.0,0.0,0.0,0.0,1.142270986633878,1.142270986633878
thrower__biped__static__seed_009,/home/rowanli.tangalin/tpr/tpr/results/hpc_rq1/nominal/thrower/biped/static/seed_009,fe8905cf5c4889f9a938d0c23a6b01b6882b6df97b9c2d1ade7e1abb81bb3f5c,5200209f240a94a3717b7de8236ef7706413fc6de1c19715871efc3f314ce080,9,2,6075971192560964690,5235945277139461518,Thrower-v0,biped,static,"(44,)",300,0.0,0.0,0.0,0.0,0.0,1.142270986633878,1.142270986633878
thrower__biped__nchl__seed_000,/home/rowanli.tangalin/tpr/tpr/results/hpc_rq1/nominal/thrower/biped/nchl/seed_000,85f126dee04b2643fd0a4d9b2ef470847203371bbbe8b42ed6421f202795e987,19ffbe01742184a854d5e4e241414b5bad39e11efffecec5f032e04b9c191ab2,0,0,4940322620982477041,3023897764847979143,Thrower-v0,biped,nchl,"(44,)",300,31.53273209612744,55.30777462020327,0.18435924873401088,0.3682727408088865,0.34782608695652173,0.05665306293927525,31.53226343595206
thrower__biped__nchl__seed_000,/home/rowanli.tangalin/tpr/tpr/results/hpc_rq1/nominal/thrower/biped/nchl/seed_000,85f126dee04b2643fd0a4d9b2ef470847203371bbbe8b42ed6421f202795e987,19ffbe01742184a854d5e4e241414b5bad39e11efffecec5f032e04b9c191ab2,0,1,530078296572617688,6966882572876332860,Thrower-v0,biped,nchl,"(44,)",300,35.01527767283972,57.61773626491755,0.19205912088305852,0.3330820831638327,0.5217391304347826,0.05708923011216521,35.01411404091827
thrower__biped__nchl__seed_000,/home/rowanli.tangalin/tpr/tpr/results/hpc_rq1/nominal/thrower/biped/nchl/seed_000,85f126dee04b2643fd0a4d9b2ef470847203371bbbe8b42ed6421f202795e987,19ffbe01742184a854d5e4e241414b5bad39e11efffecec5f032e04b9c191ab2,0,2,7210830791768759910,3424438756091539107,Thrower-v0,biped,nchl,"(44,)",300,35.19906794253072,59.05933014871146,0.1968644338290382,0.33029963054275957,0.2976588628762542,0.05717165490421656,35.19920277250836
thrower__biped__nchl__seed_001,/home/rowanli.tangalin/tpr/tpr/results/hpc_rq1/nominal/thrower/biped/nchl/seed_001,61c08966474b56dd6b98017a698cbb37b8b727f4a69ae24d377b42e027741555,61505cf928bce783417d7c4951c786c27ba556fbbd92e472fd3223a1ebc3ce1d,1,0,5232325836976384581,7172422899355977572,Thrower-v0,biped,nchl,"(44,)",300,54.98735723630644,76.61244469750201,0.25537481565834,0.4954498226237809,0.11705685618729098,0.05778908907590388,54.985749079397465
thrower__biped__nchl__seed_001,/home/rowanli.tangalin/tpr/tpr/results/hpc_rq1/nominal/thrower/biped/nchl/seed_001,61c08966474b56dd6b98017a698cbb37b8b727f4a69ae24d377b42e027741555,61505cf928bce783417d7c4951c786c27ba556fbbd92e472fd3223a1ebc3ce1d,1,1,3184075494390970209,9147161066225580108,Thrower-v0,biped,nchl,"(44,)",300,49.947479942407654,75.67581460591593,0.2522527153530531,0.5007009975297916,0.12040133779264214,0.05781759628778104,49.94820826326981
thrower__biped__nchl__seed_001,/home/rowanli.tangalin/tpr/tpr/results/hpc_rq1/nominal/thrower/biped/nchl/seed_001,61c08966474b56dd6b98017a698cbb37b8b727f4a69ae24d377b42e027741555,61505cf928bce783417d7c4951c786c27ba556fbbd92e472fd3223a1ebc3ce1d,1,2,6337936886056088,9019669384804417704,Thrower-v0,biped,nchl,"(44,)",300,55.010301125391706,76.12080892011946,0.25373602973373155,0.4895905448953185,0.11705685618729098,0.05732718250243206,55.01085018977177
thrower__biped__nchl__seed_002,/home/rowanli.tangalin/tpr/tpr/results/hpc_rq1/nominal/thrower/biped/nchl/seed_002,d80ec06808ec47fdf5b72777017b12eafdb3c945892b323b16599af5b95527ee,42a85fc52e98b2a33fbe6d61ca13ee32688f9b4feabcd30f24fd5815168d5308,2,0,4709125304908105630,1244304497912131803,Thrower-v0,biped,nchl,"(44,)",300,38.0665815857529,55.78364486343323,0.18594548287811077,0.29859121478879846,0.12374581939799331,0.05696892261135121,38.06791085348294
thrower__biped__nchl__seed_002,/home/rowanli.tangalin/tpr/tpr/results/hpc_rq1/nominal/thrower/biped/nchl/seed_002,d80ec06808ec47fdf5b72777017b12eafdb3c945892b323b16599af5b95527ee,42a85fc52e98b2a33fbe6d61ca13ee32688f9b4feabcd30f24fd5815168d5308,2,1,6789895730674132307,2935584579999248951,Thrower-v0,biped,nchl,"(44,)",300,38.6399848367866,54.206953218089524,0.18068984406029842,0.26903258956036386,0.26755852842809363,0.058234840013360184,38.6387027125028
thrower__biped__nchl__seed_002,/home/rowanli.tangalin/tpr/tpr/results/hpc_rq1/nominal/thrower/biped/nchl/seed_002,d80ec06808ec47fdf5b72777017b12eafdb3c945892b323b16599af5b95527ee,42a85fc52e98b2a33fbe6d61ca13ee32688f9b4feabcd30f24fd5815168d5308,2,2,2298876442789069326,7237655472595637189,Thrower-v0,biped,nchl,"(44,)",300,38.13991876788435,55.13994761467886,0.18379982538226286,0.2974152596177641,0.12374581939799331,0.05715812147703097,38.1394885353474
thrower__biped__nchl__seed_003,/home/rowanli.tangalin/tpr/tpr/results/hpc_rq1/nominal/thrower/biped/nchl/seed_003,57ac6a2fa248a33477e504320336e3b55e66ca312ca9c8c0f68fcf09dad7fbae,381f2f706a69dfec32e067ad8852652d36f152a59a3a162ce0bb6526d10834b9,3,0,6875887065855152501,8328361779180904825,Thrower-v0,biped,nchl,"(44,)",300,82.38983221032954,98.27539724156787,0.3275846574718929,0.46409449579642775,0.3210702341137124,0.05799812669811447,82.3896285298494
thrower__biped__nchl__seed_003,/home/rowanli.tangalin/tpr/tpr/results/hpc_rq1/nominal/thrower/biped/nchl/seed_003,57ac6a2fa248a33477e504320336e3b55e66ca312ca9c8c0f68fcf09dad7fbae,381f2f706a69dfec32e067ad8852652d36f152a59a3a162ce0bb6526d10834b9,3,1,2344851983452959862,6171704884853545157,Thrower-v0,biped,nchl,"(44,)",300,82.6631316052047,97.67476159606345,0.3255825386535448,0.46818200810240085,0.3210702341137124,0.05765838203738944,82.66500651320867
thrower__biped__nchl__seed_003,/home/rowanli.tangalin/tpr/tpr/results/hpc_rq1/nominal/thrower/biped/nchl/seed_003,57ac6a2fa248a33477e504320336e3b55e66ca312ca9c8c0f68fcf09dad7fbae,381f2f706a69dfec32e067ad8852652d36f152a59a3a162ce0bb6526d10834b9,3,2,3189270387817152734,2268335290108042879,Thrower-v0,biped,nchl,"(44,)",300,82.67768331343554,97.75926588605762,0.3258642196201921,0.4681684695160503,0.33444816053511706,0.05761186148541597,82.67651525992127
thrower__biped__nchl__seed_004,/home/rowanli.tangalin/tpr/tpr/results/hpc_rq1/nominal/thrower/biped/nchl/seed_004,49d045e37cb26992b0baf20938b565e78c5cd47cb678ec5007a6d626bd4b858f,3475f76ccfa8cd8f58053686172b8761fe4b927e16f7660324843de664cd2b53,4,0,4675618027918977294,6264005447694142635,Thrower-v0,biped,nchl,"(44,)",300,58.068557812865485,80.27359103936325,0.2675786367978775,0.5150638590178972,0.27759197324414714,0.05696622384216462,58.06865322309589
thrower__biped__nchl__seed_004,/home/rowanli.tangalin/tpr/tpr/results/hpc_rq1/nominal/thrower/biped/nchl/seed_004,49d045e37cb26992b0baf20938b565e78c5cd47cb678ec5007a6d626bd4b858f,3475f76ccfa8cd8f58053686172b8761fe4b927e16f7660324843de664cd2b53,4,1,1776748932738538903,3330744174114140836,Thrower-v0,biped,nchl,"(44,)",300,58.40983866200393,79.7571647299678,0.26585721576655935,0.48938894001786076,0.29431438127090304,0.057748753934515805,58.40938388741377
thrower__biped__nchl__seed_004,/home/rowanli.tangalin/tpr/tpr/results/hpc_rq1/nominal/thrower/biped/nchl/seed_004,49d045e37cb26992b0baf20938b565e78c5cd47cb678ec5007a6d626bd4b858f,3475f76ccfa8cd8f58053686172b8761fe4b927e16f7660324843de664cd2b53,4,2,1844154726293175647,4425154243183907800,Thrower-v0,biped,nchl,"(44,)",300,58.2030836317381,78.11907093002657,0.26039690310008856,0.44276136166703955,0.2809364548494983,0.05805539446149769,58.20493344916382
thrower__biped__nchl__seed_005,/home/rowanli.tangalin/tpr/tpr/results/hpc_rq1/nominal/thrower/biped/nchl/seed_005,55f9470589187f844cbca3c99c1228d620e3cd3b9f48f2d30134c47f9a10f22c,fb9a66f945c3bf19dc87f23c33324dfc92ede9618acd8e8da3dc1809eb3efb44,5,0,6537336262564968459,5568806234066008283,Thrower-v0,biped,nchl,"(44,)",300,41.1986038482554,59.293230930392184,0.19764410310130728,0.33875711079829146,0.11371237458193979,0.0575573316807038,41.20022037748146
thrower__biped__nchl__seed_005,/home/rowanli.tangalin/tpr/tpr/results/hpc_rq1/nominal/thrower/biped/nchl/seed_005,55f9470589187f844cbca3c99c1228d620e3cd3b9f48f2d30134c47f9a10f22c,fb9a66f945c3bf19dc87f23c33324dfc92ede9618acd8e8da3dc1809eb3efb44,5,1,7847246716821455116,5175985587420486963,Thrower-v0,biped,nchl,"(44,)",300,41.056857015414344,59.17722333039072,0.19725741110130238,0.33878581522376444,0.33444816053511706,0.056972888138529264,41.05696050660598
thrower__biped__nchl__seed_005,/home/rowanli.tangalin/tpr/tpr/results/hpc_rq1/nominal/thrower/biped/nchl/seed_005,55f9470589187f844cbca3c99c1228d620e3cd3b9f48f2d30134c47f9a10f22c,fb9a66f945c3bf19dc87f23c33324dfc92ede9618acd8e8da3dc1809eb3efb44,5,2,8874890859321386193,4629262467755900572,Thrower-v0,biped,nchl,"(44,)",300,42.04413710014341,60.351895924834785,0.20117298641611595,0.33851624104474354,0.11371237458193979,0.056742020188433724,42.04801039053668
thrower__biped__nchl__seed_006,/home/rowanli.tangalin/tpr/tpr/results/hpc_rq1/nominal/thrower/biped/nchl/seed_006,fc393af65600376e2f98ff47e06159dc842b6adfc5910101c29da53f1f9725b5,1f9e662b86242969180f7109e257dcee56c669ef7c3bf9db01b660f336514a01,6,0,4697810511805331226,1837341966890607914,Thrower-v0,biped,nchl,"(44,)",300,40.86210585902907,68.52422780045664,0.22841409266818882,0.46583823037705024,0.3076923076923077,0.05796979165352805,40.86140411881649
thrower__biped__nchl__seed_006,/home/rowanli.tangalin/tpr/tpr/results/hpc_rq1/nominal/thrower/biped/nchl/seed_006,fc393af65600376e2f98ff47e06159dc842b6adfc5910101c29da53f1f9725b5,1f9e662b86242969180f7109e257dcee56c669ef7c3bf9db01b660f336514a01,6,1,212357942801270703,7001556810303355477,Thrower-v0,biped,nchl,"(44,)",300,39.849392499960715,67.55045129064271,0.22516817096880903,0.4545944449330039,0.3076923076923077,0.05759649128568477,39.84821267388363
thrower__biped__nchl__seed_006,/home/rowanli.tangalin/tpr/tpr/results/hpc_rq1/nominal/thrower/biped/nchl/seed_006,fc393af65600376e2f98ff47e06159dc842b6adfc5910101c29da53f1f9725b5,1f9e662b86242969180f7109e257dcee56c669ef7c3bf9db01b660f336514a01,6,2,9197516287707139064,7789448062882196537,Thrower-v0,biped,nchl,"(44,)",300,42.516851913482846,71.39422567977746,0.23798075226592488,0.4756052755882831,0.31438127090301005,0.05778447595208054,42.51440548379734
thrower__biped__nchl__seed_007,/home/rowanli.tangalin/tpr/tpr/results/hpc_rq1/nominal/thrower/biped/nchl/seed_007,16cbc6c4b3eb41025ec2c1e0622e099ad6e12a8dab950cbb6e0e239ec33c78e2,9293d8be8770fb8b2f01c1c431d968d24d892f8348c6b6cfe91e3e694fe26430,7,0,7273538705011962834,3327181185902024434,Thrower-v0,biped,nchl,"(44,)",300,50.084300086136494,60.576812934415955,0.20192270978138652,0.2629395873610313,0.10702341137123746,0.05715179176761197,50.08447782106155
thrower__biped__nchl__seed_007,/home/rowanli.tangalin/tpr/tpr/results/hpc_rq1/nominal/thrower/biped/nchl/seed_007,16cbc6c4b3eb41025ec2c1e0622e099ad6e12a8dab950cbb6e0e239ec33c78e2,9293d8be8770fb8b2f01c1c431d968d24d892f8348c6b6cfe91e3e694fe26430,7,1,219581318861383269,6126904072154767176,Thrower-v0,biped,nchl,"(44,)",300,47.58680254835293,65.13962417779884,0.21713208059266279,0.3160747250693408,0.8996655518394648,0.05769811918499482,47.586372539000514
thrower__biped__nchl__seed_007,/home/rowanli.tangalin/tpr/tpr/results/hpc_rq1/nominal/thrower/biped/nchl/seed_007,16cbc6c4b3eb41025ec2c1e0622e099ad6e12a8dab950cbb6e0e239ec33c78e2,9293d8be8770fb8b2f01c1c431d968d24d892f8348c6b6cfe91e3e694fe26430,7,2,7655123995385766933,8050610523573754527,Thrower-v0,biped,nchl,"(44,)",300,49.79124605354616,60.93161252837682,0.2031053750945894,0.2662849217423631,0.10702341137123746,0.05764466722127823,49.7919228351275
thrower__biped__nchl__seed_008,/home/rowanli.tangalin/tpr/tpr/results/hpc_rq1/nominal/thrower/biped/nchl/seed_008,89479f2c5e55b30dfa240041e89c07044bd88e4c380d9b52a4635807282e3882,386750d4853f3e81c5d0c5ce5b6b12dd50a5f3693530c5141c707aebce78e149,8,0,4480449054597749916,4714160801966532834,Thrower-v0,biped,nchl,"(44,)",300,50.60119861099433,68.75835737880053,0.22919452459600176,0.438540476599563,0.12040133779264214,0.057209752292588456,50.60207121321658
thrower__biped__nchl__seed_008,/home/rowanli.tangalin/tpr/tpr/results/hpc_rq1/nominal/thrower/biped/nchl/seed_008,89479f2c5e55b30dfa240041e89c07044bd88e4c380d9b52a4635807282e3882,386750d4853f3e81c5d0c5ce5b6b12dd50a5f3693530c5141c707aebce78e149,8,1,8169066096088904802,2410012360361453569,Thrower-v0,biped,nchl,"(44,)",300,50.83862565793578,69.01672845708238,0.23005576152360793,0.4426056955515946,0.11705685618729098,0.056757106559011415,50.83899718789096
thrower__biped__nchl__seed_008,/home/rowanli.tangalin/tpr/tpr/results/hpc_rq1/nominal/thrower/biped/nchl/seed_008,89479f2c5e55b30dfa240041e89c07044bd88e4c380d9b52a4635807282e3882,386750d4853f3e81c5d0c5ce5b6b12dd50a5f3693530c5141c707aebce78e149,8,2,1688151127694054410,5098444150450504360,Thrower-v0,biped,nchl,"(44,)",300,53.19507623542509,70.30811606351443,0.23436038687838145,0.45490950932922625,0.11371237458193979,0.05807681956978263,53.1947964358543
thrower__biped__nchl__seed_009,/home/rowanli.tangalin/tpr/tpr/results/hpc_rq1/nominal/thrower/biped/nchl/seed_009,98722ce097a22114dfda873eacbddad1a417b8e2e5716ed9a13401116eaf3ce4,654b258558320dba36c760d416d12588b713ad9152e48e38ab31a6384bc49ec4,9,0,8469251633518957484,5579477484601834272,Thrower-v0,biped,nchl,"(44,)",300,58.54216432401482,91.77794940960943,0.3059264980320314,0.511151943975654,0.11705685618729098,0.05696215672451468,58.54281220795149
thrower__biped__nchl__seed_009,/home/rowanli.tangalin/tpr/tpr/results/hpc_rq1/nominal/thrower/biped/nchl/seed_009,98722ce097a22114dfda873eacbddad1a417b8e2e5716ed9a13401116eaf3ce4,654b258558320dba36c760d416d12588b713ad9152e48e38ab31a6384bc49ec4,9,1,5415548583552718452,3538497439875268043,Thrower-v0,biped,nchl,"(44,)",300,54.63693758461921,84.27327416195672,0.28091091387318906,0.520767388648851,0.3277591973244147,0.05685386452032765,54.636817774202605
thrower__biped__nchl__seed_009,/home/rowanli.tangalin/tpr/tpr/results/hpc_rq1/nominal/thrower/biped/nchl/seed_009,98722ce097a22114dfda873eacbddad1a417b8e2e5716ed9a13401116eaf3ce4,654b258558320dba36c760d416d12588b713ad9152e48e38ab31a6384bc49ec4,9,2,6075971192560964690,5235945277139461518,Thrower-v0,biped,nchl,"(44,)",300,56.566943367338716,84.48117718568224,0.2816039239522741,0.5071938129865194,0.32441471571906355,0.05728848270593419,56.56506169077008
thrower__thrower_arm__static__seed_000,/home/rowanli.tangalin/tpr/tpr/results/hpc_rq1/nominal/thrower/thrower_arm/static/seed_000,6ece6d25342b6b98baf4ceb7df4ee0fb1adca2cc73c300e75f5fc41b611155cb,4d3b64686933db996f2ab4d6f024fff188151116f56aa090fe5e57ea6935954f,0,0,4940322620982477041,3023897764847979143,Thrower-v0,thrower_arm,static,"(92,)",300,0.0,0.0,0.0,0.0,0.0,1.3431257772729222,1.3431257772729222
thrower__thrower_arm__static__seed_000,/home/rowanli.tangalin/tpr/tpr/results/hpc_rq1/nominal/thrower/thrower_arm/static/seed_000,6ece6d25342b6b98baf4ceb7df4ee0fb1adca2cc73c300e75f5fc41b611155cb,4d3b64686933db996f2ab4d6f024fff188151116f56aa090fe5e57ea6935954f,0,1,530078296572617688,6966882572876332860,Thrower-v0,thrower_arm,static,"(92,)",300,0.0,0.0,0.0,0.0,0.0,1.3431257772729222,1.3431257772729222
thrower__thrower_arm__static__seed_000,/home/rowanli.tangalin/tpr/tpr/results/hpc_rq1/nominal/thrower/thrower_arm/static/seed_000,6ece6d25342b6b98baf4ceb7df4ee0fb1adca2cc73c300e75f5fc41b611155cb,4d3b64686933db996f2ab4d6f024fff188151116f56aa090fe5e57ea6935954f,0,2,7210830791768759910,3424438756091539107,Thrower-v0,thrower_arm,static,"(92,)",300,0.0,0.0,0.0,0.0,0.0,1.3431257772729222,1.3431257772729222
thrower__thrower_arm__static__seed_001,/home/rowanli.tangalin/tpr/tpr/results/hpc_rq1/nominal/thrower/thrower_arm/static/seed_001,46e767f4e37f17b200b32ec4ad88ebc2ce50020bd4e4a456e9b9b8f8dad12a2c,d2eef728c57a39829c197dc115d8758d3c10e2a8c417d9d870680884df782194,1,0,5232325836976384581,7172422899355977572,Thrower-v0,thrower_arm,static,"(92,)",300,0.0,0.0,0.0,0.0,0.0,0.7406024338193266,0.7406024338193266
thrower__thrower_arm__static__seed_001,/home/rowanli.tangalin/tpr/tpr/results/hpc_rq1/nominal/thrower/thrower_arm/static/seed_001,46e767f4e37f17b200b32ec4ad88ebc2ce50020bd4e4a456e9b9b8f8dad12a2c,d2eef728c57a39829c197dc115d8758d3c10e2a8c417d9d870680884df782194,1,1,3184075494390970209,9147161066225580108,Thrower-v0,thrower_arm,static,"(92,)",300,0.0,0.0,0.0,0.0,0.0,0.7406024338193266,0.7406024338193266
thrower__thrower_arm__static__seed_001,/home/rowanli.tangalin/tpr/tpr/results/hpc_rq1/nominal/thrower/thrower_arm/static/seed_001,46e767f4e37f17b200b32ec4ad88ebc2ce50020bd4e4a456e9b9b8f8dad12a2c,d2eef728c57a39829c197dc115d8758d3c10e2a8c417d9d870680884df782194,1,2,6337936886056088,9019669384804417704,Thrower-v0,thrower_arm,static,"(92,)",300,0.0,0.0,0.0,0.0,0.0,0.7406024338193266,0.7406024338193266
thrower__thrower_arm__static__seed_002,/home/rowanli.tangalin/tpr/tpr/results/hpc_rq1/nominal/thrower/thrower_arm/static/seed_002,1df60a7c62887d6eee069f8bfab8f2c47c9bcea99bdb8b5155e45b8ba7400be8,5587af88328578ecd8bebcb869113db1acdbcd264c6208dbd0aeb591e3479b4f,2,0,4709125304908105630,1244304497912131803,Thrower-v0,thrower_arm,static,"(92,)",300,0.0,0.0,0.0,0.0,0.0,1.097833010098917,1.097833010098917
thrower__thrower_arm__static__seed_002,/home/rowanli.tangalin/tpr/tpr/results/hpc_rq1/nominal/thrower/thrower_arm/static/seed_002,1df60a7c62887d6eee069f8bfab8f2c47c9bcea99bdb8b5155e45b8ba7400be8,5587af88328578ecd8bebcb869113db1acdbcd264c6208dbd0aeb591e3479b4f,2,1,6789895730674132307,2935584579999248951,Thrower-v0,thrower_arm,static,"(92,)",300,0.0,0.0,0.0,0.0,0.0,1.097833010098917,1.097833010098917
thrower__thrower_arm__static__seed_002,/home/rowanli.tangalin/tpr/tpr/results/hpc_rq1/nominal/thrower/thrower_arm/static/seed_002,1df60a7c62887d6eee069f8bfab8f2c47c9bcea99bdb8b5155e45b8ba7400be8,5587af88328578ecd8bebcb869113db1acdbcd264c6208dbd0aeb591e3479b4f,2,2,2298876442789069326,7237655472595637189,Thrower-v0,thrower_arm,static,"(92,)",300,0.0,0.0,0.0,0.0,0.0,1.097833010098917,1.097833010098917
thrower__thrower_arm__static__seed_003,/home/rowanli.tangalin/tpr/tpr/results/hpc_rq1/nominal/thrower/thrower_arm/static/seed_003,c95209fe44a5983bdc5726497bb9b6962eed5764ed119cd29bef7c4deaea1b1e,cc04d531a5b8882085dd5c2fd75b85c8ba3af6b1e68ce14da7af2fca11fbe31a,3,0,6875887065855152501,8328361779180904825,Thrower-v0,thrower_arm,static,"(92,)",300,0.0,0.0,0.0,0.0,0.0,1.1545175870557907,1.1545175870557907
thrower__thrower_arm__static__seed_003,/home/rowanli.tangalin/tpr/tpr/results/hpc_rq1/nominal/thrower/thrower_arm/static/seed_003,c95209fe44a5983bdc5726497bb9b6962eed5764ed119cd29bef7c4deaea1b1e,cc04d531a5b8882085dd5c2fd75b85c8ba3af6b1e68ce14da7af2fca11fbe31a,3,1,2344851983452959862,6171704884853545157,Thrower-v0,thrower_arm,static,"(92,)",300,0.0,0.0,0.0,0.0,0.0,1.1545175870557907,1.1545175870557907
thrower__thrower_arm__static__seed_003,/home/rowanli.tangalin/tpr/tpr/results/hpc_rq1/nominal/thrower/thrower_arm/static/seed_003,c95209fe44a5983bdc5726497bb9b6962eed5764ed119cd29bef7c4deaea1b1e,cc04d531a5b8882085dd5c2fd75b85c8ba3af6b1e68ce14da7af2fca11fbe31a,3,2,3189270387817152734,2268335290108042879,Thrower-v0,thrower_arm,static,"(92,)",300,0.0,0.0,0.0,0.0,0.0,1.1545175870557907,1.1545175870557907
thrower__thrower_arm__static__seed_004,/home/rowanli.tangalin/tpr/tpr/results/hpc_rq1/nominal/thrower/thrower_arm/static/seed_004,b06f28efcacfec3b07cdba209fba942ea3cab7698aa073dcdc8d05184f97c944,f39a7265e863e24386d1c17176fb05e4d3ab20329e3ba66e8bb38ed11b05528e,4,0,4675618027918977294,6264005447694142635,Thrower-v0,thrower_arm,static,"(92,)",300,0.0,0.0,0.0,0.0,0.0,0.908708821608952,0.908708821608952
thrower__thrower_arm__static__seed_004,/home/rowanli.tangalin/tpr/tpr/results/hpc_rq1/nominal/thrower/thrower_arm/static/seed_004,b06f28efcacfec3b07cdba209fba942ea3cab7698aa073dcdc8d05184f97c944,f39a7265e863e24386d1c17176fb05e4d3ab20329e3ba66e8bb38ed11b05528e,4,1,1776748932738538903,3330744174114140836,Thrower-v0,thrower_arm,static,"(92,)",300,0.0,0.0,0.0,0.0,0.0,0.908708821608952,0.908708821608952
thrower__thrower_arm__static__seed_004,/home/rowanli.tangalin/tpr/tpr/results/hpc_rq1/nominal/thrower/thrower_arm/static/seed_004,b06f28efcacfec3b07cdba209fba942ea3cab7698aa073dcdc8d05184f97c944,f39a7265e863e24386d1c17176fb05e4d3ab20329e3ba66e8bb38ed11b05528e,4,2,1844154726293175647,4425154243183907800,Thrower-v0,thrower_arm,static,"(92,)",300,0.0,0.0,0.0,0.0,0.0,0.908708821608952,0.908708821608952
thrower__thrower_arm__static__seed_005,/home/rowanli.tangalin/tpr/tpr/results/hpc_rq1/nominal/thrower/thrower_arm/static/seed_005,0064e07613b39b0530b3642f86795ded55f91ce48b9556495aaaaac138946111,ee971b67a3757e1dc702c3483e2fd332d2a77ba13677924cc85af438907a5cc6,5,0,6537336262564968459,5568806234066008283,Thrower-v0,thrower_arm,static,"(92,)",300,0.0,0.0,0.0,0.0,0.0,1.065947771243774,1.065947771243774
thrower__thrower_arm__static__seed_005,/home/rowanli.tangalin/tpr/tpr/results/hpc_rq1/nominal/thrower/thrower_arm/static/seed_005,0064e07613b39b0530b3642f86795ded55f91ce48b9556495aaaaac138946111,ee971b67a3757e1dc702c3483e2fd332d2a77ba13677924cc85af438907a5cc6,5,1,7847246716821455116,5175985587420486963,Thrower-v0,thrower_arm,static,"(92,)",300,0.0,0.0,0.0,0.0,0.0,1.065947771243774,1.065947771243774
thrower__thrower_arm__static__seed_005,/home/rowanli.tangalin/tpr/tpr/results/hpc_rq1/nominal/thrower/thrower_arm/static/seed_005,0064e07613b39b0530b3642f86795ded55f91ce48b9556495aaaaac138946111,ee971b67a3757e1dc702c3483e2fd332d2a77ba13677924cc85af438907a5cc6,5,2,8874890859321386193,4629262467755900572,Thrower-v0,thrower_arm,static,"(92,)",300,0.0,0.0,0.0,0.0,0.0,1.065947771243774,1.065947771243774
thrower__thrower_arm__static__seed_006,/home/rowanli.tangalin/tpr/tpr/results/hpc_rq1/nominal/thrower/thrower_arm/static/seed_006,bc316b167c5f36fda1a0a24a6a99c16322d9a7aadfc000014e7dfaa729d79a3e,2b69e0f18d090166aaa99ae085e2e2b006a81061b538c8f7bcd14f9522a04f3d,6,0,4697810511805331226,1837341966890607914,Thrower-v0,thrower_arm,static,"(92,)",300,0.0,0.0,0.0,0.0,0.0,1.3270741406531306,1.3270741406531306
thrower__thrower_arm__static__seed_006,/home/rowanli.tangalin/tpr/tpr/results/hpc_rq1/nominal/thrower/thrower_arm/static/seed_006,bc316b167c5f36fda1a0a24a6a99c16322d9a7aadfc000014e7dfaa729d79a3e,2b69e0f18d090166aaa99ae085e2e2b006a81061b538c8f7bcd14f9522a04f3d,6,1,212357942801270703,7001556810303355477,Thrower-v0,thrower_arm,static,"(92,)",300,0.0,0.0,0.0,0.0,0.0,1.3270741406531306,1.3270741406531306
thrower__thrower_arm__static__seed_006,/home/rowanli.tangalin/tpr/tpr/results/hpc_rq1/nominal/thrower/thrower_arm/static/seed_006,bc316b167c5f36fda1a0a24a6a99c16322d9a7aadfc000014e7dfaa729d79a3e,2b69e0f18d090166aaa99ae085e2e2b006a81061b538c8f7bcd14f9522a04f3d,6,2,9197516287707139064,7789448062882196537,Thrower-v0,thrower_arm,static,"(92,)",300,0.0,0.0,0.0,0.0,0.0,1.3270741406531306,1.3270741406531306
thrower__thrower_arm__static__seed_007,/home/rowanli.tangalin/tpr/tpr/results/hpc_rq1/nominal/thrower/thrower_arm/static/seed_007,8e7330b99b404d7b495394d15dbcf66d01526a3d5a2e805279242cde8f3f82fc,ae6406c0940ced745919fafba1898f15647bc26a633fd4ac8e5d432fb75b0242,7,0,7273538705011962834,3327181185902024434,Thrower-v0,thrower_arm,static,"(92,)",300,0.0,0.0,0.0,0.0,0.0,0.9209286861876149,0.9209286861876149
thrower__thrower_arm__static__seed_007,/home/rowanli.tangalin/tpr/tpr/results/hpc_rq1/nominal/thrower/thrower_arm/static/seed_007,8e7330b99b404d7b495394d15dbcf66d01526a3d5a2e805279242cde8f3f82fc,ae6406c0940ced745919fafba1898f15647bc26a633fd4ac8e5d432fb75b0242,7,1,219581318861383269,6126904072154767176,Thrower-v0,thrower_arm,static,"(92,)",300,0.0,0.0,0.0,0.0,0.0,0.9209286861876149,0.9209286861876149
thrower__thrower_arm__static__seed_007,/home/rowanli.tangalin/tpr/tpr/results/hpc_rq1/nominal/thrower/thrower_arm/static/seed_007,8e7330b99b404d7b495394d15dbcf66d01526a3d5a2e805279242cde8f3f82fc,ae6406c0940ced745919fafba1898f15647bc26a633fd4ac8e5d432fb75b0242,7,2,7655123995385766933,8050610523573754527,Thrower-v0,thrower_arm,static,"(92,)",300,0.0,0.0,0.0,0.0,0.0,0.9209286861876149,0.9209286861876149
thrower__thrower_arm__static__seed_008,/home/rowanli.tangalin/tpr/tpr/results/hpc_rq1/nominal/thrower/thrower_arm/static/seed_008,458a7d7d8c4a385f29200375549ec758d80103986b2f8c128bfa589f608dbaeb,ea9cc0e762e30a79369f3c6361dc70a704286960ad40528039d1d054e1434b58,8,0,4480449054597749916,4714160801966532834,Thrower-v0,thrower_arm,static,"(92,)",300,0.0,0.0,0.0,0.0,0.0,1.00027184152068,1.00027184152068
thrower__thrower_arm__static__seed_008,/home/rowanli.tangalin/tpr/tpr/results/hpc_rq1/nominal/thrower/thrower_arm/static/seed_008,458a7d7d8c4a385f29200375549ec758d80103986b2f8c128bfa589f608dbaeb,ea9cc0e762e30a79369f3c6361dc70a704286960ad40528039d1d054e1434b58,8,1,8169066096088904802,2410012360361453569,Thrower-v0,thrower_arm,static,"(92,)",300,0.0,0.0,0.0,0.0,0.0,1.00027184152068,1.00027184152068
thrower__thrower_arm__static__seed_008,/home/rowanli.tangalin/tpr/tpr/results/hpc_rq1/nominal/thrower/thrower_arm/static/seed_008,458a7d7d8c4a385f29200375549ec758d80103986b2f8c128bfa589f608dbaeb,ea9cc0e762e30a79369f3c6361dc70a704286960ad40528039d1d054e1434b58,8,2,1688151127694054410,5098444150450504360,Thrower-v0,thrower_arm,static,"(92,)",300,0.0,0.0,0.0,0.0,0.0,1.00027184152068,1.00027184152068
thrower__thrower_arm__static__seed_009,/home/rowanli.tangalin/tpr/tpr/results/hpc_rq1/nominal/thrower/thrower_arm/static/seed_009,1397c892eb06862c0f0ee6a1b1e24e5df29eda7740d7e3d746eeb6d5d63e44c5,c4b755ca275c2b184c082e30407a268354dd16080baefbb6a378c3f2822bbc66,9,0,8469251633518957484,5579477484601834272,Thrower-v0,thrower_arm,static,"(92,)",300,0.0,0.0,0.0,0.0,0.0,1.2468480865136105,1.2468480865136105
thrower__thrower_arm__static__seed_009,/home/rowanli.tangalin/tpr/tpr/results/hpc_rq1/nominal/thrower/thrower_arm/static/seed_009,1397c892eb06862c0f0ee6a1b1e24e5df29eda7740d7e3d746eeb6d5d63e44c5,c4b755ca275c2b184c082e30407a268354dd16080baefbb6a378c3f2822bbc66,9,1,5415548583552718452,3538497439875268043,Thrower-v0,thrower_arm,static,"(92,)",300,0.0,0.0,0.0,0.0,0.0,1.2468480865136105,1.2468480865136105
thrower__thrower_arm__static__seed_009,/home/rowanli.tangalin/tpr/tpr/results/hpc_rq1/nominal/thrower/thrower_arm/static/seed_009,1397c892eb06862c0f0ee6a1b1e24e5df29eda7740d7e3d746eeb6d5d63e44c5,c4b755ca275c2b184c082e30407a268354dd16080baefbb6a378c3f2822bbc66,9,2,6075971192560964690,5235945277139461518,Thrower-v0,thrower_arm,static,"(92,)",300,0.0,0.0,0.0,0.0,0.0,1.2468480865136105,1.2468480865136105
thrower__thrower_arm__nchl__seed_000,/home/rowanli.tangalin/tpr/tpr/results/hpc_rq1/nominal/thrower/thrower_arm/nchl/seed_000,fc922ac142f7558d012c1f4fa556dbe2f5f0a6ce1a26bc38380c596e3b55d056,b30bae82a6d922fbd0a09b345d6213d72112e43deac1ae15c3d289801b24b7d3,0,0,4940322620982477041,3023897764847979143,Thrower-v0,thrower_arm,nchl,"(92,)",300,58.5437793438041,92.74797587152707,0.3091599195717569,0.5543307130895115,0.3210702341137124,0.05743873865751478,58.54352710663797
thrower__thrower_arm__nchl__seed_000,/home/rowanli.tangalin/tpr/tpr/results/hpc_rq1/nominal/thrower/thrower_arm/nchl/seed_000,fc922ac142f7558d012c1f4fa556dbe2f5f0a6ce1a26bc38380c596e3b55d056,b30bae82a6d922fbd0a09b345d6213d72112e43deac1ae15c3d289801b24b7d3,0,1,530078296572617688,6966882572876332860,Thrower-v0,thrower_arm,nchl,"(92,)",300,58.604131728844976,96.26150130071662,0.3208716710023887,0.5417023067622745,0.09364548494983277,0.057427260840598716,58.604063807947014
thrower__thrower_arm__nchl__seed_000,/home/rowanli.tangalin/tpr/tpr/results/hpc_rq1/nominal/thrower/thrower_arm/nchl/seed_000,fc922ac142f7558d012c1f4fa556dbe2f5f0a6ce1a26bc38380c596e3b55d056,b30bae82a6d922fbd0a09b345d6213d72112e43deac1ae15c3d289801b24b7d3,0,2,7210830791768759910,3424438756091539107,Thrower-v0,thrower_arm,nchl,"(92,)",300,57.5151644236487,94.70991191851218,0.3156997063950406,0.549657462458839,0.34448160535117056,0.057074037548552475,57.51533490686506
thrower__thrower_arm__nchl__seed_001,/home/rowanli.tangalin/tpr/tpr/results/hpc_rq1/nominal/thrower/thrower_arm/nchl/seed_001,ad8a66363c20bb385a6a9364528f0810583350313bfc874a6ae9af5427f03e68,a5438cd639fd30ef49268f438281e3e1abf7da3c55b60d869f956bc636932115,1,0,5232325836976384581,7172422899355977572,Thrower-v0,thrower_arm,nchl,"(92,)",300,80.42950336067578,102.1333499464806,0.340444499821602,0.5081016966888343,0.09364548494983277,0.05724142275983409,80.43012358694916
thrower__thrower_arm__nchl__seed_001,/home/rowanli.tangalin/tpr/tpr/results/hpc_rq1/nominal/thrower/thrower_arm/nchl/seed_001,ad8a66363c20bb385a6a9364528f0810583350313bfc874a6ae9af5427f03e68,a5438cd639fd30ef49268f438281e3e1abf7da3c55b60d869f956bc636932115,1,1,3184075494390970209,9147161066225580108,Thrower-v0,thrower_arm,nchl,"(92,)",300,79.80308451912681,102.7786566933003,0.34259552231100104,0.5043976980526644,0.09364548494983277,0.05775417941928961,79.80347173723143
thrower__thrower_arm__nchl__seed_001,/home/rowanli.tangalin/tpr/tpr/results/hpc_rq1/nominal/thrower/thrower_arm/nchl/seed_001,ad8a66363c20bb385a6a9364528f0810583350313bfc874a6ae9af5427f03e68,a5438cd639fd30ef49268f438281e3e1abf7da3c55b60d869f956bc636932115,1,2,6337936886056088,9019669384804417704,Thrower-v0,thrower_arm,nchl,"(92,)",300,79.95490019832458,107.54057195374747,0.35846857317915826,0.5511576923265515,0.08361204013377926,0.057122180264435767,79.95471744272237
thrower__thrower_arm__nchl__seed_002,/home/rowanli.tangalin/tpr/tpr/results/hpc_rq1/nominal/thrower/thrower_arm/nchl/seed_002,c0fe4c66e1739f91e800330d9e044e63dc94d647b7892238bca5ee91edd392a3,5f17647971ebd99153bfd433fd20da394c8e49ed86aff82efe3690357b5fd6f3,2,0,4709125304908105630,1244304497912131803,Thrower-v0,thrower_arm,nchl,"(92,)",300,31.16264221436267,43.735005429319095,0.14578335143106366,0.17811450067938042,0.5652173913043478,0.05765586161959039,31.162570968495498
thrower__thrower_arm__nchl__seed_002,/home/rowanli.tangalin/tpr/tpr/results/hpc_rq1/nominal/thrower/thrower_arm/nchl/seed_002,c0fe4c66e1739f91e800330d9e044e63dc94d647b7892238bca5ee91edd392a3,5f17647971ebd99153bfd433fd20da394c8e49ed86aff82efe3690357b5fd6f3,2,1,6789895730674132307,2935584579999248951,Thrower-v0,thrower_arm,nchl,"(92,)",300,32.08733911066796,43.351936950398965,0.14450645650132987,0.17870553266608427,0.5518394648829431,0.057912197880469335,32.087358351191384
thrower__thrower_arm__nchl__seed_002,/home/rowanli.tangalin/tpr/tpr/results/hpc_rq1/nominal/thrower/thrower_arm/nchl/seed_002,c0fe4c66e1739f91e800330d9e044e63dc94d647b7892238bca5ee91edd392a3,5f17647971ebd99153bfd433fd20da394c8e49ed86aff82efe3690357b5fd6f3,2,2,2298876442789069326,7237655472595637189,Thrower-v0,thrower_arm,nchl,"(92,)",300,31.99228131541456,44.11408050548141,0.14704693501827137,0.17491891206600824,0.568561872909699,0.05746570851067945,31.991958724598494
thrower__thrower_arm__nchl__seed_003,/home/rowanli.tangalin/tpr/tpr/results/hpc_rq1/nominal/thrower/thrower_arm/nchl/seed_003,0d1a38b7c1b7fbd84b87338d3134b3959c99f77cd6ee0dd022a8d860732cf540,bbe1da0aa5354bfc65069abfece3cd019f7a72d58889df1e611504cd148fd200,3,0,6875887065855152501,8328361779180904825,Thrower-v0,thrower_arm,nchl,"(92,)",300,56.323671159689866,78.92475531975131,0.26308251773250435,0.3628501440417908,0.07692307692307693,0.05742032934634603,56.32445881307518
thrower__thrower_arm__nchl__seed_003,/home/rowanli.tangalin/tpr/tpr/results/hpc_rq1/nominal/thrower/thrower_arm/nchl/seed_003,0d1a38b7c1b7fbd84b87338d3134b3959c99f77cd6ee0dd022a8d860732cf540,bbe1da0aa5354bfc65069abfece3cd019f7a72d58889df1e611504cd148fd200,3,1,2344851983452959862,6171704884853545157,Thrower-v0,thrower_arm,nchl,"(92,)",300,54.21342278163964,76.60674939511445,0.25535583131704814,0.3603181772472914,0.08361204013377926,0.05762864302879361,54.213602503606836
thrower__thrower_arm__nchl__seed_003,/home/rowanli.tangalin/tpr/tpr/results/hpc_rq1/nominal/thrower/thrower_arm/nchl/seed_003,0d1a38b7c1b7fbd84b87338d3134b3959c99f77cd6ee0dd022a8d860732cf540,bbe1da0aa5354bfc65069abfece3cd019f7a72d58889df1e611504cd148fd200,3,2,3189270387817152734,2268335290108042879,Thrower-v0,thrower_arm,nchl,"(92,)",300,56.8685203544615,79.91938538851659,0.2663979512950553,0.44532120854508594,0.47157190635451507,0.05802912490112082,56.86976559670138
thrower__thrower_arm__nchl__seed_004,/home/rowanli.tangalin/tpr/tpr/results/hpc_rq1/nominal/thrower/thrower_arm/nchl/seed_004,cd4ef82ef3b8c891e536517c06f0ca37ddb49fb9172e181caaa3a445f9fa7729,c761b239f2faba00061f1ad76305b1a2a471dc7dfaeda4c6e01f009b0a526a26,4,0,4675618027918977294,6264005447694142635,Thrower-v0,thrower_arm,nchl,"(92,)",300,22.53792015788581,39.91065012438284,0.13303550041460946,0.19744289660203215,0.07692307692307693,0.058093246976879995,22.537882464675917
thrower__thrower_arm__nchl__seed_004,/home/rowanli.tangalin/tpr/tpr/results/hpc_rq1/nominal/thrower/thrower_arm/nchl/seed_004,cd4ef82ef3b8c891e536517c06f0ca37ddb49fb9172e181caaa3a445f9fa7729,c761b239f2faba00061f1ad76305b1a2a471dc7dfaeda4c6e01f009b0a526a26,4,1,1776748932738538903,3330744174114140836,Thrower-v0,thrower_arm,nchl,"(92,)",300,27.133701679429407,40.41841845381566,0.13472806151271888,0.1999158161225485,0.07692307692307693,0.05735518619402577,27.134316638278968
thrower__thrower_arm__nchl__seed_004,/home/rowanli.tangalin/tpr/tpr/results/hpc_rq1/nominal/thrower/thrower_arm/nchl/seed_004,cd4ef82ef3b8c891e536517c06f0ca37ddb49fb9172e181caaa3a445f9fa7729,c761b239f2faba00061f1ad76305b1a2a471dc7dfaeda4c6e01f009b0a526a26,4,2,1844154726293175647,4425154243183907800,Thrower-v0,thrower_arm,nchl,"(92,)",300,26.02095231302297,39.308258150343136,0.13102752716781046,0.19634709954221824,0.07357859531772576,0.057585762262765725,26.021051663570727
thrower__thrower_arm__nchl__seed_005,/home/rowanli.tangalin/tpr/tpr/results/hpc_rq1/nominal/thrower/thrower_arm/nchl/seed_005,497c82087fa58f76676013c55b4ae00785376422cdfe0167fb69b6f2d2c1f4b2,3e506dd400938559e12401203e8f970e9b5cc7c3e7228a9816e633ee307b3d58,5,0,6537336262564968459,5568806234066008283,Thrower-v0,thrower_arm,nchl,"(92,)",300,88.4333021448007,126.41557789569585,0.4213852596523195,0.7052905176391152,0.35785953177257523,0.057530808216762964,88.43306293379409
thrower__thrower_arm__nchl__seed_005,/home/rowanli.tangalin/tpr/tpr/results/hpc_rq1/nominal/thrower/thrower_arm/nchl/seed_005,497c82087fa58f76676013c55b4ae00785376422cdfe0167fb69b6f2d2c1f4b2,3e506dd400938559e12401203e8f970e9b5cc7c3e7228a9816e633ee307b3d58,5,1,7847246716821455116,5175985587420486963,Thrower-v0,thrower_arm,nchl,"(92,)",300,93.36084645246423,140.56940419015964,0.46856468063386547,0.7382800626945033,0.09364548494983277,0.057455187089395614,93.36017833927602
thrower__thrower_arm__nchl__seed_005,/home/rowanli.tangalin/tpr/tpr/results/hpc_rq1/nominal/thrower/thrower_arm/nchl/seed_005,497c82087fa58f76676013c55b4ae00785376422cdfe0167fb69b6f2d2c1f4b2,3e506dd400938559e12401203e8f970e9b5cc7c3e7228a9816e633ee307b3d58,5,2,8874890859321386193,4629262467755900572,Thrower-v0,thrower_arm,nchl,"(92,)",300,92.88491154695082,135.25542196583228,0.4508514065527743,0.7171545230527251,0.09364548494983277,0.057463312691579144,92.88601771710113
thrower__thrower_arm__nchl__seed_006,/home/rowanli.tangalin/tpr/tpr/results/hpc_rq1/nominal/thrower/thrower_arm/nchl/seed_006,0c31b284048474b449e93dd529ccab657f1c55da1a3e10b8a9791d342fb87094,9576bd051ba902cd71727488cc7230559fc28d49983a9013bd2a135995c8aff1,6,0,4697810511805331226,1837341966890607914,Thrower-v0,thrower_arm,nchl,"(92,)",300,35.8455468558604,53.2076136003061,0.17735871200102032,0.293875610650773,0.35451505016722407,0.05771303002734832,35.845500337783164
thrower__thrower_arm__nchl__seed_006,/home/rowanli.tangalin/tpr/tpr/results/hpc_rq1/nominal/thrower/thrower_arm/nchl/seed_006,0c31b284048474b449e93dd529ccab657f1c55da1a3e10b8a9791d342fb87094,9576bd051ba902cd71727488cc7230559fc28d49983a9013bd2a135995c8aff1,6,1,212357942801270703,7001556810303355477,Thrower-v0,thrower_arm,nchl,"(92,)",300,36.2365610810176,55.01963398144136,0.18339877993813786,0.3418321145762708,0.31438127090301005,0.05726000990674475,36.237221079338006
thrower__thrower_arm__nchl__seed_006,/home/rowanli.tangalin/tpr/tpr/results/hpc_rq1/nominal/thrower/thrower_arm/nchl/seed_006,0c31b284048474b449e93dd529ccab657f1c55da1a3e10b8a9791d342fb87094,9576bd051ba902cd71727488cc7230559fc28d49983a9013bd2a135995c8aff1,6,2,9197516287707139064,7789448062882196537,Thrower-v0,thrower_arm,nchl,"(92,)",300,38.53589401637221,58.60099970031052,0.19533666566770172,0.36877247080346687,0.4214046822742475,0.05754604586960112,38.53626679196554
thrower__thrower_arm__nchl__seed_007,/home/rowanli.tangalin/tpr/tpr/results/hpc_rq1/nominal/thrower/thrower_arm/nchl/seed_007,691cd3937c649ebeaf7594b7d1b9612b79c9a70122cd1b677ce5f67cb5b21c91,12821db76da7bc0f2a6fcd4e65d48b42b0261e88060269fb40bed442f03b3bfa,7,0,7273538705011962834,3327181185902024434,Thrower-v0,thrower_arm,nchl,"(92,)",300,79.90642592873058,106.27290125997557,0.35424300419991855,0.5512646243624051,0.14715719063545152,0.057720988787059765,79.90687189282905
thrower__thrower_arm__nchl__seed_007,/home/rowanli.tangalin/tpr/tpr/results/hpc_rq1/nominal/thrower/thrower_arm/nchl/seed_007,691cd3937c649ebeaf7594b7d1b9612b79c9a70122cd1b677ce5f67cb5b21c91,12821db76da7bc0f2a6fcd4e65d48b42b0261e88060269fb40bed442f03b3bfa,7,1,219581318861383269,6126904072154767176,Thrower-v0,thrower_arm,nchl,"(92,)",300,88.977331060828,111.541442247975,0.37180480749325,0.6448014322853765,0.46153846153846156,0.057570054070692094,88.97713251207485
thrower__thrower_arm__nchl__seed_007,/home/rowanli.tangalin/tpr/tpr/results/hpc_rq1/nominal/thrower/thrower_arm/nchl/seed_007,691cd3937c649ebeaf7594b7d1b9612b79c9a70122cd1b677ce5f67cb5b21c91,12821db76da7bc0f2a6fcd4e65d48b42b0261e88060269fb40bed442f03b3bfa,7,2,7655123995385766933,8050610523573754527,Thrower-v0,thrower_arm,nchl,"(92,)",300,85.73543637466146,109.45443612658445,0.3648481204219482,0.5564412408470565,0.1505016722408027,0.05746326700606033,85.73550295753103
thrower__thrower_arm__nchl__seed_008,/home/rowanli.tangalin/tpr/tpr/results/hpc_rq1/nominal/thrower/thrower_arm/nchl/seed_008,b2b4e331fbf1c0491321ab933836530d78932ad701d914ca63de58b7553f5a08,1bb219156901759e223ffeaacce2ae7bae91632f8e48d604c5d5ba7e531e141a,8,0,4480449054597749916,4714160801966532834,Thrower-v0,thrower_arm,nchl,"(92,)",300,39.61004113088964,47.79265954023283,0.15930886513410944,0.196777468845009,0.0903010033444816,0.0572965934071583,39.610296405213575
thrower__thrower_arm__nchl__seed_008,/home/rowanli.tangalin/tpr/tpr/results/hpc_rq1/nominal/thrower/thrower_arm/nchl/seed_008,b2b4e331fbf1c0491321ab933836530d78932ad701d914ca63de58b7553f5a08,1bb219156901759e223ffeaacce2ae7bae91632f8e48d604c5d5ba7e531e141a,8,1,8169066096088904802,2410012360361453569,Thrower-v0,thrower_arm,nchl,"(92,)",300,36.713093496297155,47.08744238064489,0.1569581412688163,0.1979547268005061,0.08695652173913043,0.05782926801212361,36.7139602929339
thrower__thrower_arm__nchl__seed_008,/home/rowanli.tangalin/tpr/tpr/results/hpc_rq1/nominal/thrower/thrower_arm/nchl/seed_008,b2b4e331fbf1c0491321ab933836530d78932ad701d914ca63de58b7553f5a08,1bb219156901759e223ffeaacce2ae7bae91632f8e48d604c5d5ba7e531e141a,8,2,1688151127694054410,5098444150450504360,Thrower-v0,thrower_arm,nchl,"(92,)",300,37.42277340474202,47.64012980266386,0.1588004326755462,0.1964770533444229,0.08695652173913043,0.057306316277250115,37.42261818195199
thrower__thrower_arm__nchl__seed_009,/home/rowanli.tangalin/tpr/tpr/results/hpc_rq1/nominal/thrower/thrower_arm/nchl/seed_009,064a520a9f389cf91a9ee5b96699dd01f6447dcca7f78e612d01b157414d6cf4,17877e84ad50904157234de9f5c767788365a6e3018edab4c3f73d9534f3a80b,9,0,8469251633518957484,5579477484601834272,Thrower-v0,thrower_arm,nchl,"(92,)",300,55.19830891452382,70.93359288464012,0.23644530961546706,0.3318015454740979,0.3177257525083612,0.057730518479059634,55.19959822091251
thrower__thrower_arm__nchl__seed_009,/home/rowanli.tangalin/tpr/tpr/results/hpc_rq1/nominal/thrower/thrower_arm/nchl/seed_009,064a520a9f389cf91a9ee5b96699dd01f6447dcca7f78e612d01b157414d6cf4,17877e84ad50904157234de9f5c767788365a6e3018edab4c3f73d9534f3a80b,9,1,5415548583552718452,3538497439875268043,Thrower-v0,thrower_arm,nchl,"(92,)",300,56.63484749529489,72.4502736490245,0.241500912163415,0.35152715392818623,0.33444816053511706,0.057648143244229295,56.634867568977974
thrower__thrower_arm__nchl__seed_009,/home/rowanli.tangalin/tpr/tpr/results/hpc_rq1/nominal/thrower/thrower_arm/nchl/seed_009,064a520a9f389cf91a9ee5b96699dd01f6447dcca7f78e612d01b157414d6cf4,17877e84ad50904157234de9f5c767788365a6e3018edab4c3f73d9534f3a80b,9,2,6075971192560964690,5235945277139461518,Thrower-v0,thrower_arm,nchl,"(92,)",300,55.94336671041494,72.08046607451006,0.24026822024836686,0.3294757082525221,0.3177257525083612,0.057629766516349636,55.94302122354426
