run_id,source_run,config_digest,genome_sha256,training_seed,analysis_index,environment_seed,controller_seed,task,morphology,controller,hidden_sizes,episode_length,trace_path
walker__biped__static__seed_000,/home/rowanli.tangalin/tpr/tpr/results/hpc_rq1/nominal/walker/biped/static/seed_000,fa37097d088b39394ee1f29e39176aeb3baebd9da81506bd3eb9274ed07082c1,0d850fa5d7d8f982f6bca2b77d2422d2d300ae6e81b640d522d6114a014333c7,0,0,4940322620982477041,3023897764847979143,Walker-v0,biped,static,"(40,)",500,/home/rowanli.tangalin/tpr/tpr/results/hpc_rq1/nominal_analysis/traces/Walker-v0_biped_static_train000_analysis00.npz
walker__biped__static__seed_000,/home/rowanli.tangalin/tpr/tpr/results/hpc_rq1/nominal/walker/biped/static/seed_000,fa37097d088b39394ee1f29e39176aeb3baebd9da81506bd3eb9274ed07082c1,0d850fa5d7d8f982f6bca2b77d2422d2d300ae6e81b640d522d6114a014333c7,0,1,530078296572617688,6966882572876332860,Walker-v0,biped,static,"(40,)",500,/home/rowanli.tangalin/tpr/tpr/results/hpc_rq1/nominal_analysis/traces/Walker-v0_biped_static_train000_analysis01.npz
walker__biped__static__seed_000,/home/rowanli.tangalin/tpr/tpr/results/hpc_rq1/nominal/walker/biped/static/seed_000,fa37097d088b39394ee1f29e39176aeb3baebd9da81506bd3eb9274ed07082c1,0d850fa5d7d8f982f6bca2b77d2422d2d300ae6e81b640d522d6114a014333c7,0,2,7210830791768759910,3424438756091539107,Walker-v0,biped,static,"(40,)",500,/home/rowanli.tangalin/tpr/tpr/results/hpc_rq1/nominal_analysis/traces/Walker-v0_biped_static_train000_analysis02.npz
walker__biped__static__seed_001,/home/rowanli.tangalin/tpr/tpr/results/hpc_rq1/nominal/walker/biped/static/seed_001,e6f4f280f48cfda40218c2bbb25f53daa0a089f5a957e8792c620ed131a1fa47,929f96e91f0f0489a0b1b6ca9a414f4c8e5c7c617249a363efff628ecfa5d50c,1,0,5232325836976384581,7172422899355977572,Walker-v0,biped,static,"(40,)",500,/home/rowanli.tangalin/tpr/tpr/results/hpc_rq1/nominal_analysis/traces/Walker-v0_biped_static_train001_analysis00.npz
walker__biped__static__seed_001,/home/rowanli.tangalin/tpr/tpr/results/hpc_rq1/nominal/walker/biped/static/seed_001,e6f4f280f48cfda40218c2bbb25f53daa0a089f5a957e8792c620ed131a1fa47,929f96e91f0f0489a0b1b6ca9a414f4c8e5c7c617249a363efff628ecfa5d50c,1,1,3184075494390970209,9147161066225580108,Walker-v0,biped,static,"(40,)",500,/home/rowanli.tangalin/tpr/tpr/results/hpc_rq1/nominal_analysis/traces/Walker-v0_biped_static_train001_analysis01.npz
walker__biped__static__seed_001,/home/rowanli.tangalin/tpr/tpr/results/hpc_rq1/nominal/walker/biped/static/seed_001,e6f4f280f48cfda40218c2bbb25f53daa0a089f5a957e8792c620ed131a1fa47,929f96e91f0f0489a0b1b6ca9a414f4c8e5c7c617249a363efff628ecfa5d50c,1,2,6337936886056088,9019669384804417704,Walker-v0,biped,static,"(40,)",500,/home/rowanli.tangalin/tpr/tpr/results/hpc_rq1/nominal_analysis/traces/Walker-v0_biped_static_train001_analysis02.npz
walker__biped__static__seed_002,/home/rowanli.tangalin/tpr/tpr/results/hpc_rq1/nominal/walker/biped/static/seed_002,05e39abb232867bbb7dc6d67dcf3fa3ccc496c3fb2a26b1b986eeffbb24c4718,e84292c78f24229f1ff330f7248727fbdc01048e1e3fc37c4aab9ad91a5a22ac,2,0,4709125304908105630,1244304497912131803,Walker-v0,biped,static,"(40,)",500,/home/rowanli.tangalin/tpr/tpr/results/hpc_rq1/nominal_analysis/traces/Walker-v0_biped_static_train002_analysis00.npz
walker__biped__static__seed_002,/home/rowanli.tangalin/tpr/tpr/results/hpc_rq1/nominal/walker/biped/static/seed_002,05e39abb232867bbb7dc6d67dcf3fa3ccc496c3fb2a26b1b986eeffbb24c4718,e84292c78f24229f1ff330f7248727fbdc01048e1e3fc37c4aab9ad91a5a22ac,2,1,6789895730674132307,2935584579999248951,Walker-v0,biped,static,"(40,)",500,/home/rowanli.tangalin/tpr/tpr/results/hpc_rq1/nominal_analysis/traces/Walker-v0_biped_static_train002_analysis01.npz
walker__biped__static__seed_002,/home/rowanli.tangalin/tpr/tpr/results/hpc_rq1/nominal/walker/biped/static/seed_002,05e39abb232867bbb7dc6d67dcf3fa3ccc496c3fb2a26b1b986eeffbb24c4718,e84292c78f24229f1ff330f7248727fbdc01048e1e3fc37c4aab9ad91a5a22ac,2,2,2298876442789069326,7237655472595637189,Walker-v0,biped,static,"(40,)",500,/home/rowanli.tangalin/tpr/tpr/results/hpc_rq1/nominal_analysis/traces/Walker-v0_biped_static_train002_analysis02.npz
walker__biped__static__seed_003,/home/rowanli.tangalin/tpr/tpr/results/hpc_rq1/nominal/walker/biped/static/seed_003,1cc64e6f578e69e0f2714d4df09a0a651df1c8afbda46eaac634ef58727e59ba,943a25d447aec4d34e097ce3d71a06978c75a90634ec0dcb52184c8539418dcd,3,0,6875887065855152501,8328361779180904825,Walker-v0,biped,static,"(40,)",500,/home/rowanli.tangalin/tpr/tpr/results/hpc_rq1/nominal_analysis/traces/Walker-v0_biped_static_train003_analysis00.npz
walker__biped__static__seed_003,/home/rowanli.tangalin/tpr/tpr/results/hpc_rq1/nominal/walker/biped/static/seed_003,1cc64e6f578e69e0f2714d4df09a0a651df1c8afbda46eaac634ef58727e59ba,943a25d447aec4d34e097ce3d71a06978c75a90634ec0dcb52184c8539418dcd,3,1,2344851983452959862,6171704884853545157,Walker-v0,biped,static,"(40,)",500,/home/rowanli.tangalin/tpr/tpr/results/hpc_rq1/nominal_analysis/traces/Walker-v0_biped_static_train003_analysis01.npz
walker__biped__static__seed_003,/home/rowanli.tangalin/tpr/tpr/results/hpc_rq1/nominal/walker/biped/static/seed_003,1cc64e6f578e69e0f2714d4df09a0a651df1c8afbda46eaac634ef58727e59ba,943a25d447aec4d34e097ce3d71a06978c75a90634ec0dcb52184c8539418dcd,3,2,3189270387817152734,2268335290108042879,Walker-v0,biped,static,"(40,)",500,/home/rowanli.tangalin/tpr/tpr/results/hpc_rq1/nominal_analysis/traces/Walker-v0_biped_static_train003_analysis02.npz
walker__biped__static__seed_004,/home/rowanli.tangalin/tpr/tpr/results/hpc_rq1/nominal/walker/biped/static/seed_004,0c1e1cf2dc9662886eba3576333f4188a276f848962c76184807fc458d5fb9b0,1eabe010fcfcfe1a2b36d1ebbfa686a86bd05498b2034a87565ba0892bbdebaa,4,0,4675618027918977294,6264005447694142635,Walker-v0,biped,static,"(40,)",500,/home/rowanli.tangalin/tpr/tpr/results/hpc_rq1/nominal_analysis/traces/Walker-v0_biped_static_train004_analysis00.npz
walker__biped__static__seed_004,/home/rowanli.tangalin/tpr/tpr/results/hpc_rq1/nominal/walker/biped/static/seed_004,0c1e1cf2dc9662886eba3576333f4188a276f848962c76184807fc458d5fb9b0,1eabe010fcfcfe1a2b36d1ebbfa686a86bd05498b2034a87565ba0892bbdebaa,4,1,1776748932738538903,3330744174114140836,Walker-v0,biped,static,"(40,)",500,/home/rowanli.tangalin/tpr/tpr/results/hpc_rq1/nominal_analysis/traces/Walker-v0_biped_static_train004_analysis01.npz
walker__biped__static__seed_004,/home/rowanli.tangalin/tpr/tpr/results/hpc_rq1/nominal/walker/biped/static/seed_004,0c1e1cf2dc9662886eba3576333f4188a276f848962c76184807fc458d5fb9b0,1eabe010fcfcfe1a2b36d1ebbfa686a86bd05498b2034a87565ba0892bbdebaa,4,2,1844154726293175647,4425154243183907800,Walker-v0,biped,static,"(40,)",500,/home/rowanli.tangalin/tpr/tpr/results/hpc_rq1/nominal_analysis/traces/Walker-v0_biped_static_train004_analysis02.npz
walker__biped__static__seed_005,/home/rowanli.tangalin/tpr/tpr/results/hpc_rq1/nominal/walker/biped/static/seed_005,8279b4eba7818e04426e3bc1a6dd3d3cd597a6e7f14735a65637f6a14027aa9f,a9c974cfb3921f1e965a8e608987aea2fc0776fd676843f7048c91ad3043dcb2,5,0,6537336262564968459,5568806234066008283,Walker-v0,biped,static,"(40,)",500,/home/rowanli.tangalin/tpr/tpr/results/hpc_rq1/nominal_analysis/traces/Walker-v0_biped_static_train005_analysis00.npz
walker__biped__static__seed_005,/home/rowanli.tangalin/tpr/tpr/results/hpc_rq1/nominal/walker/biped/static/seed_005,8279b4eba7818e04426e3bc1a6dd3d3cd597a6e7f14735a65637f6a14027aa9f,a9c974cfb3921f1e965a8e608987aea2fc0776fd676843f7048c91ad3043dcb2,5,1,7847246716821455116,5175985587420486963,Walker-v0,biped,static,"(40,)",500,/home/rowanli.tangalin/tpr/tpr/results/hpc_rq1/nominal_analysis/traces/Walker-v0_biped_static_train005_analysis01.npz
walker__biped__static__seed_005,/home/rowanli.tangalin/tpr/tpr/results/hpc_rq1/nominal/walker/biped/static/seed_005,8279b4eba7818e04426e3bc1a6dd3d3cd597a6e7f14735a65637f6a14027aa9f,a9c974cfb3921f1e965a8e608987aea2fc0776fd676843f7048c91ad3043dcb2,5,2,8874890859321386193,4629262467755900572,Walker-v0,biped,static,"(40,)",500,/home/rowanli.tangalin/tpr/tpr/results/hpc_rq1/nominal_analysis/traces/Walker-v0_biped_static_train005_analysis02.npz
walker__biped__static__seed_006,/home/rowanli.tangalin/tpr/tpr/results/hpc_rq1/nominal/walker/biped/static/seed_006,7d94a6b4b787e10c882419953ce0f7a9f770c5ee4781d8537303f940ddaaab2e,9fb3a101e2d9449bad056d521455e5ce816bf9ded813f8f084a5a26b65a4108b,6,0,4697810511805331226,1837341966890607914,Walker-v0,biped,static,"(40,)",500,/home/rowanli.tangalin/tpr/tpr/results/hpc_rq1/nominal_analysis/traces/Walker-v0_biped_static_train006_analysis00.npz
walker__biped__static__seed_006,/home/rowanli.tangalin/tpr/tpr/results/hpc_rq1/nominal/walker/biped/static/seed_006,7d94a6b4b787e10c882419953ce0f7a9f770c5ee4781d8537303f940ddaaab2e,9fb3a101e2d9449bad056d521455e5ce816bf9ded813f8f084a5a26b65a4108b,6,1,212357942801270703,7001556810303355477,Walker-v0,biped,static,"(40,)",500,/home/rowanli.tangalin/tpr/tpr/results/hpc_rq1/nominal_analysis/traces/Walker-v0_biped_static_train006_analysis01.npz
walker__biped__static__seed_006,/home/rowanli.tangalin/tpr/tpr/results/hpc_rq1/nominal/walker/biped/static/seed_006,7d94a6b4b787e10c882419953ce0f7a9f770c5ee4781d8537303f940ddaaab2e,9fb3a101e2d9449bad056d521455e5ce816bf9ded813f8f084a5a26b65a4108b,6,2,9197516287707139064,7789448062882196537,Walker-v0,biped,static,"(40,)",500,/home/rowanli.tangalin/tpr/tpr/results/hpc_rq1/nominal_analysis/traces/Walker-v0_biped_static_train006_analysis02.npz
walker__biped__static__seed_007,/home/rowanli.tangalin/tpr/tpr/results/hpc_rq1/nominal/walker/biped/static/seed_007,b4a18406e03efb77525a864b386eaef289630ebfc0fb3139f121366fc93f9c45,874fece134f80ec9d8bb7eac29fc2ff92b85ff2b647ac404ca2ccd3944b37e03,7,0,7273538705011962834,3327181185902024434,Walker-v0,biped,static,"(40,)",500,/home/rowanli.tangalin/tpr/tpr/results/hpc_rq1/nominal_analysis/traces/Walker-v0_biped_static_train007_analysis00.npz
walker__biped__static__seed_007,/home/rowanli.tangalin/tpr/tpr/results/hpc_rq1/nominal/walker/biped/static/seed_007,b4a18406e03efb77525a864b386eaef289630ebfc0fb3139f121366fc93f9c45,874fece134f80ec9d8bb7eac29fc2ff92b85ff2b647ac404ca2ccd3944b37e03,7,1,219581318861383269,6126904072154767176,Walker-v0,biped,static,"(40,)",500,/home/rowanli.tangalin/tpr/tpr/results/hpc_rq1/nominal_analysis/traces/Walker-v0_biped_static_train007_analysis01.npz
walker__biped__static__seed_007,/home/rowanli.tangalin/tpr/tpr/results/hpc_rq1/nominal/walker/biped/static/seed_007,b4a18406e03efb77525a864b386eaef289630ebfc0fb3139f121366fc93f9c45,874fece134f80ec9d8bb7eac29fc2ff92b85ff2b647ac404ca2ccd3944b37e03,7,2,7655123995385766933,8050610523573754527,Walker-v0,biped,static,"(40,)",500,/home/rowanli.tangalin/tpr/tpr/results/hpc_rq1/nominal_analysis/traces/Walker-v0_biped_static_train007_analysis02.npz
walker__biped__static__seed_008,/home/rowanli.tangalin/tpr/tpr/results/hpc_rq1/nominal/walker/biped/static/seed_008,7c5affa978d404a72be406daa99278161358babb86a4ac4c1b62ec240f8a0e00,ac6222f7bb2fb06eacc8e5e11c352a9c9d65e6fe4fdc931e9d017beab372cb99,8,0,4480449054597749916,4714160801966532834,Walker-v0,biped,static,"(40,)",500,/home/rowanli.tangalin/tpr/tpr/results/hpc_rq1/nominal_analysis/traces/Walker-v0_biped_static_train008_analysis00.npz
walker__biped__static__seed_008,/home/rowanli.tangalin/tpr/tpr/results/hpc_rq1/nominal/walker/biped/static/seed_008,7c5affa978d404a72be406daa99278161358babb86a4ac4c1b62ec240f8a0e00,ac6222f7bb2fb06eacc8e5e11c352a9c9d65e6fe4fdc931e9d017beab372cb99,8,1,8169066096088904802,2410012360361453569,Walker-v0,biped,static,"(40,)",500,/home/rowanli.tangalin/tpr/tpr/results/hpc_rq1/nominal_analysis/traces/Walker-v0_biped_static_train008_analysis01.npz
walker__biped__static__seed_008,/home/rowanli.tangalin/tpr/tpr/results/hpc_rq1/nominal/walker/biped/static/seed_008,7c5affa978d404a72be406daa99278161358babb86a4ac4c1b62ec240f8a0e00,ac6222f7bb2fb06eacc8e5e11c352a9c9d65e6fe4fdc931e9d017beab372cb99,8,2,1688151127694054410,5098444150450504360,Walker-v0,biped,static,"(40,)",500,/home/rowanli.tangalin/tpr/tpr/results/hpc_rq1/nominal_analysis/traces/Walker-v0_biped_static_train008_analysis02.npz
walker__biped__static__seed_009,/home/rowanli.tangalin/tpr/tpr/results/hpc_rq1/nominal/walker/biped/static/seed_009,cb8398b1a533a19a4fc081e6e0d46618329e03332e1f5f8bb535d338e90c99ee,932a889f6cc99bfabb207ed5875170a996f8c00f12d4fb66792a013ec184f22b,9,0,8469251633518957484,5579477484601834272,Walker-v0,biped,static,"(40,)",500,/home/rowanli.tangalin/tpr/tpr/results/hpc_rq1/nominal_analysis/traces/Walker-v0_biped_static_train009_analysis00.npz
walker__biped__static__seed_009,/home/rowanli.tangalin/tpr/tpr/results/hpc_rq1/nominal/walker/biped/static/seed_009,cb8398b1a533a19a4fc081e6e0d46618329e03332e1f5f8bb535d338e90c99ee,932a889f6cc99bfabb207ed5875170a996f8c00f12d4fb66792a013ec184f22b,9,1,5415548583552718452,3538497439875268043,Walker-v0,biped,static,"(40,)",500,/home/rowanli.tangalin/tpr/tpr/results/hpc_rq1/nominal_analysis/traces/Walker-v0_biped_static_train009_analysis01.npz
walker__biped__static__seed_009,/home/rowanli.tangalin/tpr/tpr/results/hpc_rq1/nominal/walker/biped/static/seed_009,cb8398b1a533a19a4fc081e6e0d46618329e03332e1f5f8bb535d338e90c99ee,932a889f6cc99bfabb207ed5875170a996f8c00f12d4fb66792a013ec184f22b,9,2,6075971192560964690,5235945277139461518,Walker-v0,biped,static,"(40,)",500,/home/rowanli.tangalin/tpr/tpr/results/hpc_rq1/nominal_analysis/traces/Walker-v0_biped_static_train009_analysis02.npz
walker__biped__nchl__seed_000,/home/rowanli.tangalin/tpr/tpr/results/hpc_rq1/nominal/walker/biped/nchl/seed_000,2c6e6b026ee677a78e9d744112611304c259ad9e06288c90c1e89bc39bd8badd,0eb5701f411aa47ac1e44eebe094581522cd785c4ed2e62bfc88f104abf0de6d,0,0,4940322620982477041,3023897764847979143,Walker-v0,biped,nchl,"(40,)",500,/home/rowanli.tangalin/tpr/tpr/results/hpc_rq1/nominal_analysis/traces/Walker-v0_biped_nchl_train000_analysis00.npz
walker__biped__nchl__seed_000,/home/rowanli.tangalin/tpr/tpr/results/hpc_rq1/nominal/walker/biped/nchl/seed_000,2c6e6b026ee677a78e9d744112611304c259ad9e06288c90c1e89bc39bd8badd,0eb5701f411aa47ac1e44eebe094581522cd785c4ed2e62bfc88f104abf0de6d,0,1,530078296572617688,6966882572876332860,Walker-v0,biped,nchl,"(40,)",500,/home/rowanli.tangalin/tpr/tpr/results/hpc_rq1/nominal_analysis/traces/Walker-v0_biped_nchl_train000_analysis01.npz
walker__biped__nchl__seed_000,/home/rowanli.tangalin/tpr/tpr/results/hpc_rq1/nominal/walker/biped/nchl/seed_000,2c6e6b026ee677a78e9d744112611304c259ad9e06288c90c1e89bc39bd8badd,0eb5701f411aa47ac1e44eebe094581522cd785c4ed2e62bfc88f104abf0de6d,0,2,7210830791768759910,3424438756091539107,Walker-v0,biped,nchl,"(40,)",500,/home/rowanli.tangalin/tpr/tpr/results/hpc_rq1/nominal_analysis/traces/Walker-v0_biped_nchl_train000_analysis02.npz
walker__biped__nchl__seed_001,/home/rowanli.tangalin/tpr/tpr/results/hpc_rq1/nominal/walker/biped/nchl/seed_001,f9c3dae9eeb3f7ac5b8ce4b6b913d3366424db3aaddddccde1131516ab0d9cad,a572e58d8e87bd245914da3a46e61bd70f8601e6cc66c55a1bf69c085a3024a4,1,0,5232325836976384581,7172422899355977572,Walker-v0,biped,nchl,"(40,)",500,/home/rowanli.tangalin/tpr/tpr/results/hpc_rq1/nominal_analysis/traces/Walker-v0_biped_nchl_train001_analysis00.npz
walker__biped__nchl__seed_001,/home/rowanli.tangalin/tpr/tpr/results/hpc_rq1/nominal/walker/biped/nchl/seed_001,f9c3dae9eeb3f7ac5b8ce4b6b913d3366424db3aaddddccde1131516ab0d9cad,a572e58d8e87bd245914da3a46e61bd70f8601e6cc66c55a1bf69c085a3024a4,1,1,3184075494390970209,9147161066225580108,Walker-v0,biped,nchl,"(40,)",500,/home/rowanli.tangalin/tpr/tpr/results/hpc_rq1/nominal_analysis/traces/Walker-v0_biped_nchl_train001_analysis01.npz
walker__biped__nchl__seed_001,/home/rowanli.tangalin/tpr/tpr/results/hpc_rq1/nominal/walker/biped/nchl/seed_001,f9c3dae9eeb3f7ac5b8ce4b6b913d3366424db3aaddddccde1131516ab0d9cad,a572e58d8e87bd245914da3a46e61bd70f8601e6cc66c55a1bf69c085a3024a4,1,2,6337936886056088,9019669384804417704,Walker-v0,biped,nchl,"(40,)",500,/home/rowanli.tangalin/tpr/tpr/results/hpc_rq1/nominal_analysis/traces/Walker-v0_biped_nchl_train001_analysis02.npz
walker__biped__nchl__seed_002,/home/rowanli.tangalin/tpr/tpr/results/hpc_rq1/nominal/walker/biped/nchl/seed_002,51ddb163f7a437b9dd383beaad7780645de42b5ff0ad7627ea6b5406927801c0,e84198b2b677961f123556d89ee5400ad96dd0bf8d35aa9f967b42fad4e3745d,2,0,4709125304908105630,1244304497912131803,Walker-v0,biped,nchl,"(40,)",500,/home/rowanli.tangalin/tpr/tpr/results/hpc_rq1/nominal_analysis/traces/Walker-v0_biped_nchl_train002_analysis00.npz
walker__biped__nchl__seed_002,/home/rowanli.tangalin/tpr/tpr/results/hpc_rq1/nominal/walker/biped/nchl/seed_002,51ddb163f7a437b9dd383beaad7780645de42b5ff0ad7627ea6b5406927801c0,e84198b2b677961f123556d89ee5400ad96dd0bf8d35aa9f967b42fad4e3745d,2,1,6789895730674132307,2935584579999248951,Walker-v0,biped,nchl,"(40,)",500,/home/rowanli.tangalin/tpr/tpr/results/hpc_rq1/nominal_analysis/traces/Walker-v0_biped_nchl_train002_analysis01.npz
walker__biped__nchl__seed_002,/home/rowanli.tangalin/tpr/tpr/results/hpc_rq1/nominal/walker/biped/nchl/seed_002,51ddb163f7a437b9dd383beaad7780645de42b5ff0ad7627ea6b5406927801c0,e84198b2b677961f123556d89ee5400ad96dd0bf8d35aa9f967b42fad4e3745d,2,2,2298876442789069326,7237655472595637189,Walker-v0,biped,nchl,"(40,)",500,/home/rowanli.tangalin/tpr/tpr/results/hpc_rq1/nominal_analysis/traces/Walker-v0_biped_nchl_train002_analysis02.npz
walker__biped__nchl__seed_003,/home/rowanli.tangalin/tpr/tpr/results/hpc_rq1/nominal/walker/biped/nchl/seed_003,e15a4d9d9c51ddc2e9ec78035a4d9c4f27aaece9cd90565ef2a9794e844e224f,48d66aeb9e00e431834498cfabb6f6baad1444c56b5738bb617b7e3604e29c6f,3,0,6875887065855152501,8328361779180904825,Walker-v0,biped,nchl,"(40,)",500,/home/rowanli.tangalin/tpr/tpr/results/hpc_rq1/nominal_analysis/traces/Walker-v0_biped_nchl_train003_analysis00.npz
walker__biped__nchl__seed_003,/home/rowanli.tangalin/tpr/tpr/results/hpc_rq1/nominal/walker/biped/nchl/seed_003,e15a4d9d9c51ddc2e9ec78035a4d9c4f27aaece9cd90565ef2a9794e844e224f,48d66aeb9e00e431834498cfabb6f6baad1444c56b5738bb617b7e3604e29c6f,3,1,2344851983452959862,6171704884853545157,Walker-v0,biped,nchl,"(40,)",500,/home/rowanli.tangalin/tpr/tpr/results/hpc_rq1/nominal_analysis/traces/Walker-v0_biped_nchl_train003_analysis01.npz
walker__biped__nchl__seed_003,/home/rowanli.tangalin/tpr/tpr/results/hpc_rq1/nominal/walker/biped/nchl/seed_003,e15a4d9d9c51ddc2e9ec78035a4d9c4f27aaece9cd90565ef2a9794e844e224f,48d66aeb9e00e431834498cfabb6f6baad1444c56b5738bb617b7e3604e29c6f,3,2,3189270387817152734,2268335290108042879,Walker-v0,biped,nchl,"(40,)",500,/home/rowanli.tangalin/tpr/tpr/results/hpc_rq1/nominal_analysis/traces/Walker-v0_biped_nchl_train003_analysis02.npz
walker__biped__nchl__seed_004,/home/rowanli.tangalin/tpr/tpr/results/hpc_rq1/nominal/walker/biped/nchl/seed_004,de1d133581515e158a317db31d0047534d22c144c35c8a91816750a519a78390,176e555b9e6dd75db19973400b373b1815e6d847a929dda8224c2f804bdec8df,4,0,4675618027918977294,6264005447694142635,Walker-v0,biped,nchl,"(40,)",500,/home/rowanli.tangalin/tpr/tpr/results/hpc_rq1/nominal_analysis/traces/Walker-v0_biped_nchl_train004_analysis00.npz
walker__biped__nchl__seed_004,/home/rowanli.tangalin/tpr/tpr/results/hpc_rq1/nominal/walker/biped/nchl/seed_004,de1d133581515e158a317db31d0047534d22c144c35c8a91816750a519a78390,176e555b9e6dd75db19973400b373b1815e6d847a929dda8224c2f804bdec8df,4,1,1776748932738538903,3330744174114140836,Walker-v0,biped,nchl,"(40,)",500,/home/rowanli.tangalin/tpr/tpr/results/hpc_rq1/nominal_analysis/traces/Walker-v0_biped_nchl_train004_analysis01.npz
walker__biped__nchl__seed_004,/home/rowanli.tangalin/tpr/tpr/results/hpc_rq1/nominal/walker/biped/nchl/seed_004,de1d133581515e158a317db31d0047534d22c144c35c8a91816750a519a78390,176e555b9e6dd75db19973400b373b1815e6d847a929dda8224c2f804bdec8df,4,2,1844154726293175647,4425154243183907800,Walker-v0,biped,nchl,"(40,)",500,/home/rowanli.tangalin/tpr/tpr/results/hpc_rq1/nominal_analysis/traces/Walker-v0_biped_nchl_train004_analysis02.npz
walker__biped__nchl__seed_005,/home/rowanli.tangalin/tpr/tpr/results/hpc_rq1/nominal/walker/biped/nchl/seed_005,2e4757f4c378c86feb7fc7fd527fb70abfece956b54f623c7dca5a69b22a2844,8a67eccc47600ee29c5e23846a953ae63da22dd458d6e605118cf5834c3e6b06,5,0,6537336262564968459,5568806234066008283,Walker-v0,biped,nchl,"(40,)",500,/home/rowanli.tangalin/tpr/tpr/results/hpc_rq1/nominal_analysis/traces/Walker-v0_biped_nchl_train005_analysis00.npz
walker__biped__nchl__seed_005,/home/rowanli.tangalin/tpr/tpr/results/hpc_rq1/nominal/walker/biped/nchl/seed_005,2e4757f4c378c86feb7fc7fd527fb70abfece956b54f623c7dca5a69b22a2844,8a67eccc47600ee29c5e23846a953ae63da22dd458d6e605118cf5834c3e6b06,5,1,7847246716821455116,5175985587420486963,Walker-v0,biped,nchl,"(40,)",500,/home/rowanli.tangalin/tpr/tpr/results/hpc_rq1/nominal_analysis/traces/Walker-v0_biped_nchl_train005_analysis01.npz
walker__biped__nchl__seed_005,/home/rowanli.tangalin/tpr/tpr/results/hpc_rq1/nominal/walker/biped/nchl/seed_005,2e4757f4c378c86feb7fc7fd527fb70abfece956b54f623c7dca5a69b22a2844,8a67eccc47600ee29c5e23846a953ae63da22dd458d6e605118cf5834c3e6b06,5,2,8874890859321386193,4629262467755900572,Walker-v0,biped,nchl,"(40,)",500,/home/rowanli.tangalin/tpr/tpr/results/hpc_rq1/nominal_analysis/traces/Walker-v0_biped_nchl_train005_analysis02.npz
walker__biped__nchl__seed_006,/home/rowanli.tangalin/tpr/tpr/results/hpc_rq1/nominal/walker/biped/nchl/seed_006,fe312947a36da98a70b77eb9fd91f62a26e020d408da588a23b7f09829ae207f,6797b0c354c9039088787823e4806722c75e0f265fb729ab1fa34ec52af2c5ba,6,0,4697810511805331226,1837341966890607914,Walker-v0,biped,nchl,"(40,)",500,/home/rowanli.tangalin/tpr/tpr/results/hpc_rq1/nominal_analysis/traces/Walker-v0_biped_nchl_train006_analysis00.npz
walker__biped__nchl__seed_006,/home/rowanli.tangalin/tpr/tpr/results/hpc_rq1/nominal/walker/biped/nchl/seed_006,fe312947a36da98a70b77eb9fd91f62a26e020d408da588a23b7f09829ae207f,6797b0c354c9039088787823e4806722c75e0f265fb729ab1fa34ec52af2c5ba,6,1,212357942801270703,7001556810303355477,Walker-v0,biped,nchl,"(40,)",500,/home/rowanli.tangalin/tpr/tpr/results/hpc_rq1/nominal_analysis/traces/Walker-v0_biped_nchl_train006_analysis01.npz
walker__biped__nchl__seed_006,/home/rowanli.tangalin/tpr/tpr/results/hpc_rq1/nominal/walker/biped/nchl/seed_006,fe312947a36da98a70b77eb9fd91f62a26e020d408da588a23b7f09829ae207f,6797b0c354c9039088787823e4806722c75e0f265fb729ab1fa34ec52af2c5ba,6,2,9197516287707139064,7789448062882196537,Walker-v0,biped,nchl,"(40,)",500,/home/rowanli.tangalin/tpr/tpr/results/hpc_rq1/nominal_analysis/traces/Walker-v0_biped_nchl_train006_analysis02.npz
walker__biped__nchl__seed_007,/home/rowanli.tangalin/tpr/tpr/results/hpc_rq1/nominal/walker/biped/nchl/seed_007,187d9917a60541b0544ad0eeb63e2c1cb930aa9b282d4de77adc5b90ded411d1,4b0c69aa068e0cf25eb659923649590b49505991967bc54d5e7b2464a255caf5,7,0,7273538705011962834,3327181185902024434,Walker-v0,biped,nchl,"(40,)",500,/home/rowanli.tangalin/tpr/tpr/results/hpc_rq1/nominal_analysis/traces/Walker-v0_biped_nchl_train007_analysis00.npz
walker__biped__nchl__seed_007,/home/rowanli.tangalin/tpr/tpr/results/hpc_rq1/nominal/walker/biped/nchl/seed_007,187d9917a60541b0544ad0eeb63e2c1cb930aa9b282d4de77adc5b90ded411d1,4b0c69aa068e0cf25eb659923649590b49505991967bc54d5e7b2464a255caf5,7,1,219581318861383269,6126904072154767176,Walker-v0,biped,nchl,"(40,)",500,/home/rowanli.tangalin/tpr/tpr/results/hpc_rq1/nominal_analysis/traces/Walker-v0_biped_nchl_train007_analysis01.npz
walker__biped__nchl__seed_007,/home/rowanli.tangalin/tpr/tpr/results/hpc_rq1/nominal/walker/biped/nchl/seed_007,187d9917a60541b0544ad0eeb63e2c1cb930aa9b282d4de77adc5b90ded411d1,4b0c69aa068e0cf25eb659923649590b49505991967bc54d5e7b2464a255caf5,7,2,7655123995385766933,8050610523573754527,Walker-v0,biped,nchl,"(40,)",500,/home/rowanli.tangalin/tpr/tpr/results/hpc_rq1/nominal_analysis/traces/Walker-v0_biped_nchl_train007_analysis02.npz
walker__biped__nchl__seed_008,/home/rowanli.tangalin/tpr/tpr/results/hpc_rq1/nominal/walker/biped/nchl/seed_008,aac83c4201c750fc99272cd1db3ed1909dde41ff44c4c142259acfc5f8e0aee0,8b336ec6134dab5c8c196a8644a5a2b5c895c203c85103162ddbe5d8361ae4dd,8,0,4480449054597749916,4714160801966532834,Walker-v0,biped,nchl,"(40,)",500,/home/rowanli.tangalin/tpr/tpr/results/hpc_rq1/nominal_analysis/traces/Walker-v0_biped_nchl_train008_analysis00.npz
walker__biped__nchl__seed_008,/home/rowanli.tangalin/tpr/tpr/results/hpc_rq1/nominal/walker/biped/nchl/seed_008,aac83c4201c750fc99272cd1db3ed1909dde41ff44c4c142259acfc5f8e0aee0,8b336ec6134dab5c8c196a8644a5a2b5c895c203c85103162ddbe5d8361ae4dd,8,1,8169066096088904802,2410012360361453569,Walker-v0,biped,nchl,"(40,)",500,/home/rowanli.tangalin/tpr/tpr/results/hpc_rq1/nominal_analysis/traces/Walker-v0_biped_nchl_train008_analysis01.npz
walker__biped__nchl__seed_008,/home/rowanli.tangalin/tpr/tpr/results/hpc_rq1/nominal/walker/biped/nchl/seed_008,aac83c4201c750fc99272cd1db3ed1909dde41ff44c4c142259acfc5f8e0aee0,8b336ec6134dab5c8c196a8644a5a2b5c895c203c85103162ddbe5d8361ae4dd,8,2,1688151127694054410,5098444150450504360,Walker-v0,biped,nchl,"(40,)",500,/home/rowanli.tangalin/tpr/tpr/results/hpc_rq1/nominal_analysis/traces/Walker-v0_biped_nchl_train008_analysis02.npz
walker__biped__nchl__seed_009,/home/rowanli.tangalin/tpr/tpr/results/hpc_rq1/nominal/walker/biped/nchl/seed_009,a4ead1617d7d8d40bcbf3b43a09b7ab2032776df39b543c89d9f53bd20aedd2b,b077b2c9460524bcea7470caf2839274e881ca94901aaac84022d4938b05ca85,9,0,8469251633518957484,5579477484601834272,Walker-v0,biped,nchl,"(40,)",500,/home/rowanli.tangalin/tpr/tpr/results/hpc_rq1/nominal_analysis/traces/Walker-v0_biped_nchl_train009_analysis00.npz
walker__biped__nchl__seed_009,/home/rowanli.tangalin/tpr/tpr/results/hpc_rq1/nominal/walker/biped/nchl/seed_009,a4ead1617d7d8d40bcbf3b43a09b7ab2032776df39b543c89d9f53bd20aedd2b,b077b2c9460524bcea7470caf2839274e881ca94901aaac84022d4938b05ca85,9,1,5415548583552718452,3538497439875268043,Walker-v0,biped,nchl,"(40,)",500,/home/rowanli.tangalin/tpr/tpr/results/hpc_rq1/nominal_analysis/traces/Walker-v0_biped_nchl_train009_analysis01.npz
walker__biped__nchl__seed_009,/home/rowanli.tangalin/tpr/tpr/results/hpc_rq1/nominal/walker/biped/nchl/seed_009,a4ead1617d7d8d40bcbf3b43a09b7ab2032776df39b543c89d9f53bd20aedd2b,b077b2c9460524bcea7470caf2839274e881ca94901aaac84022d4938b05ca85,9,2,6075971192560964690,5235945277139461518,Walker-v0,biped,nchl,"(40,)",500,/home/rowanli.tangalin/tpr/tpr/results/hpc_rq1/nominal_analysis/traces/Walker-v0_biped_nchl_train009_analysis02.npz
carrier__biped__static__seed_000,/home/rowanli.tangalin/tpr/tpr/results/hpc_rq1/nominal/carrier/biped/static/seed_000,7481dfaf521a1080c442ee4538ecacd6db02caa97888d55b278d95afbd10ba4d,e267f85c16974bb5f6983abbde1db1ab2fd9e856a3fc406457e4995b3727d7c1,0,0,4940322620982477041,3023897764847979143,Carrier-v0,biped,static,"(44,)",500,/home/rowanli.tangalin/tpr/tpr/results/hpc_rq1/nominal_analysis/traces/Carrier-v0_biped_static_train000_analysis00.npz
carrier__biped__static__seed_000,/home/rowanli.tangalin/tpr/tpr/results/hpc_rq1/nominal/carrier/biped/static/seed_000,7481dfaf521a1080c442ee4538ecacd6db02caa97888d55b278d95afbd10ba4d,e267f85c16974bb5f6983abbde1db1ab2fd9e856a3fc406457e4995b3727d7c1,0,1,530078296572617688,6966882572876332860,Carrier-v0,biped,static,"(44,)",500,/home/rowanli.tangalin/tpr/tpr/results/hpc_rq1/nominal_analysis/traces/Carrier-v0_biped_static_train000_analysis01.npz
carrier__biped__static__seed_000,/home/rowanli.tangalin/tpr/tpr/results/hpc_rq1/nominal/carrier/biped/static/seed_000,7481dfaf521a1080c442ee4538ecacd6db02caa97888d55b278d95afbd10ba4d,e267f85c16974bb5f6983abbde1db1ab2fd9e856a3fc406457e4995b3727d7c1,0,2,7210830791768759910,3424438756091539107,Carrier-v0,biped,static,"(44,)",500,/home/rowanli.tangalin/tpr/tpr/results/hpc_rq1/nominal_analysis/traces/Carrier-v0_biped_static_train000_analysis02.npz
carrier__biped__static__seed_001,/home/rowanli.tangalin/tpr/tpr/results/hpc_rq1/nominal/carrier/biped/static/seed_001,7a24d056f998b3e3eb1c4e16b634d1c3cc1b5039b4262ce34cc21dafe29f2bf5,03fff3811609f93c125ba7a3ac43dddc95b3397ca4a91e0c51c32eeba18517a4,1,0,5232325836976384581,7172422899355977572,Carrier-v0,biped,static,"(44,)",500,/home/rowanli.tangalin/tpr/tpr/results/hpc_rq1/nominal_analysis/traces/Carrier-v0_biped_static_train001_analysis00.npz
carrier__biped__static__seed_001,/home/rowanli.tangalin/tpr/tpr/results/hpc_rq1/nominal/carrier/biped/static/seed_001,7a24d056f998b3e3eb1c4e16b634d1c3cc1b5039b4262ce34cc21dafe29f2bf5,03fff3811609f93c125ba7a3ac43dddc95b3397ca4a91e0c51c32eeba18517a4,1,1,3184075494390970209,9147161066225580108,Carrier-v0,biped,static,"(44,)",500,/home/rowanli.tangalin/tpr/tpr/results/hpc_rq1/nominal_analysis/traces/Carrier-v0_biped_static_train001_analysis01.npz
carrier__biped__static__seed_001,/home/rowanli.tangalin/tpr/tpr/results/hpc_rq1/nominal/carrier/biped/static/seed_001,7a24d056f998b3e3eb1c4e16b634d1c3cc1b5039b4262ce34cc21dafe29f2bf5,03fff3811609f93c125ba7a3ac43dddc95b3397ca4a91e0c51c32eeba18517a4,1,2,6337936886056088,9019669384804417704,Carrier-v0,biped,static,"(44,)",500,/home/rowanli.tangalin/tpr/tpr/results/hpc_rq1/nominal_analysis/traces/Carrier-v0_biped_static_train001_analysis02.npz
carrier__biped__static__seed_002,/home/rowanli.tangalin/tpr/tpr/results/hpc_rq1/nominal/carrier/biped/static/seed_002,36643fca2368b4b41d31f141557806455a8ac8e36ac34f5ede9bfa68408f3a3a,ba35af13e459cf39e3e59f47609563bfaceea24992e50f501c8b5d08a5c4d428,2,0,4709125304908105630,1244304497912131803,Carrier-v0,biped,static,"(44,)",500,/home/rowanli.tangalin/tpr/tpr/results/hpc_rq1/nominal_analysis/traces/Carrier-v0_biped_static_train002_analysis00.npz
carrier__biped__static__seed_002,/home/rowanli.tangalin/tpr/tpr/results/hpc_rq1/nominal/carrier/biped/static/seed_002,36643fca2368b4b41d31f141557806455a8ac8e36ac34f5ede9bfa68408f3a3a,ba35af13e459cf39e3e59f47609563bfaceea24992e50f501c8b5d08a5c4d428,2,1,6789895730674132307,2935584579999248951,Carrier-v0,biped,static,"(44,)",500,/home/rowanli.tangalin/tpr/tpr/results/hpc_rq1/nominal_analysis/traces/Carrier-v0_biped_static_train002_analysis01.npz
carrier__biped__static__seed_002,/home/rowanli.tangalin/tpr/tpr/results/hpc_rq1/nominal/carrier/biped/static/seed_002,36643fca2368b4b41d31f141557806455a8ac8e36ac34f5ede9bfa68408f3a3a,ba35af13e459cf39e3e59f47609563bfaceea24992e50f501c8b5d08a5c4d428,2,2,2298876442789069326,7237655472595637189,Carrier-v0,biped,static,"(44,)",500,/home/rowanli.tangalin/tpr/tpr/results/hpc_rq1/nominal_analysis/traces/Carrier-v0_biped_static_train002_analysis02.npz
carrier__biped__static__seed_003,/home/rowanli.tangalin/tpr/tpr/results/hpc_rq1/nominal/carrier/biped/static/seed_003,d6b98b2a57ece69936d50e94ad53bd58a768503647d0f25a5373728a475110d6,2cae28c603e02c342647f54b0a36808c21699246e11e3912bf1dbd56e73b9ce5,3,0,6875887065855152501,8328361779180904825,Carrier-v0,biped,static,"(44,)",500,/home/rowanli.tangalin/tpr/tpr/results/hpc_rq1/nominal_analysis/traces/Carrier-v0_biped_static_train003_analysis00.npz
carrier__biped__static__seed_003,/home/rowanli.tangalin/tpr/tpr/results/hpc_rq1/nominal/carrier/biped/static/seed_003,d6b98b2a57ece69936d50e94ad53bd58a768503647d0f25a5373728a475110d6,2cae28c603e02c342647f54b0a36808c21699246e11e3912bf1dbd56e73b9ce5,3,1,2344851983452959862,6171704884853545157,Carrier-v0,biped,static,"(44,)",500,/home/rowanli.tangalin/tpr/tpr/results/hpc_rq1/nominal_analysis/traces/Carrier-v0_biped_static_train003_analysis01.npz
carrier__biped__static__seed_003,/home/rowanli.tangalin/tpr/tpr/results/hpc_rq1/nominal/carrier/biped/static/seed_003,d6b98b2a57ece69936d50e94ad53bd58a768503647d0f25a5373728a475110d6,2cae28c603e02c342647f54b0a36808c21699246e11e3912bf1dbd56e73b9ce5,3,2,3189270387817152734,2268335290108042879,Carrier-v0,biped,static,"(44,)",500,/home/rowanli.tangalin/tpr/tpr/results/hpc_rq1/nominal_analysis/traces/Carrier-v0_biped_static_train003_analysis02.npz
carrier__biped__static__seed_004,/home/rowanli.tangalin/tpr/tpr/results/hpc_rq1/nominal/carrier/biped/static/seed_004,d948692e7f8a79421274dd9f6cc7e45facb803f46ae8d63be0c21cd679d2c447,12f1969873bc41f9a2e2af83326f5738e18913fa2851161eec7a0caadd3afa40,4,0,4675618027918977294,6264005447694142635,Carrier-v0,biped,static,"(44,)",500,/home/rowanli.tangalin/tpr/tpr/results/hpc_rq1/nominal_analysis/traces/Carrier-v0_biped_static_train004_analysis00.npz
carrier__biped__static__seed_004,/home/rowanli.tangalin/tpr/tpr/results/hpc_rq1/nominal/carrier/biped/static/seed_004,d948692e7f8a79421274dd9f6cc7e45facb803f46ae8d63be0c21cd679d2c447,12f1969873bc41f9a2e2af83326f5738e18913fa2851161eec7a0caadd3afa40,4,1,1776748932738538903,3330744174114140836,Carrier-v0,biped,static,"(44,)",500,/home/rowanli.tangalin/tpr/tpr/results/hpc_rq1/nominal_analysis/traces/Carrier-v0_biped_static_train004_analysis01.npz
carrier__biped__static__seed_004,/home/rowanli.tangalin/tpr/tpr/results/hpc_rq1/nominal/carrier/biped/static/seed_004,d948692e7f8a79421274dd9f6cc7e45facb803f46ae8d63be0c21cd679d2c447,12f1969873bc41f9a2e2af83326f5738e18913fa2851161eec7a0caadd3afa40,4,2,1844154726293175647,4425154243183907800,Carrier-v0,biped,static,"(44,)",500,/home/rowanli.tangalin/tpr/tpr/results/hpc_rq1/nominal_analysis/traces/Carrier-v0_biped_static_train004_analysis02.npz
carrier__biped__static__seed_005,/home/rowanli.tangalin/tpr/tpr/results/hpc_rq1/nominal/carrier/biped/static/seed_005,12119ee8789a72d4de39b07306bcf72120a1202a3951da7a7da699ab126564df,607bddf6cfcc925a09986d871c6a9ec076610145a1d468b73a6eae5abae65df9,5,0,6537336262564968459,5568806234066008283,Carrier-v0,biped,static,"(44,)",500,/home/rowanli.tangalin/tpr/tpr/results/hpc_rq1/nominal_analysis/traces/Carrier-v0_biped_static_train005_analysis00.npz
carrier__biped__static__seed_005,/home/rowanli.tangalin/tpr/tpr/results/hpc_rq1/nominal/carrier/biped/static/seed_005,12119ee8789a72d4de39b07306bcf72120a1202a3951da7a7da699ab126564df,607bddf6cfcc925a09986d871c6a9ec076610145a1d468b73a6eae5abae65df9,5,1,7847246716821455116,5175985587420486963,Carrier-v0,biped,static,"(44,)",500,/home/rowanli.tangalin/tpr/tpr/results/hpc_rq1/nominal_analysis/traces/Carrier-v0_biped_static_train005_analysis01.npz
carrier__biped__static__seed_005,/home/rowanli.tangalin/tpr/tpr/results/hpc_rq1/nominal/carrier/biped/static/seed_005,12119ee8789a72d4de39b07306bcf72120a1202a3951da7a7da699ab126564df,607bddf6cfcc925a09986d871c6a9ec076610145a1d468b73a6eae5abae65df9,5,2,8874890859321386193,4629262467755900572,Carrier-v0,biped,static,"(44,)",500,/home/rowanli.tangalin/tpr/tpr/results/hpc_rq1/nominal_analysis/traces/Carrier-v0_biped_static_train005_analysis02.npz
carrier__biped__static__seed_006,/home/rowanli.tangalin/tpr/tpr/results/hpc_rq1/nominal/carrier/biped/static/seed_006,17aa5b283be0549004b5c74b1922ff57d10e25652c263eeb3db88e9c4c402d1d,a11123f43ac875499a625abb0042b89cc3be099c298ffde03d9578a1c8d340ed,6,0,4697810511805331226,1837341966890607914,Carrier-v0,biped,static,"(44,)",500,/home/rowanli.tangalin/tpr/tpr/results/hpc_rq1/nominal_analysis/traces/Carrier-v0_biped_static_train006_analysis00.npz
carrier__biped__static__seed_006,/home/rowanli.tangalin/tpr/tpr/results/hpc_rq1/nominal/carrier/biped/static/seed_006,17aa5b283be0549004b5c74b1922ff57d10e25652c263eeb3db88e9c4c402d1d,a11123f43ac875499a625abb0042b89cc3be099c298ffde03d9578a1c8d340ed,6,1,212357942801270703,7001556810303355477,Carrier-v0,biped,static,"(44,)",500,/home/rowanli.tangalin/tpr/tpr/results/hpc_rq1/nominal_analysis/traces/Carrier-v0_biped_static_train006_analysis01.npz
carrier__biped__static__seed_006,/home/rowanli.tangalin/tpr/tpr/results/hpc_rq1/nominal/carrier/biped/static/seed_006,17aa5b283be0549004b5c74b1922ff57d10e25652c263eeb3db88e9c4c402d1d,a11123f43ac875499a625abb0042b89cc3be099c298ffde03d9578a1c8d340ed,6,2,9197516287707139064,7789448062882196537,Carrier-v0,biped,static,"(44,)",500,/home/rowanli.tangalin/tpr/tpr/results/hpc_rq1/nominal_analysis/traces/Carrier-v0_biped_static_train006_analysis02.npz
carrier__biped__static__seed_007,/home/rowanli.tangalin/tpr/tpr/results/hpc_rq1/nominal/carrier/biped/static/seed_007,9df9c78c523c4c7311c5ceb12610711107d640e21680ded48beb9a736179b207,50025d127a0a03138697fd98be0358e3198b4fbbeac5d865920799f80e02afdb,7,0,7273538705011962834,3327181185902024434,Carrier-v0,biped,static,"(44,)",500,/home/rowanli.tangalin/tpr/tpr/results/hpc_rq1/nominal_analysis/traces/Carrier-v0_biped_static_train007_analysis00.npz
carrier__biped__static__seed_007,/home/rowanli.tangalin/tpr/tpr/results/hpc_rq1/nominal/carrier/biped/static/seed_007,9df9c78c523c4c7311c5ceb12610711107d640e21680ded48beb9a736179b207,50025d127a0a03138697fd98be0358e3198b4fbbeac5d865920799f80e02afdb,7,1,219581318861383269,6126904072154767176,Carrier-v0,biped,static,"(44,)",500,/home/rowanli.tangalin/tpr/tpr/results/hpc_rq1/nominal_analysis/traces/Carrier-v0_biped_static_train007_analysis01.npz
carrier__biped__static__seed_007,/home/rowanli.tangalin/tpr/tpr/results/hpc_rq1/nominal/carrier/biped/static/seed_007,9df9c78c523c4c7311c5ceb12610711107d640e21680ded48beb9a736179b207,50025d127a0a03138697fd98be0358e3198b4fbbeac5d865920799f80e02afdb,7,2,7655123995385766933,8050610523573754527,Carrier-v0,biped,static,"(44,)",500,/home/rowanli.tangalin/tpr/tpr/results/hpc_rq1/nominal_analysis/traces/Carrier-v0_biped_static_train007_analysis02.npz
carrier__biped__static__seed_008,/home/rowanli.tangalin/tpr/tpr/results/hpc_rq1/nominal/carrier/biped/static/seed_008,0e57e49c802f65dcd589faf4763afdbb3a1af4c70d81ce497abc0cf1b619bc88,7246e0e4d95ad5d4ca27882e9675c69c1fca0cefe4ce8fc83de98ee166855c32,8,0,4480449054597749916,4714160801966532834,Carrier-v0,biped,static,"(44,)",500,/home/rowanli.tangalin/tpr/tpr/results/hpc_rq1/nominal_analysis/traces/Carrier-v0_biped_static_train008_analysis00.npz
carrier__biped__static__seed_008,/home/rowanli.tangalin/tpr/tpr/results/hpc_rq1/nominal/carrier/biped/static/seed_008,0e57e49c802f65dcd589faf4763afdbb3a1af4c70d81ce497abc0cf1b619bc88,7246e0e4d95ad5d4ca27882e9675c69c1fca0cefe4ce8fc83de98ee166855c32,8,1,8169066096088904802,2410012360361453569,Carrier-v0,biped,static,"(44,)",500,/home/rowanli.tangalin/tpr/tpr/results/hpc_rq1/nominal_analysis/traces/Carrier-v0_biped_static_train008_analysis01.npz
carrier__biped__static__seed_008,/home/rowanli.tangalin/tpr/tpr/results/hpc_rq1/nominal/carrier/biped/static/seed_008,0e57e49c802f65dcd589faf4763afdbb3a1af4c70d81ce497abc0cf1b619bc88,7246e0e4d95ad5d4ca27882e9675c69c1fca0cefe4ce8fc83de98ee166855c32,8,2,1688151127694054410,5098444150450504360,Carrier-v0,biped,static,"(44,)",500,/home/rowanli.tangalin/tpr/tpr/results/hpc_rq1/nominal_analysis/traces/Carrier-v0_biped_static_train008_analysis02.npz
carrier__biped__static__seed_009,/home/rowanli.tangalin/tpr/tpr/results/hpc_rq1/nominal/carrier/biped/static/seed_009,275e79bc26c7759cff176a3e56034b3c8048a5980e26ece38dd43fea1cde46fc,3dff4fd60133594d5fffb47498a91c28bbb0517e12609ee2ff98c54d9ef2d6fa,9,0,8469251633518957484,5579477484601834272,Carrier-v0,biped,static,"(44,)",500,/home/rowanli.tangalin/tpr/tpr/results/hpc_rq1/nominal_analysis/traces/Carrier-v0_biped_static_train009_analysis00.npz
carrier__biped__static__seed_009,/home/rowanli.tangalin/tpr/tpr/results/hpc_rq1/nominal/carrier/biped/static/seed_009,275e79bc26c7759cff176a3e56034b3c8048a5980e26ece38dd43fea1cde46fc,3dff4fd60133594d5fffb47498a91c28bbb0517e12609ee2ff98c54d9ef2d6fa,9,1,5415548583552718452,3538497439875268043,Carrier-v0,biped,static,"(44,)",500,/home/rowanli.tangalin/tpr/tpr/results/hpc_rq1/nominal_analysis/traces/Carrier-v0_biped_static_train009_analysis01.npz
carrier__biped__static__seed_009,/home/rowanli.tangalin/tpr/tpr/results/hpc_rq1/nominal/carrier/biped/static/seed_009,275e79bc26c7759cff176a3e56034b3c8048a5980e26ece38dd43fea1cde46fc,3dff4fd60133594d5fffb47498a91c28bbb0517e12609ee2ff98c54d9ef2d6fa,9,2,6075971192560964690,5235945277139461518,Carrier-v0,biped,static,"(44,)",500,/home/rowanli.tangalin/tpr/tpr/results/hpc_rq1/nominal_analysis/traces/Carrier-v0_biped_static_train009_analysis02.npz
carrier__biped__nchl__seed_000,/home/rowanli.tangalin/tpr/tpr/results/hpc_rq1/nominal/carrier/biped/nchl/seed_000,4a3d60bfbae110cc2ae817b182f8e6175b8b040eb98b466606818ece568fa0db,b27340837bf097dc72467699a6e255ffcc5fa10a3d24eec4675f0e9076348ee5,0,0,4940322620982477041,3023897764847979143,Carrier-v0,biped,nchl,"(44,)",500,/home/rowanli.tangalin/tpr/tpr/results/hpc_rq1/nominal_analysis/traces/Carrier-v0_biped_nchl_train000_analysis00.npz
carrier__biped__nchl__seed_000,/home/rowanli.tangalin/tpr/tpr/results/hpc_rq1/nominal/carrier/biped/nchl/seed_000,4a3d60bfbae110cc2ae817b182f8e6175b8b040eb98b466606818ece568fa0db,b27340837bf097dc72467699a6e255ffcc5fa10a3d24eec4675f0e9076348ee5,0,1,530078296572617688,6966882572876332860,Carrier-v0,biped,nchl,"(44,)",500,/home/rowanli.tangalin/tpr/tpr/results/hpc_rq1/nominal_analysis/traces/Carrier-v0_biped_nchl_train000_analysis01.npz
carrier__biped__nchl__seed_000,/home/rowanli.tangalin/tpr/tpr/results/hpc_rq1/nominal/carrier/biped/nchl/seed_000,4a3d60bfbae110cc2ae817b182f8e6175b8b040eb98b466606818ece568fa0db,b27340837bf097dc72467699a6e255ffcc5fa10a3d24eec4675f0e9076348ee5,0,2,7210830791768759910,3424438756091539107,Carrier-v0,biped,nchl,"(44,)",500,/home/rowanli.tangalin/tpr/tpr/results/hpc_rq1/nominal_analysis/traces/Carrier-v0_biped_nchl_train000_analysis02.npz
carrier__biped__nchl__seed_001,/home/rowanli.tangalin/tpr/tpr/results/hpc_rq1/nominal/carrier/biped/nchl/seed_001,fc165def04eedc1fd39ccf612741552d9574a5a8228c644a7661cafd62ea43f0,bcfc50584d481bf2c31cf036c23de8c75ffd2c207764f9a82ebfcc7957783874,1,0,5232325836976384581,7172422899355977572,Carrier-v0,biped,nchl,"(44,)",500,/home/rowanli.tangalin/tpr/tpr/results/hpc_rq1/nominal_analysis/traces/Carrier-v0_biped_nchl_train001_analysis00.npz
carrier__biped__nchl__seed_001,/home/rowanli.tangalin/tpr/tpr/results/hpc_rq1/nominal/carrier/biped/nchl/seed_001,fc165def04eedc1fd39ccf612741552d9574a5a8228c644a7661cafd62ea43f0,bcfc50584d481bf2c31cf036c23de8c75ffd2c207764f9a82ebfcc7957783874,1,1,3184075494390970209,9147161066225580108,Carrier-v0,biped,nchl,"(44,)",500,/home/rowanli.tangalin/tpr/tpr/results/hpc_rq1/nominal_analysis/traces/Carrier-v0_biped_nchl_train001_analysis01.npz
carrier__biped__nchl__seed_001,/home/rowanli.tangalin/tpr/tpr/results/hpc_rq1/nominal/carrier/biped/nchl/seed_001,fc165def04eedc1fd39ccf612741552d9574a5a8228c644a7661cafd62ea43f0,bcfc50584d481bf2c31cf036c23de8c75ffd2c207764f9a82ebfcc7957783874,1,2,6337936886056088,9019669384804417704,Carrier-v0,biped,nchl,"(44,)",500,/home/rowanli.tangalin/tpr/tpr/results/hpc_rq1/nominal_analysis/traces/Carrier-v0_biped_nchl_train001_analysis02.npz
carrier__biped__nchl__seed_002,/home/rowanli.tangalin/tpr/tpr/results/hpc_rq1/nominal/carrier/biped/nchl/seed_002,c46b349c32b84b18b55b1db6867a934cedf5926fbed8b7b83ac07cb27e38fbc6,5f8022e16235e323465151070d754b0eb110031823a3d789ee06bb90d58cb1de,2,0,4709125304908105630,1244304497912131803,Carrier-v0,biped,nchl,"(44,)",500,/home/rowanli.tangalin/tpr/tpr/results/hpc_rq1/nominal_analysis/traces/Carrier-v0_biped_nchl_train002_analysis00.npz
carrier__biped__nchl__seed_002,/home/rowanli.tangalin/tpr/tpr/results/hpc_rq1/nominal/carrier/biped/nchl/seed_002,c46b349c32b84b18b55b1db6867a934cedf5926fbed8b7b83ac07cb27e38fbc6,5f8022e16235e323465151070d754b0eb110031823a3d789ee06bb90d58cb1de,2,1,6789895730674132307,2935584579999248951,Carrier-v0,biped,nchl,"(44,)",500,/home/rowanli.tangalin/tpr/tpr/results/hpc_rq1/nominal_analysis/traces/Carrier-v0_biped_nchl_train002_analysis01.npz
carrier__biped__nchl__seed_002,/home/rowanli.tangalin/tpr/tpr/results/hpc_rq1/nominal/carrier/biped/nchl/seed_002,c46b349c32b84b18b55b1db6867a934cedf5926fbed8b7b83ac07cb27e38fbc6,5f8022e16235e323465151070d754b0eb110031823a3d789ee06bb90d58cb1de,2,2,2298876442789069326,7237655472595637189,Carrier-v0,biped,nchl,"(44,)",500,/home/rowanli.tangalin/tpr/tpr/results/hpc_rq1/nominal_analysis/traces/Carrier-v0_biped_nchl_train002_analysis02.npz
carrier__biped__nchl__seed_003,/home/rowanli.tangalin/tpr/tpr/results/hpc_rq1/nominal/carrier/biped/nchl/seed_003,dd90ace3a112904155ff3289426075ff7c4eea3913621e63d1815172815cf404,651bde1ffc06829ffd3cc6c9bb2d18faa214f12a2eefb4fa1ee32d316932989a,3,0,6875887065855152501,8328361779180904825,Carrier-v0,biped,nchl,"(44,)",500,/home/rowanli.tangalin/tpr/tpr/results/hpc_rq1/nominal_analysis/traces/Carrier-v0_biped_nchl_train003_analysis00.npz
carrier__biped__nchl__seed_003,/home/rowanli.tangalin/tpr/tpr/results/hpc_rq1/nominal/carrier/biped/nchl/seed_003,dd90ace3a112904155ff3289426075ff7c4eea3913621e63d1815172815cf404,651bde1ffc06829ffd3cc6c9bb2d18faa214f12a2eefb4fa1ee32d316932989a,3,1,2344851983452959862,6171704884853545157,Carrier-v0,biped,nchl,"(44,)",500,/home/rowanli.tangalin/tpr/tpr/results/hpc_rq1/nominal_analysis/traces/Carrier-v0_biped_nchl_train003_analysis01.npz
carrier__biped__nchl__seed_003,/home/rowanli.tangalin/tpr/tpr/results/hpc_rq1/nominal/carrier/biped/nchl/seed_003,dd90ace3a112904155ff3289426075ff7c4eea3913621e63d1815172815cf404,651bde1ffc06829ffd3cc6c9bb2d18faa214f12a2eefb4fa1ee32d316932989a,3,2,3189270387817152734,2268335290108042879,Carrier-v0,biped,nchl,"(44,)",500,/home/rowanli.tangalin/tpr/tpr/results/hpc_rq1/nominal_analysis/traces/Carrier-v0_biped_nchl_train003_analysis02.npz
carrier__biped__nchl__seed_004,/home/rowanli.tangalin/tpr/tpr/results/hpc_rq1/nominal/carrier/biped/nchl/seed_004,02a112f7f3c173167135d33f72892b6d09a8a7130df309d7adfad5707dc12442,29d73f1e8559af4ac1a132110f6533549805c422fee605ee2afbec77c612355a,4,0,4675618027918977294,6264005447694142635,Carrier-v0,biped,nchl,"(44,)",500,/home/rowanli.tangalin/tpr/tpr/results/hpc_rq1/nominal_analysis/traces/Carrier-v0_biped_nchl_train004_analysis00.npz
carrier__biped__nchl__seed_004,/home/rowanli.tangalin/tpr/tpr/results/hpc_rq1/nominal/carrier/biped/nchl/seed_004,02a112f7f3c173167135d33f72892b6d09a8a7130df309d7adfad5707dc12442,29d73f1e8559af4ac1a132110f6533549805c422fee605ee2afbec77c612355a,4,1,1776748932738538903,3330744174114140836,Carrier-v0,biped,nchl,"(44,)",500,/home/rowanli.tangalin/tpr/tpr/results/hpc_rq1/nominal_analysis/traces/Carrier-v0_biped_nchl_train004_analysis01.npz
carrier__biped__nchl__seed_004,/home/rowanli.tangalin/tpr/tpr/results/hpc_rq1/nominal/carrier/biped/nchl/seed_004,02a112f7f3c173167135d33f72892b6d09a8a7130df309d7adfad5707dc12442,29d73f1e8559af4ac1a132110f6533549805c422fee605ee2afbec77c612355a,4,2,1844154726293175647,4425154243183907800,Carrier-v0,biped,nchl,"(44,)",500,/home/rowanli.tangalin/tpr/tpr/results/hpc_rq1/nominal_analysis/traces/Carrier-v0_biped_nchl_train004_analysis02.npz
carrier__biped__nchl__seed_005,/home/rowanli.tangalin/tpr/tpr/results/hpc_rq1/nominal/carrier/biped/nchl/seed_005,59576d974c40b5d6b64196be05d1cbb1da4280930f2f42a519aee7be5e9074e3,0680c604b12c78632dccecc9209649a3a7dced147bfcb9ba197dae4d141d960f,5,0,6537336262564968459,5568806234066008283,Carrier-v0,biped,nchl,"(44,)",500,/home/rowanli.tangalin/tpr/tpr/results/hpc_rq1/nominal_analysis/traces/Carrier-v0_biped_nchl_train005_analysis00.npz
carrier__biped__nchl__seed_005,/home/rowanli.tangalin/tpr/tpr/results/hpc_rq1/nominal/carrier/biped/nchl/seed_005,59576d974c40b5d6b64196be05d1cbb1da4280930f2f42a519aee7be5e9074e3,0680c604b12c78632dccecc9209649a3a7dced147bfcb9ba197dae4d141d960f,5,1,7847246716821455116,5175985587420486963,Carrier-v0,biped,nchl,"(44,)",500,/home/rowanli.tangalin/tpr/tpr/results/hpc_rq1/nominal_analysis/traces/Carrier-v0_biped_nchl_train005_analysis01.npz
carrier__biped__nchl__seed_005,/home/rowanli.tangalin/tpr/tpr/results/hpc_rq1/nominal/carrier/biped/nchl/seed_005,59576d974c40b5d6b64196be05d1cbb1da4280930f2f42a519aee7be5e9074e3,0680c604b12c78632dccecc9209649a3a7dced147bfcb9ba197dae4d141d960f,5,2,8874890859321386193,4629262467755900572,Carrier-v0,biped,nchl,"(44,)",500,/home/rowanli.tangalin/tpr/tpr/results/hpc_rq1/nominal_analysis/traces/Carrier-v0_biped_nchl_train005_analysis02.npz
carrier__biped__nchl__seed_006,/home/rowanli.tangalin/tpr/tpr/results/hpc_rq1/nominal/carrier/biped/nchl/seed_006,5c7ed5b35412f661a01011a05217ec60a319583f52660088f2aa311eaa0ccaa4,f9a37017632a26ea96b8231039666b991b98f0666e75826a5b98e292632c3d53,6,0,4697810511805331226,1837341966890607914,Carrier-v0,biped,nchl,"(44,)",500,/home/rowanli.tangalin/tpr/tpr/results/hpc_rq1/nominal_analysis/traces/Carrier-v0_biped_nchl_train006_analysis00.npz
carrier__biped__nchl__seed_006,/home/rowanli.tangalin/tpr/tpr/results/hpc_rq1/nominal/carrier/biped/nchl/seed_006,5c7ed5b35412f661a01011a05217ec60a319583f52660088f2aa311eaa0ccaa4,f9a37017632a26ea96b8231039666b991b98f0666e75826a5b98e292632c3d53,6,1,212357942801270703,7001556810303355477,Carrier-v0,biped,nchl,"(44,)",500,/home/rowanli.tangalin/tpr/tpr/results/hpc_rq1/nominal_analysis/traces/Carrier-v0_biped_nchl_train006_analysis01.npz
carrier__biped__nchl__seed_006,/home/rowanli.tangalin/tpr/tpr/results/hpc_rq1/nominal/carrier/biped/nchl/seed_006,5c7ed5b35412f661a01011a05217ec60a319583f52660088f2aa311eaa0ccaa4,f9a37017632a26ea96b8231039666b991b98f0666e75826a5b98e292632c3d53,6,2,9197516287707139064,7789448062882196537,Carrier-v0,biped,nchl,"(44,)",500,/home/rowanli.tangalin/tpr/tpr/results/hpc_rq1/nominal_analysis/traces/Carrier-v0_biped_nchl_train006_analysis02.npz
carrier__biped__nchl__seed_007,/home/rowanli.tangalin/tpr/tpr/results/hpc_rq1/nominal/carrier/biped/nchl/seed_007,3ed6918f77319552df9435be1863d69c413ca688a3729a33fe31775171199a4e,287249010693f650dc0c24582c034eb5ba7887793a2b526de28caf3766738ef5,7,0,7273538705011962834,3327181185902024434,Carrier-v0,biped,nchl,"(44,)",500,/home/rowanli.tangalin/tpr/tpr/results/hpc_rq1/nominal_analysis/traces/Carrier-v0_biped_nchl_train007_analysis00.npz
carrier__biped__nchl__seed_007,/home/rowanli.tangalin/tpr/tpr/results/hpc_rq1/nominal/carrier/biped/nchl/seed_007,3ed6918f77319552df9435be1863d69c413ca688a3729a33fe31775171199a4e,287249010693f650dc0c24582c034eb5ba7887793a2b526de28caf3766738ef5,7,1,219581318861383269,6126904072154767176,Carrier-v0,biped,nchl,"(44,)",500,/home/rowanli.tangalin/tpr/tpr/results/hpc_rq1/nominal_analysis/traces/Carrier-v0_biped_nchl_train007_analysis01.npz
carrier__biped__nchl__seed_007,/home/rowanli.tangalin/tpr/tpr/results/hpc_rq1/nominal/carrier/biped/nchl/seed_007,3ed6918f77319552df9435be1863d69c413ca688a3729a33fe31775171199a4e,287249010693f650dc0c24582c034eb5ba7887793a2b526de28caf3766738ef5,7,2,7655123995385766933,8050610523573754527,Carrier-v0,biped,nchl,"(44,)",500,/home/rowanli.tangalin/tpr/tpr/results/hpc_rq1/nominal_analysis/traces/Carrier-v0_biped_nchl_train007_analysis02.npz
carrier__biped__nchl__seed_008,/home/rowanli.tangalin/tpr/tpr/results/hpc_rq1/nominal/carrier/biped/nchl/seed_008,ad265df0c69f27ccea7fb58a3c9ec91b1fa68e9775fc9f92d27b0e8694f4d3d8,2d6fa1e9e4d74132ed75f6f063ca7a6db4b210a7f8cb25a88cd7cce8fe390fac,8,0,4480449054597749916,4714160801966532834,Carrier-v0,biped,nchl,"(44,)",500,/home/rowanli.tangalin/tpr/tpr/results/hpc_rq1/nominal_analysis/traces/Carrier-v0_biped_nchl_train008_analysis00.npz
carrier__biped__nchl__seed_008,/home/rowanli.tangalin/tpr/tpr/results/hpc_rq1/nominal/carrier/biped/nchl/seed_008,ad265df0c69f27ccea7fb58a3c9ec91b1fa68e9775fc9f92d27b0e8694f4d3d8,2d6fa1e9e4d74132ed75f6f063ca7a6db4b210a7f8cb25a88cd7cce8fe390fac,8,1,8169066096088904802,2410012360361453569,Carrier-v0,biped,nchl,"(44,)",500,/home/rowanli.tangalin/tpr/tpr/results/hpc_rq1/nominal_analysis/traces/Carrier-v0_biped_nchl_train008_analysis01.npz
carrier__biped__nchl__seed_008,/home/rowanli.tangalin/tpr/tpr/results/hpc_rq1/nominal/carrier/biped/nchl/seed_008,ad265df0c69f27ccea7fb58a3c9ec91b1fa68e9775fc9f92d27b0e8694f4d3d8,2d6fa1e9e4d74132ed75f6f063ca7a6db4b210a7f8cb25a88cd7cce8fe390fac,8,2,1688151127694054410,5098444150450504360,Carrier-v0,biped,nchl,"(44,)",500,/home/rowanli.tangalin/tpr/tpr/results/hpc_rq1/nominal_analysis/traces/Carrier-v0_biped_nchl_train008_analysis02.npz
carrier__biped__nchl__seed_009,/home/rowanli.tangalin/tpr/tpr/results/hpc_rq1/nominal/carrier/biped/nchl/seed_009,c1aac2e2d985f35c2aed40f3b6e71308304409cd7f9dbaf26bc19dc41617ecbf,35ea2800a1989ba1b1450cdff63bba4b79346025dfd6b3e10a8f40dbd7acf195,9,0,8469251633518957484,5579477484601834272,Carrier-v0,biped,nchl,"(44,)",500,/home/rowanli.tangalin/tpr/tpr/results/hpc_rq1/nominal_analysis/traces/Carrier-v0_biped_nchl_train009_analysis00.npz
carrier__biped__nchl__seed_009,/home/rowanli.tangalin/tpr/tpr/results/hpc_rq1/nominal/carrier/biped/nchl/seed_009,c1aac2e2d985f35c2aed40f3b6e71308304409cd7f9dbaf26bc19dc41617ecbf,35ea2800a1989ba1b1450cdff63bba4b79346025dfd6b3e10a8f40dbd7acf195,9,1,5415548583552718452,3538497439875268043,Carrier-v0,biped,nchl,"(44,)",500,/home/rowanli.tangalin/tpr/tpr/results/hpc_rq1/nominal_analysis/traces/Carrier-v0_biped_nchl_train009_analysis01.npz
carrier__biped__nchl__seed_009,/home/rowanli.tangalin/tpr/tpr/results/hpc_rq1/nominal/carrier/biped/nchl/seed_009,c1aac2e2d985f35c2aed40f3b6e71308304409cd7f9dbaf26bc19dc41617ecbf,35ea2800a1989ba1b1450cdff63bba4b79346025dfd6b3e10a8f40dbd7acf195,9,2,6075971192560964690,5235945277139461518,Carrier-v0,biped,nchl,"(44,)",500,/home/rowanli.tangalin/tpr/tpr/results/hpc_rq1/nominal_analysis/traces/Carrier-v0_biped_nchl_train009_analysis02.npz
jumper__biped__static__seed_000,/home/rowanli.tangalin/tpr/tpr/results/hpc_rq1/nominal/jumper/biped/static/seed_000,2ea7f4d6430209eea15ca2d735cc2a545f240d7d69db5fe0ce0e89cfe0306769,c576dc4ec4b1fa1ecc8749d59ad3ba36fdb388ab0e53cd1c33a78ad34cd9b7a0,0,0,4940322620982477041,3023897764847979143,Jumper-v0,biped,static,"(45,)",500,/home/rowanli.tangalin/tpr/tpr/results/hpc_rq1/nominal_analysis/traces/Jumper-v0_biped_static_train000_analysis00.npz
jumper__biped__static__seed_000,/home/rowanli.tangalin/tpr/tpr/results/hpc_rq1/nominal/jumper/biped/static/seed_000,2ea7f4d6430209eea15ca2d735cc2a545f240d7d69db5fe0ce0e89cfe0306769,c576dc4ec4b1fa1ecc8749d59ad3ba36fdb388ab0e53cd1c33a78ad34cd9b7a0,0,1,530078296572617688,6966882572876332860,Jumper-v0,biped,static,"(45,)",500,/home/rowanli.tangalin/tpr/tpr/results/hpc_rq1/nominal_analysis/traces/Jumper-v0_biped_static_train000_analysis01.npz
jumper__biped__static__seed_000,/home/rowanli.tangalin/tpr/tpr/results/hpc_rq1/nominal/jumper/biped/static/seed_000,2ea7f4d6430209eea15ca2d735cc2a545f240d7d69db5fe0ce0e89cfe0306769,c576dc4ec4b1fa1ecc8749d59ad3ba36fdb388ab0e53cd1c33a78ad34cd9b7a0,0,2,7210830791768759910,3424438756091539107,Jumper-v0,biped,static,"(45,)",500,/home/rowanli.tangalin/tpr/tpr/results/hpc_rq1/nominal_analysis/traces/Jumper-v0_biped_static_train000_analysis02.npz
jumper__biped__static__seed_001,/home/rowanli.tangalin/tpr/tpr/results/hpc_rq1/nominal/jumper/biped/static/seed_001,7991e3de365329ae877fc9cdd8e73a524f0e712cc76a81c558333b671d837a02,6dcd9242d079410a333fa84b170c1f15e558a937ee3ba2154db34bf8214dcf43,1,0,5232325836976384581,7172422899355977572,Jumper-v0,biped,static,"(45,)",500,/home/rowanli.tangalin/tpr/tpr/results/hpc_rq1/nominal_analysis/traces/Jumper-v0_biped_static_train001_analysis00.npz
jumper__biped__static__seed_001,/home/rowanli.tangalin/tpr/tpr/results/hpc_rq1/nominal/jumper/biped/static/seed_001,7991e3de365329ae877fc9cdd8e73a524f0e712cc76a81c558333b671d837a02,6dcd9242d079410a333fa84b170c1f15e558a937ee3ba2154db34bf8214dcf43,1,1,3184075494390970209,9147161066225580108,Jumper-v0,biped,static,"(45,)",500,/home/rowanli.tangalin/tpr/tpr/results/hpc_rq1/nominal_analysis/traces/Jumper-v0_biped_static_train001_analysis01.npz
jumper__biped__static__seed_001,/home/rowanli.tangalin/tpr/tpr/results/hpc_rq1/nominal/jumper/biped/static/seed_001,7991e3de365329ae877fc9cdd8e73a524f0e712cc76a81c558333b671d837a02,6dcd9242d079410a333fa84b170c1f15e558a937ee3ba2154db34bf8214dcf43,1,2,6337936886056088,9019669384804417704,Jumper-v0,biped,static,"(45,)",500,/home/rowanli.tangalin/tpr/tpr/results/hpc_rq1/nominal_analysis/traces/Jumper-v0_biped_static_train001_analysis02.npz
jumper__biped__static__seed_002,/home/rowanli.tangalin/tpr/tpr/results/hpc_rq1/nominal/jumper/biped/static/seed_002,34c102789e3b93aa2cee80a754a7d11a954626a953e5f66fa4bec8513b19d5de,e8ed92ca78f65f5f26707644a27b5804acb5fb343746f53897026e16b3dea4fa,2,0,4709125304908105630,1244304497912131803,Jumper-v0,biped,static,"(45,)",500,/home/rowanli.tangalin/tpr/tpr/results/hpc_rq1/nominal_analysis/traces/Jumper-v0_biped_static_train002_analysis00.npz
jumper__biped__static__seed_002,/home/rowanli.tangalin/tpr/tpr/results/hpc_rq1/nominal/jumper/biped/static/seed_002,34c102789e3b93aa2cee80a754a7d11a954626a953e5f66fa4bec8513b19d5de,e8ed92ca78f65f5f26707644a27b5804acb5fb343746f53897026e16b3dea4fa,2,1,6789895730674132307,2935584579999248951,Jumper-v0,biped,static,"(45,)",500,/home/rowanli.tangalin/tpr/tpr/results/hpc_rq1/nominal_analysis/traces/Jumper-v0_biped_static_train002_analysis01.npz
jumper__biped__static__seed_002,/home/rowanli.tangalin/tpr/tpr/results/hpc_rq1/nominal/jumper/biped/static/seed_002,34c102789e3b93aa2cee80a754a7d11a954626a953e5f66fa4bec8513b19d5de,e8ed92ca78f65f5f26707644a27b5804acb5fb343746f53897026e16b3dea4fa,2,2,2298876442789069326,7237655472595637189,Jumper-v0,biped,static,"(45,)",500,/home/rowanli.tangalin/tpr/tpr/results/hpc_rq1/nominal_analysis/traces/Jumper-v0_biped_static_train002_analysis02.npz
jumper__biped__static__seed_003,/home/rowanli.tangalin/tpr/tpr/results/hpc_rq1/nominal/jumper/biped/static/seed_003,db455981d4b74b4bd51aec3f36a880cfffab1a13397dbde40afbb06363271fae,7272a88d56cffdafeb1b856935c3a3383732f8c5aeb59de6d331811c9a8e54f3,3,0,6875887065855152501,8328361779180904825,Jumper-v0,biped,static,"(45,)",500,/home/rowanli.tangalin/tpr/tpr/results/hpc_rq1/nominal_analysis/traces/Jumper-v0_biped_static_train003_analysis00.npz
jumper__biped__static__seed_003,/home/rowanli.tangalin/tpr/tpr/results/hpc_rq1/nominal/jumper/biped/static/seed_003,db455981d4b74b4bd51aec3f36a880cfffab1a13397dbde40afbb06363271fae,7272a88d56cffdafeb1b856935c3a3383732f8c5aeb59de6d331811c9a8e54f3,3,1,2344851983452959862,6171704884853545157,Jumper-v0,biped,static,"(45,)",500,/home/rowanli.tangalin/tpr/tpr/results/hpc_rq1/nominal_analysis/traces/Jumper-v0_biped_static_train003_analysis01.npz
jumper__biped__static__seed_003,/home/rowanli.tangalin/tpr/tpr/results/hpc_rq1/nominal/jumper/biped/static/seed_003,db455981d4b74b4bd51aec3f36a880cfffab1a13397dbde40afbb06363271fae,7272a88d56cffdafeb1b856935c3a3383732f8c5aeb59de6d331811c9a8e54f3,3,2,3189270387817152734,2268335290108042879,Jumper-v0,biped,static,"(45,)",500,/home/rowanli.tangalin/tpr/tpr/results/hpc_rq1/nominal_analysis/traces/Jumper-v0_biped_static_train003_analysis02.npz
jumper__biped__static__seed_004,/home/rowanli.tangalin/tpr/tpr/results/hpc_rq1/nominal/jumper/biped/static/seed_004,5aff64f671cfe2dfdadd64d38bca80967df7026c419b68df30d01b204d0541d9,a76dfce6251817e329e7d5558e757ec5869f62cf9b55fd395c0435a9bcaea1a6,4,0,4675618027918977294,6264005447694142635,Jumper-v0,biped,static,"(45,)",500,/home/rowanli.tangalin/tpr/tpr/results/hpc_rq1/nominal_analysis/traces/Jumper-v0_biped_static_train004_analysis00.npz
jumper__biped__static__seed_004,/home/rowanli.tangalin/tpr/tpr/results/hpc_rq1/nominal/jumper/biped/static/seed_004,5aff64f671cfe2dfdadd64d38bca80967df7026c419b68df30d01b204d0541d9,a76dfce6251817e329e7d5558e757ec5869f62cf9b55fd395c0435a9bcaea1a6,4,1,1776748932738538903,3330744174114140836,Jumper-v0,biped,static,"(45,)",500,/home/rowanli.tangalin/tpr/tpr/results/hpc_rq1/nominal_analysis/traces/Jumper-v0_biped_static_train004_analysis01.npz
jumper__biped__static__seed_004,/home/rowanli.tangalin/tpr/tpr/results/hpc_rq1/nominal/jumper/biped/static/seed_004,5aff64f671cfe2dfdadd64d38bca80967df7026c419b68df30d01b204d0541d9,a76dfce6251817e329e7d5558e757ec5869f62cf9b55fd395c0435a9bcaea1a6,4,2,1844154726293175647,4425154243183907800,Jumper-v0,biped,static,"(45,)",500,/home/rowanli.tangalin/tpr/tpr/results/hpc_rq1/nominal_analysis/traces/Jumper-v0_biped_static_train004_analysis02.npz
jumper__biped__static__seed_005,/home/rowanli.tangalin/tpr/tpr/results/hpc_rq1/nominal/jumper/biped/static/seed_005,fe7da90b51997cb80cd640a745f5d8b9c8c3f74d53079b2374d144ec903eb8a1,00fd44780c75fc2bf82a6562ae300a72a946e6717513936cfaabbde7a51ed7f5,5,0,6537336262564968459,5568806234066008283,Jumper-v0,biped,static,"(45,)",500,/home/rowanli.tangalin/tpr/tpr/results/hpc_rq1/nominal_analysis/traces/Jumper-v0_biped_static_train005_analysis00.npz
jumper__biped__static__seed_005,/home/rowanli.tangalin/tpr/tpr/results/hpc_rq1/nominal/jumper/biped/static/seed_005,fe7da90b51997cb80cd640a745f5d8b9c8c3f74d53079b2374d144ec903eb8a1,00fd44780c75fc2bf82a6562ae300a72a946e6717513936cfaabbde7a51ed7f5,5,1,7847246716821455116,5175985587420486963,Jumper-v0,biped,static,"(45,)",500,/home/rowanli.tangalin/tpr/tpr/results/hpc_rq1/nominal_analysis/traces/Jumper-v0_biped_static_train005_analysis01.npz
jumper__biped__static__seed_005,/home/rowanli.tangalin/tpr/tpr/results/hpc_rq1/nominal/jumper/biped/static/seed_005,fe7da90b51997cb80cd640a745f5d8b9c8c3f74d53079b2374d144ec903eb8a1,00fd44780c75fc2bf82a6562ae300a72a946e6717513936cfaabbde7a51ed7f5,5,2,8874890859321386193,4629262467755900572,Jumper-v0,biped,static,"(45,)",500,/home/rowanli.tangalin/tpr/tpr/results/hpc_rq1/nominal_analysis/traces/Jumper-v0_biped_static_train005_analysis02.npz
jumper__biped__static__seed_006,/home/rowanli.tangalin/tpr/tpr/results/hpc_rq1/nominal/jumper/biped/static/seed_006,908d5e0947b1e06cc4b56a682b99aa149e7dcfbad3d699e3c844151a7b9e0fc8,4951aac24c35cf8ca173d889d10479f159c282272e3788263389d13881c9532a,6,0,4697810511805331226,1837341966890607914,Jumper-v0,biped,static,"(45,)",500,/home/rowanli.tangalin/tpr/tpr/results/hpc_rq1/nominal_analysis/traces/Jumper-v0_biped_static_train006_analysis00.npz
jumper__biped__static__seed_006,/home/rowanli.tangalin/tpr/tpr/results/hpc_rq1/nominal/jumper/biped/static/seed_006,908d5e0947b1e06cc4b56a682b99aa149e7dcfbad3d699e3c844151a7b9e0fc8,4951aac24c35cf8ca173d889d10479f159c282272e3788263389d13881c9532a,6,1,212357942801270703,7001556810303355477,Jumper-v0,biped,static,"(45,)",500,/home/rowanli.tangalin/tpr/tpr/results/hpc_rq1/nominal_analysis/traces/Jumper-v0_biped_static_train006_analysis01.npz
jumper__biped__static__seed_006,/home/rowanli.tangalin/tpr/tpr/results/hpc_rq1/nominal/jumper/biped/static/seed_006,908d5e0947b1e06cc4b56a682b99aa149e7dcfbad3d699e3c844151a7b9e0fc8,4951aac24c35cf8ca173d889d10479f159c282272e3788263389d13881c9532a,6,2,9197516287707139064,7789448062882196537,Jumper-v0,biped,static,"(45,)",500,/home/rowanli.tangalin/tpr/tpr/results/hpc_rq1/nominal_analysis/traces/Jumper-v0_biped_static_train006_analysis02.npz
jumper__biped__static__seed_007,/home/rowanli.tangalin/tpr/tpr/results/hpc_rq1/nominal/jumper/biped/static/seed_007,704e9cab57822d8db97108fceb2bc5ea665c40eb040480779910087ab1071f08,209c9d136b56592d5a1c75cf24ebb895da1333ba9524c8d6e34b531c78e08d50,7,0,7273538705011962834,3327181185902024434,Jumper-v0,biped,static,"(45,)",500,/home/rowanli.tangalin/tpr/tpr/results/hpc_rq1/nominal_analysis/traces/Jumper-v0_biped_static_train007_analysis00.npz
jumper__biped__static__seed_007,/home/rowanli.tangalin/tpr/tpr/results/hpc_rq1/nominal/jumper/biped/static/seed_007,704e9cab57822d8db97108fceb2bc5ea665c40eb040480779910087ab1071f08,209c9d136b56592d5a1c75cf24ebb895da1333ba9524c8d6e34b531c78e08d50,7,1,219581318861383269,6126904072154767176,Jumper-v0,biped,static,"(45,)",500,/home/rowanli.tangalin/tpr/tpr/results/hpc_rq1/nominal_analysis/traces/Jumper-v0_biped_static_train007_analysis01.npz
jumper__biped__static__seed_007,/home/rowanli.tangalin/tpr/tpr/results/hpc_rq1/nominal/jumper/biped/static/seed_007,704e9cab57822d8db97108fceb2bc5ea665c40eb040480779910087ab1071f08,209c9d136b56592d5a1c75cf24ebb895da1333ba9524c8d6e34b531c78e08d50,7,2,7655123995385766933,8050610523573754527,Jumper-v0,biped,static,"(45,)",500,/home/rowanli.tangalin/tpr/tpr/results/hpc_rq1/nominal_analysis/traces/Jumper-v0_biped_static_train007_analysis02.npz
jumper__biped__static__seed_008,/home/rowanli.tangalin/tpr/tpr/results/hpc_rq1/nominal/jumper/biped/static/seed_008,4d3d3c98b1f56896bd067218a95e7297ef5c50d1653b0b5c8defe61ed350cc3a,f53bc3237be5baea0ff0a631a3dfb0bff749693ddc66e026427ad9708c855162,8,0,4480449054597749916,4714160801966532834,Jumper-v0,biped,static,"(45,)",500,/home/rowanli.tangalin/tpr/tpr/results/hpc_rq1/nominal_analysis/traces/Jumper-v0_biped_static_train008_analysis00.npz
jumper__biped__static__seed_008,/home/rowanli.tangalin/tpr/tpr/results/hpc_rq1/nominal/jumper/biped/static/seed_008,4d3d3c98b1f56896bd067218a95e7297ef5c50d1653b0b5c8defe61ed350cc3a,f53bc3237be5baea0ff0a631a3dfb0bff749693ddc66e026427ad9708c855162,8,1,8169066096088904802,2410012360361453569,Jumper-v0,biped,static,"(45,)",500,/home/rowanli.tangalin/tpr/tpr/results/hpc_rq1/nominal_analysis/traces/Jumper-v0_biped_static_train008_analysis01.npz
jumper__biped__static__seed_008,/home/rowanli.tangalin/tpr/tpr/results/hpc_rq1/nominal/jumper/biped/static/seed_008,4d3d3c98b1f56896bd067218a95e7297ef5c50d1653b0b5c8defe61ed350cc3a,f53bc3237be5baea0ff0a631a3dfb0bff749693ddc66e026427ad9708c855162,8,2,1688151127694054410,5098444150450504360,Jumper-v0,biped,static,"(45,)",500,/home/rowanli.tangalin/tpr/tpr/results/hpc_rq1/nominal_analysis/traces/Jumper-v0_biped_static_train008_analysis02.npz
jumper__biped__static__seed_009,/home/rowanli.tangalin/tpr/tpr/results/hpc_rq1/nominal/jumper/biped/static/seed_009,26dc2708932098cfdc86320ad3008f1281a757efda869ffc3b96162a2064b435,54fe29051620bb37978d000cc4aed122f820be84f9111ecfeee9959d2ae69ed2,9,0,8469251633518957484,5579477484601834272,Jumper-v0,biped,static,"(45,)",500,/home/rowanli.tangalin/tpr/tpr/results/hpc_rq1/nominal_analysis/traces/Jumper-v0_biped_static_train009_analysis00.npz
jumper__biped__static__seed_009,/home/rowanli.tangalin/tpr/tpr/results/hpc_rq1/nominal/jumper/biped/static/seed_009,26dc2708932098cfdc86320ad3008f1281a757efda869ffc3b96162a2064b435,54fe29051620bb37978d000cc4aed122f820be84f9111ecfeee9959d2ae69ed2,9,1,5415548583552718452,3538497439875268043,Jumper-v0,biped,static,"(45,)",500,/home/rowanli.tangalin/tpr/tpr/results/hpc_rq1/nominal_analysis/traces/Jumper-v0_biped_static_train009_analysis01.npz
jumper__biped__static__seed_009,/home/rowanli.tangalin/tpr/tpr/results/hpc_rq1/nominal/jumper/biped/static/seed_009,26dc2708932098cfdc86320ad3008f1281a757efda869ffc3b96162a2064b435,54fe29051620bb37978d000cc4aed122f820be84f9111ecfeee9959d2ae69ed2,9,2,6075971192560964690,5235945277139461518,Jumper-v0,biped,static,"(45,)",500,/home/rowanli.tangalin/tpr/tpr/results/hpc_rq1/nominal_analysis/traces/Jumper-v0_biped_static_train009_analysis02.npz
jumper__biped__nchl__seed_000,/home/rowanli.tangalin/tpr/tpr/results/hpc_rq1/nominal/jumper/biped/nchl/seed_000,872315b412cee97f007c35ed1fff6f53dfb4a69da57fc5eabde7fd62939bbe6b,c032dac4c80c8952cf42085032833ed24c20537b90f0dfb02b608c17a26b9c34,0,0,4940322620982477041,3023897764847979143,Jumper-v0,biped,nchl,"(45,)",500,/home/rowanli.tangalin/tpr/tpr/results/hpc_rq1/nominal_analysis/traces/Jumper-v0_biped_nchl_train000_analysis00.npz
jumper__biped__nchl__seed_000,/home/rowanli.tangalin/tpr/tpr/results/hpc_rq1/nominal/jumper/biped/nchl/seed_000,872315b412cee97f007c35ed1fff6f53dfb4a69da57fc5eabde7fd62939bbe6b,c032dac4c80c8952cf42085032833ed24c20537b90f0dfb02b608c17a26b9c34,0,1,530078296572617688,6966882572876332860,Jumper-v0,biped,nchl,"(45,)",500,/home/rowanli.tangalin/tpr/tpr/results/hpc_rq1/nominal_analysis/traces/Jumper-v0_biped_nchl_train000_analysis01.npz
jumper__biped__nchl__seed_000,/home/rowanli.tangalin/tpr/tpr/results/hpc_rq1/nominal/jumper/biped/nchl/seed_000,872315b412cee97f007c35ed1fff6f53dfb4a69da57fc5eabde7fd62939bbe6b,c032dac4c80c8952cf42085032833ed24c20537b90f0dfb02b608c17a26b9c34,0,2,7210830791768759910,3424438756091539107,Jumper-v0,biped,nchl,"(45,)",500,/home/rowanli.tangalin/tpr/tpr/results/hpc_rq1/nominal_analysis/traces/Jumper-v0_biped_nchl_train000_analysis02.npz
jumper__biped__nchl__seed_001,/home/rowanli.tangalin/tpr/tpr/results/hpc_rq1/nominal/jumper/biped/nchl/seed_001,2d7488e64d9132742d6e7e9a1270351f534764b5c243f88632db05f034f7af03,a977f292cca1bada2a3bed271cb86be96dff1e11bc5d91d20276ec85a97ac940,1,0,5232325836976384581,7172422899355977572,Jumper-v0,biped,nchl,"(45,)",500,/home/rowanli.tangalin/tpr/tpr/results/hpc_rq1/nominal_analysis/traces/Jumper-v0_biped_nchl_train001_analysis00.npz
jumper__biped__nchl__seed_001,/home/rowanli.tangalin/tpr/tpr/results/hpc_rq1/nominal/jumper/biped/nchl/seed_001,2d7488e64d9132742d6e7e9a1270351f534764b5c243f88632db05f034f7af03,a977f292cca1bada2a3bed271cb86be96dff1e11bc5d91d20276ec85a97ac940,1,1,3184075494390970209,9147161066225580108,Jumper-v0,biped,nchl,"(45,)",500,/home/rowanli.tangalin/tpr/tpr/results/hpc_rq1/nominal_analysis/traces/Jumper-v0_biped_nchl_train001_analysis01.npz
jumper__biped__nchl__seed_001,/home/rowanli.tangalin/tpr/tpr/results/hpc_rq1/nominal/jumper/biped/nchl/seed_001,2d7488e64d9132742d6e7e9a1270351f534764b5c243f88632db05f034f7af03,a977f292cca1bada2a3bed271cb86be96dff1e11bc5d91d20276ec85a97ac940,1,2,6337936886056088,9019669384804417704,Jumper-v0,biped,nchl,"(45,)",500,/home/rowanli.tangalin/tpr/tpr/results/hpc_rq1/nominal_analysis/traces/Jumper-v0_biped_nchl_train001_analysis02.npz
jumper__biped__nchl__seed_002,/home/rowanli.tangalin/tpr/tpr/results/hpc_rq1/nominal/jumper/biped/nchl/seed_002,8dfeba175fb7eb5c4af1378c5bb8b090486ea3a9266700a74aa62655d39623f8,30180489815d5f1159bd8494e59d0acf98f8fdfbee4f8173c93219a2785eea60,2,0,4709125304908105630,1244304497912131803,Jumper-v0,biped,nchl,"(45,)",500,/home/rowanli.tangalin/tpr/tpr/results/hpc_rq1/nominal_analysis/traces/Jumper-v0_biped_nchl_train002_analysis00.npz
jumper__biped__nchl__seed_002,/home/rowanli.tangalin/tpr/tpr/results/hpc_rq1/nominal/jumper/biped/nchl/seed_002,8dfeba175fb7eb5c4af1378c5bb8b090486ea3a9266700a74aa62655d39623f8,30180489815d5f1159bd8494e59d0acf98f8fdfbee4f8173c93219a2785eea60,2,1,6789895730674132307,2935584579999248951,Jumper-v0,biped,nchl,"(45,)",500,/home/rowanli.tangalin/tpr/tpr/results/hpc_rq1/nominal_analysis/traces/Jumper-v0_biped_nchl_train002_analysis01.npz
jumper__biped__nchl__seed_002,/home/rowanli.tangalin/tpr/tpr/results/hpc_rq1/nominal/jumper/biped/nchl/seed_002,8dfeba175fb7eb5c4af1378c5bb8b090486ea3a9266700a74aa62655d39623f8,30180489815d5f1159bd8494e59d0acf98f8fdfbee4f8173c93219a2785eea60,2,2,2298876442789069326,7237655472595637189,Jumper-v0,biped,nchl,"(45,)",500,/home/rowanli.tangalin/tpr/tpr/results/hpc_rq1/nominal_analysis/traces/Jumper-v0_biped_nchl_train002_analysis02.npz
jumper__biped__nchl__seed_003,/home/rowanli.tangalin/tpr/tpr/results/hpc_rq1/nominal/jumper/biped/nchl/seed_003,b7330d259859e51fa161413a9d13b9589759e4bfac05cedcac337b8322db95ce,c83d9b59199c471dfea7cadf24ed3dbe0c4072c6717f8ea7a4745a42a3871814,3,0,6875887065855152501,8328361779180904825,Jumper-v0,biped,nchl,"(45,)",500,/home/rowanli.tangalin/tpr/tpr/results/hpc_rq1/nominal_analysis/traces/Jumper-v0_biped_nchl_train003_analysis00.npz
jumper__biped__nchl__seed_003,/home/rowanli.tangalin/tpr/tpr/results/hpc_rq1/nominal/jumper/biped/nchl/seed_003,b7330d259859e51fa161413a9d13b9589759e4bfac05cedcac337b8322db95ce,c83d9b59199c471dfea7cadf24ed3dbe0c4072c6717f8ea7a4745a42a3871814,3,1,2344851983452959862,6171704884853545157,Jumper-v0,biped,nchl,"(45,)",500,/home/rowanli.tangalin/tpr/tpr/results/hpc_rq1/nominal_analysis/traces/Jumper-v0_biped_nchl_train003_analysis01.npz
jumper__biped__nchl__seed_003,/home/rowanli.tangalin/tpr/tpr/results/hpc_rq1/nominal/jumper/biped/nchl/seed_003,b7330d259859e51fa161413a9d13b9589759e4bfac05cedcac337b8322db95ce,c83d9b59199c471dfea7cadf24ed3dbe0c4072c6717f8ea7a4745a42a3871814,3,2,3189270387817152734,2268335290108042879,Jumper-v0,biped,nchl,"(45,)",500,/home/rowanli.tangalin/tpr/tpr/results/hpc_rq1/nominal_analysis/traces/Jumper-v0_biped_nchl_train003_analysis02.npz
jumper__biped__nchl__seed_004,/home/rowanli.tangalin/tpr/tpr/results/hpc_rq1/nominal/jumper/biped/nchl/seed_004,3d170b303eb034a44dff579fb2b38138922d597102744ab15a96df0b98f3621e,ed9e12edd4d9b8b752389d72f9530eed6f881f57b33975a4d726944c2899ff70,4,0,4675618027918977294,6264005447694142635,Jumper-v0,biped,nchl,"(45,)",500,/home/rowanli.tangalin/tpr/tpr/results/hpc_rq1/nominal_analysis/traces/Jumper-v0_biped_nchl_train004_analysis00.npz
jumper__biped__nchl__seed_004,/home/rowanli.tangalin/tpr/tpr/results/hpc_rq1/nominal/jumper/biped/nchl/seed_004,3d170b303eb034a44dff579fb2b38138922d597102744ab15a96df0b98f3621e,ed9e12edd4d9b8b752389d72f9530eed6f881f57b33975a4d726944c2899ff70,4,1,1776748932738538903,3330744174114140836,Jumper-v0,biped,nchl,"(45,)",500,/home/rowanli.tangalin/tpr/tpr/results/hpc_rq1/nominal_analysis/traces/Jumper-v0_biped_nchl_train004_analysis01.npz
jumper__biped__nchl__seed_004,/home/rowanli.tangalin/tpr/tpr/results/hpc_rq1/nominal/jumper/biped/nchl/seed_004,3d170b303eb034a44dff579fb2b38138922d597102744ab15a96df0b98f3621e,ed9e12edd4d9b8b752389d72f9530eed6f881f57b33975a4d726944c2899ff70,4,2,1844154726293175647,4425154243183907800,Jumper-v0,biped,nchl,"(45,)",500,/home/rowanli.tangalin/tpr/tpr/results/hpc_rq1/nominal_analysis/traces/Jumper-v0_biped_nchl_train004_analysis02.npz
jumper__biped__nchl__seed_005,/home/rowanli.tangalin/tpr/tpr/results/hpc_rq1/nominal/jumper/biped/nchl/seed_005,4d326e23ecf3d532353d23b80bf92ab5c762bcdbed32c4a7962b4dda18522331,f2f171e0fd5ef74e5adfb4840871cafb6e76082e6fe5b7eca344fdc8014555c5,5,0,6537336262564968459,5568806234066008283,Jumper-v0,biped,nchl,"(45,)",500,/home/rowanli.tangalin/tpr/tpr/results/hpc_rq1/nominal_analysis/traces/Jumper-v0_biped_nchl_train005_analysis00.npz
jumper__biped__nchl__seed_005,/home/rowanli.tangalin/tpr/tpr/results/hpc_rq1/nominal/jumper/biped/nchl/seed_005,4d326e23ecf3d532353d23b80bf92ab5c762bcdbed32c4a7962b4dda18522331,f2f171e0fd5ef74e5adfb4840871cafb6e76082e6fe5b7eca344fdc8014555c5,5,1,7847246716821455116,5175985587420486963,Jumper-v0,biped,nchl,"(45,)",500,/home/rowanli.tangalin/tpr/tpr/results/hpc_rq1/nominal_analysis/traces/Jumper-v0_biped_nchl_train005_analysis01.npz
jumper__biped__nchl__seed_005,/home/rowanli.tangalin/tpr/tpr/results/hpc_rq1/nominal/jumper/biped/nchl/seed_005,4d326e23ecf3d532353d23b80bf92ab5c762bcdbed32c4a7962b4dda18522331,f2f171e0fd5ef74e5adfb4840871cafb6e76082e6fe5b7eca344fdc8014555c5,5,2,8874890859321386193,4629262467755900572,Jumper-v0,biped,nchl,"(45,)",500,/home/rowanli.tangalin/tpr/tpr/results/hpc_rq1/nominal_analysis/traces/Jumper-v0_biped_nchl_train005_analysis02.npz
jumper__biped__nchl__seed_006,/home/rowanli.tangalin/tpr/tpr/results/hpc_rq1/nominal/jumper/biped/nchl/seed_006,e581d803244e54df0bab78f078df05708a68027df13e734952b5fc1de4915b7f,0cc26d62cc86c7192a261d4229196f8f376d7bf89c2b46336cd51bedfd0f328f,6,0,4697810511805331226,1837341966890607914,Jumper-v0,biped,nchl,"(45,)",500,/home/rowanli.tangalin/tpr/tpr/results/hpc_rq1/nominal_analysis/traces/Jumper-v0_biped_nchl_train006_analysis00.npz
jumper__biped__nchl__seed_006,/home/rowanli.tangalin/tpr/tpr/results/hpc_rq1/nominal/jumper/biped/nchl/seed_006,e581d803244e54df0bab78f078df05708a68027df13e734952b5fc1de4915b7f,0cc26d62cc86c7192a261d4229196f8f376d7bf89c2b46336cd51bedfd0f328f,6,1,212357942801270703,7001556810303355477,Jumper-v0,biped,nchl,"(45,)",500,/home/rowanli.tangalin/tpr/tpr/results/hpc_rq1/nominal_analysis/traces/Jumper-v0_biped_nchl_train006_analysis01.npz
jumper__biped__nchl__seed_006,/home/rowanli.tangalin/tpr/tpr/results/hpc_rq1/nominal/jumper/biped/nchl/seed_006,e581d803244e54df0bab78f078df05708a68027df13e734952b5fc1de4915b7f,0cc26d62cc86c7192a261d4229196f8f376d7bf89c2b46336cd51bedfd0f328f,6,2,9197516287707139064,7789448062882196537,Jumper-v0,biped,nchl,"(45,)",500,/home/rowanli.tangalin/tpr/tpr/results/hpc_rq1/nominal_analysis/traces/Jumper-v0_biped_nchl_train006_analysis02.npz
jumper__biped__nchl__seed_007,/home/rowanli.tangalin/tpr/tpr/results/hpc_rq1/nominal/jumper/biped/nchl/seed_007,9d38fb066983b9e715bc2130dbce759c2b50aa4d458452aeaae5656f36c5bbf5,63cdf755037e5a2006a1a382e443831214d30b290602cf1e57beb60634630920,7,0,7273538705011962834,3327181185902024434,Jumper-v0,biped,nchl,"(45,)",500,/home/rowanli.tangalin/tpr/tpr/results/hpc_rq1/nominal_analysis/traces/Jumper-v0_biped_nchl_train007_analysis00.npz
jumper__biped__nchl__seed_007,/home/rowanli.tangalin/tpr/tpr/results/hpc_rq1/nominal/jumper/biped/nchl/seed_007,9d38fb066983b9e715bc2130dbce759c2b50aa4d458452aeaae5656f36c5bbf5,63cdf755037e5a2006a1a382e443831214d30b290602cf1e57beb60634630920,7,1,219581318861383269,6126904072154767176,Jumper-v0,biped,nchl,"(45,)",500,/home/rowanli.tangalin/tpr/tpr/results/hpc_rq1/nominal_analysis/traces/Jumper-v0_biped_nchl_train007_analysis01.npz
jumper__biped__nchl__seed_007,/home/rowanli.tangalin/tpr/tpr/results/hpc_rq1/nominal/jumper/biped/nchl/seed_007,9d38fb066983b9e715bc2130dbce759c2b50aa4d458452aeaae5656f36c5bbf5,63cdf755037e5a2006a1a382e443831214d30b290602cf1e57beb60634630920,7,2,7655123995385766933,8050610523573754527,Jumper-v0,biped,nchl,"(45,)",500,/home/rowanli.tangalin/tpr/tpr/results/hpc_rq1/nominal_analysis/traces/Jumper-v0_biped_nchl_train007_analysis02.npz
jumper__biped__nchl__seed_008,/home/rowanli.tangalin/tpr/tpr/results/hpc_rq1/nominal/jumper/biped/nchl/seed_008,17aece822f94a514674ab91416f8706dc0a999faff4bdf31d2335a917c51b138,a34173ef43e656c7a3f3a16081281693e59f61101c7c14fa5ab2f7535c42d0dd,8,0,4480449054597749916,4714160801966532834,Jumper-v0,biped,nchl,"(45,)",500,/home/rowanli.tangalin/tpr/tpr/results/hpc_rq1/nominal_analysis/traces/Jumper-v0_biped_nchl_train008_analysis00.npz
jumper__biped__nchl__seed_008,/home/rowanli.tangalin/tpr/tpr/results/hpc_rq1/nominal/jumper/biped/nchl/seed_008,17aece822f94a514674ab91416f8706dc0a999faff4bdf31d2335a917c51b138,a34173ef43e656c7a3f3a16081281693e59f61101c7c14fa5ab2f7535c42d0dd,8,1,8169066096088904802,2410012360361453569,Jumper-v0,biped,nchl,"(45,)",500,/home/rowanli.tangalin/tpr/tpr/results/hpc_rq1/nominal_analysis/traces/Jumper-v0_biped_nchl_train008_analysis01.npz
jumper__biped__nchl__seed_008,/home/rowanli.tangalin/tpr/tpr/results/hpc_rq1/nominal/jumper/biped/nchl/seed_008,17aece822f94a514674ab91416f8706dc0a999faff4bdf31d2335a917c51b138,a34173ef43e656c7a3f3a16081281693e59f61101c7c14fa5ab2f7535c42d0dd,8,2,1688151127694054410,5098444150450504360,Jumper-v0,biped,nchl,"(45,)",500,/home/rowanli.tangalin/tpr/tpr/results/hpc_rq1/nominal_analysis/traces/Jumper-v0_biped_nchl_train008_analysis02.npz
jumper__biped__nchl__seed_009,/home/rowanli.tangalin/tpr/tpr/results/hpc_rq1/nominal/jumper/biped/nchl/seed_009,dd6493e763e8b52272d6e23ac84bf3442efdf77ecb9f951091eff2a2060df0a2,11882e5c3a28f4584bd6e6674778450c2449140cbb8112985a9d4c10211aee17,9,0,8469251633518957484,5579477484601834272,Jumper-v0,biped,nchl,"(45,)",500,/home/rowanli.tangalin/tpr/tpr/results/hpc_rq1/nominal_analysis/traces/Jumper-v0_biped_nchl_train009_analysis00.npz
jumper__biped__nchl__seed_009,/home/rowanli.tangalin/tpr/tpr/results/hpc_rq1/nominal/jumper/biped/nchl/seed_009,dd6493e763e8b52272d6e23ac84bf3442efdf77ecb9f951091eff2a2060df0a2,11882e5c3a28f4584bd6e6674778450c2449140cbb8112985a9d4c10211aee17,9,1,5415548583552718452,3538497439875268043,Jumper-v0,biped,nchl,"(45,)",500,/home/rowanli.tangalin/tpr/tpr/results/hpc_rq1/nominal_analysis/traces/Jumper-v0_biped_nchl_train009_analysis01.npz
jumper__biped__nchl__seed_009,/home/rowanli.tangalin/tpr/tpr/results/hpc_rq1/nominal/jumper/biped/nchl/seed_009,dd6493e763e8b52272d6e23ac84bf3442efdf77ecb9f951091eff2a2060df0a2,11882e5c3a28f4584bd6e6674778450c2449140cbb8112985a9d4c10211aee17,9,2,6075971192560964690,5235945277139461518,Jumper-v0,biped,nchl,"(45,)",500,/home/rowanli.tangalin/tpr/tpr/results/hpc_rq1/nominal_analysis/traces/Jumper-v0_biped_nchl_train009_analysis02.npz
thrower__biped__static__seed_000,/home/rowanli.tangalin/tpr/tpr/results/hpc_rq1/nominal/thrower/biped/static/seed_000,c4b3747d237c45a7d3e671d2ab7b7a2e372a2f091fdccc436c793832a53e428f,e881ba8837e77be3c27619ef5586fcc2071eca3893ab2556364c1424d5797663,0,0,4940322620982477041,3023897764847979143,Thrower-v0,biped,static,"(44,)",300,/home/rowanli.tangalin/tpr/tpr/results/hpc_rq1/nominal_analysis/traces/Thrower-v0_biped_static_train000_analysis00.npz
thrower__biped__static__seed_000,/home/rowanli.tangalin/tpr/tpr/results/hpc_rq1/nominal/thrower/biped/static/seed_000,c4b3747d237c45a7d3e671d2ab7b7a2e372a2f091fdccc436c793832a53e428f,e881ba8837e77be3c27619ef5586fcc2071eca3893ab2556364c1424d5797663,0,1,530078296572617688,6966882572876332860,Thrower-v0,biped,static,"(44,)",300,/home/rowanli.tangalin/tpr/tpr/results/hpc_rq1/nominal_analysis/traces/Thrower-v0_biped_static_train000_analysis01.npz
thrower__biped__static__seed_000,/home/rowanli.tangalin/tpr/tpr/results/hpc_rq1/nominal/thrower/biped/static/seed_000,c4b3747d237c45a7d3e671d2ab7b7a2e372a2f091fdccc436c793832a53e428f,e881ba8837e77be3c27619ef5586fcc2071eca3893ab2556364c1424d5797663,0,2,7210830791768759910,3424438756091539107,Thrower-v0,biped,static,"(44,)",300,/home/rowanli.tangalin/tpr/tpr/results/hpc_rq1/nominal_analysis/traces/Thrower-v0_biped_static_train000_analysis02.npz
thrower__biped__static__seed_001,/home/rowanli.tangalin/tpr/tpr/results/hpc_rq1/nominal/thrower/biped/static/seed_001,56d325f4247b166a1111cce9b3cb6388bd6985374535603edb434169283f1030,8fb588ff156d7c73328dd0a7bd51554da7aa3ab362e0b82bd97bb0531756c34c,1,0,5232325836976384581,7172422899355977572,Thrower-v0,biped,static,"(44,)",300,/home/rowanli.tangalin/tpr/tpr/results/hpc_rq1/nominal_analysis/traces/Thrower-v0_biped_static_train001_analysis00.npz
thrower__biped__static__seed_001,/home/rowanli.tangalin/tpr/tpr/results/hpc_rq1/nominal/thrower/biped/static/seed_001,56d325f4247b166a1111cce9b3cb6388bd6985374535603edb434169283f1030,8fb588ff156d7c73328dd0a7bd51554da7aa3ab362e0b82bd97bb0531756c34c,1,1,3184075494390970209,9147161066225580108,Thrower-v0,biped,static,"(44,)",300,/home/rowanli.tangalin/tpr/tpr/results/hpc_rq1/nominal_analysis/traces/Thrower-v0_biped_static_train001_analysis01.npz
thrower__biped__static__seed_001,/home/rowanli.tangalin/tpr/tpr/results/hpc_rq1/nominal/thrower/biped/static/seed_001,56d325f4247b166a1111cce9b3cb6388bd6985374535603edb434169283f1030,8fb588ff156d7c73328dd0a7bd51554da7aa3ab362e0b82bd97bb0531756c34c,1,2,6337936886056088,9019669384804417704,Thrower-v0,biped,static,"(44,)",300,/home/rowanli.tangalin/tpr/tpr/results/hpc_rq1/nominal_analysis/traces/Thrower-v0_biped_static_train001_analysis02.npz
thrower__biped__static__seed_002,/home/rowanli.tangalin/tpr/tpr/results/hpc_rq1/nominal/thrower/biped/static/seed_002,a47338b42245b2e1d801c79ef9779ad89c321a626bb0fe5a50750b956257e969,a659a570f7efd6b09c810fa85a3cec1a3e5b8e6bfe5ee9bea861b5a792eecf35,2,0,4709125304908105630,1244304497912131803,Thrower-v0,biped,static,"(44,)",300,/home/rowanli.tangalin/tpr/tpr/results/hpc_rq1/nominal_analysis/traces/Thrower-v0_biped_static_train002_analysis00.npz
thrower__biped__static__seed_002,/home/rowanli.tangalin/tpr/tpr/results/hpc_rq1/nominal/thrower/biped/static/seed_002,a47338b42245b2e1d801c79ef9779ad89c321a626bb0fe5a50750b956257e969,a659a570f7efd6b09c810fa85a3cec1a3e5b8e6bfe5ee9bea861b5a792eecf35,2,1,6789895730674132307,2935584579999248951,Thrower-v0,biped,static,"(44,)",300,/home/rowanli.tangalin/tpr/tpr/results/hpc_rq1/nominal_analysis/traces/Thrower-v0_biped_static_train002_analysis01.npz
thrower__biped__static__seed_002,/home/rowanli.tangalin/tpr/tpr/results/hpc_rq1/nominal/thrower/biped/static/seed_002,a47338b42245b2e1d801c79ef9779ad89c321a626bb0fe5a50750b956257e969,a659a570f7efd6b09c810fa85a3cec1a3e5b8e6bfe5ee9bea861b5a792eecf35,2,2,2298876442789069326,7237655472595637189,Thrower-v0,biped,static,"(44,)",300,/home/rowanli.tangalin/tpr/tpr/results/hpc_rq1/nominal_analysis/traces/Thrower-v0_biped_static_train002_analysis02.npz
thrower__biped__static__seed_003,/home/rowanli.tangalin/tpr/tpr/results/hpc_rq1/nominal/thrower/biped/static/seed_003,45677c35932cdd2f142a7dba736086917b039cb20516c56187b57f0dc14b3180,d7b4a5622b06b8e33952ec0193cf9375f8606e538cba6d2ed20755d97610d51c,3,0,6875887065855152501,8328361779180904825,Thrower-v0,biped,static,"(44,)",300,/home/rowanli.tangalin/tpr/tpr/results/hpc_rq1/nominal_analysis/traces/Thrower-v0_biped_static_train003_analysis00.npz
thrower__biped__static__seed_003,/home/rowanli.tangalin/tpr/tpr/results/hpc_rq1/nominal/thrower/biped/static/seed_003,45677c35932cdd2f142a7dba736086917b039cb20516c56187b57f0dc14b3180,d7b4a5622b06b8e33952ec0193cf9375f8606e538cba6d2ed20755d97610d51c,3,1,2344851983452959862,6171704884853545157,Thrower-v0,biped,static,"(44,)",300,/home/rowanli.tangalin/tpr/tpr/results/hpc_rq1/nominal_analysis/traces/Thrower-v0_biped_static_train003_analysis01.npz
thrower__biped__static__seed_003,/home/rowanli.tangalin/tpr/tpr/results/hpc_rq1/nominal/thrower/biped/static/seed_003,45677c35932cdd2f142a7dba736086917b039cb20516c56187b57f0dc14b3180,d7b4a5622b06b8e33952ec0193cf9375f8606e538cba6d2ed20755d97610d51c,3,2,3189270387817152734,2268335290108042879,Thrower-v0,biped,static,"(44,)",300,/home/rowanli.tangalin/tpr/tpr/results/hpc_rq1/nominal_analysis/traces/Thrower-v0_biped_static_train003_analysis02.npz
thrower__biped__static__seed_004,/home/rowanli.tangalin/tpr/tpr/results/hpc_rq1/nominal/thrower/biped/static/seed_004,639520971878746dc252ea35664e6a0e7f0d74355ec633115e9aa9b0fbc1dc67,3bc3eeb43f157e8f5ba0a1f050fe9360d5ec38549b8a4283f2cba013d8932993,4,0,4675618027918977294,6264005447694142635,Thrower-v0,biped,static,"(44,)",300,/home/rowanli.tangalin/tpr/tpr/results/hpc_rq1/nominal_analysis/traces/Thrower-v0_biped_static_train004_analysis00.npz
thrower__biped__static__seed_004,/home/rowanli.tangalin/tpr/tpr/results/hpc_rq1/nominal/thrower/biped/static/seed_004,639520971878746dc252ea35664e6a0e7f0d74355ec633115e9aa9b0fbc1dc67,3bc3eeb43f157e8f5ba0a1f050fe9360d5ec38549b8a4283f2cba013d8932993,4,1,1776748932738538903,3330744174114140836,Thrower-v0,biped,static,"(44,)",300,/home/rowanli.tangalin/tpr/tpr/results/hpc_rq1/nominal_analysis/traces/Thrower-v0_biped_static_train004_analysis01.npz
thrower__biped__static__seed_004,/home/rowanli.tangalin/tpr/tpr/results/hpc_rq1/nominal/thrower/biped/static/seed_004,639520971878746dc252ea35664e6a0e7f0d74355ec633115e9aa9b0fbc1dc67,3bc3eeb43f157e8f5ba0a1f050fe9360d5ec38549b8a4283f2cba013d8932993,4,2,1844154726293175647,4425154243183907800,Thrower-v0,biped,static,"(44,)",300,/home/rowanli.tangalin/tpr/tpr/results/hpc_rq1/nominal_analysis/traces/Thrower-v0_biped_static_train004_analysis02.npz
thrower__biped__static__seed_005,/home/rowanli.tangalin/tpr/tpr/results/hpc_rq1/nominal/thrower/biped/static/seed_005,8ca533c2b9dd90ef51b17faeee0d5fbd8affdc2df88496bdf301779da7d120be,04429dd92889a1e63df3979f3f52e63a39db1f83c821ca1845ff88f25152e90a,5,0,6537336262564968459,5568806234066008283,Thrower-v0,biped,static,"(44,)",300,/home/rowanli.tangalin/tpr/tpr/results/hpc_rq1/nominal_analysis/traces/Thrower-v0_biped_static_train005_analysis00.npz
thrower__biped__static__seed_005,/home/rowanli.tangalin/tpr/tpr/results/hpc_rq1/nominal/thrower/biped/static/seed_005,8ca533c2b9dd90ef51b17faeee0d5fbd8affdc2df88496bdf301779da7d120be,04429dd92889a1e63df3979f3f52e63a39db1f83c821ca1845ff88f25152e90a,5,1,7847246716821455116,5175985587420486963,Thrower-v0,biped,static,"(44,)",300,/home/rowanli.tangalin/tpr/tpr/results/hpc_rq1/nominal_analysis/traces/Thrower-v0_biped_static_train005_analysis01.npz
thrower__biped__static__seed_005,/home/rowanli.tangalin/tpr/tpr/results/hpc_rq1/nominal/thrower/biped/static/seed_005,8ca533c2b9dd90ef51b17faeee0d5fbd8affdc2df88496bdf301779da7d120be,04429dd92889a1e63df3979f3f52e63a39db1f83c821ca1845ff88f25152e90a,5,2,8874890859321386193,4629262467755900572,Thrower-v0,biped,static,"(44,)",300,/home/rowanli.tangalin/tpr/tpr/results/hpc_rq1/nominal_analysis/traces/Thrower-v0_biped_static_train005_analysis02.npz
thrower__biped__static__seed_006,/home/rowanli.tangalin/tpr/tpr/results/hpc_rq1/nominal/thrower/biped/static/seed_006,3654bd4877d0e846ff933749c9a90b950a81123c5a74ac12dca5a0eca5c1883a,22cf2ad5777f747795b331e974c4cac301888a1dba7ff997959cb1a754bdfc08,6,0,4697810511805331226,1837341966890607914,Thrower-v0,biped,static,"(44,)",300,/home/rowanli.tangalin/tpr/tpr/results/hpc_rq1/nominal_analysis/traces/Thrower-v0_biped_static_train006_analysis00.npz
thrower__biped__static__seed_006,/home/rowanli.tangalin/tpr/tpr/results/hpc_rq1/nominal/thrower/biped/static/seed_006,3654bd4877d0e846ff933749c9a90b950a81123c5a74ac12dca5a0eca5c1883a,22cf2ad5777f747795b331e974c4cac301888a1dba7ff997959cb1a754bdfc08,6,1,212357942801270703,7001556810303355477,Thrower-v0,biped,static,"(44,)",300,/home/rowanli.tangalin/tpr/tpr/results/hpc_rq1/nominal_analysis/traces/Thrower-v0_biped_static_train006_analysis01.npz
thrower__biped__static__seed_006,/home/rowanli.tangalin/tpr/tpr/results/hpc_rq1/nominal/thrower/biped/static/seed_006,3654bd4877d0e846ff933749c9a90b950a81123c5a74ac12dca5a0eca5c1883a,22cf2ad5777f747795b331e974c4cac301888a1dba7ff997959cb1a754bdfc08,6,2,9197516287707139064,7789448062882196537,Thrower-v0,biped,static,"(44,)",300,/home/rowanli.tangalin/tpr/tpr/results/hpc_rq1/nominal_analysis/traces/Thrower-v0_biped_static_train006_analysis02.npz
thrower__biped__static__seed_007,/home/rowanli.tangalin/tpr/tpr/results/hpc_rq1/nominal/thrower/biped/static/seed_007,2459838292d8d8e81a4bf62bba2f1e681585662bab081477a368695d631a57d9,d32a025c0ffd31e406531e12f2e16ac431a33bb70cfab762448b0efd2f1fa028,7,0,7273538705011962834,3327181185902024434,Thrower-v0,biped,static,"(44,)",300,/home/rowanli.tangalin/tpr/tpr/results/hpc_rq1/nominal_analysis/traces/Thrower-v0_biped_static_train007_analysis00.npz
thrower__biped__static__seed_007,/home/rowanli.tangalin/tpr/tpr/results/hpc_rq1/nominal/thrower/biped/static/seed_007,2459838292d8d8e81a4bf62bba2f1e681585662bab081477a368695d631a57d9,d32a025c0ffd31e406531e12f2e16ac431a33bb70cfab762448b0efd2f1fa028,7,1,219581318861383269,6126904072154767176,Thrower-v0,biped,static,"(44,)",300,/home/rowanli.tangalin/tpr/tpr/results/hpc_rq1/nominal_analysis/traces/Thrower-v0_biped_static_train007_analysis01.npz
thrower__biped__static__seed_007,/home/rowanli.tangalin/tpr/tpr/results/hpc_rq1/nominal/thrower/biped/static/seed_007,2459838292d8d8e81a4bf62bba2f1e681585662bab081477a368695d631a57d9,d32a025c0ffd31e406531e12f2e16ac431a33bb70cfab762448b0efd2f1fa028,7,2,7655123995385766933,8050610523573754527,Thrower-v0,biped,static,"(44,)",300,/home/rowanli.tangalin/tpr/tpr/results/hpc_rq1/nominal_analysis/traces/Thrower-v0_biped_static_train007_analysis02.npz
thrower__biped__static__seed_008,/home/rowanli.tangalin/tpr/tpr/results/hpc_rq1/nominal/thrower/biped/static/seed_008,0b8338fd4331b9e7ef63b16e424c3baf6cda56155c67873eac2ff91b97d9d490,4b4f0684ef6d12c6fdd36b8bda2754927aa5eec0f5e3ffc32fd08cfcf180dcfa,8,0,4480449054597749916,4714160801966532834,Thrower-v0,biped,static,"(44,)",300,/home/rowanli.tangalin/tpr/tpr/results/hpc_rq1/nominal_analysis/traces/Thrower-v0_biped_static_train008_analysis00.npz
thrower__biped__static__seed_008,/home/rowanli.tangalin/tpr/tpr/results/hpc_rq1/nominal/thrower/biped/static/seed_008,0b8338fd4331b9e7ef63b16e424c3baf6cda56155c67873eac2ff91b97d9d490,4b4f0684ef6d12c6fdd36b8bda2754927aa5eec0f5e3ffc32fd08cfcf180dcfa,8,1,8169066096088904802,2410012360361453569,Thrower-v0,biped,static,"(44,)",300,/home/rowanli.tangalin/tpr/tpr/results/hpc_rq1/nominal_analysis/traces/Thrower-v0_biped_static_train008_analysis01.npz
thrower__biped__static__seed_008,/home/rowanli.tangalin/tpr/tpr/results/hpc_rq1/nominal/thrower/biped/static/seed_008,0b8338fd4331b9e7ef63b16e424c3baf6cda56155c67873eac2ff91b97d9d490,4b4f0684ef6d12c6fdd36b8bda2754927aa5eec0f5e3ffc32fd08cfcf180dcfa,8,2,1688151127694054410,5098444150450504360,Thrower-v0,biped,static,"(44,)",300,/home/rowanli.tangalin/tpr/tpr/results/hpc_rq1/nominal_analysis/traces/Thrower-v0_biped_static_train008_analysis02.npz
thrower__biped__static__seed_009,/home/rowanli.tangalin/tpr/tpr/results/hpc_rq1/nominal/thrower/biped/static/seed_009,fe8905cf5c4889f9a938d0c23a6b01b6882b6df97b9c2d1ade7e1abb81bb3f5c,5200209f240a94a3717b7de8236ef7706413fc6de1c19715871efc3f314ce080,9,0,8469251633518957484,5579477484601834272,Thrower-v0,biped,static,"(44,)",300,/home/rowanli.tangalin/tpr/tpr/results/hpc_rq1/nominal_analysis/traces/Thrower-v0_biped_static_train009_analysis00.npz
thrower__biped__static__seed_009,/home/rowanli.tangalin/tpr/tpr/results/hpc_rq1/nominal/thrower/biped/static/seed_009,fe8905cf5c4889f9a938d0c23a6b01b6882b6df97b9c2d1ade7e1abb81bb3f5c,5200209f240a94a3717b7de8236ef7706413fc6de1c19715871efc3f314ce080,9,1,5415548583552718452,3538497439875268043,Thrower-v0,biped,static,"(44,)",300,/home/rowanli.tangalin/tpr/tpr/results/hpc_rq1/nominal_analysis/traces/Thrower-v0_biped_static_train009_analysis01.npz
thrower__biped__static__seed_009,/home/rowanli.tangalin/tpr/tpr/results/hpc_rq1/nominal/thrower/biped/static/seed_009,fe8905cf5c4889f9a938d0c23a6b01b6882b6df97b9c2d1ade7e1abb81bb3f5c,5200209f240a94a3717b7de8236ef7706413fc6de1c19715871efc3f314ce080,9,2,6075971192560964690,5235945277139461518,Thrower-v0,biped,static,"(44,)",300,/home/rowanli.tangalin/tpr/tpr/results/hpc_rq1/nominal_analysis/traces/Thrower-v0_biped_static_train009_analysis02.npz
thrower__biped__nchl__seed_000,/home/rowanli.tangalin/tpr/tpr/results/hpc_rq1/nominal/thrower/biped/nchl/seed_000,85f126dee04b2643fd0a4d9b2ef470847203371bbbe8b42ed6421f202795e987,19ffbe01742184a854d5e4e241414b5bad39e11efffecec5f032e04b9c191ab2,0,0,4940322620982477041,3023897764847979143,Thrower-v0,biped,nchl,"(44,)",300,/home/rowanli.tangalin/tpr/tpr/results/hpc_rq1/nominal_analysis/traces/Thrower-v0_biped_nchl_train000_analysis00.npz
thrower__biped__nchl__seed_000,/home/rowanli.tangalin/tpr/tpr/results/hpc_rq1/nominal/thrower/biped/nchl/seed_000,85f126dee04b2643fd0a4d9b2ef470847203371bbbe8b42ed6421f202795e987,19ffbe01742184a854d5e4e241414b5bad39e11efffecec5f032e04b9c191ab2,0,1,530078296572617688,6966882572876332860,Thrower-v0,biped,nchl,"(44,)",300,/home/rowanli.tangalin/tpr/tpr/results/hpc_rq1/nominal_analysis/traces/Thrower-v0_biped_nchl_train000_analysis01.npz
thrower__biped__nchl__seed_000,/home/rowanli.tangalin/tpr/tpr/results/hpc_rq1/nominal/thrower/biped/nchl/seed_000,85f126dee04b2643fd0a4d9b2ef470847203371bbbe8b42ed6421f202795e987,19ffbe01742184a854d5e4e241414b5bad39e11efffecec5f032e04b9c191ab2,0,2,7210830791768759910,3424438756091539107,Thrower-v0,biped,nchl,"(44,)",300,/home/rowanli.tangalin/tpr/tpr/results/hpc_rq1/nominal_analysis/traces/Thrower-v0_biped_nchl_train000_analysis02.npz
thrower__biped__nchl__seed_001,/home/rowanli.tangalin/tpr/tpr/results/hpc_rq1/nominal/thrower/biped/nchl/seed_001,61c08966474b56dd6b98017a698cbb37b8b727f4a69ae24d377b42e027741555,61505cf928bce783417d7c4951c786c27ba556fbbd92e472fd3223a1ebc3ce1d,1,0,5232325836976384581,7172422899355977572,Thrower-v0,biped,nchl,"(44,)",300,/home/rowanli.tangalin/tpr/tpr/results/hpc_rq1/nominal_analysis/traces/Thrower-v0_biped_nchl_train001_analysis00.npz
thrower__biped__nchl__seed_001,/home/rowanli.tangalin/tpr/tpr/results/hpc_rq1/nominal/thrower/biped/nchl/seed_001,61c08966474b56dd6b98017a698cbb37b8b727f4a69ae24d377b42e027741555,61505cf928bce783417d7c4951c786c27ba556fbbd92e472fd3223a1ebc3ce1d,1,1,3184075494390970209,9147161066225580108,Thrower-v0,biped,nchl,"(44,)",300,/home/rowanli.tangalin/tpr/tpr/results/hpc_rq1/nominal_analysis/traces/Thrower-v0_biped_nchl_train001_analysis01.npz
thrower__biped__nchl__seed_001,/home/rowanli.tangalin/tpr/tpr/results/hpc_rq1/nominal/thrower/biped/nchl/seed_001,61c08966474b56dd6b98017a698cbb37b8b727f4a69ae24d377b42e027741555,61505cf928bce783417d7c4951c786c27ba556fbbd92e472fd3223a1ebc3ce1d,1,2,6337936886056088,9019669384804417704,Thrower-v0,biped,nchl,"(44,)",300,/home/rowanli.tangalin/tpr/tpr/results/hpc_rq1/nominal_analysis/traces/Thrower-v0_biped_nchl_train001_analysis02.npz
thrower__biped__nchl__seed_002,/home/rowanli.tangalin/tpr/tpr/results/hpc_rq1/nominal/thrower/biped/nchl/seed_002,d80ec06808ec47fdf5b72777017b12eafdb3c945892b323b16599af5b95527ee,42a85fc52e98b2a33fbe6d61ca13ee32688f9b4feabcd30f24fd5815168d5308,2,0,4709125304908105630,1244304497912131803,Thrower-v0,biped,nchl,"(44,)",300,/home/rowanli.tangalin/tpr/tpr/results/hpc_rq1/nominal_analysis/traces/Thrower-v0_biped_nchl_train002_analysis00.npz
thrower__biped__nchl__seed_002,/home/rowanli.tangalin/tpr/tpr/results/hpc_rq1/nominal/thrower/biped/nchl/seed_002,d80ec06808ec47fdf5b72777017b12eafdb3c945892b323b16599af5b95527ee,42a85fc52e98b2a33fbe6d61ca13ee32688f9b4feabcd30f24fd5815168d5308,2,1,6789895730674132307,2935584579999248951,Thrower-v0,biped,nchl,"(44,)",300,/home/rowanli.tangalin/tpr/tpr/results/hpc_rq1/nominal_analysis/traces/Thrower-v0_biped_nchl_train002_analysis01.npz
thrower__biped__nchl__seed_002,/home/rowanli.tangalin/tpr/tpr/results/hpc_rq1/nominal/thrower/biped/nchl/seed_002,d80ec06808ec47fdf5b72777017b12eafdb3c945892b323b16599af5b95527ee,42a85fc52e98b2a33fbe6d61ca13ee32688f9b4feabcd30f24fd5815168d5308,2,2,2298876442789069326,7237655472595637189,Thrower-v0,biped,nchl,"(44,)",300,/home/rowanli.tangalin/tpr/tpr/results/hpc_rq1/nominal_analysis/traces/Thrower-v0_biped_nchl_train002_analysis02.npz
thrower__biped__nchl__seed_003,/home/rowanli.tangalin/tpr/tpr/results/hpc_rq1/nominal/thrower/biped/nchl/seed_003,57ac6a2fa248a33477e504320336e3b55e66ca312ca9c8c0f68fcf09dad7fbae,381f2f706a69dfec32e067ad8852652d36f152a59a3a162ce0bb6526d10834b9,3,0,6875887065855152501,8328361779180904825,Thrower-v0,biped,nchl,"(44,)",300,/home/rowanli.tangalin/tpr/tpr/results/hpc_rq1/nominal_analysis/traces/Thrower-v0_biped_nchl_train003_analysis00.npz
thrower__biped__nchl__seed_003,/home/rowanli.tangalin/tpr/tpr/results/hpc_rq1/nominal/thrower/biped/nchl/seed_003,57ac6a2fa248a33477e504320336e3b55e66ca312ca9c8c0f68fcf09dad7fbae,381f2f706a69dfec32e067ad8852652d36f152a59a3a162ce0bb6526d10834b9,3,1,2344851983452959862,6171704884853545157,Thrower-v0,biped,nchl,"(44,)",300,/home/rowanli.tangalin/tpr/tpr/results/hpc_rq1/nominal_analysis/traces/Thrower-v0_biped_nchl_train003_analysis01.npz
thrower__biped__nchl__seed_003,/home/rowanli.tangalin/tpr/tpr/results/hpc_rq1/nominal/thrower/biped/nchl/seed_003,57ac6a2fa248a33477e504320336e3b55e66ca312ca9c8c0f68fcf09dad7fbae,381f2f706a69dfec32e067ad8852652d36f152a59a3a162ce0bb6526d10834b9,3,2,3189270387817152734,2268335290108042879,Thrower-v0,biped,nchl,"(44,)",300,/home/rowanli.tangalin/tpr/tpr/results/hpc_rq1/nominal_analysis/traces/Thrower-v0_biped_nchl_train003_analysis02.npz
thrower__biped__nchl__seed_004,/home/rowanli.tangalin/tpr/tpr/results/hpc_rq1/nominal/thrower/biped/nchl/seed_004,49d045e37cb26992b0baf20938b565e78c5cd47cb678ec5007a6d626bd4b858f,3475f76ccfa8cd8f58053686172b8761fe4b927e16f7660324843de664cd2b53,4,0,4675618027918977294,6264005447694142635,Thrower-v0,biped,nchl,"(44,)",300,/home/rowanli.tangalin/tpr/tpr/results/hpc_rq1/nominal_analysis/traces/Thrower-v0_biped_nchl_train004_analysis00.npz
thrower__biped__nchl__seed_004,/home/rowanli.tangalin/tpr/tpr/results/hpc_rq1/nominal/thrower/biped/nchl/seed_004,49d045e37cb26992b0baf20938b565e78c5cd47cb678ec5007a6d626bd4b858f,3475f76ccfa8cd8f58053686172b8761fe4b927e16f7660324843de664cd2b53,4,1,1776748932738538903,3330744174114140836,Thrower-v0,biped,nchl,"(44,)",300,/home/rowanli.tangalin/tpr/tpr/results/hpc_rq1/nominal_analysis/traces/Thrower-v0_biped_nchl_train004_analysis01.npz
thrower__biped__nchl__seed_004,/home/rowanli.tangalin/tpr/tpr/results/hpc_rq1/nominal/thrower/biped/nchl/seed_004,49d045e37cb26992b0baf20938b565e78c5cd47cb678ec5007a6d626bd4b858f,3475f76ccfa8cd8f58053686172b8761fe4b927e16f7660324843de664cd2b53,4,2,1844154726293175647,4425154243183907800,Thrower-v0,biped,nchl,"(44,)",300,/home/rowanli.tangalin/tpr/tpr/results/hpc_rq1/nominal_analysis/traces/Thrower-v0_biped_nchl_train004_analysis02.npz
thrower__biped__nchl__seed_005,/home/rowanli.tangalin/tpr/tpr/results/hpc_rq1/nominal/thrower/biped/nchl/seed_005,55f9470589187f844cbca3c99c1228d620e3cd3b9f48f2d30134c47f9a10f22c,fb9a66f945c3bf19dc87f23c33324dfc92ede9618acd8e8da3dc1809eb3efb44,5,0,6537336262564968459,5568806234066008283,Thrower-v0,biped,nchl,"(44,)",300,/home/rowanli.tangalin/tpr/tpr/results/hpc_rq1/nominal_analysis/traces/Thrower-v0_biped_nchl_train005_analysis00.npz
thrower__biped__nchl__seed_005,/home/rowanli.tangalin/tpr/tpr/results/hpc_rq1/nominal/thrower/biped/nchl/seed_005,55f9470589187f844cbca3c99c1228d620e3cd3b9f48f2d30134c47f9a10f22c,fb9a66f945c3bf19dc87f23c33324dfc92ede9618acd8e8da3dc1809eb3efb44,5,1,7847246716821455116,5175985587420486963,Thrower-v0,biped,nchl,"(44,)",300,/home/rowanli.tangalin/tpr/tpr/results/hpc_rq1/nominal_analysis/traces/Thrower-v0_biped_nchl_train005_analysis01.npz
thrower__biped__nchl__seed_005,/home/rowanli.tangalin/tpr/tpr/results/hpc_rq1/nominal/thrower/biped/nchl/seed_005,55f9470589187f844cbca3c99c1228d620e3cd3b9f48f2d30134c47f9a10f22c,fb9a66f945c3bf19dc87f23c33324dfc92ede9618acd8e8da3dc1809eb3efb44,5,2,8874890859321386193,4629262467755900572,Thrower-v0,biped,nchl,"(44,)",300,/home/rowanli.tangalin/tpr/tpr/results/hpc_rq1/nominal_analysis/traces/Thrower-v0_biped_nchl_train005_analysis02.npz
thrower__biped__nchl__seed_006,/home/rowanli.tangalin/tpr/tpr/results/hpc_rq1/nominal/thrower/biped/nchl/seed_006,fc393af65600376e2f98ff47e06159dc842b6adfc5910101c29da53f1f9725b5,1f9e662b86242969180f7109e257dcee56c669ef7c3bf9db01b660f336514a01,6,0,4697810511805331226,1837341966890607914,Thrower-v0,biped,nchl,"(44,)",300,/home/rowanli.tangalin/tpr/tpr/results/hpc_rq1/nominal_analysis/traces/Thrower-v0_biped_nchl_train006_analysis00.npz
thrower__biped__nchl__seed_006,/home/rowanli.tangalin/tpr/tpr/results/hpc_rq1/nominal/thrower/biped/nchl/seed_006,fc393af65600376e2f98ff47e06159dc842b6adfc5910101c29da53f1f9725b5,1f9e662b86242969180f7109e257dcee56c669ef7c3bf9db01b660f336514a01,6,1,212357942801270703,7001556810303355477,Thrower-v0,biped,nchl,"(44,)",300,/home/rowanli.tangalin/tpr/tpr/results/hpc_rq1/nominal_analysis/traces/Thrower-v0_biped_nchl_train006_analysis01.npz
thrower__biped__nchl__seed_006,/home/rowanli.tangalin/tpr/tpr/results/hpc_rq1/nominal/thrower/biped/nchl/seed_006,fc393af65600376e2f98ff47e06159dc842b6adfc5910101c29da53f1f9725b5,1f9e662b86242969180f7109e257dcee56c669ef7c3bf9db01b660f336514a01,6,2,9197516287707139064,7789448062882196537,Thrower-v0,biped,nchl,"(44,)",300,/home/rowanli.tangalin/tpr/tpr/results/hpc_rq1/nominal_analysis/traces/Thrower-v0_biped_nchl_train006_analysis02.npz
thrower__biped__nchl__seed_007,/home/rowanli.tangalin/tpr/tpr/results/hpc_rq1/nominal/thrower/biped/nchl/seed_007,16cbc6c4b3eb41025ec2c1e0622e099ad6e12a8dab950cbb6e0e239ec33c78e2,9293d8be8770fb8b2f01c1c431d968d24d892f8348c6b6cfe91e3e694fe26430,7,0,7273538705011962834,3327181185902024434,Thrower-v0,biped,nchl,"(44,)",300,/home/rowanli.tangalin/tpr/tpr/results/hpc_rq1/nominal_analysis/traces/Thrower-v0_biped_nchl_train007_analysis00.npz
thrower__biped__nchl__seed_007,/home/rowanli.tangalin/tpr/tpr/results/hpc_rq1/nominal/thrower/biped/nchl/seed_007,16cbc6c4b3eb41025ec2c1e0622e099ad6e12a8dab950cbb6e0e239ec33c78e2,9293d8be8770fb8b2f01c1c431d968d24d892f8348c6b6cfe91e3e694fe26430,7,1,219581318861383269,6126904072154767176,Thrower-v0,biped,nchl,"(44,)",300,/home/rowanli.tangalin/tpr/tpr/results/hpc_rq1/nominal_analysis/traces/Thrower-v0_biped_nchl_train007_analysis01.npz
thrower__biped__nchl__seed_007,/home/rowanli.tangalin/tpr/tpr/results/hpc_rq1/nominal/thrower/biped/nchl/seed_007,16cbc6c4b3eb41025ec2c1e0622e099ad6e12a8dab950cbb6e0e239ec33c78e2,9293d8be8770fb8b2f01c1c431d968d24d892f8348c6b6cfe91e3e694fe26430,7,2,7655123995385766933,8050610523573754527,Thrower-v0,biped,nchl,"(44,)",300,/home/rowanli.tangalin/tpr/tpr/results/hpc_rq1/nominal_analysis/traces/Thrower-v0_biped_nchl_train007_analysis02.npz
thrower__biped__nchl__seed_008,/home/rowanli.tangalin/tpr/tpr/results/hpc_rq1/nominal/thrower/biped/nchl/seed_008,89479f2c5e55b30dfa240041e89c07044bd88e4c380d9b52a4635807282e3882,386750d4853f3e81c5d0c5ce5b6b12dd50a5f3693530c5141c707aebce78e149,8,0,4480449054597749916,4714160801966532834,Thrower-v0,biped,nchl,"(44,)",300,/home/rowanli.tangalin/tpr/tpr/results/hpc_rq1/nominal_analysis/traces/Thrower-v0_biped_nchl_train008_analysis00.npz
thrower__biped__nchl__seed_008,/home/rowanli.tangalin/tpr/tpr/results/hpc_rq1/nominal/thrower/biped/nchl/seed_008,89479f2c5e55b30dfa240041e89c07044bd88e4c380d9b52a4635807282e3882,386750d4853f3e81c5d0c5ce5b6b12dd50a5f3693530c5141c707aebce78e149,8,1,8169066096088904802,2410012360361453569,Thrower-v0,biped,nchl,"(44,)",300,/home/rowanli.tangalin/tpr/tpr/results/hpc_rq1/nominal_analysis/traces/Thrower-v0_biped_nchl_train008_analysis01.npz
thrower__biped__nchl__seed_008,/home/rowanli.tangalin/tpr/tpr/results/hpc_rq1/nominal/thrower/biped/nchl/seed_008,89479f2c5e55b30dfa240041e89c07044bd88e4c380d9b52a4635807282e3882,386750d4853f3e81c5d0c5ce5b6b12dd50a5f3693530c5141c707aebce78e149,8,2,1688151127694054410,5098444150450504360,Thrower-v0,biped,nchl,"(44,)",300,/home/rowanli.tangalin/tpr/tpr/results/hpc_rq1/nominal_analysis/traces/Thrower-v0_biped_nchl_train008_analysis02.npz
thrower__biped__nchl__seed_009,/home/rowanli.tangalin/tpr/tpr/results/hpc_rq1/nominal/thrower/biped/nchl/seed_009,98722ce097a22114dfda873eacbddad1a417b8e2e5716ed9a13401116eaf3ce4,654b258558320dba36c760d416d12588b713ad9152e48e38ab31a6384bc49ec4,9,0,8469251633518957484,5579477484601834272,Thrower-v0,biped,nchl,"(44,)",300,/home/rowanli.tangalin/tpr/tpr/results/hpc_rq1/nominal_analysis/traces/Thrower-v0_biped_nchl_train009_analysis00.npz
thrower__biped__nchl__seed_009,/home/rowanli.tangalin/tpr/tpr/results/hpc_rq1/nominal/thrower/biped/nchl/seed_009,98722ce097a22114dfda873eacbddad1a417b8e2e5716ed9a13401116eaf3ce4,654b258558320dba36c760d416d12588b713ad9152e48e38ab31a6384bc49ec4,9,1,5415548583552718452,3538497439875268043,Thrower-v0,biped,nchl,"(44,)",300,/home/rowanli.tangalin/tpr/tpr/results/hpc_rq1/nominal_analysis/traces/Thrower-v0_biped_nchl_train009_analysis01.npz
thrower__biped__nchl__seed_009,/home/rowanli.tangalin/tpr/tpr/results/hpc_rq1/nominal/thrower/biped/nchl/seed_009,98722ce097a22114dfda873eacbddad1a417b8e2e5716ed9a13401116eaf3ce4,654b258558320dba36c760d416d12588b713ad9152e48e38ab31a6384bc49ec4,9,2,6075971192560964690,5235945277139461518,Thrower-v0,biped,nchl,"(44,)",300,/home/rowanli.tangalin/tpr/tpr/results/hpc_rq1/nominal_analysis/traces/Thrower-v0_biped_nchl_train009_analysis02.npz
thrower__thrower_arm__static__seed_000,/home/rowanli.tangalin/tpr/tpr/results/hpc_rq1/nominal/thrower/thrower_arm/static/seed_000,6ece6d25342b6b98baf4ceb7df4ee0fb1adca2cc73c300e75f5fc41b611155cb,4d3b64686933db996f2ab4d6f024fff188151116f56aa090fe5e57ea6935954f,0,0,4940322620982477041,3023897764847979143,Thrower-v0,thrower_arm,static,"(92,)",300,/home/rowanli.tangalin/tpr/tpr/results/hpc_rq1/nominal_analysis/traces/Thrower-v0_thrower_arm_static_train000_analysis00.npz
thrower__thrower_arm__static__seed_000,/home/rowanli.tangalin/tpr/tpr/results/hpc_rq1/nominal/thrower/thrower_arm/static/seed_000,6ece6d25342b6b98baf4ceb7df4ee0fb1adca2cc73c300e75f5fc41b611155cb,4d3b64686933db996f2ab4d6f024fff188151116f56aa090fe5e57ea6935954f,0,1,530078296572617688,6966882572876332860,Thrower-v0,thrower_arm,static,"(92,)",300,/home/rowanli.tangalin/tpr/tpr/results/hpc_rq1/nominal_analysis/traces/Thrower-v0_thrower_arm_static_train000_analysis01.npz
thrower__thrower_arm__static__seed_000,/home/rowanli.tangalin/tpr/tpr/results/hpc_rq1/nominal/thrower/thrower_arm/static/seed_000,6ece6d25342b6b98baf4ceb7df4ee0fb1adca2cc73c300e75f5fc41b611155cb,4d3b64686933db996f2ab4d6f024fff188151116f56aa090fe5e57ea6935954f,0,2,7210830791768759910,3424438756091539107,Thrower-v0,thrower_arm,static,"(92,)",300,/home/rowanli.tangalin/tpr/tpr/results/hpc_rq1/nominal_analysis/traces/Thrower-v0_thrower_arm_static_train000_analysis02.npz
thrower__thrower_arm__static__seed_001,/home/rowanli.tangalin/tpr/tpr/results/hpc_rq1/nominal/thrower/thrower_arm/static/seed_001,46e767f4e37f17b200b32ec4ad88ebc2ce50020bd4e4a456e9b9b8f8dad12a2c,d2eef728c57a39829c197dc115d8758d3c10e2a8c417d9d870680884df782194,1,0,5232325836976384581,7172422899355977572,Thrower-v0,thrower_arm,static,"(92,)",300,/home/rowanli.tangalin/tpr/tpr/results/hpc_rq1/nominal_analysis/traces/Thrower-v0_thrower_arm_static_train001_analysis00.npz
thrower__thrower_arm__static__seed_001,/home/rowanli.tangalin/tpr/tpr/results/hpc_rq1/nominal/thrower/thrower_arm/static/seed_001,46e767f4e37f17b200b32ec4ad88ebc2ce50020bd4e4a456e9b9b8f8dad12a2c,d2eef728c57a39829c197dc115d8758d3c10e2a8c417d9d870680884df782194,1,1,3184075494390970209,9147161066225580108,Thrower-v0,thrower_arm,static,"(92,)",300,/home/rowanli.tangalin/tpr/tpr/results/hpc_rq1/nominal_analysis/traces/Thrower-v0_thrower_arm_static_train001_analysis01.npz
thrower__thrower_arm__static__seed_001,/home/rowanli.tangalin/tpr/tpr/results/hpc_rq1/nominal/thrower/thrower_arm/static/seed_001,46e767f4e37f17b200b32ec4ad88ebc2ce50020bd4e4a456e9b9b8f8dad12a2c,d2eef728c57a39829c197dc115d8758d3c10e2a8c417d9d870680884df782194,1,2,6337936886056088,9019669384804417704,Thrower-v0,thrower_arm,static,"(92,)",300,/home/rowanli.tangalin/tpr/tpr/results/hpc_rq1/nominal_analysis/traces/Thrower-v0_thrower_arm_static_train001_analysis02.npz
thrower__thrower_arm__static__seed_002,/home/rowanli.tangalin/tpr/tpr/results/hpc_rq1/nominal/thrower/thrower_arm/static/seed_002,1df60a7c62887d6eee069f8bfab8f2c47c9bcea99bdb8b5155e45b8ba7400be8,5587af88328578ecd8bebcb869113db1acdbcd264c6208dbd0aeb591e3479b4f,2,0,4709125304908105630,1244304497912131803,Thrower-v0,thrower_arm,static,"(92,)",300,/home/rowanli.tangalin/tpr/tpr/results/hpc_rq1/nominal_analysis/traces/Thrower-v0_thrower_arm_static_train002_analysis00.npz
thrower__thrower_arm__static__seed_002,/home/rowanli.tangalin/tpr/tpr/results/hpc_rq1/nominal/thrower/thrower_arm/static/seed_002,1df60a7c62887d6eee069f8bfab8f2c47c9bcea99bdb8b5155e45b8ba7400be8,5587af88328578ecd8bebcb869113db1acdbcd264c6208dbd0aeb591e3479b4f,2,1,6789895730674132307,2935584579999248951,Thrower-v0,thrower_arm,static,"(92,)",300,/home/rowanli.tangalin/tpr/tpr/results/hpc_rq1/nominal_analysis/traces/Thrower-v0_thrower_arm_static_train002_analysis01.npz
thrower__thrower_arm__static__seed_002,/home/rowanli.tangalin/tpr/tpr/results/hpc_rq1/nominal/thrower/thrower_arm/static/seed_002,1df60a7c62887d6eee069f8bfab8f2c47c9bcea99bdb8b5155e45b8ba7400be8,5587af88328578ecd8bebcb869113db1acdbcd264c6208dbd0aeb591e3479b4f,2,2,2298876442789069326,7237655472595637189,Thrower-v0,thrower_arm,static,"(92,)",300,/home/rowanli.tangalin/tpr/tpr/results/hpc_rq1/nominal_analysis/traces/Thrower-v0_thrower_arm_static_train002_analysis02.npz
thrower__thrower_arm__static__seed_003,/home/rowanli.tangalin/tpr/tpr/results/hpc_rq1/nominal/thrower/thrower_arm/static/seed_003,c95209fe44a5983bdc5726497bb9b6962eed5764ed119cd29bef7c4deaea1b1e,cc04d531a5b8882085dd5c2fd75b85c8ba3af6b1e68ce14da7af2fca11fbe31a,3,0,6875887065855152501,8328361779180904825,Thrower-v0,thrower_arm,static,"(92,)",300,/home/rowanli.tangalin/tpr/tpr/results/hpc_rq1/nominal_analysis/traces/Thrower-v0_thrower_arm_static_train003_analysis00.npz
thrower__thrower_arm__static__seed_003,/home/rowanli.tangalin/tpr/tpr/results/hpc_rq1/nominal/thrower/thrower_arm/static/seed_003,c95209fe44a5983bdc5726497bb9b6962eed5764ed119cd29bef7c4deaea1b1e,cc04d531a5b8882085dd5c2fd75b85c8ba3af6b1e68ce14da7af2fca11fbe31a,3,1,2344851983452959862,6171704884853545157,Thrower-v0,thrower_arm,static,"(92,)",300,/home/rowanli.tangalin/tpr/tpr/results/hpc_rq1/nominal_analysis/traces/Thrower-v0_thrower_arm_static_train003_analysis01.npz
thrower__thrower_arm__static__seed_003,/home/rowanli.tangalin/tpr/tpr/results/hpc_rq1/nominal/thrower/thrower_arm/static/seed_003,c95209fe44a5983bdc5726497bb9b6962eed5764ed119cd29bef7c4deaea1b1e,cc04d531a5b8882085dd5c2fd75b85c8ba3af6b1e68ce14da7af2fca11fbe31a,3,2,3189270387817152734,2268335290108042879,Thrower-v0,thrower_arm,static,"(92,)",300,/home/rowanli.tangalin/tpr/tpr/results/hpc_rq1/nominal_analysis/traces/Thrower-v0_thrower_arm_static_train003_analysis02.npz
thrower__thrower_arm__static__seed_004,/home/rowanli.tangalin/tpr/tpr/results/hpc_rq1/nominal/thrower/thrower_arm/static/seed_004,b06f28efcacfec3b07cdba209fba942ea3cab7698aa073dcdc8d05184f97c944,f39a7265e863e24386d1c17176fb05e4d3ab20329e3ba66e8bb38ed11b05528e,4,0,4675618027918977294,6264005447694142635,Thrower-v0,thrower_arm,static,"(92,)",300,/home/rowanli.tangalin/tpr/tpr/results/hpc_rq1/nominal_analysis/traces/Thrower-v0_thrower_arm_static_train004_analysis00.npz
thrower__thrower_arm__static__seed_004,/home/rowanli.tangalin/tpr/tpr/results/hpc_rq1/nominal/thrower/thrower_arm/static/seed_004,b06f28efcacfec3b07cdba209fba942ea3cab7698aa073dcdc8d05184f97c944,f39a7265e863e24386d1c17176fb05e4d3ab20329e3ba66e8bb38ed11b05528e,4,1,1776748932738538903,3330744174114140836,Thrower-v0,thrower_arm,static,"(92,)",300,/home/rowanli.tangalin/tpr/tpr/results/hpc_rq1/nominal_analysis/traces/Thrower-v0_thrower_arm_static_train004_analysis01.npz
thrower__thrower_arm__static__seed_004,/home/rowanli.tangalin/tpr/tpr/results/hpc_rq1/nominal/thrower/thrower_arm/static/seed_004,b06f28efcacfec3b07cdba209fba942ea3cab7698aa073dcdc8d05184f97c944,f39a7265e863e24386d1c17176fb05e4d3ab20329e3ba66e8bb38ed11b05528e,4,2,1844154726293175647,4425154243183907800,Thrower-v0,thrower_arm,static,"(92,)",300,/home/rowanli.tangalin/tpr/tpr/results/hpc_rq1/nominal_analysis/traces/Thrower-v0_thrower_arm_static_train004_analysis02.npz
thrower__thrower_arm__static__seed_005,/home/rowanli.tangalin/tpr/tpr/results/hpc_rq1/nominal/thrower/thrower_arm/static/seed_005,0064e07613b39b0530b3642f86795ded55f91ce48b9556495aaaaac138946111,ee971b67a3757e1dc702c3483e2fd332d2a77ba13677924cc85af438907a5cc6,5,0,6537336262564968459,5568806234066008283,Thrower-v0,thrower_arm,static,"(92,)",300,/home/rowanli.tangalin/tpr/tpr/results/hpc_rq1/nominal_analysis/traces/Thrower-v0_thrower_arm_static_train005_analysis00.npz
thrower__thrower_arm__static__seed_005,/home/rowanli.tangalin/tpr/tpr/results/hpc_rq1/nominal/thrower/thrower_arm/static/seed_005,0064e07613b39b0530b3642f86795ded55f91ce48b9556495aaaaac138946111,ee971b67a3757e1dc702c3483e2fd332d2a77ba13677924cc85af438907a5cc6,5,1,7847246716821455116,5175985587420486963,Thrower-v0,thrower_arm,static,"(92,)",300,/home/rowanli.tangalin/tpr/tpr/results/hpc_rq1/nominal_analysis/traces/Thrower-v0_thrower_arm_static_train005_analysis01.npz
thrower__thrower_arm__static__seed_005,/home/rowanli.tangalin/tpr/tpr/results/hpc_rq1/nominal/thrower/thrower_arm/static/seed_005,0064e07613b39b0530b3642f86795ded55f91ce48b9556495aaaaac138946111,ee971b67a3757e1dc702c3483e2fd332d2a77ba13677924cc85af438907a5cc6,5,2,8874890859321386193,4629262467755900572,Thrower-v0,thrower_arm,static,"(92,)",300,/home/rowanli.tangalin/tpr/tpr/results/hpc_rq1/nominal_analysis/traces/Thrower-v0_thrower_arm_static_train005_analysis02.npz
thrower__thrower_arm__static__seed_006,/home/rowanli.tangalin/tpr/tpr/results/hpc_rq1/nominal/thrower/thrower_arm/static/seed_006,bc316b167c5f36fda1a0a24a6a99c16322d9a7aadfc000014e7dfaa729d79a3e,2b69e0f18d090166aaa99ae085e2e2b006a81061b538c8f7bcd14f9522a04f3d,6,0,4697810511805331226,1837341966890607914,Thrower-v0,thrower_arm,static,"(92,)",300,/home/rowanli.tangalin/tpr/tpr/results/hpc_rq1/nominal_analysis/traces/Thrower-v0_thrower_arm_static_train006_analysis00.npz
thrower__thrower_arm__static__seed_006,/home/rowanli.tangalin/tpr/tpr/results/hpc_rq1/nominal/thrower/thrower_arm/static/seed_006,bc316b167c5f36fda1a0a24a6a99c16322d9a7aadfc000014e7dfaa729d79a3e,2b69e0f18d090166aaa99ae085e2e2b006a81061b538c8f7bcd14f9522a04f3d,6,1,212357942801270703,7001556810303355477,Thrower-v0,thrower_arm,static,"(92,)",300,/home/rowanli.tangalin/tpr/tpr/results/hpc_rq1/nominal_analysis/traces/Thrower-v0_thrower_arm_static_train006_analysis01.npz
thrower__thrower_arm__static__seed_006,/home/rowanli.tangalin/tpr/tpr/results/hpc_rq1/nominal/thrower/thrower_arm/static/seed_006,bc316b167c5f36fda1a0a24a6a99c16322d9a7aadfc000014e7dfaa729d79a3e,2b69e0f18d090166aaa99ae085e2e2b006a81061b538c8f7bcd14f9522a04f3d,6,2,9197516287707139064,7789448062882196537,Thrower-v0,thrower_arm,static,"(92,)",300,/home/rowanli.tangalin/tpr/tpr/results/hpc_rq1/nominal_analysis/traces/Thrower-v0_thrower_arm_static_train006_analysis02.npz
thrower__thrower_arm__static__seed_007,/home/rowanli.tangalin/tpr/tpr/results/hpc_rq1/nominal/thrower/thrower_arm/static/seed_007,8e7330b99b404d7b495394d15dbcf66d01526a3d5a2e805279242cde8f3f82fc,ae6406c0940ced745919fafba1898f15647bc26a633fd4ac8e5d432fb75b0242,7,0,7273538705011962834,3327181185902024434,Thrower-v0,thrower_arm,static,"(92,)",300,/home/rowanli.tangalin/tpr/tpr/results/hpc_rq1/nominal_analysis/traces/Thrower-v0_thrower_arm_static_train007_analysis00.npz
thrower__thrower_arm__static__seed_007,/home/rowanli.tangalin/tpr/tpr/results/hpc_rq1/nominal/thrower/thrower_arm/static/seed_007,8e7330b99b404d7b495394d15dbcf66d01526a3d5a2e805279242cde8f3f82fc,ae6406c0940ced745919fafba1898f15647bc26a633fd4ac8e5d432fb75b0242,7,1,219581318861383269,6126904072154767176,Thrower-v0,thrower_arm,static,"(92,)",300,/home/rowanli.tangalin/tpr/tpr/results/hpc_rq1/nominal_analysis/traces/Thrower-v0_thrower_arm_static_train007_analysis01.npz
thrower__thrower_arm__static__seed_007,/home/rowanli.tangalin/tpr/tpr/results/hpc_rq1/nominal/thrower/thrower_arm/static/seed_007,8e7330b99b404d7b495394d15dbcf66d01526a3d5a2e805279242cde8f3f82fc,ae6406c0940ced745919fafba1898f15647bc26a633fd4ac8e5d432fb75b0242,7,2,7655123995385766933,8050610523573754527,Thrower-v0,thrower_arm,static,"(92,)",300,/home/rowanli.tangalin/tpr/tpr/results/hpc_rq1/nominal_analysis/traces/Thrower-v0_thrower_arm_static_train007_analysis02.npz
thrower__thrower_arm__static__seed_008,/home/rowanli.tangalin/tpr/tpr/results/hpc_rq1/nominal/thrower/thrower_arm/static/seed_008,458a7d7d8c4a385f29200375549ec758d80103986b2f8c128bfa589f608dbaeb,ea9cc0e762e30a79369f3c6361dc70a704286960ad40528039d1d054e1434b58,8,0,4480449054597749916,4714160801966532834,Thrower-v0,thrower_arm,static,"(92,)",300,/home/rowanli.tangalin/tpr/tpr/results/hpc_rq1/nominal_analysis/traces/Thrower-v0_thrower_arm_static_train008_analysis00.npz
thrower__thrower_arm__static__seed_008,/home/rowanli.tangalin/tpr/tpr/results/hpc_rq1/nominal/thrower/thrower_arm/static/seed_008,458a7d7d8c4a385f29200375549ec758d80103986b2f8c128bfa589f608dbaeb,ea9cc0e762e30a79369f3c6361dc70a704286960ad40528039d1d054e1434b58,8,1,8169066096088904802,2410012360361453569,Thrower-v0,thrower_arm,static,"(92,)",300,/home/rowanli.tangalin/tpr/tpr/results/hpc_rq1/nominal_analysis/traces/Thrower-v0_thrower_arm_static_train008_analysis01.npz
thrower__thrower_arm__static__seed_008,/home/rowanli.tangalin/tpr/tpr/results/hpc_rq1/nominal/thrower/thrower_arm/static/seed_008,458a7d7d8c4a385f29200375549ec758d80103986b2f8c128bfa589f608dbaeb,ea9cc0e762e30a79369f3c6361dc70a704286960ad40528039d1d054e1434b58,8,2,1688151127694054410,5098444150450504360,Thrower-v0,thrower_arm,static,"(92,)",300,/home/rowanli.tangalin/tpr/tpr/results/hpc_rq1/nominal_analysis/traces/Thrower-v0_thrower_arm_static_train008_analysis02.npz
thrower__thrower_arm__static__seed_009,/home/rowanli.tangalin/tpr/tpr/results/hpc_rq1/nominal/thrower/thrower_arm/static/seed_009,1397c892eb06862c0f0ee6a1b1e24e5df29eda7740d7e3d746eeb6d5d63e44c5,c4b755ca275c2b184c082e30407a268354dd16080baefbb6a378c3f2822bbc66,9,0,8469251633518957484,5579477484601834272,Thrower-v0,thrower_arm,static,"(92,)",300,/home/rowanli.tangalin/tpr/tpr/results/hpc_rq1/nominal_analysis/traces/Thrower-v0_thrower_arm_static_train009_analysis00.npz
thrower__thrower_arm__static__seed_009,/home/rowanli.tangalin/tpr/tpr/results/hpc_rq1/nominal/thrower/thrower_arm/static/seed_009,1397c892eb06862c0f0ee6a1b1e24e5df29eda7740d7e3d746eeb6d5d63e44c5,c4b755ca275c2b184c082e30407a268354dd16080baefbb6a378c3f2822bbc66,9,1,5415548583552718452,3538497439875268043,Thrower-v0,thrower_arm,static,"(92,)",300,/home/rowanli.tangalin/tpr/tpr/results/hpc_rq1/nominal_analysis/traces/Thrower-v0_thrower_arm_static_train009_analysis01.npz
thrower__thrower_arm__static__seed_009,/home/rowanli.tangalin/tpr/tpr/results/hpc_rq1/nominal/thrower/thrower_arm/static/seed_009,1397c892eb06862c0f0ee6a1b1e24e5df29eda7740d7e3d746eeb6d5d63e44c5,c4b755ca275c2b184c082e30407a268354dd16080baefbb6a378c3f2822bbc66,9,2,6075971192560964690,5235945277139461518,Thrower-v0,thrower_arm,static,"(92,)",300,/home/rowanli.tangalin/tpr/tpr/results/hpc_rq1/nominal_analysis/traces/Thrower-v0_thrower_arm_static_train009_analysis02.npz
thrower__thrower_arm__nchl__seed_000,/home/rowanli.tangalin/tpr/tpr/results/hpc_rq1/nominal/thrower/thrower_arm/nchl/seed_000,fc922ac142f7558d012c1f4fa556dbe2f5f0a6ce1a26bc38380c596e3b55d056,b30bae82a6d922fbd0a09b345d6213d72112e43deac1ae15c3d289801b24b7d3,0,0,4940322620982477041,3023897764847979143,Thrower-v0,thrower_arm,nchl,"(92,)",300,/home/rowanli.tangalin/tpr/tpr/results/hpc_rq1/nominal_analysis/traces/Thrower-v0_thrower_arm_nchl_train000_analysis00.npz
thrower__thrower_arm__nchl__seed_000,/home/rowanli.tangalin/tpr/tpr/results/hpc_rq1/nominal/thrower/thrower_arm/nchl/seed_000,fc922ac142f7558d012c1f4fa556dbe2f5f0a6ce1a26bc38380c596e3b55d056,b30bae82a6d922fbd0a09b345d6213d72112e43deac1ae15c3d289801b24b7d3,0,1,530078296572617688,6966882572876332860,Thrower-v0,thrower_arm,nchl,"(92,)",300,/home/rowanli.tangalin/tpr/tpr/results/hpc_rq1/nominal_analysis/traces/Thrower-v0_thrower_arm_nchl_train000_analysis01.npz
thrower__thrower_arm__nchl__seed_000,/home/rowanli.tangalin/tpr/tpr/results/hpc_rq1/nominal/thrower/thrower_arm/nchl/seed_000,fc922ac142f7558d012c1f4fa556dbe2f5f0a6ce1a26bc38380c596e3b55d056,b30bae82a6d922fbd0a09b345d6213d72112e43deac1ae15c3d289801b24b7d3,0,2,7210830791768759910,3424438756091539107,Thrower-v0,thrower_arm,nchl,"(92,)",300,/home/rowanli.tangalin/tpr/tpr/results/hpc_rq1/nominal_analysis/traces/Thrower-v0_thrower_arm_nchl_train000_analysis02.npz
thrower__thrower_arm__nchl__seed_001,/home/rowanli.tangalin/tpr/tpr/results/hpc_rq1/nominal/thrower/thrower_arm/nchl/seed_001,ad8a66363c20bb385a6a9364528f0810583350313bfc874a6ae9af5427f03e68,a5438cd639fd30ef49268f438281e3e1abf7da3c55b60d869f956bc636932115,1,0,5232325836976384581,7172422899355977572,Thrower-v0,thrower_arm,nchl,"(92,)",300,/home/rowanli.tangalin/tpr/tpr/results/hpc_rq1/nominal_analysis/traces/Thrower-v0_thrower_arm_nchl_train001_analysis00.npz
thrower__thrower_arm__nchl__seed_001,/home/rowanli.tangalin/tpr/tpr/results/hpc_rq1/nominal/thrower/thrower_arm/nchl/seed_001,ad8a66363c20bb385a6a9364528f0810583350313bfc874a6ae9af5427f03e68,a5438cd639fd30ef49268f438281e3e1abf7da3c55b60d869f956bc636932115,1,1,3184075494390970209,9147161066225580108,Thrower-v0,thrower_arm,nchl,"(92,)",300,/home/rowanli.tangalin/tpr/tpr/results/hpc_rq1/nominal_analysis/traces/Thrower-v0_thrower_arm_nchl_train001_analysis01.npz
thrower__thrower_arm__nchl__seed_001,/home/rowanli.tangalin/tpr/tpr/results/hpc_rq1/nominal/thrower/thrower_arm/nchl/seed_001,ad8a66363c20bb385a6a9364528f0810583350313bfc874a6ae9af5427f03e68,a5438cd639fd30ef49268f438281e3e1abf7da3c55b60d869f956bc636932115,1,2,6337936886056088,9019669384804417704,Thrower-v0,thrower_arm,nchl,"(92,)",300,/home/rowanli.tangalin/tpr/tpr/results/hpc_rq1/nominal_analysis/traces/Thrower-v0_thrower_arm_nchl_train001_analysis02.npz
thrower__thrower_arm__nchl__seed_002,/home/rowanli.tangalin/tpr/tpr/results/hpc_rq1/nominal/thrower/thrower_arm/nchl/seed_002,c0fe4c66e1739f91e800330d9e044e63dc94d647b7892238bca5ee91edd392a3,5f17647971ebd99153bfd433fd20da394c8e49ed86aff82efe3690357b5fd6f3,2,0,4709125304908105630,1244304497912131803,Thrower-v0,thrower_arm,nchl,"(92,)",300,/home/rowanli.tangalin/tpr/tpr/results/hpc_rq1/nominal_analysis/traces/Thrower-v0_thrower_arm_nchl_train002_analysis00.npz
thrower__thrower_arm__nchl__seed_002,/home/rowanli.tangalin/tpr/tpr/results/hpc_rq1/nominal/thrower/thrower_arm/nchl/seed_002,c0fe4c66e1739f91e800330d9e044e63dc94d647b7892238bca5ee91edd392a3,5f17647971ebd99153bfd433fd20da394c8e49ed86aff82efe3690357b5fd6f3,2,1,6789895730674132307,2935584579999248951,Thrower-v0,thrower_arm,nchl,"(92,)",300,/home/rowanli.tangalin/tpr/tpr/results/hpc_rq1/nominal_analysis/traces/Thrower-v0_thrower_arm_nchl_train002_analysis01.npz
thrower__thrower_arm__nchl__seed_002,/home/rowanli.tangalin/tpr/tpr/results/hpc_rq1/nominal/thrower/thrower_arm/nchl/seed_002,c0fe4c66e1739f91e800330d9e044e63dc94d647b7892238bca5ee91edd392a3,5f17647971ebd99153bfd433fd20da394c8e49ed86aff82efe3690357b5fd6f3,2,2,2298876442789069326,7237655472595637189,Thrower-v0,thrower_arm,nchl,"(92,)",300,/home/rowanli.tangalin/tpr/tpr/results/hpc_rq1/nominal_analysis/traces/Thrower-v0_thrower_arm_nchl_train002_analysis02.npz
thrower__thrower_arm__nchl__seed_003,/home/rowanli.tangalin/tpr/tpr/results/hpc_rq1/nominal/thrower/thrower_arm/nchl/seed_003,0d1a38b7c1b7fbd84b87338d3134b3959c99f77cd6ee0dd022a8d860732cf540,bbe1da0aa5354bfc65069abfece3cd019f7a72d58889df1e611504cd148fd200,3,0,6875887065855152501,8328361779180904825,Thrower-v0,thrower_arm,nchl,"(92,)",300,/home/rowanli.tangalin/tpr/tpr/results/hpc_rq1/nominal_analysis/traces/Thrower-v0_thrower_arm_nchl_train003_analysis00.npz
thrower__thrower_arm__nchl__seed_003,/home/rowanli.tangalin/tpr/tpr/results/hpc_rq1/nominal/thrower/thrower_arm/nchl/seed_003,0d1a38b7c1b7fbd84b87338d3134b3959c99f77cd6ee0dd022a8d860732cf540,bbe1da0aa5354bfc65069abfece3cd019f7a72d58889df1e611504cd148fd200,3,1,2344851983452959862,6171704884853545157,Thrower-v0,thrower_arm,nchl,"(92,)",300,/home/rowanli.tangalin/tpr/tpr/results/hpc_rq1/nominal_analysis/traces/Thrower-v0_thrower_arm_nchl_train003_analysis01.npz
thrower__thrower_arm__nchl__seed_003,/home/rowanli.tangalin/tpr/tpr/results/hpc_rq1/nominal/thrower/thrower_arm/nchl/seed_003,0d1a38b7c1b7fbd84b87338d3134b3959c99f77cd6ee0dd022a8d860732cf540,bbe1da0aa5354bfc65069abfece3cd019f7a72d58889df1e611504cd148fd200,3,2,3189270387817152734,2268335290108042879,Thrower-v0,thrower_arm,nchl,"(92,)",300,/home/rowanli.tangalin/tpr/tpr/results/hpc_rq1/nominal_analysis/traces/Thrower-v0_thrower_arm_nchl_train003_analysis02.npz
thrower__thrower_arm__nchl__seed_004,/home/rowanli.tangalin/tpr/tpr/results/hpc_rq1/nominal/thrower/thrower_arm/nchl/seed_004,cd4ef82ef3b8c891e536517c06f0ca37ddb49fb9172e181caaa3a445f9fa7729,c761b239f2faba00061f1ad76305b1a2a471dc7dfaeda4c6e01f009b0a526a26,4,0,4675618027918977294,6264005447694142635,Thrower-v0,thrower_arm,nchl,"(92,)",300,/home/rowanli.tangalin/tpr/tpr/results/hpc_rq1/nominal_analysis/traces/Thrower-v0_thrower_arm_nchl_train004_analysis00.npz
thrower__thrower_arm__nchl__seed_004,/home/rowanli.tangalin/tpr/tpr/results/hpc_rq1/nominal/thrower/thrower_arm/nchl/seed_004,cd4ef82ef3b8c891e536517c06f0ca37ddb49fb9172e181caaa3a445f9fa7729,c761b239f2faba00061f1ad76305b1a2a471dc7dfaeda4c6e01f009b0a526a26,4,1,1776748932738538903,3330744174114140836,Thrower-v0,thrower_arm,nchl,"(92,)",300,/home/rowanli.tangalin/tpr/tpr/results/hpc_rq1/nominal_analysis/traces/Thrower-v0_thrower_arm_nchl_train004_analysis01.npz
thrower__thrower_arm__nchl__seed_004,/home/rowanli.tangalin/tpr/tpr/results/hpc_rq1/nominal/thrower/thrower_arm/nchl/seed_004,cd4ef82ef3b8c891e536517c06f0ca37ddb49fb9172e181caaa3a445f9fa7729,c761b239f2faba00061f1ad76305b1a2a471dc7dfaeda4c6e01f009b0a526a26,4,2,1844154726293175647,4425154243183907800,Thrower-v0,thrower_arm,nchl,"(92,)",300,/home/rowanli.tangalin/tpr/tpr/results/hpc_rq1/nominal_analysis/traces/Thrower-v0_thrower_arm_nchl_train004_analysis02.npz
thrower__thrower_arm__nchl__seed_005,/home/rowanli.tangalin/tpr/tpr/results/hpc_rq1/nominal/thrower/thrower_arm/nchl/seed_005,497c82087fa58f76676013c55b4ae00785376422cdfe0167fb69b6f2d2c1f4b2,3e506dd400938559e12401203e8f970e9b5cc7c3e7228a9816e633ee307b3d58,5,0,6537336262564968459,5568806234066008283,Thrower-v0,thrower_arm,nchl,"(92,)",300,/home/rowanli.tangalin/tpr/tpr/results/hpc_rq1/nominal_analysis/traces/Thrower-v0_thrower_arm_nchl_train005_analysis00.npz
thrower__thrower_arm__nchl__seed_005,/home/rowanli.tangalin/tpr/tpr/results/hpc_rq1/nominal/thrower/thrower_arm/nchl/seed_005,497c82087fa58f76676013c55b4ae00785376422cdfe0167fb69b6f2d2c1f4b2,3e506dd400938559e12401203e8f970e9b5cc7c3e7228a9816e633ee307b3d58,5,1,7847246716821455116,5175985587420486963,Thrower-v0,thrower_arm,nchl,"(92,)",300,/home/rowanli.tangalin/tpr/tpr/results/hpc_rq1/nominal_analysis/traces/Thrower-v0_thrower_arm_nchl_train005_analysis01.npz
thrower__thrower_arm__nchl__seed_005,/home/rowanli.tangalin/tpr/tpr/results/hpc_rq1/nominal/thrower/thrower_arm/nchl/seed_005,497c82087fa58f76676013c55b4ae00785376422cdfe0167fb69b6f2d2c1f4b2,3e506dd400938559e12401203e8f970e9b5cc7c3e7228a9816e633ee307b3d58,5,2,8874890859321386193,4629262467755900572,Thrower-v0,thrower_arm,nchl,"(92,)",300,/home/rowanli.tangalin/tpr/tpr/results/hpc_rq1/nominal_analysis/traces/Thrower-v0_thrower_arm_nchl_train005_analysis02.npz
thrower__thrower_arm__nchl__seed_006,/home/rowanli.tangalin/tpr/tpr/results/hpc_rq1/nominal/thrower/thrower_arm/nchl/seed_006,0c31b284048474b449e93dd529ccab657f1c55da1a3e10b8a9791d342fb87094,9576bd051ba902cd71727488cc7230559fc28d49983a9013bd2a135995c8aff1,6,0,4697810511805331226,1837341966890607914,Thrower-v0,thrower_arm,nchl,"(92,)",300,/home/rowanli.tangalin/tpr/tpr/results/hpc_rq1/nominal_analysis/traces/Thrower-v0_thrower_arm_nchl_train006_analysis00.npz
thrower__thrower_arm__nchl__seed_006,/home/rowanli.tangalin/tpr/tpr/results/hpc_rq1/nominal/thrower/thrower_arm/nchl/seed_006,0c31b284048474b449e93dd529ccab657f1c55da1a3e10b8a9791d342fb87094,9576bd051ba902cd71727488cc7230559fc28d49983a9013bd2a135995c8aff1,6,1,212357942801270703,7001556810303355477,Thrower-v0,thrower_arm,nchl,"(92,)",300,/home/rowanli.tangalin/tpr/tpr/results/hpc_rq1/nominal_analysis/traces/Thrower-v0_thrower_arm_nchl_train006_analysis01.npz
thrower__thrower_arm__nchl__seed_006,/home/rowanli.tangalin/tpr/tpr/results/hpc_rq1/nominal/thrower/thrower_arm/nchl/seed_006,0c31b284048474b449e93dd529ccab657f1c55da1a3e10b8a9791d342fb87094,9576bd051ba902cd71727488cc7230559fc28d49983a9013bd2a135995c8aff1,6,2,9197516287707139064,7789448062882196537,Thrower-v0,thrower_arm,nchl,"(92,)",300,/home/rowanli.tangalin/tpr/tpr/results/hpc_rq1/nominal_analysis/traces/Thrower-v0_thrower_arm_nchl_train006_analysis02.npz
thrower__thrower_arm__nchl__seed_007,/home/rowanli.tangalin/tpr/tpr/results/hpc_rq1/nominal/thrower/thrower_arm/nchl/seed_007,691cd3937c649ebeaf7594b7d1b9612b79c9a70122cd1b677ce5f67cb5b21c91,12821db76da7bc0f2a6fcd4e65d48b42b0261e88060269fb40bed442f03b3bfa,7,0,7273538705011962834,3327181185902024434,Thrower-v0,thrower_arm,nchl,"(92,)",300,/home/rowanli.tangalin/tpr/tpr/results/hpc_rq1/nominal_analysis/traces/Thrower-v0_thrower_arm_nchl_train007_analysis00.npz
thrower__thrower_arm__nchl__seed_007,/home/rowanli.tangalin/tpr/tpr/results/hpc_rq1/nominal/thrower/thrower_arm/nchl/seed_007,691cd3937c649ebeaf7594b7d1b9612b79c9a70122cd1b677ce5f67cb5b21c91,12821db76da7bc0f2a6fcd4e65d48b42b0261e88060269fb40bed442f03b3bfa,7,1,219581318861383269,6126904072154767176,Thrower-v0,thrower_arm,nchl,"(92,)",300,/home/rowanli.tangalin/tpr/tpr/results/hpc_rq1/nominal_analysis/traces/Thrower-v0_thrower_arm_nchl_train007_analysis01.npz
thrower__thrower_arm__nchl__seed_007,/home/rowanli.tangalin/tpr/tpr/results/hpc_rq1/nominal/thrower/thrower_arm/nchl/seed_007,691cd3937c649ebeaf7594b7d1b9612b79c9a70122cd1b677ce5f67cb5b21c91,12821db76da7bc0f2a6fcd4e65d48b42b0261e88060269fb40bed442f03b3bfa,7,2,7655123995385766933,8050610523573754527,Thrower-v0,thrower_arm,nchl,"(92,)",300,/home/rowanli.tangalin/tpr/tpr/results/hpc_rq1/nominal_analysis/traces/Thrower-v0_thrower_arm_nchl_train007_analysis02.npz
thrower__thrower_arm__nchl__seed_008,/home/rowanli.tangalin/tpr/tpr/results/hpc_rq1/nominal/thrower/thrower_arm/nchl/seed_008,b2b4e331fbf1c0491321ab933836530d78932ad701d914ca63de58b7553f5a08,1bb219156901759e223ffeaacce2ae7bae91632f8e48d604c5d5ba7e531e141a,8,0,4480449054597749916,4714160801966532834,Thrower-v0,thrower_arm,nchl,"(92,)",300,/home/rowanli.tangalin/tpr/tpr/results/hpc_rq1/nominal_analysis/traces/Thrower-v0_thrower_arm_nchl_train008_analysis00.npz
thrower__thrower_arm__nchl__seed_008,/home/rowanli.tangalin/tpr/tpr/results/hpc_rq1/nominal/thrower/thrower_arm/nchl/seed_008,b2b4e331fbf1c0491321ab933836530d78932ad701d914ca63de58b7553f5a08,1bb219156901759e223ffeaacce2ae7bae91632f8e48d604c5d5ba7e531e141a,8,1,8169066096088904802,2410012360361453569,Thrower-v0,thrower_arm,nchl,"(92,)",300,/home/rowanli.tangalin/tpr/tpr/results/hpc_rq1/nominal_analysis/traces/Thrower-v0_thrower_arm_nchl_train008_analysis01.npz
thrower__thrower_arm__nchl__seed_008,/home/rowanli.tangalin/tpr/tpr/results/hpc_rq1/nominal/thrower/thrower_arm/nchl/seed_008,b2b4e331fbf1c0491321ab933836530d78932ad701d914ca63de58b7553f5a08,1bb219156901759e223ffeaacce2ae7bae91632f8e48d604c5d5ba7e531e141a,8,2,1688151127694054410,5098444150450504360,Thrower-v0,thrower_arm,nchl,"(92,)",300,/home/rowanli.tangalin/tpr/tpr/results/hpc_rq1/nominal_analysis/traces/Thrower-v0_thrower_arm_nchl_train008_analysis02.npz
thrower__thrower_arm__nchl__seed_009,/home/rowanli.tangalin/tpr/tpr/results/hpc_rq1/nominal/thrower/thrower_arm/nchl/seed_009,064a520a9f389cf91a9ee5b96699dd01f6447dcca7f78e612d01b157414d6cf4,17877e84ad50904157234de9f5c767788365a6e3018edab4c3f73d9534f3a80b,9,0,8469251633518957484,5579477484601834272,Thrower-v0,thrower_arm,nchl,"(92,)",300,/home/rowanli.tangalin/tpr/tpr/results/hpc_rq1/nominal_analysis/traces/Thrower-v0_thrower_arm_nchl_train009_analysis00.npz
thrower__thrower_arm__nchl__seed_009,/home/rowanli.tangalin/tpr/tpr/results/hpc_rq1/nominal/thrower/thrower_arm/nchl/seed_009,064a520a9f389cf91a9ee5b96699dd01f6447dcca7f78e612d01b157414d6cf4,17877e84ad50904157234de9f5c767788365a6e3018edab4c3f73d9534f3a80b,9,1,5415548583552718452,3538497439875268043,Thrower-v0,thrower_arm,nchl,"(92,)",300,/home/rowanli.tangalin/tpr/tpr/results/hpc_rq1/nominal_analysis/traces/Thrower-v0_thrower_arm_nchl_train009_analysis01.npz
thrower__thrower_arm__nchl__seed_009,/home/rowanli.tangalin/tpr/tpr/results/hpc_rq1/nominal/thrower/thrower_arm/nchl/seed_009,064a520a9f389cf91a9ee5b96699dd01f6447dcca7f78e612d01b157414d6cf4,17877e84ad50904157234de9f5c767788365a6e3018edab4c3f73d9534f3a80b,9,2,6075971192560964690,5235945277139461518,Thrower-v0,thrower_arm,nchl,"(92,)",300,/home/rowanli.tangalin/tpr/tpr/results/hpc_rq1/nominal_analysis/traces/Thrower-v0_thrower_arm_nchl_train009_analysis02.npz
