run_id,source_run,config_digest,genome_sha256,training_seed,analysis_index,environment_seed,controller_seed,task,morphology,controller,hidden_sizes,episode_length,snapshot,state,mean,std,mean_abs,rms,min,max,mean_update_rms,mean_update_mean_abs
walker__biped__static__seed_000,/home/rowanli.tangalin/tpr/tpr/results/hpc_rq1/nominal/walker/biped/static/seed_000,fa37097d088b39394ee1f29e39176aeb3baebd9da81506bd3eb9274ed07082c1,0d850fa5d7d8f982f6bca2b77d2422d2d300ae6e81b640d522d6114a014333c7,0,0,4940322620982477041,3023897764847979143,Walker-v0,biped,static,"(40,)",500,W0,0,-0.018409270552789774,1.748159831744263,1.3886753750662442,1.7482567599086858,-6.845483779907227,5.944579124450684,0.0,0.0
walker__biped__static__seed_000,/home/rowanli.tangalin/tpr/tpr/results/hpc_rq1/nominal/walker/biped/static/seed_000,fa37097d088b39394ee1f29e39176aeb3baebd9da81506bd3eb9274ed07082c1,0d850fa5d7d8f982f6bca2b77d2422d2d300ae6e81b640d522d6114a014333c7,0,0,4940322620982477041,3023897764847979143,Walker-v0,biped,static,"(40,)",500,W25,125,-0.018409270552789774,1.748159831744263,1.3886753750662442,1.7482567599086858,-6.845483779907227,5.944579124450684,0.0,0.0
walker__biped__static__seed_000,/home/rowanli.tangalin/tpr/tpr/results/hpc_rq1/nominal/walker/biped/static/seed_000,fa37097d088b39394ee1f29e39176aeb3baebd9da81506bd3eb9274ed07082c1,0d850fa5d7d8f982f6bca2b77d2422d2d300ae6e81b640d522d6114a014333c7,0,0,4940322620982477041,3023897764847979143,Walker-v0,biped,static,"(40,)",500,W50,250,-0.018409270552789774,1.748159831744263,1.3886753750662442,1.7482567599086858,-6.845483779907227,5.944579124450684,0.0,0.0
walker__biped__static__seed_000,/home/rowanli.tangalin/tpr/tpr/results/hpc_rq1/nominal/walker/biped/static/seed_000,fa37097d088b39394ee1f29e39176aeb3baebd9da81506bd3eb9274ed07082c1,0d850fa5d7d8f982f6bca2b77d2422d2d300ae6e81b640d522d6114a014333c7,0,0,4940322620982477041,3023897764847979143,Walker-v0,biped,static,"(40,)",500,W75,375,-0.018409270552789774,1.748159831744263,1.3886753750662442,1.7482567599086858,-6.845483779907227,5.944579124450684,0.0,0.0
walker__biped__static__seed_000,/home/rowanli.tangalin/tpr/tpr/results/hpc_rq1/nominal/walker/biped/static/seed_000,fa37097d088b39394ee1f29e39176aeb3baebd9da81506bd3eb9274ed07082c1,0d850fa5d7d8f982f6bca2b77d2422d2d300ae6e81b640d522d6114a014333c7,0,0,4940322620982477041,3023897764847979143,Walker-v0,biped,static,"(40,)",500,Wfinal,500,-0.018409270552789774,1.748159831744263,1.3886753750662442,1.7482567599086858,-6.845483779907227,5.944579124450684,0.0,0.0
walker__biped__static__seed_000,/home/rowanli.tangalin/tpr/tpr/results/hpc_rq1/nominal/walker/biped/static/seed_000,fa37097d088b39394ee1f29e39176aeb3baebd9da81506bd3eb9274ed07082c1,0d850fa5d7d8f982f6bca2b77d2422d2d300ae6e81b640d522d6114a014333c7,0,1,530078296572617688,6966882572876332860,Walker-v0,biped,static,"(40,)",500,W0,0,-0.018409270552789774,1.748159831744263,1.3886753750662442,1.7482567599086858,-6.845483779907227,5.944579124450684,0.0,0.0
walker__biped__static__seed_000,/home/rowanli.tangalin/tpr/tpr/results/hpc_rq1/nominal/walker/biped/static/seed_000,fa37097d088b39394ee1f29e39176aeb3baebd9da81506bd3eb9274ed07082c1,0d850fa5d7d8f982f6bca2b77d2422d2d300ae6e81b640d522d6114a014333c7,0,1,530078296572617688,6966882572876332860,Walker-v0,biped,static,"(40,)",500,W25,125,-0.018409270552789774,1.748159831744263,1.3886753750662442,1.7482567599086858,-6.845483779907227,5.944579124450684,0.0,0.0
walker__biped__static__seed_000,/home/rowanli.tangalin/tpr/tpr/results/hpc_rq1/nominal/walker/biped/static/seed_000,fa37097d088b39394ee1f29e39176aeb3baebd9da81506bd3eb9274ed07082c1,0d850fa5d7d8f982f6bca2b77d2422d2d300ae6e81b640d522d6114a014333c7,0,1,530078296572617688,6966882572876332860,Walker-v0,biped,static,"(40,)",500,W50,250,-0.018409270552789774,1.748159831744263,1.3886753750662442,1.7482567599086858,-6.845483779907227,5.944579124450684,0.0,0.0
walker__biped__static__seed_000,/home/rowanli.tangalin/tpr/tpr/results/hpc_rq1/nominal/walker/biped/static/seed_000,fa37097d088b39394ee1f29e39176aeb3baebd9da81506bd3eb9274ed07082c1,0d850fa5d7d8f982f6bca2b77d2422d2d300ae6e81b640d522d6114a014333c7,0,1,530078296572617688,6966882572876332860,Walker-v0,biped,static,"(40,)",500,W75,375,-0.018409270552789774,1.748159831744263,1.3886753750662442,1.7482567599086858,-6.845483779907227,5.944579124450684,0.0,0.0
walker__biped__static__seed_000,/home/rowanli.tangalin/tpr/tpr/results/hpc_rq1/nominal/walker/biped/static/seed_000,fa37097d088b39394ee1f29e39176aeb3baebd9da81506bd3eb9274ed07082c1,0d850fa5d7d8f982f6bca2b77d2422d2d300ae6e81b640d522d6114a014333c7,0,1,530078296572617688,6966882572876332860,Walker-v0,biped,static,"(40,)",500,Wfinal,500,-0.018409270552789774,1.748159831744263,1.3886753750662442,1.7482567599086858,-6.845483779907227,5.944579124450684,0.0,0.0
walker__biped__static__seed_000,/home/rowanli.tangalin/tpr/tpr/results/hpc_rq1/nominal/walker/biped/static/seed_000,fa37097d088b39394ee1f29e39176aeb3baebd9da81506bd3eb9274ed07082c1,0d850fa5d7d8f982f6bca2b77d2422d2d300ae6e81b640d522d6114a014333c7,0,2,7210830791768759910,3424438756091539107,Walker-v0,biped,static,"(40,)",500,W0,0,-0.018409270552789774,1.748159831744263,1.3886753750662442,1.7482567599086858,-6.845483779907227,5.944579124450684,0.0,0.0
walker__biped__static__seed_000,/home/rowanli.tangalin/tpr/tpr/results/hpc_rq1/nominal/walker/biped/static/seed_000,fa37097d088b39394ee1f29e39176aeb3baebd9da81506bd3eb9274ed07082c1,0d850fa5d7d8f982f6bca2b77d2422d2d300ae6e81b640d522d6114a014333c7,0,2,7210830791768759910,3424438756091539107,Walker-v0,biped,static,"(40,)",500,W25,125,-0.018409270552789774,1.748159831744263,1.3886753750662442,1.7482567599086858,-6.845483779907227,5.944579124450684,0.0,0.0
walker__biped__static__seed_000,/home/rowanli.tangalin/tpr/tpr/results/hpc_rq1/nominal/walker/biped/static/seed_000,fa37097d088b39394ee1f29e39176aeb3baebd9da81506bd3eb9274ed07082c1,0d850fa5d7d8f982f6bca2b77d2422d2d300ae6e81b640d522d6114a014333c7,0,2,7210830791768759910,3424438756091539107,Walker-v0,biped,static,"(40,)",500,W50,250,-0.018409270552789774,1.748159831744263,1.3886753750662442,1.7482567599086858,-6.845483779907227,5.944579124450684,0.0,0.0
walker__biped__static__seed_000,/home/rowanli.tangalin/tpr/tpr/results/hpc_rq1/nominal/walker/biped/static/seed_000,fa37097d088b39394ee1f29e39176aeb3baebd9da81506bd3eb9274ed07082c1,0d850fa5d7d8f982f6bca2b77d2422d2d300ae6e81b640d522d6114a014333c7,0,2,7210830791768759910,3424438756091539107,Walker-v0,biped,static,"(40,)",500,W75,375,-0.018409270552789774,1.748159831744263,1.3886753750662442,1.7482567599086858,-6.845483779907227,5.944579124450684,0.0,0.0
walker__biped__static__seed_000,/home/rowanli.tangalin/tpr/tpr/results/hpc_rq1/nominal/walker/biped/static/seed_000,fa37097d088b39394ee1f29e39176aeb3baebd9da81506bd3eb9274ed07082c1,0d850fa5d7d8f982f6bca2b77d2422d2d300ae6e81b640d522d6114a014333c7,0,2,7210830791768759910,3424438756091539107,Walker-v0,biped,static,"(40,)",500,Wfinal,500,-0.018409270552789774,1.748159831744263,1.3886753750662442,1.7482567599086858,-6.845483779907227,5.944579124450684,0.0,0.0
walker__biped__static__seed_001,/home/rowanli.tangalin/tpr/tpr/results/hpc_rq1/nominal/walker/biped/static/seed_001,e6f4f280f48cfda40218c2bbb25f53daa0a089f5a957e8792c620ed131a1fa47,929f96e91f0f0489a0b1b6ca9a414f4c8e5c7c617249a363efff628ecfa5d50c,1,0,5232325836976384581,7172422899355977572,Walker-v0,biped,static,"(40,)",500,W0,0,-0.03545822955432717,1.1983016383632161,0.9636423031589705,1.1988261352452636,-3.893202304840088,3.428394317626953,0.0,0.0
walker__biped__static__seed_001,/home/rowanli.tangalin/tpr/tpr/results/hpc_rq1/nominal/walker/biped/static/seed_001,e6f4f280f48cfda40218c2bbb25f53daa0a089f5a957e8792c620ed131a1fa47,929f96e91f0f0489a0b1b6ca9a414f4c8e5c7c617249a363efff628ecfa5d50c,1,0,5232325836976384581,7172422899355977572,Walker-v0,biped,static,"(40,)",500,W25,125,-0.03545822955432717,1.1983016383632161,0.9636423031589705,1.1988261352452636,-3.893202304840088,3.428394317626953,0.0,0.0
walker__biped__static__seed_001,/home/rowanli.tangalin/tpr/tpr/results/hpc_rq1/nominal/walker/biped/static/seed_001,e6f4f280f48cfda40218c2bbb25f53daa0a089f5a957e8792c620ed131a1fa47,929f96e91f0f0489a0b1b6ca9a414f4c8e5c7c617249a363efff628ecfa5d50c,1,0,5232325836976384581,7172422899355977572,Walker-v0,biped,static,"(40,)",500,W50,250,-0.03545822955432717,1.1983016383632161,0.9636423031589705,1.1988261352452636,-3.893202304840088,3.428394317626953,0.0,0.0
walker__biped__static__seed_001,/home/rowanli.tangalin/tpr/tpr/results/hpc_rq1/nominal/walker/biped/static/seed_001,e6f4f280f48cfda40218c2bbb25f53daa0a089f5a957e8792c620ed131a1fa47,929f96e91f0f0489a0b1b6ca9a414f4c8e5c7c617249a363efff628ecfa5d50c,1,0,5232325836976384581,7172422899355977572,Walker-v0,biped,static,"(40,)",500,W75,375,-0.03545822955432717,1.1983016383632161,0.9636423031589705,1.1988261352452636,-3.893202304840088,3.428394317626953,0.0,0.0
walker__biped__static__seed_001,/home/rowanli.tangalin/tpr/tpr/results/hpc_rq1/nominal/walker/biped/static/seed_001,e6f4f280f48cfda40218c2bbb25f53daa0a089f5a957e8792c620ed131a1fa47,929f96e91f0f0489a0b1b6ca9a414f4c8e5c7c617249a363efff628ecfa5d50c,1,0,5232325836976384581,7172422899355977572,Walker-v0,biped,static,"(40,)",500,Wfinal,500,-0.03545822955432717,1.1983016383632161,0.9636423031589705,1.1988261352452636,-3.893202304840088,3.428394317626953,0.0,0.0
walker__biped__static__seed_001,/home/rowanli.tangalin/tpr/tpr/results/hpc_rq1/nominal/walker/biped/static/seed_001,e6f4f280f48cfda40218c2bbb25f53daa0a089f5a957e8792c620ed131a1fa47,929f96e91f0f0489a0b1b6ca9a414f4c8e5c7c617249a363efff628ecfa5d50c,1,1,3184075494390970209,9147161066225580108,Walker-v0,biped,static,"(40,)",500,W0,0,-0.03545822955432717,1.1983016383632161,0.9636423031589705,1.1988261352452636,-3.893202304840088,3.428394317626953,0.0,0.0
walker__biped__static__seed_001,/home/rowanli.tangalin/tpr/tpr/results/hpc_rq1/nominal/walker/biped/static/seed_001,e6f4f280f48cfda40218c2bbb25f53daa0a089f5a957e8792c620ed131a1fa47,929f96e91f0f0489a0b1b6ca9a414f4c8e5c7c617249a363efff628ecfa5d50c,1,1,3184075494390970209,9147161066225580108,Walker-v0,biped,static,"(40,)",500,W25,125,-0.03545822955432717,1.1983016383632161,0.9636423031589705,1.1988261352452636,-3.893202304840088,3.428394317626953,0.0,0.0
walker__biped__static__seed_001,/home/rowanli.tangalin/tpr/tpr/results/hpc_rq1/nominal/walker/biped/static/seed_001,e6f4f280f48cfda40218c2bbb25f53daa0a089f5a957e8792c620ed131a1fa47,929f96e91f0f0489a0b1b6ca9a414f4c8e5c7c617249a363efff628ecfa5d50c,1,1,3184075494390970209,9147161066225580108,Walker-v0,biped,static,"(40,)",500,W50,250,-0.03545822955432717,1.1983016383632161,0.9636423031589705,1.1988261352452636,-3.893202304840088,3.428394317626953,0.0,0.0
walker__biped__static__seed_001,/home/rowanli.tangalin/tpr/tpr/results/hpc_rq1/nominal/walker/biped/static/seed_001,e6f4f280f48cfda40218c2bbb25f53daa0a089f5a957e8792c620ed131a1fa47,929f96e91f0f0489a0b1b6ca9a414f4c8e5c7c617249a363efff628ecfa5d50c,1,1,3184075494390970209,9147161066225580108,Walker-v0,biped,static,"(40,)",500,W75,375,-0.03545822955432717,1.1983016383632161,0.9636423031589705,1.1988261352452636,-3.893202304840088,3.428394317626953,0.0,0.0
walker__biped__static__seed_001,/home/rowanli.tangalin/tpr/tpr/results/hpc_rq1/nominal/walker/biped/static/seed_001,e6f4f280f48cfda40218c2bbb25f53daa0a089f5a957e8792c620ed131a1fa47,929f96e91f0f0489a0b1b6ca9a414f4c8e5c7c617249a363efff628ecfa5d50c,1,1,3184075494390970209,9147161066225580108,Walker-v0,biped,static,"(40,)",500,Wfinal,500,-0.03545822955432717,1.1983016383632161,0.9636423031589705,1.1988261352452636,-3.893202304840088,3.428394317626953,0.0,0.0
walker__biped__static__seed_001,/home/rowanli.tangalin/tpr/tpr/results/hpc_rq1/nominal/walker/biped/static/seed_001,e6f4f280f48cfda40218c2bbb25f53daa0a089f5a957e8792c620ed131a1fa47,929f96e91f0f0489a0b1b6ca9a414f4c8e5c7c617249a363efff628ecfa5d50c,1,2,6337936886056088,9019669384804417704,Walker-v0,biped,static,"(40,)",500,W0,0,-0.03545822955432717,1.1983016383632161,0.9636423031589705,1.1988261352452636,-3.893202304840088,3.428394317626953,0.0,0.0
walker__biped__static__seed_001,/home/rowanli.tangalin/tpr/tpr/results/hpc_rq1/nominal/walker/biped/static/seed_001,e6f4f280f48cfda40218c2bbb25f53daa0a089f5a957e8792c620ed131a1fa47,929f96e91f0f0489a0b1b6ca9a414f4c8e5c7c617249a363efff628ecfa5d50c,1,2,6337936886056088,9019669384804417704,Walker-v0,biped,static,"(40,)",500,W25,125,-0.03545822955432717,1.1983016383632161,0.9636423031589705,1.1988261352452636,-3.893202304840088,3.428394317626953,0.0,0.0
walker__biped__static__seed_001,/home/rowanli.tangalin/tpr/tpr/results/hpc_rq1/nominal/walker/biped/static/seed_001,e6f4f280f48cfda40218c2bbb25f53daa0a089f5a957e8792c620ed131a1fa47,929f96e91f0f0489a0b1b6ca9a414f4c8e5c7c617249a363efff628ecfa5d50c,1,2,6337936886056088,9019669384804417704,Walker-v0,biped,static,"(40,)",500,W50,250,-0.03545822955432717,1.1983016383632161,0.9636423031589705,1.1988261352452636,-3.893202304840088,3.428394317626953,0.0,0.0
walker__biped__static__seed_001,/home/rowanli.tangalin/tpr/tpr/results/hpc_rq1/nominal/walker/biped/static/seed_001,e6f4f280f48cfda40218c2bbb25f53daa0a089f5a957e8792c620ed131a1fa47,929f96e91f0f0489a0b1b6ca9a414f4c8e5c7c617249a363efff628ecfa5d50c,1,2,6337936886056088,9019669384804417704,Walker-v0,biped,static,"(40,)",500,W75,375,-0.03545822955432717,1.1983016383632161,0.9636423031589705,1.1988261352452636,-3.893202304840088,3.428394317626953,0.0,0.0
walker__biped__static__seed_001,/home/rowanli.tangalin/tpr/tpr/results/hpc_rq1/nominal/walker/biped/static/seed_001,e6f4f280f48cfda40218c2bbb25f53daa0a089f5a957e8792c620ed131a1fa47,929f96e91f0f0489a0b1b6ca9a414f4c8e5c7c617249a363efff628ecfa5d50c,1,2,6337936886056088,9019669384804417704,Walker-v0,biped,static,"(40,)",500,Wfinal,500,-0.03545822955432717,1.1983016383632161,0.9636423031589705,1.1988261352452636,-3.893202304840088,3.428394317626953,0.0,0.0
walker__biped__static__seed_002,/home/rowanli.tangalin/tpr/tpr/results/hpc_rq1/nominal/walker/biped/static/seed_002,05e39abb232867bbb7dc6d67dcf3fa3ccc496c3fb2a26b1b986eeffbb24c4718,e84292c78f24229f1ff330f7248727fbdc01048e1e3fc37c4aab9ad91a5a22ac,2,0,4709125304908105630,1244304497912131803,Walker-v0,biped,static,"(40,)",500,W0,0,-0.015216999433865416,1.3579388435929338,1.0860670508441481,1.3580241014099435,-5.7192463874816895,3.959362030029297,0.0,0.0
walker__biped__static__seed_002,/home/rowanli.tangalin/tpr/tpr/results/hpc_rq1/nominal/walker/biped/static/seed_002,05e39abb232867bbb7dc6d67dcf3fa3ccc496c3fb2a26b1b986eeffbb24c4718,e84292c78f24229f1ff330f7248727fbdc01048e1e3fc37c4aab9ad91a5a22ac,2,0,4709125304908105630,1244304497912131803,Walker-v0,biped,static,"(40,)",500,W25,125,-0.015216999433865416,1.3579388435929338,1.0860670508441481,1.3580241014099435,-5.7192463874816895,3.959362030029297,0.0,0.0
walker__biped__static__seed_002,/home/rowanli.tangalin/tpr/tpr/results/hpc_rq1/nominal/walker/biped/static/seed_002,05e39abb232867bbb7dc6d67dcf3fa3ccc496c3fb2a26b1b986eeffbb24c4718,e84292c78f24229f1ff330f7248727fbdc01048e1e3fc37c4aab9ad91a5a22ac,2,0,4709125304908105630,1244304497912131803,Walker-v0,biped,static,"(40,)",500,W50,250,-0.015216999433865416,1.3579388435929338,1.0860670508441481,1.3580241014099435,-5.7192463874816895,3.959362030029297,0.0,0.0
walker__biped__static__seed_002,/home/rowanli.tangalin/tpr/tpr/results/hpc_rq1/nominal/walker/biped/static/seed_002,05e39abb232867bbb7dc6d67dcf3fa3ccc496c3fb2a26b1b986eeffbb24c4718,e84292c78f24229f1ff330f7248727fbdc01048e1e3fc37c4aab9ad91a5a22ac,2,0,4709125304908105630,1244304497912131803,Walker-v0,biped,static,"(40,)",500,W75,375,-0.015216999433865416,1.3579388435929338,1.0860670508441481,1.3580241014099435,-5.7192463874816895,3.959362030029297,0.0,0.0
walker__biped__static__seed_002,/home/rowanli.tangalin/tpr/tpr/results/hpc_rq1/nominal/walker/biped/static/seed_002,05e39abb232867bbb7dc6d67dcf3fa3ccc496c3fb2a26b1b986eeffbb24c4718,e84292c78f24229f1ff330f7248727fbdc01048e1e3fc37c4aab9ad91a5a22ac,2,0,4709125304908105630,1244304497912131803,Walker-v0,biped,static,"(40,)",500,Wfinal,500,-0.015216999433865416,1.3579388435929338,1.0860670508441481,1.3580241014099435,-5.7192463874816895,3.959362030029297,0.0,0.0
walker__biped__static__seed_002,/home/rowanli.tangalin/tpr/tpr/results/hpc_rq1/nominal/walker/biped/static/seed_002,05e39abb232867bbb7dc6d67dcf3fa3ccc496c3fb2a26b1b986eeffbb24c4718,e84292c78f24229f1ff330f7248727fbdc01048e1e3fc37c4aab9ad91a5a22ac,2,1,6789895730674132307,2935584579999248951,Walker-v0,biped,static,"(40,)",500,W0,0,-0.015216999433865416,1.3579388435929338,1.0860670508441481,1.3580241014099435,-5.7192463874816895,3.959362030029297,0.0,0.0
walker__biped__static__seed_002,/home/rowanli.tangalin/tpr/tpr/results/hpc_rq1/nominal/walker/biped/static/seed_002,05e39abb232867bbb7dc6d67dcf3fa3ccc496c3fb2a26b1b986eeffbb24c4718,e84292c78f24229f1ff330f7248727fbdc01048e1e3fc37c4aab9ad91a5a22ac,2,1,6789895730674132307,2935584579999248951,Walker-v0,biped,static,"(40,)",500,W25,125,-0.015216999433865416,1.3579388435929338,1.0860670508441481,1.3580241014099435,-5.7192463874816895,3.959362030029297,0.0,0.0
walker__biped__static__seed_002,/home/rowanli.tangalin/tpr/tpr/results/hpc_rq1/nominal/walker/biped/static/seed_002,05e39abb232867bbb7dc6d67dcf3fa3ccc496c3fb2a26b1b986eeffbb24c4718,e84292c78f24229f1ff330f7248727fbdc01048e1e3fc37c4aab9ad91a5a22ac,2,1,6789895730674132307,2935584579999248951,Walker-v0,biped,static,"(40,)",500,W50,250,-0.015216999433865416,1.3579388435929338,1.0860670508441481,1.3580241014099435,-5.7192463874816895,3.959362030029297,0.0,0.0
walker__biped__static__seed_002,/home/rowanli.tangalin/tpr/tpr/results/hpc_rq1/nominal/walker/biped/static/seed_002,05e39abb232867bbb7dc6d67dcf3fa3ccc496c3fb2a26b1b986eeffbb24c4718,e84292c78f24229f1ff330f7248727fbdc01048e1e3fc37c4aab9ad91a5a22ac,2,1,6789895730674132307,2935584579999248951,Walker-v0,biped,static,"(40,)",500,W75,375,-0.015216999433865416,1.3579388435929338,1.0860670508441481,1.3580241014099435,-5.7192463874816895,3.959362030029297,0.0,0.0
walker__biped__static__seed_002,/home/rowanli.tangalin/tpr/tpr/results/hpc_rq1/nominal/walker/biped/static/seed_002,05e39abb232867bbb7dc6d67dcf3fa3ccc496c3fb2a26b1b986eeffbb24c4718,e84292c78f24229f1ff330f7248727fbdc01048e1e3fc37c4aab9ad91a5a22ac,2,1,6789895730674132307,2935584579999248951,Walker-v0,biped,static,"(40,)",500,Wfinal,500,-0.015216999433865416,1.3579388435929338,1.0860670508441481,1.3580241014099435,-5.7192463874816895,3.959362030029297,0.0,0.0
walker__biped__static__seed_002,/home/rowanli.tangalin/tpr/tpr/results/hpc_rq1/nominal/walker/biped/static/seed_002,05e39abb232867bbb7dc6d67dcf3fa3ccc496c3fb2a26b1b986eeffbb24c4718,e84292c78f24229f1ff330f7248727fbdc01048e1e3fc37c4aab9ad91a5a22ac,2,2,2298876442789069326,7237655472595637189,Walker-v0,biped,static,"(40,)",500,W0,0,-0.015216999433865416,1.3579388435929338,1.0860670508441481,1.3580241014099435,-5.7192463874816895,3.959362030029297,0.0,0.0
walker__biped__static__seed_002,/home/rowanli.tangalin/tpr/tpr/results/hpc_rq1/nominal/walker/biped/static/seed_002,05e39abb232867bbb7dc6d67dcf3fa3ccc496c3fb2a26b1b986eeffbb24c4718,e84292c78f24229f1ff330f7248727fbdc01048e1e3fc37c4aab9ad91a5a22ac,2,2,2298876442789069326,7237655472595637189,Walker-v0,biped,static,"(40,)",500,W25,125,-0.015216999433865416,1.3579388435929338,1.0860670508441481,1.3580241014099435,-5.7192463874816895,3.959362030029297,0.0,0.0
walker__biped__static__seed_002,/home/rowanli.tangalin/tpr/tpr/results/hpc_rq1/nominal/walker/biped/static/seed_002,05e39abb232867bbb7dc6d67dcf3fa3ccc496c3fb2a26b1b986eeffbb24c4718,e84292c78f24229f1ff330f7248727fbdc01048e1e3fc37c4aab9ad91a5a22ac,2,2,2298876442789069326,7237655472595637189,Walker-v0,biped,static,"(40,)",500,W50,250,-0.015216999433865416,1.3579388435929338,1.0860670508441481,1.3580241014099435,-5.7192463874816895,3.959362030029297,0.0,0.0
walker__biped__static__seed_002,/home/rowanli.tangalin/tpr/tpr/results/hpc_rq1/nominal/walker/biped/static/seed_002,05e39abb232867bbb7dc6d67dcf3fa3ccc496c3fb2a26b1b986eeffbb24c4718,e84292c78f24229f1ff330f7248727fbdc01048e1e3fc37c4aab9ad91a5a22ac,2,2,2298876442789069326,7237655472595637189,Walker-v0,biped,static,"(40,)",500,W75,375,-0.015216999433865416,1.3579388435929338,1.0860670508441481,1.3580241014099435,-5.7192463874816895,3.959362030029297,0.0,0.0
walker__biped__static__seed_002,/home/rowanli.tangalin/tpr/tpr/results/hpc_rq1/nominal/walker/biped/static/seed_002,05e39abb232867bbb7dc6d67dcf3fa3ccc496c3fb2a26b1b986eeffbb24c4718,e84292c78f24229f1ff330f7248727fbdc01048e1e3fc37c4aab9ad91a5a22ac,2,2,2298876442789069326,7237655472595637189,Walker-v0,biped,static,"(40,)",500,Wfinal,500,-0.015216999433865416,1.3579388435929338,1.0860670508441481,1.3580241014099435,-5.7192463874816895,3.959362030029297,0.0,0.0
walker__biped__static__seed_003,/home/rowanli.tangalin/tpr/tpr/results/hpc_rq1/nominal/walker/biped/static/seed_003,1cc64e6f578e69e0f2714d4df09a0a651df1c8afbda46eaac634ef58727e59ba,943a25d447aec4d34e097ce3d71a06978c75a90634ec0dcb52184c8539418dcd,3,0,6875887065855152501,8328361779180904825,Walker-v0,biped,static,"(40,)",500,W0,0,0.02556851572104885,1.374321667718243,1.1057491419143237,1.3745594913847963,-4.19809627532959,4.394242286682129,0.0,0.0
walker__biped__static__seed_003,/home/rowanli.tangalin/tpr/tpr/results/hpc_rq1/nominal/walker/biped/static/seed_003,1cc64e6f578e69e0f2714d4df09a0a651df1c8afbda46eaac634ef58727e59ba,943a25d447aec4d34e097ce3d71a06978c75a90634ec0dcb52184c8539418dcd,3,0,6875887065855152501,8328361779180904825,Walker-v0,biped,static,"(40,)",500,W25,125,0.02556851572104885,1.374321667718243,1.1057491419143237,1.3745594913847963,-4.19809627532959,4.394242286682129,0.0,0.0
walker__biped__static__seed_003,/home/rowanli.tangalin/tpr/tpr/results/hpc_rq1/nominal/walker/biped/static/seed_003,1cc64e6f578e69e0f2714d4df09a0a651df1c8afbda46eaac634ef58727e59ba,943a25d447aec4d34e097ce3d71a06978c75a90634ec0dcb52184c8539418dcd,3,0,6875887065855152501,8328361779180904825,Walker-v0,biped,static,"(40,)",500,W50,250,0.02556851572104885,1.374321667718243,1.1057491419143237,1.3745594913847963,-4.19809627532959,4.394242286682129,0.0,0.0
walker__biped__static__seed_003,/home/rowanli.tangalin/tpr/tpr/results/hpc_rq1/nominal/walker/biped/static/seed_003,1cc64e6f578e69e0f2714d4df09a0a651df1c8afbda46eaac634ef58727e59ba,943a25d447aec4d34e097ce3d71a06978c75a90634ec0dcb52184c8539418dcd,3,0,6875887065855152501,8328361779180904825,Walker-v0,biped,static,"(40,)",500,W75,375,0.02556851572104885,1.374321667718243,1.1057491419143237,1.3745594913847963,-4.19809627532959,4.394242286682129,0.0,0.0
walker__biped__static__seed_003,/home/rowanli.tangalin/tpr/tpr/results/hpc_rq1/nominal/walker/biped/static/seed_003,1cc64e6f578e69e0f2714d4df09a0a651df1c8afbda46eaac634ef58727e59ba,943a25d447aec4d34e097ce3d71a06978c75a90634ec0dcb52184c8539418dcd,3,0,6875887065855152501,8328361779180904825,Walker-v0,biped,static,"(40,)",500,Wfinal,500,0.02556851572104885,1.374321667718243,1.1057491419143237,1.3745594913847963,-4.19809627532959,4.394242286682129,0.0,0.0
walker__biped__static__seed_003,/home/rowanli.tangalin/tpr/tpr/results/hpc_rq1/nominal/walker/biped/static/seed_003,1cc64e6f578e69e0f2714d4df09a0a651df1c8afbda46eaac634ef58727e59ba,943a25d447aec4d34e097ce3d71a06978c75a90634ec0dcb52184c8539418dcd,3,1,2344851983452959862,6171704884853545157,Walker-v0,biped,static,"(40,)",500,W0,0,0.02556851572104885,1.374321667718243,1.1057491419143237,1.3745594913847963,-4.19809627532959,4.394242286682129,0.0,0.0
walker__biped__static__seed_003,/home/rowanli.tangalin/tpr/tpr/results/hpc_rq1/nominal/walker/biped/static/seed_003,1cc64e6f578e69e0f2714d4df09a0a651df1c8afbda46eaac634ef58727e59ba,943a25d447aec4d34e097ce3d71a06978c75a90634ec0dcb52184c8539418dcd,3,1,2344851983452959862,6171704884853545157,Walker-v0,biped,static,"(40,)",500,W25,125,0.02556851572104885,1.374321667718243,1.1057491419143237,1.3745594913847963,-4.19809627532959,4.394242286682129,0.0,0.0
walker__biped__static__seed_003,/home/rowanli.tangalin/tpr/tpr/results/hpc_rq1/nominal/walker/biped/static/seed_003,1cc64e6f578e69e0f2714d4df09a0a651df1c8afbda46eaac634ef58727e59ba,943a25d447aec4d34e097ce3d71a06978c75a90634ec0dcb52184c8539418dcd,3,1,2344851983452959862,6171704884853545157,Walker-v0,biped,static,"(40,)",500,W50,250,0.02556851572104885,1.374321667718243,1.1057491419143237,1.3745594913847963,-4.19809627532959,4.394242286682129,0.0,0.0
walker__biped__static__seed_003,/home/rowanli.tangalin/tpr/tpr/results/hpc_rq1/nominal/walker/biped/static/seed_003,1cc64e6f578e69e0f2714d4df09a0a651df1c8afbda46eaac634ef58727e59ba,943a25d447aec4d34e097ce3d71a06978c75a90634ec0dcb52184c8539418dcd,3,1,2344851983452959862,6171704884853545157,Walker-v0,biped,static,"(40,)",500,W75,375,0.02556851572104885,1.374321667718243,1.1057491419143237,1.3745594913847963,-4.19809627532959,4.394242286682129,0.0,0.0
walker__biped__static__seed_003,/home/rowanli.tangalin/tpr/tpr/results/hpc_rq1/nominal/walker/biped/static/seed_003,1cc64e6f578e69e0f2714d4df09a0a651df1c8afbda46eaac634ef58727e59ba,943a25d447aec4d34e097ce3d71a06978c75a90634ec0dcb52184c8539418dcd,3,1,2344851983452959862,6171704884853545157,Walker-v0,biped,static,"(40,)",500,Wfinal,500,0.02556851572104885,1.374321667718243,1.1057491419143237,1.3745594913847963,-4.19809627532959,4.394242286682129,0.0,0.0
walker__biped__static__seed_003,/home/rowanli.tangalin/tpr/tpr/results/hpc_rq1/nominal/walker/biped/static/seed_003,1cc64e6f578e69e0f2714d4df09a0a651df1c8afbda46eaac634ef58727e59ba,943a25d447aec4d34e097ce3d71a06978c75a90634ec0dcb52184c8539418dcd,3,2,3189270387817152734,2268335290108042879,Walker-v0,biped,static,"(40,)",500,W0,0,0.02556851572104885,1.374321667718243,1.1057491419143237,1.3745594913847963,-4.19809627532959,4.394242286682129,0.0,0.0
walker__biped__static__seed_003,/home/rowanli.tangalin/tpr/tpr/results/hpc_rq1/nominal/walker/biped/static/seed_003,1cc64e6f578e69e0f2714d4df09a0a651df1c8afbda46eaac634ef58727e59ba,943a25d447aec4d34e097ce3d71a06978c75a90634ec0dcb52184c8539418dcd,3,2,3189270387817152734,2268335290108042879,Walker-v0,biped,static,"(40,)",500,W25,125,0.02556851572104885,1.374321667718243,1.1057491419143237,1.3745594913847963,-4.19809627532959,4.394242286682129,0.0,0.0
walker__biped__static__seed_003,/home/rowanli.tangalin/tpr/tpr/results/hpc_rq1/nominal/walker/biped/static/seed_003,1cc64e6f578e69e0f2714d4df09a0a651df1c8afbda46eaac634ef58727e59ba,943a25d447aec4d34e097ce3d71a06978c75a90634ec0dcb52184c8539418dcd,3,2,3189270387817152734,2268335290108042879,Walker-v0,biped,static,"(40,)",500,W50,250,0.02556851572104885,1.374321667718243,1.1057491419143237,1.3745594913847963,-4.19809627532959,4.394242286682129,0.0,0.0
walker__biped__static__seed_003,/home/rowanli.tangalin/tpr/tpr/results/hpc_rq1/nominal/walker/biped/static/seed_003,1cc64e6f578e69e0f2714d4df09a0a651df1c8afbda46eaac634ef58727e59ba,943a25d447aec4d34e097ce3d71a06978c75a90634ec0dcb52184c8539418dcd,3,2,3189270387817152734,2268335290108042879,Walker-v0,biped,static,"(40,)",500,W75,375,0.02556851572104885,1.374321667718243,1.1057491419143237,1.3745594913847963,-4.19809627532959,4.394242286682129,0.0,0.0
walker__biped__static__seed_003,/home/rowanli.tangalin/tpr/tpr/results/hpc_rq1/nominal/walker/biped/static/seed_003,1cc64e6f578e69e0f2714d4df09a0a651df1c8afbda46eaac634ef58727e59ba,943a25d447aec4d34e097ce3d71a06978c75a90634ec0dcb52184c8539418dcd,3,2,3189270387817152734,2268335290108042879,Walker-v0,biped,static,"(40,)",500,Wfinal,500,0.02556851572104885,1.374321667718243,1.1057491419143237,1.3745594913847963,-4.19809627532959,4.394242286682129,0.0,0.0
walker__biped__static__seed_004,/home/rowanli.tangalin/tpr/tpr/results/hpc_rq1/nominal/walker/biped/static/seed_004,0c1e1cf2dc9662886eba3576333f4188a276f848962c76184807fc458d5fb9b0,1eabe010fcfcfe1a2b36d1ebbfa686a86bd05498b2034a87565ba0892bbdebaa,4,0,4675618027918977294,6264005447694142635,Walker-v0,biped,static,"(40,)",500,W0,0,0.017830576370912846,1.1937400552931992,0.951765667008931,1.193873213144984,-4.4639811515808105,4.030343055725098,0.0,0.0
walker__biped__static__seed_004,/home/rowanli.tangalin/tpr/tpr/results/hpc_rq1/nominal/walker/biped/static/seed_004,0c1e1cf2dc9662886eba3576333f4188a276f848962c76184807fc458d5fb9b0,1eabe010fcfcfe1a2b36d1ebbfa686a86bd05498b2034a87565ba0892bbdebaa,4,0,4675618027918977294,6264005447694142635,Walker-v0,biped,static,"(40,)",500,W25,125,0.017830576370912846,1.1937400552931992,0.951765667008931,1.193873213144984,-4.4639811515808105,4.030343055725098,0.0,0.0
walker__biped__static__seed_004,/home/rowanli.tangalin/tpr/tpr/results/hpc_rq1/nominal/walker/biped/static/seed_004,0c1e1cf2dc9662886eba3576333f4188a276f848962c76184807fc458d5fb9b0,1eabe010fcfcfe1a2b36d1ebbfa686a86bd05498b2034a87565ba0892bbdebaa,4,0,4675618027918977294,6264005447694142635,Walker-v0,biped,static,"(40,)",500,W50,250,0.017830576370912846,1.1937400552931992,0.951765667008931,1.193873213144984,-4.4639811515808105,4.030343055725098,0.0,0.0
walker__biped__static__seed_004,/home/rowanli.tangalin/tpr/tpr/results/hpc_rq1/nominal/walker/biped/static/seed_004,0c1e1cf2dc9662886eba3576333f4188a276f848962c76184807fc458d5fb9b0,1eabe010fcfcfe1a2b36d1ebbfa686a86bd05498b2034a87565ba0892bbdebaa,4,0,4675618027918977294,6264005447694142635,Walker-v0,biped,static,"(40,)",500,W75,375,0.017830576370912846,1.1937400552931992,0.951765667008931,1.193873213144984,-4.4639811515808105,4.030343055725098,0.0,0.0
walker__biped__static__seed_004,/home/rowanli.tangalin/tpr/tpr/results/hpc_rq1/nominal/walker/biped/static/seed_004,0c1e1cf2dc9662886eba3576333f4188a276f848962c76184807fc458d5fb9b0,1eabe010fcfcfe1a2b36d1ebbfa686a86bd05498b2034a87565ba0892bbdebaa,4,0,4675618027918977294,6264005447694142635,Walker-v0,biped,static,"(40,)",500,Wfinal,500,0.017830576370912846,1.1937400552931992,0.951765667008931,1.193873213144984,-4.4639811515808105,4.030343055725098,0.0,0.0
walker__biped__static__seed_004,/home/rowanli.tangalin/tpr/tpr/results/hpc_rq1/nominal/walker/biped/static/seed_004,0c1e1cf2dc9662886eba3576333f4188a276f848962c76184807fc458d5fb9b0,1eabe010fcfcfe1a2b36d1ebbfa686a86bd05498b2034a87565ba0892bbdebaa,4,1,1776748932738538903,3330744174114140836,Walker-v0,biped,static,"(40,)",500,W0,0,0.017830576370912846,1.1937400552931992,0.951765667008931,1.193873213144984,-4.4639811515808105,4.030343055725098,0.0,0.0
walker__biped__static__seed_004,/home/rowanli.tangalin/tpr/tpr/results/hpc_rq1/nominal/walker/biped/static/seed_004,0c1e1cf2dc9662886eba3576333f4188a276f848962c76184807fc458d5fb9b0,1eabe010fcfcfe1a2b36d1ebbfa686a86bd05498b2034a87565ba0892bbdebaa,4,1,1776748932738538903,3330744174114140836,Walker-v0,biped,static,"(40,)",500,W25,125,0.017830576370912846,1.1937400552931992,0.951765667008931,1.193873213144984,-4.4639811515808105,4.030343055725098,0.0,0.0
walker__biped__static__seed_004,/home/rowanli.tangalin/tpr/tpr/results/hpc_rq1/nominal/walker/biped/static/seed_004,0c1e1cf2dc9662886eba3576333f4188a276f848962c76184807fc458d5fb9b0,1eabe010fcfcfe1a2b36d1ebbfa686a86bd05498b2034a87565ba0892bbdebaa,4,1,1776748932738538903,3330744174114140836,Walker-v0,biped,static,"(40,)",500,W50,250,0.017830576370912846,1.1937400552931992,0.951765667008931,1.193873213144984,-4.4639811515808105,4.030343055725098,0.0,0.0
walker__biped__static__seed_004,/home/rowanli.tangalin/tpr/tpr/results/hpc_rq1/nominal/walker/biped/static/seed_004,0c1e1cf2dc9662886eba3576333f4188a276f848962c76184807fc458d5fb9b0,1eabe010fcfcfe1a2b36d1ebbfa686a86bd05498b2034a87565ba0892bbdebaa,4,1,1776748932738538903,3330744174114140836,Walker-v0,biped,static,"(40,)",500,W75,375,0.017830576370912846,1.1937400552931992,0.951765667008931,1.193873213144984,-4.4639811515808105,4.030343055725098,0.0,0.0
walker__biped__static__seed_004,/home/rowanli.tangalin/tpr/tpr/results/hpc_rq1/nominal/walker/biped/static/seed_004,0c1e1cf2dc9662886eba3576333f4188a276f848962c76184807fc458d5fb9b0,1eabe010fcfcfe1a2b36d1ebbfa686a86bd05498b2034a87565ba0892bbdebaa,4,1,1776748932738538903,3330744174114140836,Walker-v0,biped,static,"(40,)",500,Wfinal,500,0.017830576370912846,1.1937400552931992,0.951765667008931,1.193873213144984,-4.4639811515808105,4.030343055725098,0.0,0.0
walker__biped__static__seed_004,/home/rowanli.tangalin/tpr/tpr/results/hpc_rq1/nominal/walker/biped/static/seed_004,0c1e1cf2dc9662886eba3576333f4188a276f848962c76184807fc458d5fb9b0,1eabe010fcfcfe1a2b36d1ebbfa686a86bd05498b2034a87565ba0892bbdebaa,4,2,1844154726293175647,4425154243183907800,Walker-v0,biped,static,"(40,)",500,W0,0,0.017830576370912846,1.1937400552931992,0.951765667008931,1.193873213144984,-4.4639811515808105,4.030343055725098,0.0,0.0
walker__biped__static__seed_004,/home/rowanli.tangalin/tpr/tpr/results/hpc_rq1/nominal/walker/biped/static/seed_004,0c1e1cf2dc9662886eba3576333f4188a276f848962c76184807fc458d5fb9b0,1eabe010fcfcfe1a2b36d1ebbfa686a86bd05498b2034a87565ba0892bbdebaa,4,2,1844154726293175647,4425154243183907800,Walker-v0,biped,static,"(40,)",500,W25,125,0.017830576370912846,1.1937400552931992,0.951765667008931,1.193873213144984,-4.4639811515808105,4.030343055725098,0.0,0.0
walker__biped__static__seed_004,/home/rowanli.tangalin/tpr/tpr/results/hpc_rq1/nominal/walker/biped/static/seed_004,0c1e1cf2dc9662886eba3576333f4188a276f848962c76184807fc458d5fb9b0,1eabe010fcfcfe1a2b36d1ebbfa686a86bd05498b2034a87565ba0892bbdebaa,4,2,1844154726293175647,4425154243183907800,Walker-v0,biped,static,"(40,)",500,W50,250,0.017830576370912846,1.1937400552931992,0.951765667008931,1.193873213144984,-4.4639811515808105,4.030343055725098,0.0,0.0
walker__biped__static__seed_004,/home/rowanli.tangalin/tpr/tpr/results/hpc_rq1/nominal/walker/biped/static/seed_004,0c1e1cf2dc9662886eba3576333f4188a276f848962c76184807fc458d5fb9b0,1eabe010fcfcfe1a2b36d1ebbfa686a86bd05498b2034a87565ba0892bbdebaa,4,2,1844154726293175647,4425154243183907800,Walker-v0,biped,static,"(40,)",500,W75,375,0.017830576370912846,1.1937400552931992,0.951765667008931,1.193873213144984,-4.4639811515808105,4.030343055725098,0.0,0.0
walker__biped__static__seed_004,/home/rowanli.tangalin/tpr/tpr/results/hpc_rq1/nominal/walker/biped/static/seed_004,0c1e1cf2dc9662886eba3576333f4188a276f848962c76184807fc458d5fb9b0,1eabe010fcfcfe1a2b36d1ebbfa686a86bd05498b2034a87565ba0892bbdebaa,4,2,1844154726293175647,4425154243183907800,Walker-v0,biped,static,"(40,)",500,Wfinal,500,0.017830576370912846,1.1937400552931992,0.951765667008931,1.193873213144984,-4.4639811515808105,4.030343055725098,0.0,0.0
walker__biped__static__seed_005,/home/rowanli.tangalin/tpr/tpr/results/hpc_rq1/nominal/walker/biped/static/seed_005,8279b4eba7818e04426e3bc1a6dd3d3cd597a6e7f14735a65637f6a14027aa9f,a9c974cfb3921f1e965a8e608987aea2fc0776fd676843f7048c91ad3043dcb2,5,0,6537336262564968459,5568806234066008283,Walker-v0,biped,static,"(40,)",500,W0,0,0.03605237484049818,1.5703173284330518,1.2567444120595004,1.570731130941498,-5.394831657409668,5.04671049118042,0.0,0.0
walker__biped__static__seed_005,/home/rowanli.tangalin/tpr/tpr/results/hpc_rq1/nominal/walker/biped/static/seed_005,8279b4eba7818e04426e3bc1a6dd3d3cd597a6e7f14735a65637f6a14027aa9f,a9c974cfb3921f1e965a8e608987aea2fc0776fd676843f7048c91ad3043dcb2,5,0,6537336262564968459,5568806234066008283,Walker-v0,biped,static,"(40,)",500,W25,125,0.03605237484049818,1.5703173284330518,1.2567444120595004,1.570731130941498,-5.394831657409668,5.04671049118042,0.0,0.0
walker__biped__static__seed_005,/home/rowanli.tangalin/tpr/tpr/results/hpc_rq1/nominal/walker/biped/static/seed_005,8279b4eba7818e04426e3bc1a6dd3d3cd597a6e7f14735a65637f6a14027aa9f,a9c974cfb3921f1e965a8e608987aea2fc0776fd676843f7048c91ad3043dcb2,5,0,6537336262564968459,5568806234066008283,Walker-v0,biped,static,"(40,)",500,W50,250,0.03605237484049818,1.5703173284330518,1.2567444120595004,1.570731130941498,-5.394831657409668,5.04671049118042,0.0,0.0
walker__biped__static__seed_005,/home/rowanli.tangalin/tpr/tpr/results/hpc_rq1/nominal/walker/biped/static/seed_005,8279b4eba7818e04426e3bc1a6dd3d3cd597a6e7f14735a65637f6a14027aa9f,a9c974cfb3921f1e965a8e608987aea2fc0776fd676843f7048c91ad3043dcb2,5,0,6537336262564968459,5568806234066008283,Walker-v0,biped,static,"(40,)",500,W75,375,0.03605237484049818,1.5703173284330518,1.2567444120595004,1.570731130941498,-5.394831657409668,5.04671049118042,0.0,0.0
walker__biped__static__seed_005,/home/rowanli.tangalin/tpr/tpr/results/hpc_rq1/nominal/walker/biped/static/seed_005,8279b4eba7818e04426e3bc1a6dd3d3cd597a6e7f14735a65637f6a14027aa9f,a9c974cfb3921f1e965a8e608987aea2fc0776fd676843f7048c91ad3043dcb2,5,0,6537336262564968459,5568806234066008283,Walker-v0,biped,static,"(40,)",500,Wfinal,500,0.03605237484049818,1.5703173284330518,1.2567444120595004,1.570731130941498,-5.394831657409668,5.04671049118042,0.0,0.0
walker__biped__static__seed_005,/home/rowanli.tangalin/tpr/tpr/results/hpc_rq1/nominal/walker/biped/static/seed_005,8279b4eba7818e04426e3bc1a6dd3d3cd597a6e7f14735a65637f6a14027aa9f,a9c974cfb3921f1e965a8e608987aea2fc0776fd676843f7048c91ad3043dcb2,5,1,7847246716821455116,5175985587420486963,Walker-v0,biped,static,"(40,)",500,W0,0,0.03605237484049818,1.5703173284330518,1.2567444120595004,1.570731130941498,-5.394831657409668,5.04671049118042,0.0,0.0
walker__biped__static__seed_005,/home/rowanli.tangalin/tpr/tpr/results/hpc_rq1/nominal/walker/biped/static/seed_005,8279b4eba7818e04426e3bc1a6dd3d3cd597a6e7f14735a65637f6a14027aa9f,a9c974cfb3921f1e965a8e608987aea2fc0776fd676843f7048c91ad3043dcb2,5,1,7847246716821455116,5175985587420486963,Walker-v0,biped,static,"(40,)",500,W25,125,0.03605237484049818,1.5703173284330518,1.2567444120595004,1.570731130941498,-5.394831657409668,5.04671049118042,0.0,0.0
walker__biped__static__seed_005,/home/rowanli.tangalin/tpr/tpr/results/hpc_rq1/nominal/walker/biped/static/seed_005,8279b4eba7818e04426e3bc1a6dd3d3cd597a6e7f14735a65637f6a14027aa9f,a9c974cfb3921f1e965a8e608987aea2fc0776fd676843f7048c91ad3043dcb2,5,1,7847246716821455116,5175985587420486963,Walker-v0,biped,static,"(40,)",500,W50,250,0.03605237484049818,1.5703173284330518,1.2567444120595004,1.570731130941498,-5.394831657409668,5.04671049118042,0.0,0.0
walker__biped__static__seed_005,/home/rowanli.tangalin/tpr/tpr/results/hpc_rq1/nominal/walker/biped/static/seed_005,8279b4eba7818e04426e3bc1a6dd3d3cd597a6e7f14735a65637f6a14027aa9f,a9c974cfb3921f1e965a8e608987aea2fc0776fd676843f7048c91ad3043dcb2,5,1,7847246716821455116,5175985587420486963,Walker-v0,biped,static,"(40,)",500,W75,375,0.03605237484049818,1.5703173284330518,1.2567444120595004,1.570731130941498,-5.394831657409668,5.04671049118042,0.0,0.0
walker__biped__static__seed_005,/home/rowanli.tangalin/tpr/tpr/results/hpc_rq1/nominal/walker/biped/static/seed_005,8279b4eba7818e04426e3bc1a6dd3d3cd597a6e7f14735a65637f6a14027aa9f,a9c974cfb3921f1e965a8e608987aea2fc0776fd676843f7048c91ad3043dcb2,5,1,7847246716821455116,5175985587420486963,Walker-v0,biped,static,"(40,)",500,Wfinal,500,0.03605237484049818,1.5703173284330518,1.2567444120595004,1.570731130941498,-5.394831657409668,5.04671049118042,0.0,0.0
walker__biped__static__seed_005,/home/rowanli.tangalin/tpr/tpr/results/hpc_rq1/nominal/walker/biped/static/seed_005,8279b4eba7818e04426e3bc1a6dd3d3cd597a6e7f14735a65637f6a14027aa9f,a9c974cfb3921f1e965a8e608987aea2fc0776fd676843f7048c91ad3043dcb2,5,2,8874890859321386193,4629262467755900572,Walker-v0,biped,static,"(40,)",500,W0,0,0.03605237484049818,1.5703173284330518,1.2567444120595004,1.570731130941498,-5.394831657409668,5.04671049118042,0.0,0.0
walker__biped__static__seed_005,/home/rowanli.tangalin/tpr/tpr/results/hpc_rq1/nominal/walker/biped/static/seed_005,8279b4eba7818e04426e3bc1a6dd3d3cd597a6e7f14735a65637f6a14027aa9f,a9c974cfb3921f1e965a8e608987aea2fc0776fd676843f7048c91ad3043dcb2,5,2,8874890859321386193,4629262467755900572,Walker-v0,biped,static,"(40,)",500,W25,125,0.03605237484049818,1.5703173284330518,1.2567444120595004,1.570731130941498,-5.394831657409668,5.04671049118042,0.0,0.0
walker__biped__static__seed_005,/home/rowanli.tangalin/tpr/tpr/results/hpc_rq1/nominal/walker/biped/static/seed_005,8279b4eba7818e04426e3bc1a6dd3d3cd597a6e7f14735a65637f6a14027aa9f,a9c974cfb3921f1e965a8e608987aea2fc0776fd676843f7048c91ad3043dcb2,5,2,8874890859321386193,4629262467755900572,Walker-v0,biped,static,"(40,)",500,W50,250,0.03605237484049818,1.5703173284330518,1.2567444120595004,1.570731130941498,-5.394831657409668,5.04671049118042,0.0,0.0
walker__biped__static__seed_005,/home/rowanli.tangalin/tpr/tpr/results/hpc_rq1/nominal/walker/biped/static/seed_005,8279b4eba7818e04426e3bc1a6dd3d3cd597a6e7f14735a65637f6a14027aa9f,a9c974cfb3921f1e965a8e608987aea2fc0776fd676843f7048c91ad3043dcb2,5,2,8874890859321386193,4629262467755900572,Walker-v0,biped,static,"(40,)",500,W75,375,0.03605237484049818,1.5703173284330518,1.2567444120595004,1.570731130941498,-5.394831657409668,5.04671049118042,0.0,0.0
walker__biped__static__seed_005,/home/rowanli.tangalin/tpr/tpr/results/hpc_rq1/nominal/walker/biped/static/seed_005,8279b4eba7818e04426e3bc1a6dd3d3cd597a6e7f14735a65637f6a14027aa9f,a9c974cfb3921f1e965a8e608987aea2fc0776fd676843f7048c91ad3043dcb2,5,2,8874890859321386193,4629262467755900572,Walker-v0,biped,static,"(40,)",500,Wfinal,500,0.03605237484049818,1.5703173284330518,1.2567444120595004,1.570731130941498,-5.394831657409668,5.04671049118042,0.0,0.0
walker__biped__static__seed_006,/home/rowanli.tangalin/tpr/tpr/results/hpc_rq1/nominal/walker/biped/static/seed_006,7d94a6b4b787e10c882419953ce0f7a9f770c5ee4781d8537303f940ddaaab2e,9fb3a101e2d9449bad056d521455e5ce816bf9ded813f8f084a5a26b65a4108b,6,0,4697810511805331226,1837341966890607914,Walker-v0,biped,static,"(40,)",500,W0,0,-0.01560247395315552,1.0625565539146429,0.8463930750527955,1.0626711003223999,-3.866917133331299,3.229546308517456,0.0,0.0
walker__biped__static__seed_006,/home/rowanli.tangalin/tpr/tpr/results/hpc_rq1/nominal/walker/biped/static/seed_006,7d94a6b4b787e10c882419953ce0f7a9f770c5ee4781d8537303f940ddaaab2e,9fb3a101e2d9449bad056d521455e5ce816bf9ded813f8f084a5a26b65a4108b,6,0,4697810511805331226,1837341966890607914,Walker-v0,biped,static,"(40,)",500,W25,125,-0.01560247395315552,1.0625565539146429,0.8463930750527955,1.0626711003223999,-3.866917133331299,3.229546308517456,0.0,0.0
walker__biped__static__seed_006,/home/rowanli.tangalin/tpr/tpr/results/hpc_rq1/nominal/walker/biped/static/seed_006,7d94a6b4b787e10c882419953ce0f7a9f770c5ee4781d8537303f940ddaaab2e,9fb3a101e2d9449bad056d521455e5ce816bf9ded813f8f084a5a26b65a4108b,6,0,4697810511805331226,1837341966890607914,Walker-v0,biped,static,"(40,)",500,W50,250,-0.01560247395315552,1.0625565539146429,0.8463930750527955,1.0626711003223999,-3.866917133331299,3.229546308517456,0.0,0.0
walker__biped__static__seed_006,/home/rowanli.tangalin/tpr/tpr/results/hpc_rq1/nominal/walker/biped/static/seed_006,7d94a6b4b787e10c882419953ce0f7a9f770c5ee4781d8537303f940ddaaab2e,9fb3a101e2d9449bad056d521455e5ce816bf9ded813f8f084a5a26b65a4108b,6,0,4697810511805331226,1837341966890607914,Walker-v0,biped,static,"(40,)",500,W75,375,-0.01560247395315552,1.0625565539146429,0.8463930750527955,1.0626711003223999,-3.866917133331299,3.229546308517456,0.0,0.0
walker__biped__static__seed_006,/home/rowanli.tangalin/tpr/tpr/results/hpc_rq1/nominal/walker/biped/static/seed_006,7d94a6b4b787e10c882419953ce0f7a9f770c5ee4781d8537303f940ddaaab2e,9fb3a101e2d9449bad056d521455e5ce816bf9ded813f8f084a5a26b65a4108b,6,0,4697810511805331226,1837341966890607914,Walker-v0,biped,static,"(40,)",500,Wfinal,500,-0.01560247395315552,1.0625565539146429,0.8463930750527955,1.0626711003223999,-3.866917133331299,3.229546308517456,0.0,0.0
walker__biped__static__seed_006,/home/rowanli.tangalin/tpr/tpr/results/hpc_rq1/nominal/walker/biped/static/seed_006,7d94a6b4b787e10c882419953ce0f7a9f770c5ee4781d8537303f940ddaaab2e,9fb3a101e2d9449bad056d521455e5ce816bf9ded813f8f084a5a26b65a4108b,6,1,212357942801270703,7001556810303355477,Walker-v0,biped,static,"(40,)",500,W0,0,-0.01560247395315552,1.0625565539146429,0.8463930750527955,1.0626711003223999,-3.866917133331299,3.229546308517456,0.0,0.0
walker__biped__static__seed_006,/home/rowanli.tangalin/tpr/tpr/results/hpc_rq1/nominal/walker/biped/static/seed_006,7d94a6b4b787e10c882419953ce0f7a9f770c5ee4781d8537303f940ddaaab2e,9fb3a101e2d9449bad056d521455e5ce816bf9ded813f8f084a5a26b65a4108b,6,1,212357942801270703,7001556810303355477,Walker-v0,biped,static,"(40,)",500,W25,125,-0.01560247395315552,1.0625565539146429,0.8463930750527955,1.0626711003223999,-3.866917133331299,3.229546308517456,0.0,0.0
walker__biped__static__seed_006,/home/rowanli.tangalin/tpr/tpr/results/hpc_rq1/nominal/walker/biped/static/seed_006,7d94a6b4b787e10c882419953ce0f7a9f770c5ee4781d8537303f940ddaaab2e,9fb3a101e2d9449bad056d521455e5ce816bf9ded813f8f084a5a26b65a4108b,6,1,212357942801270703,7001556810303355477,Walker-v0,biped,static,"(40,)",500,W50,250,-0.01560247395315552,1.0625565539146429,0.8463930750527955,1.0626711003223999,-3.866917133331299,3.229546308517456,0.0,0.0
walker__biped__static__seed_006,/home/rowanli.tangalin/tpr/tpr/results/hpc_rq1/nominal/walker/biped/static/seed_006,7d94a6b4b787e10c882419953ce0f7a9f770c5ee4781d8537303f940ddaaab2e,9fb3a101e2d9449bad056d521455e5ce816bf9ded813f8f084a5a26b65a4108b,6,1,212357942801270703,7001556810303355477,Walker-v0,biped,static,"(40,)",500,W75,375,-0.01560247395315552,1.0625565539146429,0.8463930750527955,1.0626711003223999,-3.866917133331299,3.229546308517456,0.0,0.0
walker__biped__static__seed_006,/home/rowanli.tangalin/tpr/tpr/results/hpc_rq1/nominal/walker/biped/static/seed_006,7d94a6b4b787e10c882419953ce0f7a9f770c5ee4781d8537303f940ddaaab2e,9fb3a101e2d9449bad056d521455e5ce816bf9ded813f8f084a5a26b65a4108b,6,1,212357942801270703,7001556810303355477,Walker-v0,biped,static,"(40,)",500,Wfinal,500,-0.01560247395315552,1.0625565539146429,0.8463930750527955,1.0626711003223999,-3.866917133331299,3.229546308517456,0.0,0.0
walker__biped__static__seed_006,/home/rowanli.tangalin/tpr/tpr/results/hpc_rq1/nominal/walker/biped/static/seed_006,7d94a6b4b787e10c882419953ce0f7a9f770c5ee4781d8537303f940ddaaab2e,9fb3a101e2d9449bad056d521455e5ce816bf9ded813f8f084a5a26b65a4108b,6,2,9197516287707139064,7789448062882196537,Walker-v0,biped,static,"(40,)",500,W0,0,-0.01560247395315552,1.0625565539146429,0.8463930750527955,1.0626711003223999,-3.866917133331299,3.229546308517456,0.0,0.0
walker__biped__static__seed_006,/home/rowanli.tangalin/tpr/tpr/results/hpc_rq1/nominal/walker/biped/static/seed_006,7d94a6b4b787e10c882419953ce0f7a9f770c5ee4781d8537303f940ddaaab2e,9fb3a101e2d9449bad056d521455e5ce816bf9ded813f8f084a5a26b65a4108b,6,2,9197516287707139064,7789448062882196537,Walker-v0,biped,static,"(40,)",500,W25,125,-0.01560247395315552,1.0625565539146429,0.8463930750527955,1.0626711003223999,-3.866917133331299,3.229546308517456,0.0,0.0
walker__biped__static__seed_006,/home/rowanli.tangalin/tpr/tpr/results/hpc_rq1/nominal/walker/biped/static/seed_006,7d94a6b4b787e10c882419953ce0f7a9f770c5ee4781d8537303f940ddaaab2e,9fb3a101e2d9449bad056d521455e5ce816bf9ded813f8f084a5a26b65a4108b,6,2,9197516287707139064,7789448062882196537,Walker-v0,biped,static,"(40,)",500,W50,250,-0.01560247395315552,1.0625565539146429,0.8463930750527955,1.0626711003223999,-3.866917133331299,3.229546308517456,0.0,0.0
walker__biped__static__seed_006,/home/rowanli.tangalin/tpr/tpr/results/hpc_rq1/nominal/walker/biped/static/seed_006,7d94a6b4b787e10c882419953ce0f7a9f770c5ee4781d8537303f940ddaaab2e,9fb3a101e2d9449bad056d521455e5ce816bf9ded813f8f084a5a26b65a4108b,6,2,9197516287707139064,7789448062882196537,Walker-v0,biped,static,"(40,)",500,W75,375,-0.01560247395315552,1.0625565539146429,0.8463930750527955,1.0626711003223999,-3.866917133331299,3.229546308517456,0.0,0.0
walker__biped__static__seed_006,/home/rowanli.tangalin/tpr/tpr/results/hpc_rq1/nominal/walker/biped/static/seed_006,7d94a6b4b787e10c882419953ce0f7a9f770c5ee4781d8537303f940ddaaab2e,9fb3a101e2d9449bad056d521455e5ce816bf9ded813f8f084a5a26b65a4108b,6,2,9197516287707139064,7789448062882196537,Walker-v0,biped,static,"(40,)",500,Wfinal,500,-0.01560247395315552,1.0625565539146429,0.8463930750527955,1.0626711003223999,-3.866917133331299,3.229546308517456,0.0,0.0
walker__biped__static__seed_007,/home/rowanli.tangalin/tpr/tpr/results/hpc_rq1/nominal/walker/biped/static/seed_007,b4a18406e03efb77525a864b386eaef289630ebfc0fb3139f121366fc93f9c45,874fece134f80ec9d8bb7eac29fc2ff92b85ff2b647ac404ca2ccd3944b37e03,7,0,7273538705011962834,3327181185902024434,Walker-v0,biped,static,"(40,)",500,W0,0,0.052063563727309276,1.8801019464191078,1.5152671850712371,1.8808226773401326,-6.611621379852295,6.101682662963867,0.0,0.0
walker__biped__static__seed_007,/home/rowanli.tangalin/tpr/tpr/results/hpc_rq1/nominal/walker/biped/static/seed_007,b4a18406e03efb77525a864b386eaef289630ebfc0fb3139f121366fc93f9c45,874fece134f80ec9d8bb7eac29fc2ff92b85ff2b647ac404ca2ccd3944b37e03,7,0,7273538705011962834,3327181185902024434,Walker-v0,biped,static,"(40,)",500,W25,125,0.052063563727309276,1.8801019464191078,1.5152671850712371,1.8808226773401326,-6.611621379852295,6.101682662963867,0.0,0.0
walker__biped__static__seed_007,/home/rowanli.tangalin/tpr/tpr/results/hpc_rq1/nominal/walker/biped/static/seed_007,b4a18406e03efb77525a864b386eaef289630ebfc0fb3139f121366fc93f9c45,874fece134f80ec9d8bb7eac29fc2ff92b85ff2b647ac404ca2ccd3944b37e03,7,0,7273538705011962834,3327181185902024434,Walker-v0,biped,static,"(40,)",500,W50,250,0.052063563727309276,1.8801019464191078,1.5152671850712371,1.8808226773401326,-6.611621379852295,6.101682662963867,0.0,0.0
walker__biped__static__seed_007,/home/rowanli.tangalin/tpr/tpr/results/hpc_rq1/nominal/walker/biped/static/seed_007,b4a18406e03efb77525a864b386eaef289630ebfc0fb3139f121366fc93f9c45,874fece134f80ec9d8bb7eac29fc2ff92b85ff2b647ac404ca2ccd3944b37e03,7,0,7273538705011962834,3327181185902024434,Walker-v0,biped,static,"(40,)",500,W75,375,0.052063563727309276,1.8801019464191078,1.5152671850712371,1.8808226773401326,-6.611621379852295,6.101682662963867,0.0,0.0
walker__biped__static__seed_007,/home/rowanli.tangalin/tpr/tpr/results/hpc_rq1/nominal/walker/biped/static/seed_007,b4a18406e03efb77525a864b386eaef289630ebfc0fb3139f121366fc93f9c45,874fece134f80ec9d8bb7eac29fc2ff92b85ff2b647ac404ca2ccd3944b37e03,7,0,7273538705011962834,3327181185902024434,Walker-v0,biped,static,"(40,)",500,Wfinal,500,0.052063563727309276,1.8801019464191078,1.5152671850712371,1.8808226773401326,-6.611621379852295,6.101682662963867,0.0,0.0
walker__biped__static__seed_007,/home/rowanli.tangalin/tpr/tpr/results/hpc_rq1/nominal/walker/biped/static/seed_007,b4a18406e03efb77525a864b386eaef289630ebfc0fb3139f121366fc93f9c45,874fece134f80ec9d8bb7eac29fc2ff92b85ff2b647ac404ca2ccd3944b37e03,7,1,219581318861383269,6126904072154767176,Walker-v0,biped,static,"(40,)",500,W0,0,0.052063563727309276,1.8801019464191078,1.5152671850712371,1.8808226773401326,-6.611621379852295,6.101682662963867,0.0,0.0
walker__biped__static__seed_007,/home/rowanli.tangalin/tpr/tpr/results/hpc_rq1/nominal/walker/biped/static/seed_007,b4a18406e03efb77525a864b386eaef289630ebfc0fb3139f121366fc93f9c45,874fece134f80ec9d8bb7eac29fc2ff92b85ff2b647ac404ca2ccd3944b37e03,7,1,219581318861383269,6126904072154767176,Walker-v0,biped,static,"(40,)",500,W25,125,0.052063563727309276,1.8801019464191078,1.5152671850712371,1.8808226773401326,-6.611621379852295,6.101682662963867,0.0,0.0
walker__biped__static__seed_007,/home/rowanli.tangalin/tpr/tpr/results/hpc_rq1/nominal/walker/biped/static/seed_007,b4a18406e03efb77525a864b386eaef289630ebfc0fb3139f121366fc93f9c45,874fece134f80ec9d8bb7eac29fc2ff92b85ff2b647ac404ca2ccd3944b37e03,7,1,219581318861383269,6126904072154767176,Walker-v0,biped,static,"(40,)",500,W50,250,0.052063563727309276,1.8801019464191078,1.5152671850712371,1.8808226773401326,-6.611621379852295,6.101682662963867,0.0,0.0
walker__biped__static__seed_007,/home/rowanli.tangalin/tpr/tpr/results/hpc_rq1/nominal/walker/biped/static/seed_007,b4a18406e03efb77525a864b386eaef289630ebfc0fb3139f121366fc93f9c45,874fece134f80ec9d8bb7eac29fc2ff92b85ff2b647ac404ca2ccd3944b37e03,7,1,219581318861383269,6126904072154767176,Walker-v0,biped,static,"(40,)",500,W75,375,0.052063563727309276,1.8801019464191078,1.5152671850712371,1.8808226773401326,-6.611621379852295,6.101682662963867,0.0,0.0
walker__biped__static__seed_007,/home/rowanli.tangalin/tpr/tpr/results/hpc_rq1/nominal/walker/biped/static/seed_007,b4a18406e03efb77525a864b386eaef289630ebfc0fb3139f121366fc93f9c45,874fece134f80ec9d8bb7eac29fc2ff92b85ff2b647ac404ca2ccd3944b37e03,7,1,219581318861383269,6126904072154767176,Walker-v0,biped,static,"(40,)",500,Wfinal,500,0.052063563727309276,1.8801019464191078,1.5152671850712371,1.8808226773401326,-6.611621379852295,6.101682662963867,0.0,0.0
walker__biped__static__seed_007,/home/rowanli.tangalin/tpr/tpr/results/hpc_rq1/nominal/walker/biped/static/seed_007,b4a18406e03efb77525a864b386eaef289630ebfc0fb3139f121366fc93f9c45,874fece134f80ec9d8bb7eac29fc2ff92b85ff2b647ac404ca2ccd3944b37e03,7,2,7655123995385766933,8050610523573754527,Walker-v0,biped,static,"(40,)",500,W0,0,0.052063563727309276,1.8801019464191078,1.5152671850712371,1.8808226773401326,-6.611621379852295,6.101682662963867,0.0,0.0
walker__biped__static__seed_007,/home/rowanli.tangalin/tpr/tpr/results/hpc_rq1/nominal/walker/biped/static/seed_007,b4a18406e03efb77525a864b386eaef289630ebfc0fb3139f121366fc93f9c45,874fece134f80ec9d8bb7eac29fc2ff92b85ff2b647ac404ca2ccd3944b37e03,7,2,7655123995385766933,8050610523573754527,Walker-v0,biped,static,"(40,)",500,W25,125,0.052063563727309276,1.8801019464191078,1.5152671850712371,1.8808226773401326,-6.611621379852295,6.101682662963867,0.0,0.0
walker__biped__static__seed_007,/home/rowanli.tangalin/tpr/tpr/results/hpc_rq1/nominal/walker/biped/static/seed_007,b4a18406e03efb77525a864b386eaef289630ebfc0fb3139f121366fc93f9c45,874fece134f80ec9d8bb7eac29fc2ff92b85ff2b647ac404ca2ccd3944b37e03,7,2,7655123995385766933,8050610523573754527,Walker-v0,biped,static,"(40,)",500,W50,250,0.052063563727309276,1.8801019464191078,1.5152671850712371,1.8808226773401326,-6.611621379852295,6.101682662963867,0.0,0.0
walker__biped__static__seed_007,/home/rowanli.tangalin/tpr/tpr/results/hpc_rq1/nominal/walker/biped/static/seed_007,b4a18406e03efb77525a864b386eaef289630ebfc0fb3139f121366fc93f9c45,874fece134f80ec9d8bb7eac29fc2ff92b85ff2b647ac404ca2ccd3944b37e03,7,2,7655123995385766933,8050610523573754527,Walker-v0,biped,static,"(40,)",500,W75,375,0.052063563727309276,1.8801019464191078,1.5152671850712371,1.8808226773401326,-6.611621379852295,6.101682662963867,0.0,0.0
walker__biped__static__seed_007,/home/rowanli.tangalin/tpr/tpr/results/hpc_rq1/nominal/walker/biped/static/seed_007,b4a18406e03efb77525a864b386eaef289630ebfc0fb3139f121366fc93f9c45,874fece134f80ec9d8bb7eac29fc2ff92b85ff2b647ac404ca2ccd3944b37e03,7,2,7655123995385766933,8050610523573754527,Walker-v0,biped,static,"(40,)",500,Wfinal,500,0.052063563727309276,1.8801019464191078,1.5152671850712371,1.8808226773401326,-6.611621379852295,6.101682662963867,0.0,0.0
walker__biped__static__seed_008,/home/rowanli.tangalin/tpr/tpr/results/hpc_rq1/nominal/walker/biped/static/seed_008,7c5affa978d404a72be406daa99278161358babb86a4ac4c1b62ec240f8a0e00,ac6222f7bb2fb06eacc8e5e11c352a9c9d65e6fe4fdc931e9d017beab372cb99,8,0,4480449054597749916,4714160801966532834,Walker-v0,biped,static,"(40,)",500,W0,0,0.017442926371086288,1.3375163571624002,1.0543649643295643,1.337630091377046,-4.379660606384277,5.229840278625488,0.0,0.0
walker__biped__static__seed_008,/home/rowanli.tangalin/tpr/tpr/results/hpc_rq1/nominal/walker/biped/static/seed_008,7c5affa978d404a72be406daa99278161358babb86a4ac4c1b62ec240f8a0e00,ac6222f7bb2fb06eacc8e5e11c352a9c9d65e6fe4fdc931e9d017beab372cb99,8,0,4480449054597749916,4714160801966532834,Walker-v0,biped,static,"(40,)",500,W25,125,0.017442926371086288,1.3375163571624002,1.0543649643295643,1.337630091377046,-4.379660606384277,5.229840278625488,0.0,0.0
walker__biped__static__seed_008,/home/rowanli.tangalin/tpr/tpr/results/hpc_rq1/nominal/walker/biped/static/seed_008,7c5affa978d404a72be406daa99278161358babb86a4ac4c1b62ec240f8a0e00,ac6222f7bb2fb06eacc8e5e11c352a9c9d65e6fe4fdc931e9d017beab372cb99,8,0,4480449054597749916,4714160801966532834,Walker-v0,biped,static,"(40,)",500,W50,250,0.017442926371086288,1.3375163571624002,1.0543649643295643,1.337630091377046,-4.379660606384277,5.229840278625488,0.0,0.0
walker__biped__static__seed_008,/home/rowanli.tangalin/tpr/tpr/results/hpc_rq1/nominal/walker/biped/static/seed_008,7c5affa978d404a72be406daa99278161358babb86a4ac4c1b62ec240f8a0e00,ac6222f7bb2fb06eacc8e5e11c352a9c9d65e6fe4fdc931e9d017beab372cb99,8,0,4480449054597749916,4714160801966532834,Walker-v0,biped,static,"(40,)",500,W75,375,0.017442926371086288,1.3375163571624002,1.0543649643295643,1.337630091377046,-4.379660606384277,5.229840278625488,0.0,0.0
walker__biped__static__seed_008,/home/rowanli.tangalin/tpr/tpr/results/hpc_rq1/nominal/walker/biped/static/seed_008,7c5affa978d404a72be406daa99278161358babb86a4ac4c1b62ec240f8a0e00,ac6222f7bb2fb06eacc8e5e11c352a9c9d65e6fe4fdc931e9d017beab372cb99,8,0,4480449054597749916,4714160801966532834,Walker-v0,biped,static,"(40,)",500,Wfinal,500,0.017442926371086288,1.3375163571624002,1.0543649643295643,1.337630091377046,-4.379660606384277,5.229840278625488,0.0,0.0
walker__biped__static__seed_008,/home/rowanli.tangalin/tpr/tpr/results/hpc_rq1/nominal/walker/biped/static/seed_008,7c5affa978d404a72be406daa99278161358babb86a4ac4c1b62ec240f8a0e00,ac6222f7bb2fb06eacc8e5e11c352a9c9d65e6fe4fdc931e9d017beab372cb99,8,1,8169066096088904802,2410012360361453569,Walker-v0,biped,static,"(40,)",500,W0,0,0.017442926371086288,1.3375163571624002,1.0543649643295643,1.337630091377046,-4.379660606384277,5.229840278625488,0.0,0.0
walker__biped__static__seed_008,/home/rowanli.tangalin/tpr/tpr/results/hpc_rq1/nominal/walker/biped/static/seed_008,7c5affa978d404a72be406daa99278161358babb86a4ac4c1b62ec240f8a0e00,ac6222f7bb2fb06eacc8e5e11c352a9c9d65e6fe4fdc931e9d017beab372cb99,8,1,8169066096088904802,2410012360361453569,Walker-v0,biped,static,"(40,)",500,W25,125,0.017442926371086288,1.3375163571624002,1.0543649643295643,1.337630091377046,-4.379660606384277,5.229840278625488,0.0,0.0
walker__biped__static__seed_008,/home/rowanli.tangalin/tpr/tpr/results/hpc_rq1/nominal/walker/biped/static/seed_008,7c5affa978d404a72be406daa99278161358babb86a4ac4c1b62ec240f8a0e00,ac6222f7bb2fb06eacc8e5e11c352a9c9d65e6fe4fdc931e9d017beab372cb99,8,1,8169066096088904802,2410012360361453569,Walker-v0,biped,static,"(40,)",500,W50,250,0.017442926371086288,1.3375163571624002,1.0543649643295643,1.337630091377046,-4.379660606384277,5.229840278625488,0.0,0.0
walker__biped__static__seed_008,/home/rowanli.tangalin/tpr/tpr/results/hpc_rq1/nominal/walker/biped/static/seed_008,7c5affa978d404a72be406daa99278161358babb86a4ac4c1b62ec240f8a0e00,ac6222f7bb2fb06eacc8e5e11c352a9c9d65e6fe4fdc931e9d017beab372cb99,8,1,8169066096088904802,2410012360361453569,Walker-v0,biped,static,"(40,)",500,W75,375,0.017442926371086288,1.3375163571624002,1.0543649643295643,1.337630091377046,-4.379660606384277,5.229840278625488,0.0,0.0
walker__biped__static__seed_008,/home/rowanli.tangalin/tpr/tpr/results/hpc_rq1/nominal/walker/biped/static/seed_008,7c5affa978d404a72be406daa99278161358babb86a4ac4c1b62ec240f8a0e00,ac6222f7bb2fb06eacc8e5e11c352a9c9d65e6fe4fdc931e9d017beab372cb99,8,1,8169066096088904802,2410012360361453569,Walker-v0,biped,static,"(40,)",500,Wfinal,500,0.017442926371086288,1.3375163571624002,1.0543649643295643,1.337630091377046,-4.379660606384277,5.229840278625488,0.0,0.0
walker__biped__static__seed_008,/home/rowanli.tangalin/tpr/tpr/results/hpc_rq1/nominal/walker/biped/static/seed_008,7c5affa978d404a72be406daa99278161358babb86a4ac4c1b62ec240f8a0e00,ac6222f7bb2fb06eacc8e5e11c352a9c9d65e6fe4fdc931e9d017beab372cb99,8,2,1688151127694054410,5098444150450504360,Walker-v0,biped,static,"(40,)",500,W0,0,0.017442926371086288,1.3375163571624002,1.0543649643295643,1.337630091377046,-4.379660606384277,5.229840278625488,0.0,0.0
walker__biped__static__seed_008,/home/rowanli.tangalin/tpr/tpr/results/hpc_rq1/nominal/walker/biped/static/seed_008,7c5affa978d404a72be406daa99278161358babb86a4ac4c1b62ec240f8a0e00,ac6222f7bb2fb06eacc8e5e11c352a9c9d65e6fe4fdc931e9d017beab372cb99,8,2,1688151127694054410,5098444150450504360,Walker-v0,biped,static,"(40,)",500,W25,125,0.017442926371086288,1.3375163571624002,1.0543649643295643,1.337630091377046,-4.379660606384277,5.229840278625488,0.0,0.0
walker__biped__static__seed_008,/home/rowanli.tangalin/tpr/tpr/results/hpc_rq1/nominal/walker/biped/static/seed_008,7c5affa978d404a72be406daa99278161358babb86a4ac4c1b62ec240f8a0e00,ac6222f7bb2fb06eacc8e5e11c352a9c9d65e6fe4fdc931e9d017beab372cb99,8,2,1688151127694054410,5098444150450504360,Walker-v0,biped,static,"(40,)",500,W50,250,0.017442926371086288,1.3375163571624002,1.0543649643295643,1.337630091377046,-4.379660606384277,5.229840278625488,0.0,0.0
walker__biped__static__seed_008,/home/rowanli.tangalin/tpr/tpr/results/hpc_rq1/nominal/walker/biped/static/seed_008,7c5affa978d404a72be406daa99278161358babb86a4ac4c1b62ec240f8a0e00,ac6222f7bb2fb06eacc8e5e11c352a9c9d65e6fe4fdc931e9d017beab372cb99,8,2,1688151127694054410,5098444150450504360,Walker-v0,biped,static,"(40,)",500,W75,375,0.017442926371086288,1.3375163571624002,1.0543649643295643,1.337630091377046,-4.379660606384277,5.229840278625488,0.0,0.0
walker__biped__static__seed_008,/home/rowanli.tangalin/tpr/tpr/results/hpc_rq1/nominal/walker/biped/static/seed_008,7c5affa978d404a72be406daa99278161358babb86a4ac4c1b62ec240f8a0e00,ac6222f7bb2fb06eacc8e5e11c352a9c9d65e6fe4fdc931e9d017beab372cb99,8,2,1688151127694054410,5098444150450504360,Walker-v0,biped,static,"(40,)",500,Wfinal,500,0.017442926371086288,1.3375163571624002,1.0543649643295643,1.337630091377046,-4.379660606384277,5.229840278625488,0.0,0.0
walker__biped__static__seed_009,/home/rowanli.tangalin/tpr/tpr/results/hpc_rq1/nominal/walker/biped/static/seed_009,cb8398b1a533a19a4fc081e6e0d46618329e03332e1f5f8bb535d338e90c99ee,932a889f6cc99bfabb207ed5875170a996f8c00f12d4fb66792a013ec184f22b,9,0,8469251633518957484,5579477484601834272,Walker-v0,biped,static,"(40,)",500,W0,0,-0.006699049564652644,1.1539704272988707,0.9226213442652959,1.153989871855645,-4.293205738067627,3.699748992919922,0.0,0.0
walker__biped__static__seed_009,/home/rowanli.tangalin/tpr/tpr/results/hpc_rq1/nominal/walker/biped/static/seed_009,cb8398b1a533a19a4fc081e6e0d46618329e03332e1f5f8bb535d338e90c99ee,932a889f6cc99bfabb207ed5875170a996f8c00f12d4fb66792a013ec184f22b,9,0,8469251633518957484,5579477484601834272,Walker-v0,biped,static,"(40,)",500,W25,125,-0.006699049564652644,1.1539704272988707,0.9226213442652959,1.153989871855645,-4.293205738067627,3.699748992919922,0.0,0.0
walker__biped__static__seed_009,/home/rowanli.tangalin/tpr/tpr/results/hpc_rq1/nominal/walker/biped/static/seed_009,cb8398b1a533a19a4fc081e6e0d46618329e03332e1f5f8bb535d338e90c99ee,932a889f6cc99bfabb207ed5875170a996f8c00f12d4fb66792a013ec184f22b,9,0,8469251633518957484,5579477484601834272,Walker-v0,biped,static,"(40,)",500,W50,250,-0.006699049564652644,1.1539704272988707,0.9226213442652959,1.153989871855645,-4.293205738067627,3.699748992919922,0.0,0.0
walker__biped__static__seed_009,/home/rowanli.tangalin/tpr/tpr/results/hpc_rq1/nominal/walker/biped/static/seed_009,cb8398b1a533a19a4fc081e6e0d46618329e03332e1f5f8bb535d338e90c99ee,932a889f6cc99bfabb207ed5875170a996f8c00f12d4fb66792a013ec184f22b,9,0,8469251633518957484,5579477484601834272,Walker-v0,biped,static,"(40,)",500,W75,375,-0.006699049564652644,1.1539704272988707,0.9226213442652959,1.153989871855645,-4.293205738067627,3.699748992919922,0.0,0.0
walker__biped__static__seed_009,/home/rowanli.tangalin/tpr/tpr/results/hpc_rq1/nominal/walker/biped/static/seed_009,cb8398b1a533a19a4fc081e6e0d46618329e03332e1f5f8bb535d338e90c99ee,932a889f6cc99bfabb207ed5875170a996f8c00f12d4fb66792a013ec184f22b,9,0,8469251633518957484,5579477484601834272,Walker-v0,biped,static,"(40,)",500,Wfinal,500,-0.006699049564652644,1.1539704272988707,0.9226213442652959,1.153989871855645,-4.293205738067627,3.699748992919922,0.0,0.0
walker__biped__static__seed_009,/home/rowanli.tangalin/tpr/tpr/results/hpc_rq1/nominal/walker/biped/static/seed_009,cb8398b1a533a19a4fc081e6e0d46618329e03332e1f5f8bb535d338e90c99ee,932a889f6cc99bfabb207ed5875170a996f8c00f12d4fb66792a013ec184f22b,9,1,5415548583552718452,3538497439875268043,Walker-v0,biped,static,"(40,)",500,W0,0,-0.006699049564652644,1.1539704272988707,0.9226213442652959,1.153989871855645,-4.293205738067627,3.699748992919922,0.0,0.0
walker__biped__static__seed_009,/home/rowanli.tangalin/tpr/tpr/results/hpc_rq1/nominal/walker/biped/static/seed_009,cb8398b1a533a19a4fc081e6e0d46618329e03332e1f5f8bb535d338e90c99ee,932a889f6cc99bfabb207ed5875170a996f8c00f12d4fb66792a013ec184f22b,9,1,5415548583552718452,3538497439875268043,Walker-v0,biped,static,"(40,)",500,W25,125,-0.006699049564652644,1.1539704272988707,0.9226213442652959,1.153989871855645,-4.293205738067627,3.699748992919922,0.0,0.0
walker__biped__static__seed_009,/home/rowanli.tangalin/tpr/tpr/results/hpc_rq1/nominal/walker/biped/static/seed_009,cb8398b1a533a19a4fc081e6e0d46618329e03332e1f5f8bb535d338e90c99ee,932a889f6cc99bfabb207ed5875170a996f8c00f12d4fb66792a013ec184f22b,9,1,5415548583552718452,3538497439875268043,Walker-v0,biped,static,"(40,)",500,W50,250,-0.006699049564652644,1.1539704272988707,0.9226213442652959,1.153989871855645,-4.293205738067627,3.699748992919922,0.0,0.0
walker__biped__static__seed_009,/home/rowanli.tangalin/tpr/tpr/results/hpc_rq1/nominal/walker/biped/static/seed_009,cb8398b1a533a19a4fc081e6e0d46618329e03332e1f5f8bb535d338e90c99ee,932a889f6cc99bfabb207ed5875170a996f8c00f12d4fb66792a013ec184f22b,9,1,5415548583552718452,3538497439875268043,Walker-v0,biped,static,"(40,)",500,W75,375,-0.006699049564652644,1.1539704272988707,0.9226213442652959,1.153989871855645,-4.293205738067627,3.699748992919922,0.0,0.0
walker__biped__static__seed_009,/home/rowanli.tangalin/tpr/tpr/results/hpc_rq1/nominal/walker/biped/static/seed_009,cb8398b1a533a19a4fc081e6e0d46618329e03332e1f5f8bb535d338e90c99ee,932a889f6cc99bfabb207ed5875170a996f8c00f12d4fb66792a013ec184f22b,9,1,5415548583552718452,3538497439875268043,Walker-v0,biped,static,"(40,)",500,Wfinal,500,-0.006699049564652644,1.1539704272988707,0.9226213442652959,1.153989871855645,-4.293205738067627,3.699748992919922,0.0,0.0
walker__biped__static__seed_009,/home/rowanli.tangalin/tpr/tpr/results/hpc_rq1/nominal/walker/biped/static/seed_009,cb8398b1a533a19a4fc081e6e0d46618329e03332e1f5f8bb535d338e90c99ee,932a889f6cc99bfabb207ed5875170a996f8c00f12d4fb66792a013ec184f22b,9,2,6075971192560964690,5235945277139461518,Walker-v0,biped,static,"(40,)",500,W0,0,-0.006699049564652644,1.1539704272988707,0.9226213442652959,1.153989871855645,-4.293205738067627,3.699748992919922,0.0,0.0
walker__biped__static__seed_009,/home/rowanli.tangalin/tpr/tpr/results/hpc_rq1/nominal/walker/biped/static/seed_009,cb8398b1a533a19a4fc081e6e0d46618329e03332e1f5f8bb535d338e90c99ee,932a889f6cc99bfabb207ed5875170a996f8c00f12d4fb66792a013ec184f22b,9,2,6075971192560964690,5235945277139461518,Walker-v0,biped,static,"(40,)",500,W25,125,-0.006699049564652644,1.1539704272988707,0.9226213442652959,1.153989871855645,-4.293205738067627,3.699748992919922,0.0,0.0
walker__biped__static__seed_009,/home/rowanli.tangalin/tpr/tpr/results/hpc_rq1/nominal/walker/biped/static/seed_009,cb8398b1a533a19a4fc081e6e0d46618329e03332e1f5f8bb535d338e90c99ee,932a889f6cc99bfabb207ed5875170a996f8c00f12d4fb66792a013ec184f22b,9,2,6075971192560964690,5235945277139461518,Walker-v0,biped,static,"(40,)",500,W50,250,-0.006699049564652644,1.1539704272988707,0.9226213442652959,1.153989871855645,-4.293205738067627,3.699748992919922,0.0,0.0
walker__biped__static__seed_009,/home/rowanli.tangalin/tpr/tpr/results/hpc_rq1/nominal/walker/biped/static/seed_009,cb8398b1a533a19a4fc081e6e0d46618329e03332e1f5f8bb535d338e90c99ee,932a889f6cc99bfabb207ed5875170a996f8c00f12d4fb66792a013ec184f22b,9,2,6075971192560964690,5235945277139461518,Walker-v0,biped,static,"(40,)",500,W75,375,-0.006699049564652644,1.1539704272988707,0.9226213442652959,1.153989871855645,-4.293205738067627,3.699748992919922,0.0,0.0
walker__biped__static__seed_009,/home/rowanli.tangalin/tpr/tpr/results/hpc_rq1/nominal/walker/biped/static/seed_009,cb8398b1a533a19a4fc081e6e0d46618329e03332e1f5f8bb535d338e90c99ee,932a889f6cc99bfabb207ed5875170a996f8c00f12d4fb66792a013ec184f22b,9,2,6075971192560964690,5235945277139461518,Walker-v0,biped,static,"(40,)",500,Wfinal,500,-0.006699049564652644,1.1539704272988707,0.9226213442652959,1.153989871855645,-4.293205738067627,3.699748992919922,0.0,0.0
walker__biped__nchl__seed_000,/home/rowanli.tangalin/tpr/tpr/results/hpc_rq1/nominal/walker/biped/nchl/seed_000,2c6e6b026ee677a78e9d744112611304c259ad9e06288c90c1e89bc39bd8badd,0eb5701f411aa47ac1e44eebe094581522cd785c4ed2e62bfc88f104abf0de6d,0,0,4940322620982477041,3023897764847979143,Walker-v0,biped,nchl,"(40,)",500,W0,0,-0.0010259951441772349,0.05691736246585845,0.04907983453914729,0.05692660903396396,-0.0999501496553421,0.09995333850383759,0.2972297392764621,0.18739646643728494
walker__biped__nchl__seed_000,/home/rowanli.tangalin/tpr/tpr/results/hpc_rq1/nominal/walker/biped/nchl/seed_000,2c6e6b026ee677a78e9d744112611304c259ad9e06288c90c1e89bc39bd8badd,0eb5701f411aa47ac1e44eebe094581522cd785c4ed2e62bfc88f104abf0de6d,0,0,4940322620982477041,3023897764847979143,Walker-v0,biped,nchl,"(40,)",500,W25,125,-0.5317071144643706,28.396949271812005,19.067609649169025,28.401926702275613,-246.58984375,142.43490600585938,0.2972297392764621,0.18739646643728494
walker__biped__nchl__seed_000,/home/rowanli.tangalin/tpr/tpr/results/hpc_rq1/nominal/walker/biped/nchl/seed_000,2c6e6b026ee677a78e9d744112611304c259ad9e06288c90c1e89bc39bd8badd,0eb5701f411aa47ac1e44eebe094581522cd785c4ed2e62bfc88f104abf0de6d,0,0,4940322620982477041,3023897764847979143,Walker-v0,biped,nchl,"(40,)",500,W50,250,-1.3887829315332056,61.19419942990326,39.219154334573496,61.209956395162465,-686.0580444335938,286.17474365234375,0.2972297392764621,0.18739646643728494
walker__biped__nchl__seed_000,/home/rowanli.tangalin/tpr/tpr/results/hpc_rq1/nominal/walker/biped/nchl/seed_000,2c6e6b026ee677a78e9d744112611304c259ad9e06288c90c1e89bc39bd8badd,0eb5701f411aa47ac1e44eebe094581522cd785c4ed2e62bfc88f104abf0de6d,0,0,4940322620982477041,3023897764847979143,Walker-v0,biped,nchl,"(40,)",500,W75,375,-2.067211487527432,94.1284667243751,59.423469246794895,94.15116362114681,-1114.4107666015625,429.5706787109375,0.2972297392764621,0.18739646643728494
walker__biped__nchl__seed_000,/home/rowanli.tangalin/tpr/tpr/results/hpc_rq1/nominal/walker/biped/nchl/seed_000,2c6e6b026ee677a78e9d744112611304c259ad9e06288c90c1e89bc39bd8badd,0eb5701f411aa47ac1e44eebe094581522cd785c4ed2e62bfc88f104abf0de6d,0,0,4940322620982477041,3023897764847979143,Walker-v0,biped,nchl,"(40,)",500,Wfinal,500,-2.7431735685250414,125.6165544975902,79.34422561363317,125.64650319476902,-1486.2618408203125,573.7597045898438,0.2972297392764621,0.18739646643728494
walker__biped__nchl__seed_000,/home/rowanli.tangalin/tpr/tpr/results/hpc_rq1/nominal/walker/biped/nchl/seed_000,2c6e6b026ee677a78e9d744112611304c259ad9e06288c90c1e89bc39bd8badd,0eb5701f411aa47ac1e44eebe094581522cd785c4ed2e62bfc88f104abf0de6d,0,1,530078296572617688,6966882572876332860,Walker-v0,biped,nchl,"(40,)",500,W0,0,0.00048675730230532583,0.05676159543976516,0.04889077318811322,0.056763682487475355,-0.09987534582614899,0.09998205304145813,0.28952878065713467,0.18581207322417811
walker__biped__nchl__seed_000,/home/rowanli.tangalin/tpr/tpr/results/hpc_rq1/nominal/walker/biped/nchl/seed_000,2c6e6b026ee677a78e9d744112611304c259ad9e06288c90c1e89bc39bd8badd,0eb5701f411aa47ac1e44eebe094581522cd785c4ed2e62bfc88f104abf0de6d,0,1,530078296572617688,6966882572876332860,Walker-v0,biped,nchl,"(40,)",500,W25,125,-0.7021579305486133,28.30665150365812,19.024599858846827,28.315358820064116,-252.75592041015625,161.95294189453125,0.28952878065713467,0.18581207322417811
walker__biped__nchl__seed_000,/home/rowanli.tangalin/tpr/tpr/results/hpc_rq1/nominal/walker/biped/nchl/seed_000,2c6e6b026ee677a78e9d744112611304c259ad9e06288c90c1e89bc39bd8badd,0eb5701f411aa47ac1e44eebe094581522cd785c4ed2e62bfc88f104abf0de6d,0,1,530078296572617688,6966882572876332860,Walker-v0,biped,nchl,"(40,)",500,W50,250,-1.4239394170979116,59.65036398975177,38.934884559823935,59.66735730341541,-644.6412963867188,422.1129150390625,0.28952878065713467,0.18581207322417811
walker__biped__nchl__seed_000,/home/rowanli.tangalin/tpr/tpr/results/hpc_rq1/nominal/walker/biped/nchl/seed_000,2c6e6b026ee677a78e9d744112611304c259ad9e06288c90c1e89bc39bd8badd,0eb5701f411aa47ac1e44eebe094581522cd785c4ed2e62bfc88f104abf0de6d,0,1,530078296572617688,6966882572876332860,Walker-v0,biped,nchl,"(40,)",500,W75,375,-2.3711398883358923,91.6331290584773,58.944616380033644,91.663802263585,-1063.0867919921875,700.5986938476562,0.28952878065713467,0.18581207322417811
walker__biped__nchl__seed_000,/home/rowanli.tangalin/tpr/tpr/results/hpc_rq1/nominal/walker/biped/nchl/seed_000,2c6e6b026ee677a78e9d744112611304c259ad9e06288c90c1e89bc39bd8badd,0eb5701f411aa47ac1e44eebe094581522cd785c4ed2e62bfc88f104abf0de6d,0,1,530078296572617688,6966882572876332860,Walker-v0,biped,nchl,"(40,)",500,Wfinal,500,-2.898453148753227,122.50178298305433,78.77655251770048,122.53606760739001,-1426.5401611328125,941.1409301757812,0.28952878065713467,0.18581207322417811
walker__biped__nchl__seed_000,/home/rowanli.tangalin/tpr/tpr/results/hpc_rq1/nominal/walker/biped/nchl/seed_000,2c6e6b026ee677a78e9d744112611304c259ad9e06288c90c1e89bc39bd8badd,0eb5701f411aa47ac1e44eebe094581522cd785c4ed2e62bfc88f104abf0de6d,0,2,7210830791768759910,3424438756091539107,Walker-v0,biped,nchl,"(40,)",500,W0,0,0.0012977978892195097,0.05742827059903052,0.04944746499008943,0.057442932927878394,-0.0999600738286972,0.09992298483848572,0.2899054422872349,0.18618485425958844
walker__biped__nchl__seed_000,/home/rowanli.tangalin/tpr/tpr/results/hpc_rq1/nominal/walker/biped/nchl/seed_000,2c6e6b026ee677a78e9d744112611304c259ad9e06288c90c1e89bc39bd8badd,0eb5701f411aa47ac1e44eebe094581522cd785c4ed2e62bfc88f104abf0de6d,0,2,7210830791768759910,3424438756091539107,Walker-v0,biped,nchl,"(40,)",500,W25,125,-0.5313085154203387,28.306211921875587,19.020038441440555,28.311197821792877,-247.36550903320312,142.67176818847656,0.2899054422872349,0.18618485425958844
walker__biped__nchl__seed_000,/home/rowanli.tangalin/tpr/tpr/results/hpc_rq1/nominal/walker/biped/nchl/seed_000,2c6e6b026ee677a78e9d744112611304c259ad9e06288c90c1e89bc39bd8badd,0eb5701f411aa47ac1e44eebe094581522cd785c4ed2e62bfc88f104abf0de6d,0,2,7210830791768759910,3424438756091539107,Walker-v0,biped,nchl,"(40,)",500,W50,250,-1.1545734893957464,60.04619866695195,39.03251625190411,60.057297760500994,-638.8601684570312,285.72747802734375,0.2899054422872349,0.18618485425958844
walker__biped__nchl__seed_000,/home/rowanli.tangalin/tpr/tpr/results/hpc_rq1/nominal/walker/biped/nchl/seed_000,2c6e6b026ee677a78e9d744112611304c259ad9e06288c90c1e89bc39bd8badd,0eb5701f411aa47ac1e44eebe094581522cd785c4ed2e62bfc88f104abf0de6d,0,2,7210830791768759910,3424438756091539107,Walker-v0,biped,nchl,"(40,)",500,W75,375,-1.6623669053185344,91.3972468004891,58.98084548050053,91.41236342222759,-1007.2533569335938,430.051025390625,0.2899054422872349,0.18618485425958844
walker__biped__nchl__seed_000,/home/rowanli.tangalin/tpr/tpr/results/hpc_rq1/nominal/walker/biped/nchl/seed_000,2c6e6b026ee677a78e9d744112611304c259ad9e06288c90c1e89bc39bd8badd,0eb5701f411aa47ac1e44eebe094581522cd785c4ed2e62bfc88f104abf0de6d,0,2,7210830791768759910,3424438756091539107,Walker-v0,biped,nchl,"(40,)",500,Wfinal,500,-2.5396217538781154,123.0898090290118,78.96355078005776,123.11600531795762,-1387.4180908203125,573.3123779296875,0.2899054422872349,0.18618485425958844
walker__biped__nchl__seed_001,/home/rowanli.tangalin/tpr/tpr/results/hpc_rq1/nominal/walker/biped/nchl/seed_001,f9c3dae9eeb3f7ac5b8ce4b6b913d3366424db3aaddddccde1131516ab0d9cad,a572e58d8e87bd245914da3a46e61bd70f8601e6cc66c55a1bf69c085a3024a4,1,0,5232325836976384581,7172422899355977572,Walker-v0,biped,nchl,"(40,)",500,W0,0,-0.001483132352385989,0.058108521810547556,0.05054691333670007,0.05812744608686652,-0.09996207058429718,0.09991510212421417,0.4046172772747807,0.27501981383449337
walker__biped__nchl__seed_001,/home/rowanli.tangalin/tpr/tpr/results/hpc_rq1/nominal/walker/biped/nchl/seed_001,f9c3dae9eeb3f7ac5b8ce4b6b913d3366424db3aaddddccde1131516ab0d9cad,a572e58d8e87bd245914da3a46e61bd70f8601e6cc66c55a1bf69c085a3024a4,1,0,5232325836976384581,7172422899355977572,Walker-v0,biped,nchl,"(40,)",500,W25,125,2.957266296940846,40.02435158454104,27.548843899892383,40.133454171226965,-162.3592529296875,209.32373046875,0.4046172772747807,0.27501981383449337
walker__biped__nchl__seed_001,/home/rowanli.tangalin/tpr/tpr/results/hpc_rq1/nominal/walker/biped/nchl/seed_001,f9c3dae9eeb3f7ac5b8ce4b6b913d3366424db3aaddddccde1131516ab0d9cad,a572e58d8e87bd245914da3a46e61bd70f8601e6cc66c55a1bf69c085a3024a4,1,0,5232325836976384581,7172422899355977572,Walker-v0,biped,nchl,"(40,)",500,W50,250,6.361333108996041,83.93530718759007,57.57560767100658,84.17602005083585,-461.24462890625,416.5511474609375,0.4046172772747807,0.27501981383449337
walker__biped__nchl__seed_001,/home/rowanli.tangalin/tpr/tpr/results/hpc_rq1/nominal/walker/biped/nchl/seed_001,f9c3dae9eeb3f7ac5b8ce4b6b913d3366424db3aaddddccde1131516ab0d9cad,a572e58d8e87bd245914da3a46e61bd70f8601e6cc66c55a1bf69c085a3024a4,1,0,5232325836976384581,7172422899355977572,Walker-v0,biped,nchl,"(40,)",500,W75,375,9.86618531675437,128.49933848495948,87.76250001044681,128.87754499437338,-782.9530639648438,623.7785034179688,0.4046172772747807,0.27501981383449337
walker__biped__nchl__seed_001,/home/rowanli.tangalin/tpr/tpr/results/hpc_rq1/nominal/walker/biped/nchl/seed_001,f9c3dae9eeb3f7ac5b8ce4b6b913d3366424db3aaddddccde1131516ab0d9cad,a572e58d8e87bd245914da3a46e61bd70f8601e6cc66c55a1bf69c085a3024a4,1,0,5232325836976384581,7172422899355977572,Walker-v0,biped,nchl,"(40,)",500,Wfinal,500,13.223322764004115,173.15677025024576,117.94656689663728,173.66094364714658,-1105.962890625,831.0065307617188,0.4046172772747807,0.27501981383449337
walker__biped__nchl__seed_001,/home/rowanli.tangalin/tpr/tpr/results/hpc_rq1/nominal/walker/biped/nchl/seed_001,f9c3dae9eeb3f7ac5b8ce4b6b913d3366424db3aaddddccde1131516ab0d9cad,a572e58d8e87bd245914da3a46e61bd70f8601e6cc66c55a1bf69c085a3024a4,1,1,3184075494390970209,9147161066225580108,Walker-v0,biped,nchl,"(40,)",500,W0,0,0.0007401791430500756,0.05802836022617893,0.05036275270204366,0.05803308070146708,-0.09997173398733139,0.09993826597929001,0.408007265335816,0.2763983529084059
walker__biped__nchl__seed_001,/home/rowanli.tangalin/tpr/tpr/results/hpc_rq1/nominal/walker/biped/nchl/seed_001,f9c3dae9eeb3f7ac5b8ce4b6b913d3366424db3aaddddccde1131516ab0d9cad,a572e58d8e87bd245914da3a46e61bd70f8601e6cc66c55a1bf69c085a3024a4,1,1,3184075494390970209,9147161066225580108,Walker-v0,biped,nchl,"(40,)",500,W25,125,2.5240097950639515,40.916220223767766,27.902804940314187,40.993995936544664,-208.30223083496094,208.9433135986328,0.408007265335816,0.2763983529084059
walker__biped__nchl__seed_001,/home/rowanli.tangalin/tpr/tpr/results/hpc_rq1/nominal/walker/biped/nchl/seed_001,f9c3dae9eeb3f7ac5b8ce4b6b913d3366424db3aaddddccde1131516ab0d9cad,a572e58d8e87bd245914da3a46e61bd70f8601e6cc66c55a1bf69c085a3024a4,1,1,3184075494390970209,9147161066225580108,Walker-v0,biped,nchl,"(40,)",500,W50,250,4.909862580553939,85.14888615506547,57.97902455969403,85.2903251489184,-509.7190246582031,416.1729431152344,0.408007265335816,0.2763983529084059
walker__biped__nchl__seed_001,/home/rowanli.tangalin/tpr/tpr/results/hpc_rq1/nominal/walker/biped/nchl/seed_001,f9c3dae9eeb3f7ac5b8ce4b6b913d3366424db3aaddddccde1131516ab0d9cad,a572e58d8e87bd245914da3a46e61bd70f8601e6cc66c55a1bf69c085a3024a4,1,1,3184075494390970209,9147161066225580108,Walker-v0,biped,nchl,"(40,)",500,W75,375,7.257505345445437,130.42372496369802,88.36831999761053,130.62549298374157,-845.5325317382812,623.3997192382812,0.408007265335816,0.2763983529084059
walker__biped__nchl__seed_001,/home/rowanli.tangalin/tpr/tpr/results/hpc_rq1/nominal/walker/biped/nchl/seed_001,f9c3dae9eeb3f7ac5b8ce4b6b913d3366424db3aaddddccde1131516ab0d9cad,a572e58d8e87bd245914da3a46e61bd70f8601e6cc66c55a1bf69c085a3024a4,1,1,3184075494390970209,9147161066225580108,Walker-v0,biped,nchl,"(40,)",500,Wfinal,500,9.958951674494893,175.22146743893526,118.67855370671799,175.504254563554,-1151.7640380859375,830.6272583007812,0.408007265335816,0.2763983529084059
walker__biped__nchl__seed_001,/home/rowanli.tangalin/tpr/tpr/results/hpc_rq1/nominal/walker/biped/nchl/seed_001,f9c3dae9eeb3f7ac5b8ce4b6b913d3366424db3aaddddccde1131516ab0d9cad,a572e58d8e87bd245914da3a46e61bd70f8601e6cc66c55a1bf69c085a3024a4,1,2,6337936886056088,9019669384804417704,Walker-v0,biped,nchl,"(40,)",500,W0,0,0.0004990005734005838,0.05702242140904271,0.04955020298177336,0.05702460473271785,-0.09978632628917694,0.09996291995048523,0.40124498158827093,0.27424829709724446
walker__biped__nchl__seed_001,/home/rowanli.tangalin/tpr/tpr/results/hpc_rq1/nominal/walker/biped/nchl/seed_001,f9c3dae9eeb3f7ac5b8ce4b6b913d3366424db3aaddddccde1131516ab0d9cad,a572e58d8e87bd245914da3a46e61bd70f8601e6cc66c55a1bf69c085a3024a4,1,2,6337936886056088,9019669384804417704,Walker-v0,biped,nchl,"(40,)",500,W25,125,4.118571218638681,40.120533742825394,27.716241919676154,40.331375586411504,-171.16395568847656,209.81222534179688,0.40124498158827093,0.27424829709724446
walker__biped__nchl__seed_001,/home/rowanli.tangalin/tpr/tpr/results/hpc_rq1/nominal/walker/biped/nchl/seed_001,f9c3dae9eeb3f7ac5b8ce4b6b913d3366424db3aaddddccde1131516ab0d9cad,a572e58d8e87bd245914da3a46e61bd70f8601e6cc66c55a1bf69c085a3024a4,1,2,6337936886056088,9019669384804417704,Walker-v0,biped,nchl,"(40,)",500,W50,250,8.575473215399931,83.0786853878044,57.426009995800754,83.52009762107457,-445.06304931640625,417.0390930175781,0.40124498158827093,0.27424829709724446
walker__biped__nchl__seed_001,/home/rowanli.tangalin/tpr/tpr/results/hpc_rq1/nominal/walker/biped/nchl/seed_001,f9c3dae9eeb3f7ac5b8ce4b6b913d3366424db3aaddddccde1131516ab0d9cad,a572e58d8e87bd245914da3a46e61bd70f8601e6cc66c55a1bf69c085a3024a4,1,2,6337936886056088,9019669384804417704,Walker-v0,biped,nchl,"(40,)",500,W75,375,13.378446342879519,126.87268239680236,87.51806866190745,127.57609637039843,-743.5769653320312,624.2679443359375,0.40124498158827093,0.27424829709724446
walker__biped__nchl__seed_001,/home/rowanli.tangalin/tpr/tpr/results/hpc_rq1/nominal/walker/biped/nchl/seed_001,f9c3dae9eeb3f7ac5b8ce4b6b913d3366424db3aaddddccde1131516ab0d9cad,a572e58d8e87bd245914da3a46e61bd70f8601e6cc66c55a1bf69c085a3024a4,1,2,6337936886056088,9019669384804417704,Walker-v0,biped,nchl,"(40,)",500,Wfinal,500,18.16473758537128,171.29121711724446,117.77870602083276,172.25167271481686,-1079.1976318359375,831.4966430664062,0.40124498158827093,0.27424829709724446
walker__biped__nchl__seed_002,/home/rowanli.tangalin/tpr/tpr/results/hpc_rq1/nominal/walker/biped/nchl/seed_002,51ddb163f7a437b9dd383beaad7780645de42b5ff0ad7627ea6b5406927801c0,e84198b2b677961f123556d89ee5400ad96dd0bf8d35aa9f967b42fad4e3745d,2,0,4709125304908105630,1244304497912131803,Walker-v0,biped,nchl,"(40,)",500,W0,0,0.0006488340253952174,0.05675276796309396,0.048930563931554615,0.056756476785167834,-0.09996066987514496,0.09981396794319153,0.46049478330980786,0.2941039086689032
walker__biped__nchl__seed_002,/home/rowanli.tangalin/tpr/tpr/results/hpc_rq1/nominal/walker/biped/nchl/seed_002,51ddb163f7a437b9dd383beaad7780645de42b5ff0ad7627ea6b5406927801c0,e84198b2b677961f123556d89ee5400ad96dd0bf8d35aa9f967b42fad4e3745d,2,0,4709125304908105630,1244304497912131803,Walker-v0,biped,nchl,"(40,)",500,W25,125,-0.43469271450352004,42.15015147053967,27.874264487266675,42.15239289465641,-256.2417907714844,294.792236328125,0.46049478330980786,0.2941039086689032
walker__biped__nchl__seed_002,/home/rowanli.tangalin/tpr/tpr/results/hpc_rq1/nominal/walker/biped/nchl/seed_002,51ddb163f7a437b9dd383beaad7780645de42b5ff0ad7627ea6b5406927801c0,e84198b2b677961f123556d89ee5400ad96dd0bf8d35aa9f967b42fad4e3745d,2,0,4709125304908105630,1244304497912131803,Walker-v0,biped,nchl,"(40,)",500,W50,250,-0.34577718437455285,87.0023975766556,56.710509144408086,87.00308469213998,-629.9474487304688,704.797607421875,0.46049478330980786,0.2941039086689032
walker__biped__nchl__seed_002,/home/rowanli.tangalin/tpr/tpr/results/hpc_rq1/nominal/walker/biped/nchl/seed_002,51ddb163f7a437b9dd383beaad7780645de42b5ff0ad7627ea6b5406927801c0,e84198b2b677961f123556d89ee5400ad96dd0bf8d35aa9f967b42fad4e3745d,2,0,4709125304908105630,1244304497912131803,Walker-v0,biped,nchl,"(40,)",500,W75,375,-0.32960001470055433,132.460554552369,85.5069163873714,132.46096462162282,-1037.62646484375,1149.33447265625,0.46049478330980786,0.2941039086689032
walker__biped__nchl__seed_002,/home/rowanli.tangalin/tpr/tpr/results/hpc_rq1/nominal/walker/biped/nchl/seed_002,51ddb163f7a437b9dd383beaad7780645de42b5ff0ad7627ea6b5406927801c0,e84198b2b677961f123556d89ee5400ad96dd0bf8d35aa9f967b42fad4e3745d,2,0,4709125304908105630,1244304497912131803,Walker-v0,biped,nchl,"(40,)",500,Wfinal,500,-0.3024861397299295,178.83464006453764,114.58343109506337,178.83489588130573,-1477.7227783203125,1626.8203125,0.46049478330980786,0.2941039086689032
walker__biped__nchl__seed_002,/home/rowanli.tangalin/tpr/tpr/results/hpc_rq1/nominal/walker/biped/nchl/seed_002,51ddb163f7a437b9dd383beaad7780645de42b5ff0ad7627ea6b5406927801c0,e84198b2b677961f123556d89ee5400ad96dd0bf8d35aa9f967b42fad4e3745d,2,1,6789895730674132307,2935584579999248951,Walker-v0,biped,nchl,"(40,)",500,W0,0,0.0006980536071515312,0.05806433065181708,0.0505916618656034,0.058068526525838424,-0.09997812658548355,0.09996149688959122,0.4356591178919266,0.2886066674318462
walker__biped__nchl__seed_002,/home/rowanli.tangalin/tpr/tpr/results/hpc_rq1/nominal/walker/biped/nchl/seed_002,51ddb163f7a437b9dd383beaad7780645de42b5ff0ad7627ea6b5406927801c0,e84198b2b677961f123556d89ee5400ad96dd0bf8d35aa9f967b42fad4e3745d,2,1,6789895730674132307,2935584579999248951,Walker-v0,biped,nchl,"(40,)",500,W25,125,-0.28872051544021815,41.01693185262808,27.453846464531185,41.01794800010323,-212.5054168701172,237.97230529785156,0.4356591178919266,0.2886066674318462
walker__biped__nchl__seed_002,/home/rowanli.tangalin/tpr/tpr/results/hpc_rq1/nominal/walker/biped/nchl/seed_002,51ddb163f7a437b9dd383beaad7780645de42b5ff0ad7627ea6b5406927801c0,e84198b2b677961f123556d89ee5400ad96dd0bf8d35aa9f967b42fad4e3745d,2,1,6789895730674132307,2935584579999248951,Walker-v0,biped,nchl,"(40,)",500,W50,250,-0.6380317404749803,84.43672026063686,56.02893827497416,84.43913081548683,-505.08197021484375,573.9296875,0.4356591178919266,0.2886066674318462
walker__biped__nchl__seed_002,/home/rowanli.tangalin/tpr/tpr/results/hpc_rq1/nominal/walker/biped/nchl/seed_002,51ddb163f7a437b9dd383beaad7780645de42b5ff0ad7627ea6b5406927801c0,e84198b2b677961f123556d89ee5400ad96dd0bf8d35aa9f967b42fad4e3745d,2,1,6789895730674132307,2935584579999248951,Walker-v0,biped,nchl,"(40,)",500,W75,375,-0.6013065326027572,129.51522282727024,84.94609671217235,129.51661867707793,-886.0786743164062,991.3460083007812,0.4356591178919266,0.2886066674318462
walker__biped__nchl__seed_002,/home/rowanli.tangalin/tpr/tpr/results/hpc_rq1/nominal/walker/biped/nchl/seed_002,51ddb163f7a437b9dd383beaad7780645de42b5ff0ad7627ea6b5406927801c0,e84198b2b677961f123556d89ee5400ad96dd0bf8d35aa9f967b42fad4e3745d,2,1,6789895730674132307,2935584579999248951,Walker-v0,biped,nchl,"(40,)",500,Wfinal,500,-0.7550950171115498,173.84771460865454,113.55073973461985,173.84935445130955,-1236.18994140625,1377.369140625,0.4356591178919266,0.2886066674318462
walker__biped__nchl__seed_002,/home/rowanli.tangalin/tpr/tpr/results/hpc_rq1/nominal/walker/biped/nchl/seed_002,51ddb163f7a437b9dd383beaad7780645de42b5ff0ad7627ea6b5406927801c0,e84198b2b677961f123556d89ee5400ad96dd0bf8d35aa9f967b42fad4e3745d,2,2,2298876442789069326,7237655472595637189,Walker-v0,biped,nchl,"(40,)",500,W0,0,0.0003078784667877699,0.057022192876167034,0.04883137147869547,0.057023024030273116,-0.09991399198770523,0.09996185451745987,0.4367494053937427,0.2889946143198151
walker__biped__nchl__seed_002,/home/rowanli.tangalin/tpr/tpr/results/hpc_rq1/nominal/walker/biped/nchl/seed_002,51ddb163f7a437b9dd383beaad7780645de42b5ff0ad7627ea6b5406927801c0,e84198b2b677961f123556d89ee5400ad96dd0bf8d35aa9f967b42fad4e3745d,2,2,2298876442789069326,7237655472595637189,Walker-v0,biped,nchl,"(40,)",500,W25,125,-0.3854800385258083,41.34077938506133,27.66433000978917,41.34257654070939,-217.61395263671875,237.20587158203125,0.4367494053937427,0.2889946143198151
walker__biped__nchl__seed_002,/home/rowanli.tangalin/tpr/tpr/results/hpc_rq1/nominal/walker/biped/nchl/seed_002,51ddb163f7a437b9dd383beaad7780645de42b5ff0ad7627ea6b5406927801c0,e84198b2b677961f123556d89ee5400ad96dd0bf8d35aa9f967b42fad4e3745d,2,2,2298876442789069326,7237655472595637189,Walker-v0,biped,nchl,"(40,)",500,W50,250,-0.6231779927329626,84.67728424792459,56.039533680822935,84.67957733960677,-509.8110656738281,578.3307495117188,0.4367494053937427,0.2889946143198151
walker__biped__nchl__seed_002,/home/rowanli.tangalin/tpr/tpr/results/hpc_rq1/nominal/walker/biped/nchl/seed_002,51ddb163f7a437b9dd383beaad7780645de42b5ff0ad7627ea6b5406927801c0,e84198b2b677961f123556d89ee5400ad96dd0bf8d35aa9f967b42fad4e3745d,2,2,2298876442789069326,7237655472595637189,Walker-v0,biped,nchl,"(40,)",500,W75,375,-0.6657068321750558,129.48988051380172,85.01742189112532,129.49159170025308,-875.7979125976562,980.4913330078125,0.4367494053937427,0.2889946143198151
walker__biped__nchl__seed_002,/home/rowanli.tangalin/tpr/tpr/results/hpc_rq1/nominal/walker/biped/nchl/seed_002,51ddb163f7a437b9dd383beaad7780645de42b5ff0ad7627ea6b5406927801c0,e84198b2b677961f123556d89ee5400ad96dd0bf8d35aa9f967b42fad4e3745d,2,2,2298876442789069326,7237655472595637189,Walker-v0,biped,nchl,"(40,)",500,Wfinal,500,-0.8455028154654428,174.27090303475399,113.72680759563421,174.27295406792067,-1247.2432861328125,1388.19921875,0.4367494053937427,0.2889946143198151
walker__biped__nchl__seed_003,/home/rowanli.tangalin/tpr/tpr/results/hpc_rq1/nominal/walker/biped/nchl/seed_003,e15a4d9d9c51ddc2e9ec78035a4d9c4f27aaece9cd90565ef2a9794e844e224f,48d66aeb9e00e431834498cfabb6f6baad1444c56b5738bb617b7e3604e29c6f,3,0,6875887065855152501,8328361779180904825,Walker-v0,biped,nchl,"(40,)",500,W0,0,0.002287040614746161,0.05760945540719873,0.049738823408255445,0.057654834203972154,-0.09991977363824844,0.0998677909374237,0.35829023830984624,0.22560147258494048
walker__biped__nchl__seed_003,/home/rowanli.tangalin/tpr/tpr/results/hpc_rq1/nominal/walker/biped/nchl/seed_003,e15a4d9d9c51ddc2e9ec78035a4d9c4f27aaece9cd90565ef2a9794e844e224f,48d66aeb9e00e431834498cfabb6f6baad1444c56b5738bb617b7e3604e29c6f,3,0,6875887065855152501,8328361779180904825,Walker-v0,biped,nchl,"(40,)",500,W25,125,3.4975255481163914,31.242723336709165,20.408681728044517,31.437882346841974,-161.089111328125,221.86045837402344,0.35829023830984624,0.22560147258494048
walker__biped__nchl__seed_003,/home/rowanli.tangalin/tpr/tpr/results/hpc_rq1/nominal/walker/biped/nchl/seed_003,e15a4d9d9c51ddc2e9ec78035a4d9c4f27aaece9cd90565ef2a9794e844e224f,48d66aeb9e00e431834498cfabb6f6baad1444c56b5738bb617b7e3604e29c6f,3,0,6875887065855152501,8328361779180904825,Walker-v0,biped,nchl,"(40,)",500,W50,250,8.187896712688962,66.73341475119106,42.911151248544535,67.23384785160036,-324.17724609375,517.927490234375,0.35829023830984624,0.22560147258494048
walker__biped__nchl__seed_003,/home/rowanli.tangalin/tpr/tpr/results/hpc_rq1/nominal/walker/biped/nchl/seed_003,e15a4d9d9c51ddc2e9ec78035a4d9c4f27aaece9cd90565ef2a9794e844e224f,48d66aeb9e00e431834498cfabb6f6baad1444c56b5738bb617b7e3604e29c6f,3,0,6875887065855152501,8328361779180904825,Walker-v0,biped,nchl,"(40,)",500,W75,375,13.388776347464105,103.3229394988233,65.69156943917818,104.18679934982126,-485.36065673828125,881.5901489257812,0.35829023830984624,0.22560147258494048
walker__biped__nchl__seed_003,/home/rowanli.tangalin/tpr/tpr/results/hpc_rq1/nominal/walker/biped/nchl/seed_003,e15a4d9d9c51ddc2e9ec78035a4d9c4f27aaece9cd90565ef2a9794e844e224f,48d66aeb9e00e431834498cfabb6f6baad1444c56b5738bb617b7e3604e29c6f,3,0,6875887065855152501,8328361779180904825,Walker-v0,biped,nchl,"(40,)",500,Wfinal,500,18.869987732250593,139.82545728345764,88.52072763732382,141.09300103670387,-646.1666870117188,1243.2364501953125,0.35829023830984624,0.22560147258494048
walker__biped__nchl__seed_003,/home/rowanli.tangalin/tpr/tpr/results/hpc_rq1/nominal/walker/biped/nchl/seed_003,e15a4d9d9c51ddc2e9ec78035a4d9c4f27aaece9cd90565ef2a9794e844e224f,48d66aeb9e00e431834498cfabb6f6baad1444c56b5738bb617b7e3604e29c6f,3,1,2344851983452959862,6171704884853545157,Walker-v0,biped,nchl,"(40,)",500,W0,0,-0.00012281815837506354,0.05743852136984036,0.049659861307799244,0.0574386526779105,-0.09999573230743408,0.0999051183462143,0.34378394703374937,0.2220968526441498
walker__biped__nchl__seed_003,/home/rowanli.tangalin/tpr/tpr/results/hpc_rq1/nominal/walker/biped/nchl/seed_003,e15a4d9d9c51ddc2e9ec78035a4d9c4f27aaece9cd90565ef2a9794e844e224f,48d66aeb9e00e431834498cfabb6f6baad1444c56b5738bb617b7e3604e29c6f,3,1,2344851983452959862,6171704884853545157,Walker-v0,biped,nchl,"(40,)",500,W25,125,2.3833860391455044,30.148259384815763,19.832520360958007,30.242322545494506,-163.24549865722656,221.4581298828125,0.34378394703374937,0.2220968526441498
walker__biped__nchl__seed_003,/home/rowanli.tangalin/tpr/tpr/results/hpc_rq1/nominal/walker/biped/nchl/seed_003,e15a4d9d9c51ddc2e9ec78035a4d9c4f27aaece9cd90565ef2a9794e844e224f,48d66aeb9e00e431834498cfabb6f6baad1444c56b5738bb617b7e3604e29c6f,3,1,2344851983452959862,6171704884853545157,Walker-v0,biped,nchl,"(40,)",500,W50,250,7.194100165412722,64.00018921160876,41.53187688057563,64.40325532387097,-325.0462951660156,443.57989501953125,0.34378394703374937,0.2220968526441498
walker__biped__nchl__seed_003,/home/rowanli.tangalin/tpr/tpr/results/hpc_rq1/nominal/walker/biped/nchl/seed_003,e15a4d9d9c51ddc2e9ec78035a4d9c4f27aaece9cd90565ef2a9794e844e224f,48d66aeb9e00e431834498cfabb6f6baad1444c56b5738bb617b7e3604e29c6f,3,1,2344851983452959862,6171704884853545157,Walker-v0,biped,nchl,"(40,)",500,W75,375,11.618942294062192,98.78895281388336,63.79403212928252,99.46987995416713,-493.298583984375,688.9027709960938,0.34378394703374937,0.2220968526441498
walker__biped__nchl__seed_003,/home/rowanli.tangalin/tpr/tpr/results/hpc_rq1/nominal/walker/biped/nchl/seed_003,e15a4d9d9c51ddc2e9ec78035a4d9c4f27aaece9cd90565ef2a9794e844e224f,48d66aeb9e00e431834498cfabb6f6baad1444c56b5738bb617b7e3604e29c6f,3,1,2344851983452959862,6171704884853545157,Walker-v0,biped,nchl,"(40,)",500,Wfinal,500,17.007346169487572,134.6764546008948,86.39754453845477,135.746076361697,-656.3748168945312,1042.1805419921875,0.34378394703374937,0.2220968526441498
walker__biped__nchl__seed_003,/home/rowanli.tangalin/tpr/tpr/results/hpc_rq1/nominal/walker/biped/nchl/seed_003,e15a4d9d9c51ddc2e9ec78035a4d9c4f27aaece9cd90565ef2a9794e844e224f,48d66aeb9e00e431834498cfabb6f6baad1444c56b5738bb617b7e3604e29c6f,3,2,3189270387817152734,2268335290108042879,Walker-v0,biped,nchl,"(40,)",500,W0,0,-0.0017681008295596713,0.057467549832580817,0.04959775734060372,0.05749474292753772,-0.09995664656162262,0.09995342791080475,0.3533012328846987,0.22442097689421514
walker__biped__nchl__seed_003,/home/rowanli.tangalin/tpr/tpr/results/hpc_rq1/nominal/walker/biped/nchl/seed_003,e15a4d9d9c51ddc2e9ec78035a4d9c4f27aaece9cd90565ef2a9794e844e224f,48d66aeb9e00e431834498cfabb6f6baad1444c56b5738bb617b7e3604e29c6f,3,2,3189270387817152734,2268335290108042879,Walker-v0,biped,nchl,"(40,)",500,W25,125,2.989901344361715,30.813189217493424,20.070226876744226,30.957909163928832,-161.76577758789062,222.06472778320312,0.3533012328846987,0.22442097689421514
walker__biped__nchl__seed_003,/home/rowanli.tangalin/tpr/tpr/results/hpc_rq1/nominal/walker/biped/nchl/seed_003,e15a4d9d9c51ddc2e9ec78035a4d9c4f27aaece9cd90565ef2a9794e844e224f,48d66aeb9e00e431834498cfabb6f6baad1444c56b5738bb617b7e3604e29c6f,3,2,3189270387817152734,2268335290108042879,Walker-v0,biped,nchl,"(40,)",500,W50,250,7.4645345483790155,65.68777533855229,42.28898058147946,66.11053701908692,-324.9263000488281,468.9710693359375,0.3533012328846987,0.22442097689421514
walker__biped__nchl__seed_003,/home/rowanli.tangalin/tpr/tpr/results/hpc_rq1/nominal/walker/biped/nchl/seed_003,e15a4d9d9c51ddc2e9ec78035a4d9c4f27aaece9cd90565ef2a9794e844e224f,48d66aeb9e00e431834498cfabb6f6baad1444c56b5738bb617b7e3604e29c6f,3,2,3189270387817152734,2268335290108042879,Walker-v0,biped,nchl,"(40,)",500,W75,375,12.914161816670093,101.47769888254003,64.8278967491778,102.29613358247029,-485.146240234375,809.00439453125,0.3533012328846987,0.22442097689421514
walker__biped__nchl__seed_003,/home/rowanli.tangalin/tpr/tpr/results/hpc_rq1/nominal/walker/biped/nchl/seed_003,e15a4d9d9c51ddc2e9ec78035a4d9c4f27aaece9cd90565ef2a9794e844e224f,48d66aeb9e00e431834498cfabb6f6baad1444c56b5738bb617b7e3604e29c6f,3,2,3189270387817152734,2268335290108042879,Walker-v0,biped,nchl,"(40,)",500,Wfinal,500,18.18327062842436,137.7640380280842,87.42812940535757,138.9588482413047,-668.26708984375,1151.2120361328125,0.3533012328846987,0.22442097689421514
walker__biped__nchl__seed_004,/home/rowanli.tangalin/tpr/tpr/results/hpc_rq1/nominal/walker/biped/nchl/seed_004,de1d133581515e158a317db31d0047534d22c144c35c8a91816750a519a78390,176e555b9e6dd75db19973400b373b1815e6d847a929dda8224c2f804bdec8df,4,0,4675618027918977294,6264005447694142635,Walker-v0,biped,nchl,"(40,)",500,W0,0,0.0003081796841930403,0.05713445236797238,0.04931849443158285,0.05713528351295593,-0.09992870688438416,0.09999668598175049,0.2794865901655011,0.1843714451743965
walker__biped__nchl__seed_004,/home/rowanli.tangalin/tpr/tpr/results/hpc_rq1/nominal/walker/biped/nchl/seed_004,de1d133581515e158a317db31d0047534d22c144c35c8a91816750a519a78390,176e555b9e6dd75db19973400b373b1815e6d847a929dda8224c2f804bdec8df,4,0,4675618027918977294,6264005447694142635,Walker-v0,biped,nchl,"(40,)",500,W25,125,-2.9692587282896663,24.324523147430632,16.769244730379434,24.505079549869098,-142.87449645996094,96.80693817138672,0.2794865901655011,0.1843714451743965
walker__biped__nchl__seed_004,/home/rowanli.tangalin/tpr/tpr/results/hpc_rq1/nominal/walker/biped/nchl/seed_004,de1d133581515e158a317db31d0047534d22c144c35c8a91816750a519a78390,176e555b9e6dd75db19973400b373b1815e6d847a929dda8224c2f804bdec8df,4,0,4675618027918977294,6264005447694142635,Walker-v0,biped,nchl,"(40,)",500,W50,250,-6.343466872862094,52.34267625923017,35.00864263465773,52.72566101952327,-400.814697265625,291.1968688964844,0.2794865901655011,0.1843714451743965
walker__biped__nchl__seed_004,/home/rowanli.tangalin/tpr/tpr/results/hpc_rq1/nominal/walker/biped/nchl/seed_004,de1d133581515e158a317db31d0047534d22c144c35c8a91816750a519a78390,176e555b9e6dd75db19973400b373b1815e6d847a929dda8224c2f804bdec8df,4,0,4675618027918977294,6264005447694142635,Walker-v0,biped,nchl,"(40,)",500,W75,375,-9.56872508066784,81.71476742549889,53.78970186765073,82.27310444533363,-685.9390869140625,509.2337951660156,0.2794865901655011,0.1843714451743965
walker__biped__nchl__seed_004,/home/rowanli.tangalin/tpr/tpr/results/hpc_rq1/nominal/walker/biped/nchl/seed_004,de1d133581515e158a317db31d0047534d22c144c35c8a91816750a519a78390,176e555b9e6dd75db19973400b373b1815e6d847a929dda8224c2f804bdec8df,4,0,4675618027918977294,6264005447694142635,Walker-v0,biped,nchl,"(40,)",500,Wfinal,500,-12.76775782077845,111.10138071306915,72.44233450257258,111.83260900166991,-967.0722045898438,723.7988891601562,0.2794865901655011,0.1843714451743965
walker__biped__nchl__seed_004,/home/rowanli.tangalin/tpr/tpr/results/hpc_rq1/nominal/walker/biped/nchl/seed_004,de1d133581515e158a317db31d0047534d22c144c35c8a91816750a519a78390,176e555b9e6dd75db19973400b373b1815e6d847a929dda8224c2f804bdec8df,4,1,1776748932738538903,3330744174114140836,Walker-v0,biped,nchl,"(40,)",500,W0,0,-0.0008953688545564849,0.05803975747507875,0.05053112343067975,0.05804666341101502,-0.0999869704246521,0.0997551679611206,0.2835337945077553,0.18554493297177266
walker__biped__nchl__seed_004,/home/rowanli.tangalin/tpr/tpr/results/hpc_rq1/nominal/walker/biped/nchl/seed_004,de1d133581515e158a317db31d0047534d22c144c35c8a91816750a519a78390,176e555b9e6dd75db19973400b373b1815e6d847a929dda8224c2f804bdec8df,4,1,1776748932738538903,3330744174114140836,Walker-v0,biped,nchl,"(40,)",500,W25,125,-2.997007209215614,24.764543509432894,16.75903327584407,24.945233361159104,-169.3879852294922,120.06631469726562,0.2835337945077553,0.18554493297177266
walker__biped__nchl__seed_004,/home/rowanli.tangalin/tpr/tpr/results/hpc_rq1/nominal/walker/biped/nchl/seed_004,de1d133581515e158a317db31d0047534d22c144c35c8a91816750a519a78390,176e555b9e6dd75db19973400b373b1815e6d847a929dda8224c2f804bdec8df,4,1,1776748932738538903,3330744174114140836,Walker-v0,biped,nchl,"(40,)",500,W50,250,-6.208911966486872,53.494214554285705,35.36802635187341,53.8533339598166,-438.82373046875,324.45611572265625,0.2835337945077553,0.18554493297177266
walker__biped__nchl__seed_004,/home/rowanli.tangalin/tpr/tpr/results/hpc_rq1/nominal/walker/biped/nchl/seed_004,de1d133581515e158a317db31d0047534d22c144c35c8a91816750a519a78390,176e555b9e6dd75db19973400b373b1815e6d847a929dda8224c2f804bdec8df,4,1,1776748932738538903,3330744174114140836,Walker-v0,biped,nchl,"(40,)",500,W75,375,-9.402961064359017,83.23640014066056,54.10903192650294,83.76582826638801,-731.6100463867188,549.1588745117188,0.2835337945077553,0.18554493297177266
walker__biped__nchl__seed_004,/home/rowanli.tangalin/tpr/tpr/results/hpc_rq1/nominal/walker/biped/nchl/seed_004,de1d133581515e158a317db31d0047534d22c144c35c8a91816750a519a78390,176e555b9e6dd75db19973400b373b1815e6d847a929dda8224c2f804bdec8df,4,1,1776748932738538903,3330744174114140836,Walker-v0,biped,nchl,"(40,)",500,Wfinal,500,-12.567466133293541,112.6860534490462,72.98138063898854,113.3846896495853,-1008.0317993164062,759.6256713867188,0.2835337945077553,0.18554493297177266
walker__biped__nchl__seed_004,/home/rowanli.tangalin/tpr/tpr/results/hpc_rq1/nominal/walker/biped/nchl/seed_004,de1d133581515e158a317db31d0047534d22c144c35c8a91816750a519a78390,176e555b9e6dd75db19973400b373b1815e6d847a929dda8224c2f804bdec8df,4,2,1844154726293175647,4425154243183907800,Walker-v0,biped,nchl,"(40,)",500,W0,0,-9.60504153553643e-05,0.05763863933495555,0.04975723834115655,0.05763871936526153,-0.0999416708946228,0.09996934980154037,0.27676909474390055,0.18377615218987065
walker__biped__nchl__seed_004,/home/rowanli.tangalin/tpr/tpr/results/hpc_rq1/nominal/walker/biped/nchl/seed_004,de1d133581515e158a317db31d0047534d22c144c35c8a91816750a519a78390,176e555b9e6dd75db19973400b373b1815e6d847a929dda8224c2f804bdec8df,4,2,1844154726293175647,4425154243183907800,Walker-v0,biped,nchl,"(40,)",500,W25,125,-2.9486857905382444,24.931943546308535,16.950186920559887,25.105707655583778,-174.0291290283203,116.86328125,0.27676909474390055,0.18377615218987065
walker__biped__nchl__seed_004,/home/rowanli.tangalin/tpr/tpr/results/hpc_rq1/nominal/walker/biped/nchl/seed_004,de1d133581515e158a317db31d0047534d22c144c35c8a91816750a519a78390,176e555b9e6dd75db19973400b373b1815e6d847a929dda8224c2f804bdec8df,4,2,1844154726293175647,4425154243183907800,Walker-v0,biped,nchl,"(40,)",500,W50,250,-6.212190332599373,52.50387448173427,35.06706461541471,52.870106339236244,-412.750732421875,294.53497314453125,0.27676909474390055,0.18377615218987065
walker__biped__nchl__seed_004,/home/rowanli.tangalin/tpr/tpr/results/hpc_rq1/nominal/walker/biped/nchl/seed_004,de1d133581515e158a317db31d0047534d22c144c35c8a91816750a519a78390,176e555b9e6dd75db19973400b373b1815e6d847a929dda8224c2f804bdec8df,4,2,1844154726293175647,4425154243183907800,Walker-v0,biped,nchl,"(40,)",500,W75,375,-9.489696030614626,81.54470099474857,53.77751768952876,82.09502171920298,-684.7561645507812,501.1601867675781,0.27676909474390055,0.18377615218987065
walker__biped__nchl__seed_004,/home/rowanli.tangalin/tpr/tpr/results/hpc_rq1/nominal/walker/biped/nchl/seed_004,de1d133581515e158a317db31d0047534d22c144c35c8a91816750a519a78390,176e555b9e6dd75db19973400b373b1815e6d847a929dda8224c2f804bdec8df,4,2,1844154726293175647,4425154243183907800,Walker-v0,biped,nchl,"(40,)",500,Wfinal,500,-12.671003033754339,110.38446920310994,72.33228981552529,111.10933965753617,-950.309814453125,702.1730346679688,0.27676909474390055,0.18377615218987065
walker__biped__nchl__seed_005,/home/rowanli.tangalin/tpr/tpr/results/hpc_rq1/nominal/walker/biped/nchl/seed_005,2e4757f4c378c86feb7fc7fd527fb70abfece956b54f623c7dca5a69b22a2844,8a67eccc47600ee29c5e23846a953ae63da22dd458d6e605118cf5834c3e6b06,5,0,6537336262564968459,5568806234066008283,Walker-v0,biped,nchl,"(40,)",500,W0,0,-0.0020631308391121667,0.057486245830438855,0.0497056820893647,0.057523255893046805,-0.09982481598854065,0.09971348196268082,0.23552613914296422,0.1703961323842205
walker__biped__nchl__seed_005,/home/rowanli.tangalin/tpr/tpr/results/hpc_rq1/nominal/walker/biped/nchl/seed_005,2e4757f4c378c86feb7fc7fd527fb70abfece956b54f623c7dca5a69b22a2844,8a67eccc47600ee29c5e23846a953ae63da22dd458d6e605118cf5834c3e6b06,5,0,6537336262564968459,5568806234066008283,Walker-v0,biped,nchl,"(40,)",500,W25,125,1.3898124054670915,24.035664636072262,17.978921595330757,24.07581261391036,-135.09326171875,131.591064453125,0.23552613914296422,0.1703961323842205
walker__biped__nchl__seed_005,/home/rowanli.tangalin/tpr/tpr/results/hpc_rq1/nominal/walker/biped/nchl/seed_005,2e4757f4c378c86feb7fc7fd527fb70abfece956b54f623c7dca5a69b22a2844,8a67eccc47600ee29c5e23846a953ae63da22dd458d6e605118cf5834c3e6b06,5,0,6537336262564968459,5568806234066008283,Walker-v0,biped,nchl,"(40,)",500,W50,250,3.460077212455993,50.32492536736338,37.229450943918586,50.443733481442976,-268.9917907714844,362.3109436035156,0.23552613914296422,0.1703961323842205
walker__biped__nchl__seed_005,/home/rowanli.tangalin/tpr/tpr/results/hpc_rq1/nominal/walker/biped/nchl/seed_005,2e4757f4c378c86feb7fc7fd527fb70abfece956b54f623c7dca5a69b22a2844,8a67eccc47600ee29c5e23846a953ae63da22dd458d6e605118cf5834c3e6b06,5,0,6537336262564968459,5568806234066008283,Walker-v0,biped,nchl,"(40,)",500,W75,375,4.978957798275709,77.04572796327376,56.73613219368853,77.20643896818318,-403.8708190917969,583.5565795898438,0.23552613914296422,0.1703961323842205
walker__biped__nchl__seed_005,/home/rowanli.tangalin/tpr/tpr/results/hpc_rq1/nominal/walker/biped/nchl/seed_005,2e4757f4c378c86feb7fc7fd527fb70abfece956b54f623c7dca5a69b22a2844,8a67eccc47600ee29c5e23846a953ae63da22dd458d6e605118cf5834c3e6b06,5,0,6537336262564968459,5568806234066008283,Walker-v0,biped,nchl,"(40,)",500,Wfinal,500,7.312409634701908,103.1540155727021,75.91769393561408,103.41287281300596,-536.9243774414062,802.735107421875,0.23552613914296422,0.1703961323842205
walker__biped__nchl__seed_005,/home/rowanli.tangalin/tpr/tpr/results/hpc_rq1/nominal/walker/biped/nchl/seed_005,2e4757f4c378c86feb7fc7fd527fb70abfece956b54f623c7dca5a69b22a2844,8a67eccc47600ee29c5e23846a953ae63da22dd458d6e605118cf5834c3e6b06,5,1,7847246716821455116,5175985587420486963,Walker-v0,biped,nchl,"(40,)",500,W0,0,0.00023261595725519631,0.057409980091781956,0.05008564289345638,0.05741045135097242,-0.09999550133943558,0.09978260099887848,0.24148053353308907,0.17207650145417064
walker__biped__nchl__seed_005,/home/rowanli.tangalin/tpr/tpr/results/hpc_rq1/nominal/walker/biped/nchl/seed_005,2e4757f4c378c86feb7fc7fd527fb70abfece956b54f623c7dca5a69b22a2844,8a67eccc47600ee29c5e23846a953ae63da22dd458d6e605118cf5834c3e6b06,5,1,7847246716821455116,5175985587420486963,Walker-v0,biped,nchl,"(40,)",500,W25,125,1.552775530309494,24.53609793247021,18.255306550850705,24.585182805895442,-134.67221069335938,148.07257080078125,0.24148053353308907,0.17207650145417064
walker__biped__nchl__seed_005,/home/rowanli.tangalin/tpr/tpr/results/hpc_rq1/nominal/walker/biped/nchl/seed_005,2e4757f4c378c86feb7fc7fd527fb70abfece956b54f623c7dca5a69b22a2844,8a67eccc47600ee29c5e23846a953ae63da22dd458d6e605118cf5834c3e6b06,5,1,7847246716821455116,5175985587420486963,Walker-v0,biped,nchl,"(40,)",500,W50,250,3.532881771971006,51.62580526175229,37.84823679236773,51.746545996221776,-267.248779296875,411.8064880371094,0.24148053353308907,0.17207650145417064
walker__biped__nchl__seed_005,/home/rowanli.tangalin/tpr/tpr/results/hpc_rq1/nominal/walker/biped/nchl/seed_005,2e4757f4c378c86feb7fc7fd527fb70abfece956b54f623c7dca5a69b22a2844,8a67eccc47600ee29c5e23846a953ae63da22dd458d6e605118cf5834c3e6b06,5,1,7847246716821455116,5175985587420486963,Walker-v0,biped,nchl,"(40,)",500,W75,375,5.515118292393163,78.54198284359214,57.25455179392205,78.73537704731089,-402.2968444824219,665.2805786132812,0.24148053353308907,0.17207650145417064
walker__biped__nchl__seed_005,/home/rowanli.tangalin/tpr/tpr/results/hpc_rq1/nominal/walker/biped/nchl/seed_005,2e4757f4c378c86feb7fc7fd527fb70abfece956b54f623c7dca5a69b22a2844,8a67eccc47600ee29c5e23846a953ae63da22dd458d6e605118cf5834c3e6b06,5,1,7847246716821455116,5175985587420486963,Walker-v0,biped,nchl,"(40,)",500,Wfinal,500,7.234694328190138,105.45653806217543,76.75005488089907,105.70440966242329,-536.6671142578125,902.4140014648438,0.24148053353308907,0.17207650145417064
walker__biped__nchl__seed_005,/home/rowanli.tangalin/tpr/tpr/results/hpc_rq1/nominal/walker/biped/nchl/seed_005,2e4757f4c378c86feb7fc7fd527fb70abfece956b54f623c7dca5a69b22a2844,8a67eccc47600ee29c5e23846a953ae63da22dd458d6e605118cf5834c3e6b06,5,2,8874890859321386193,4629262467755900572,Walker-v0,biped,nchl,"(40,)",500,W0,0,0.0005315271834054632,0.05627481200593361,0.04856375613529356,0.05627732214178166,-0.09986261278390884,0.09997736662626266,0.2416665462746572,0.17199884223280276
walker__biped__nchl__seed_005,/home/rowanli.tangalin/tpr/tpr/results/hpc_rq1/nominal/walker/biped/nchl/seed_005,2e4757f4c378c86feb7fc7fd527fb70abfece956b54f623c7dca5a69b22a2844,8a67eccc47600ee29c5e23846a953ae63da22dd458d6e605118cf5834c3e6b06,5,2,8874890859321386193,4629262467755900572,Walker-v0,biped,nchl,"(40,)",500,W25,125,1.7489552168408409,24.503516577606746,18.262349145688738,24.5658537205521,-134.3423309326172,150.3926239013672,0.2416665462746572,0.17199884223280276
walker__biped__nchl__seed_005,/home/rowanli.tangalin/tpr/tpr/results/hpc_rq1/nominal/walker/biped/nchl/seed_005,2e4757f4c378c86feb7fc7fd527fb70abfece956b54f623c7dca5a69b22a2844,8a67eccc47600ee29c5e23846a953ae63da22dd458d6e605118cf5834c3e6b06,5,2,8874890859321386193,4629262467755900572,Walker-v0,biped,nchl,"(40,)",500,W50,250,3.3393167436278115,51.41290251581281,37.740500928337376,51.521234276895434,-269.58953857421875,397.9143371582031,0.2416665462746572,0.17199884223280276
walker__biped__nchl__seed_005,/home/rowanli.tangalin/tpr/tpr/results/hpc_rq1/nominal/walker/biped/nchl/seed_005,2e4757f4c378c86feb7fc7fd527fb70abfece956b54f623c7dca5a69b22a2844,8a67eccc47600ee29c5e23846a953ae63da22dd458d6e605118cf5834c3e6b06,5,2,8874890859321386193,4629262467755900572,Walker-v0,biped,nchl,"(40,)",500,W75,375,5.339609564887359,78.63205792964347,57.323368572071196,78.81314588668722,-402.3216247558594,661.5029296875,0.2416665462746572,0.17199884223280276
walker__biped__nchl__seed_005,/home/rowanli.tangalin/tpr/tpr/results/hpc_rq1/nominal/walker/biped/nchl/seed_005,2e4757f4c378c86feb7fc7fd527fb70abfece956b54f623c7dca5a69b22a2844,8a67eccc47600ee29c5e23846a953ae63da22dd458d6e605118cf5834c3e6b06,5,2,8874890859321386193,4629262467755900572,Walker-v0,biped,nchl,"(40,)",500,Wfinal,500,7.350227455690037,105.63183436160082,76.82384434903894,105.88725265227656,-535.5076904296875,910.33837890625,0.2416665462746572,0.17199884223280276
walker__biped__nchl__seed_006,/home/rowanli.tangalin/tpr/tpr/results/hpc_rq1/nominal/walker/biped/nchl/seed_006,fe312947a36da98a70b77eb9fd91f62a26e020d408da588a23b7f09829ae207f,6797b0c354c9039088787823e4806722c75e0f265fb729ab1fa34ec52af2c5ba,6,0,4697810511805331226,1837341966890607914,Walker-v0,biped,nchl,"(40,)",500,W0,0,-0.0015480960986927529,0.058176424640598884,0.05091369042876129,0.05819701869936354,-0.0999845564365387,0.0999346524477005,0.2701868491793462,0.18531870072886283
walker__biped__nchl__seed_006,/home/rowanli.tangalin/tpr/tpr/results/hpc_rq1/nominal/walker/biped/nchl/seed_006,fe312947a36da98a70b77eb9fd91f62a26e020d408da588a23b7f09829ae207f,6797b0c354c9039088787823e4806722c75e0f265fb729ab1fa34ec52af2c5ba,6,0,4697810511805331226,1837341966890607914,Walker-v0,biped,nchl,"(40,)",500,W25,125,-3.7359798605243366,25.81973189764794,18.17333330862845,26.08862013952946,-140.29385375976562,110.97032165527344,0.2701868491793462,0.18531870072886283
walker__biped__nchl__seed_006,/home/rowanli.tangalin/tpr/tpr/results/hpc_rq1/nominal/walker/biped/nchl/seed_006,fe312947a36da98a70b77eb9fd91f62a26e020d408da588a23b7f09829ae207f,6797b0c354c9039088787823e4806722c75e0f265fb729ab1fa34ec52af2c5ba,6,0,4697810511805331226,1837341966890607914,Walker-v0,biped,nchl,"(40,)",500,W50,250,-5.864575793440841,51.57021176052692,35.42587262176094,51.90260099708492,-326.1705627441406,217.5185546875,0.2701868491793462,0.18531870072886283
walker__biped__nchl__seed_006,/home/rowanli.tangalin/tpr/tpr/results/hpc_rq1/nominal/walker/biped/nchl/seed_006,fe312947a36da98a70b77eb9fd91f62a26e020d408da588a23b7f09829ae207f,6797b0c354c9039088787823e4806722c75e0f265fb729ab1fa34ec52af2c5ba,6,0,4697810511805331226,1837341966890607914,Walker-v0,biped,nchl,"(40,)",500,W75,375,-7.454159207676033,76.252237692914,51.36815506536804,76.61571798704256,-515.3380737304688,343.6339111328125,0.2701868491793462,0.18531870072886283
walker__biped__nchl__seed_006,/home/rowanli.tangalin/tpr/tpr/results/hpc_rq1/nominal/walker/biped/nchl/seed_006,fe312947a36da98a70b77eb9fd91f62a26e020d408da588a23b7f09829ae207f,6797b0c354c9039088787823e4806722c75e0f265fb729ab1fa34ec52af2c5ba,6,0,4697810511805331226,1837341966890607914,Walker-v0,biped,nchl,"(40,)",500,Wfinal,500,-7.2638221242465075,100.42457600810889,64.73449312228088,100.68693350311713,-735.8313598632812,524.5126342773438,0.2701868491793462,0.18531870072886283
walker__biped__nchl__seed_006,/home/rowanli.tangalin/tpr/tpr/results/hpc_rq1/nominal/walker/biped/nchl/seed_006,fe312947a36da98a70b77eb9fd91f62a26e020d408da588a23b7f09829ae207f,6797b0c354c9039088787823e4806722c75e0f265fb729ab1fa34ec52af2c5ba,6,1,212357942801270703,7001556810303355477,Walker-v0,biped,nchl,"(40,)",500,W0,0,0.0006582331185749506,0.05754041194717022,0.04997998510737981,0.05754417675046222,-0.0999126061797142,0.099990613758564,0.2860611945626101,0.19132373237793548
walker__biped__nchl__seed_006,/home/rowanli.tangalin/tpr/tpr/results/hpc_rq1/nominal/walker/biped/nchl/seed_006,fe312947a36da98a70b77eb9fd91f62a26e020d408da588a23b7f09829ae207f,6797b0c354c9039088787823e4806722c75e0f265fb729ab1fa34ec52af2c5ba,6,1,212357942801270703,7001556810303355477,Walker-v0,biped,nchl,"(40,)",500,W25,125,-3.8351065022385833,25.941567462646265,18.282463013805682,26.223519296664588,-139.22845458984375,110.94715881347656,0.2860611945626101,0.19132373237793548
walker__biped__nchl__seed_006,/home/rowanli.tangalin/tpr/tpr/results/hpc_rq1/nominal/walker/biped/nchl/seed_006,fe312947a36da98a70b77eb9fd91f62a26e020d408da588a23b7f09829ae207f,6797b0c354c9039088787823e4806722c75e0f265fb729ab1fa34ec52af2c5ba,6,1,212357942801270703,7001556810303355477,Walker-v0,biped,nchl,"(40,)",500,W50,250,-8.023197983994518,54.22854308476604,37.43090626103561,54.818852514319374,-344.2473449707031,221.0769500732422,0.2860611945626101,0.19132373237793548
walker__biped__nchl__seed_006,/home/rowanli.tangalin/tpr/tpr/results/hpc_rq1/nominal/walker/biped/nchl/seed_006,fe312947a36da98a70b77eb9fd91f62a26e020d408da588a23b7f09829ae207f,6797b0c354c9039088787823e4806722c75e0f265fb729ab1fa34ec52af2c5ba,6,1,212357942801270703,7001556810303355477,Walker-v0,biped,nchl,"(40,)",500,W75,375,-12.097563506391209,82.85527663565279,56.491230564017314,83.73379191916318,-581.843505859375,330.7839050292969,0.2860611945626101,0.19132373237793548
walker__biped__nchl__seed_006,/home/rowanli.tangalin/tpr/tpr/results/hpc_rq1/nominal/walker/biped/nchl/seed_006,fe312947a36da98a70b77eb9fd91f62a26e020d408da588a23b7f09829ae207f,6797b0c354c9039088787823e4806722c75e0f265fb729ab1fa34ec52af2c5ba,6,1,212357942801270703,7001556810303355477,Walker-v0,biped,nchl,"(40,)",500,Wfinal,500,-16.142351272612967,111.96459717259927,75.64281932467517,113.12226361168193,-834.849365234375,443.4450378417969,0.2860611945626101,0.19132373237793548
walker__biped__nchl__seed_006,/home/rowanli.tangalin/tpr/tpr/results/hpc_rq1/nominal/walker/biped/nchl/seed_006,fe312947a36da98a70b77eb9fd91f62a26e020d408da588a23b7f09829ae207f,6797b0c354c9039088787823e4806722c75e0f265fb729ab1fa34ec52af2c5ba,6,2,9197516287707139064,7789448062882196537,Walker-v0,biped,nchl,"(40,)",500,W0,0,0.0007635546796493031,0.057686967221622205,0.05010500578347651,0.057692020271241394,-0.09999804198741913,0.09999632090330124,0.2895290129244431,0.1919163461505004
walker__biped__nchl__seed_006,/home/rowanli.tangalin/tpr/tpr/results/hpc_rq1/nominal/walker/biped/nchl/seed_006,fe312947a36da98a70b77eb9fd91f62a26e020d408da588a23b7f09829ae207f,6797b0c354c9039088787823e4806722c75e0f265fb729ab1fa34ec52af2c5ba,6,2,9197516287707139064,7789448062882196537,Walker-v0,biped,nchl,"(40,)",500,W25,125,-3.8143421351215996,25.851427548553144,18.275634319870246,26.131312868316748,-140.99215698242188,111.58604431152344,0.2895290129244431,0.1919163461505004
walker__biped__nchl__seed_006,/home/rowanli.tangalin/tpr/tpr/results/hpc_rq1/nominal/walker/biped/nchl/seed_006,fe312947a36da98a70b77eb9fd91f62a26e020d408da588a23b7f09829ae207f,6797b0c354c9039088787823e4806722c75e0f265fb729ab1fa34ec52af2c5ba,6,2,9197516287707139064,7789448062882196537,Walker-v0,biped,nchl,"(40,)",500,W50,250,-7.6180418873361,53.71807977692682,37.17498685375322,54.2555679826272,-324.4142761230469,220.66151428222656,0.2895290129244431,0.1919163461505004
walker__biped__nchl__seed_006,/home/rowanli.tangalin/tpr/tpr/results/hpc_rq1/nominal/walker/biped/nchl/seed_006,fe312947a36da98a70b77eb9fd91f62a26e020d408da588a23b7f09829ae207f,6797b0c354c9039088787823e4806722c75e0f265fb729ab1fa34ec52af2c5ba,6,2,9197516287707139064,7789448062882196537,Walker-v0,biped,nchl,"(40,)",500,W75,375,-11.843888365469562,82.95764426704415,56.42753229055088,83.7988569966867,-589.957275390625,331.0716857910156,0.2895290129244431,0.1919163461505004
walker__biped__nchl__seed_006,/home/rowanli.tangalin/tpr/tpr/results/hpc_rq1/nominal/walker/biped/nchl/seed_006,fe312947a36da98a70b77eb9fd91f62a26e020d408da588a23b7f09829ae207f,6797b0c354c9039088787823e4806722c75e0f265fb729ab1fa34ec52af2c5ba,6,2,9197516287707139064,7789448062882196537,Walker-v0,biped,nchl,"(40,)",500,Wfinal,500,-15.851374392572325,112.66098423193803,75.69771903037326,113.77066158831322,-865.8187866210938,444.5494689941406,0.2895290129244431,0.1919163461505004
walker__biped__nchl__seed_007,/home/rowanli.tangalin/tpr/tpr/results/hpc_rq1/nominal/walker/biped/nchl/seed_007,187d9917a60541b0544ad0eeb63e2c1cb930aa9b282d4de77adc5b90ded411d1,4b0c69aa068e0cf25eb659923649590b49505991967bc54d5e7b2464a255caf5,7,0,7273538705011962834,3327181185902024434,Walker-v0,biped,nchl,"(40,)",500,W0,0,0.0026334668489051676,0.057056121468919495,0.04931931686263198,0.05711686392581773,-0.09998038411140442,0.09995929896831512,0.40498233134980915,0.2781348803255971
walker__biped__nchl__seed_007,/home/rowanli.tangalin/tpr/tpr/results/hpc_rq1/nominal/walker/biped/nchl/seed_007,187d9917a60541b0544ad0eeb63e2c1cb930aa9b282d4de77adc5b90ded411d1,4b0c69aa068e0cf25eb659923649590b49505991967bc54d5e7b2464a255caf5,7,0,7273538705011962834,3327181185902024434,Walker-v0,biped,nchl,"(40,)",500,W25,125,1.6511711443172923,38.16238262801824,25.166924896648077,38.1980865226924,-238.62255859375,252.9163818359375,0.40498233134980915,0.2781348803255971
walker__biped__nchl__seed_007,/home/rowanli.tangalin/tpr/tpr/results/hpc_rq1/nominal/walker/biped/nchl/seed_007,187d9917a60541b0544ad0eeb63e2c1cb930aa9b282d4de77adc5b90ded411d1,4b0c69aa068e0cf25eb659923649590b49505991967bc54d5e7b2464a255caf5,7,0,7273538705011962834,3327181185902024434,Walker-v0,biped,nchl,"(40,)",500,W50,250,2.813905314231912,77.35059059600003,50.71137248456168,77.40175662520502,-541.2689208984375,499.794921875,0.40498233134980915,0.2781348803255971
walker__biped__nchl__seed_007,/home/rowanli.tangalin/tpr/tpr/results/hpc_rq1/nominal/walker/biped/nchl/seed_007,187d9917a60541b0544ad0eeb63e2c1cb930aa9b282d4de77adc5b90ded411d1,4b0c69aa068e0cf25eb659923649590b49505991967bc54d5e7b2464a255caf5,7,0,7273538705011962834,3327181185902024434,Walker-v0,biped,nchl,"(40,)",500,W75,375,4.1027018500802415,116.56294115786004,76.38595754570949,116.63512084205766,-841.2508544921875,742.76953125,0.40498233134980915,0.2781348803255971
walker__biped__nchl__seed_007,/home/rowanli.tangalin/tpr/tpr/results/hpc_rq1/nominal/walker/biped/nchl/seed_007,187d9917a60541b0544ad0eeb63e2c1cb930aa9b282d4de77adc5b90ded411d1,4b0c69aa068e0cf25eb659923649590b49505991967bc54d5e7b2464a255caf5,7,0,7273538705011962834,3327181185902024434,Walker-v0,biped,nchl,"(40,)",500,Wfinal,500,4.962126164953224,156.03383633265864,101.79657168182699,156.11271817748806,-1171.95068359375,980.7758178710938,0.40498233134980915,0.2781348803255971
walker__biped__nchl__seed_007,/home/rowanli.tangalin/tpr/tpr/results/hpc_rq1/nominal/walker/biped/nchl/seed_007,187d9917a60541b0544ad0eeb63e2c1cb930aa9b282d4de77adc5b90ded411d1,4b0c69aa068e0cf25eb659923649590b49505991967bc54d5e7b2464a255caf5,7,1,219581318861383269,6126904072154767176,Walker-v0,biped,nchl,"(40,)",500,W0,0,0.0007571480003742674,0.05797633863201145,0.05018244988411169,0.05798128244759799,-0.09986057877540588,0.09984501451253891,0.39981720643462865,0.27759191114397025
walker__biped__nchl__seed_007,/home/rowanli.tangalin/tpr/tpr/results/hpc_rq1/nominal/walker/biped/nchl/seed_007,187d9917a60541b0544ad0eeb63e2c1cb930aa9b282d4de77adc5b90ded411d1,4b0c69aa068e0cf25eb659923649590b49505991967bc54d5e7b2464a255caf5,7,1,219581318861383269,6126904072154767176,Walker-v0,biped,nchl,"(40,)",500,W25,125,1.728119884460466,38.293778490142934,25.03008090259391,38.3327519151339,-258.4930419921875,245.25474548339844,0.39981720643462865,0.27759191114397025
walker__biped__nchl__seed_007,/home/rowanli.tangalin/tpr/tpr/results/hpc_rq1/nominal/walker/biped/nchl/seed_007,187d9917a60541b0544ad0eeb63e2c1cb930aa9b282d4de77adc5b90ded411d1,4b0c69aa068e0cf25eb659923649590b49505991967bc54d5e7b2464a255caf5,7,1,219581318861383269,6126904072154767176,Walker-v0,biped,nchl,"(40,)",500,W50,250,2.4846164973491494,77.26568673411877,50.56586334172559,77.30562505816687,-536.9351806640625,514.68505859375,0.39981720643462865,0.27759191114397025
walker__biped__nchl__seed_007,/home/rowanli.tangalin/tpr/tpr/results/hpc_rq1/nominal/walker/biped/nchl/seed_007,187d9917a60541b0544ad0eeb63e2c1cb930aa9b282d4de77adc5b90ded411d1,4b0c69aa068e0cf25eb659923649590b49505991967bc54d5e7b2464a255caf5,7,1,219581318861383269,6126904072154767176,Walker-v0,biped,nchl,"(40,)",500,W75,375,2.9089070751021304,116.2141217053515,76.27744620717907,116.25052182299153,-805.869384765625,774.9944458007812,0.39981720643462865,0.27759191114397025
walker__biped__nchl__seed_007,/home/rowanli.tangalin/tpr/tpr/results/hpc_rq1/nominal/walker/biped/nchl/seed_007,187d9917a60541b0544ad0eeb63e2c1cb930aa9b282d4de77adc5b90ded411d1,4b0c69aa068e0cf25eb659923649590b49505991967bc54d5e7b2464a255caf5,7,1,219581318861383269,6126904072154767176,Walker-v0,biped,nchl,"(40,)",500,Wfinal,500,2.9970588331421215,155.64565943850013,102.44009136036814,155.6745119269525,-1076.772705078125,1043.73974609375,0.39981720643462865,0.27759191114397025
walker__biped__nchl__seed_007,/home/rowanli.tangalin/tpr/tpr/results/hpc_rq1/nominal/walker/biped/nchl/seed_007,187d9917a60541b0544ad0eeb63e2c1cb930aa9b282d4de77adc5b90ded411d1,4b0c69aa068e0cf25eb659923649590b49505991967bc54d5e7b2464a255caf5,7,2,7655123995385766933,8050610523573754527,Walker-v0,biped,nchl,"(40,)",500,W0,0,-0.0002170125063382026,0.05715747224460512,0.04915728995044901,0.05715788421399722,-0.09972783923149109,0.09993335604667664,0.40403251534859475,0.2789469894440349
walker__biped__nchl__seed_007,/home/rowanli.tangalin/tpr/tpr/results/hpc_rq1/nominal/walker/biped/nchl/seed_007,187d9917a60541b0544ad0eeb63e2c1cb930aa9b282d4de77adc5b90ded411d1,4b0c69aa068e0cf25eb659923649590b49505991967bc54d5e7b2464a255caf5,7,2,7655123995385766933,8050610523573754527,Walker-v0,biped,nchl,"(40,)",500,W25,125,1.6625863679665296,38.440332847323134,25.07092317720526,38.47627038635551,-264.1610107421875,241.8190155029297,0.40403251534859475,0.2789469894440349
walker__biped__nchl__seed_007,/home/rowanli.tangalin/tpr/tpr/results/hpc_rq1/nominal/walker/biped/nchl/seed_007,187d9917a60541b0544ad0eeb63e2c1cb930aa9b282d4de77adc5b90ded411d1,4b0c69aa068e0cf25eb659923649590b49505991967bc54d5e7b2464a255caf5,7,2,7655123995385766933,8050610523573754527,Walker-v0,biped,nchl,"(40,)",500,W50,250,2.8369518051991083,77.49891810855141,50.41723118538309,77.55082593719413,-578.0078125,484.2459716796875,0.40403251534859475,0.2789469894440349
walker__biped__nchl__seed_007,/home/rowanli.tangalin/tpr/tpr/results/hpc_rq1/nominal/walker/biped/nchl/seed_007,187d9917a60541b0544ad0eeb63e2c1cb930aa9b282d4de77adc5b90ded411d1,4b0c69aa068e0cf25eb659923649590b49505991967bc54d5e7b2464a255caf5,7,2,7655123995385766933,8050610523573754527,Walker-v0,biped,nchl,"(40,)",500,W75,375,3.5525392339448443,116.37082970187555,76.13069203989969,116.42504258325026,-853.3248291015625,738.975341796875,0.40403251534859475,0.2789469894440349
walker__biped__nchl__seed_007,/home/rowanli.tangalin/tpr/tpr/results/hpc_rq1/nominal/walker/biped/nchl/seed_007,187d9917a60541b0544ad0eeb63e2c1cb930aa9b282d4de77adc5b90ded411d1,4b0c69aa068e0cf25eb659923649590b49505991967bc54d5e7b2464a255caf5,7,2,7655123995385766933,8050610523573754527,Walker-v0,biped,nchl,"(40,)",500,Wfinal,500,3.922014284025257,155.36742207205958,102.02789575148684,155.41691683134627,-1110.7845458984375,1007.696044921875,0.40403251534859475,0.2789469894440349
walker__biped__nchl__seed_008,/home/rowanli.tangalin/tpr/tpr/results/hpc_rq1/nominal/walker/biped/nchl/seed_008,aac83c4201c750fc99272cd1db3ed1909dde41ff44c4c142259acfc5f8e0aee0,8b336ec6134dab5c8c196a8644a5a2b5c895c203c85103162ddbe5d8361ae4dd,8,0,4480449054597749916,4714160801966532834,Walker-v0,biped,nchl,"(40,)",500,W0,0,-0.00268453975227582,0.05741831190888297,0.04966881490146306,0.05748103422997294,-0.09992612898349762,0.09999813139438629,0.47096021398640314,0.31301995011958655
walker__biped__nchl__seed_008,/home/rowanli.tangalin/tpr/tpr/results/hpc_rq1/nominal/walker/biped/nchl/seed_008,aac83c4201c750fc99272cd1db3ed1909dde41ff44c4c142259acfc5f8e0aee0,8b336ec6134dab5c8c196a8644a5a2b5c895c203c85103162ddbe5d8361ae4dd,8,0,4480449054597749916,4714160801966532834,Walker-v0,biped,nchl,"(40,)",500,W25,125,0.8557821291993605,45.99741480960965,31.444473698276365,46.005375036184134,-318.6573181152344,243.87014770507812,0.47096021398640314,0.31301995011958655
walker__biped__nchl__seed_008,/home/rowanli.tangalin/tpr/tpr/results/hpc_rq1/nominal/walker/biped/nchl/seed_008,aac83c4201c750fc99272cd1db3ed1909dde41ff44c4c142259acfc5f8e0aee0,8b336ec6134dab5c8c196a8644a5a2b5c895c203c85103162ddbe5d8361ae4dd,8,0,4480449054597749916,4714160801966532834,Walker-v0,biped,nchl,"(40,)",500,W50,250,1.5511618283776138,95.08509348248002,65.04675730672074,95.09774500791161,-636.532470703125,530.1334228515625,0.47096021398640314,0.31301995011958655
walker__biped__nchl__seed_008,/home/rowanli.tangalin/tpr/tpr/results/hpc_rq1/nominal/walker/biped/nchl/seed_008,aac83c4201c750fc99272cd1db3ed1909dde41ff44c4c142259acfc5f8e0aee0,8b336ec6134dab5c8c196a8644a5a2b5c895c203c85103162ddbe5d8361ae4dd,8,0,4480449054597749916,4714160801966532834,Walker-v0,biped,nchl,"(40,)",500,W75,375,2.408034188240223,145.31134406290917,99.03846495480781,145.3312951226297,-1024.3896484375,818.505615234375,0.47096021398640314,0.31301995011958655
walker__biped__nchl__seed_008,/home/rowanli.tangalin/tpr/tpr/results/hpc_rq1/nominal/walker/biped/nchl/seed_008,aac83c4201c750fc99272cd1db3ed1909dde41ff44c4c142259acfc5f8e0aee0,8b336ec6134dab5c8c196a8644a5a2b5c895c203c85103162ddbe5d8361ae4dd,8,0,4480449054597749916,4714160801966532834,Walker-v0,biped,nchl,"(40,)",500,Wfinal,500,3.582819592440501,195.47610151209278,133.0035887872024,195.50893293810896,-1464.1939697265625,1115.5924072265625,0.47096021398640314,0.31301995011958655
walker__biped__nchl__seed_008,/home/rowanli.tangalin/tpr/tpr/results/hpc_rq1/nominal/walker/biped/nchl/seed_008,aac83c4201c750fc99272cd1db3ed1909dde41ff44c4c142259acfc5f8e0aee0,8b336ec6134dab5c8c196a8644a5a2b5c895c203c85103162ddbe5d8361ae4dd,8,1,8169066096088904802,2410012360361453569,Walker-v0,biped,nchl,"(40,)",500,W0,0,-0.00034840845194707983,0.05706430209746672,0.04925112847683787,0.05706536569864713,-0.09980226308107376,0.09956207871437073,0.47261023673266356,0.31349654587661824
walker__biped__nchl__seed_008,/home/rowanli.tangalin/tpr/tpr/results/hpc_rq1/nominal/walker/biped/nchl/seed_008,aac83c4201c750fc99272cd1db3ed1909dde41ff44c4c142259acfc5f8e0aee0,8b336ec6134dab5c8c196a8644a5a2b5c895c203c85103162ddbe5d8361ae4dd,8,1,8169066096088904802,2410012360361453569,Walker-v0,biped,nchl,"(40,)",500,W25,125,0.7666292529262136,46.255465996472964,31.589460048523808,46.26181854361444,-318.8873291015625,245.73654174804688,0.47261023673266356,0.31349654587661824
walker__biped__nchl__seed_008,/home/rowanli.tangalin/tpr/tpr/results/hpc_rq1/nominal/walker/biped/nchl/seed_008,aac83c4201c750fc99272cd1db3ed1909dde41ff44c4c142259acfc5f8e0aee0,8b336ec6134dab5c8c196a8644a5a2b5c895c203c85103162ddbe5d8361ae4dd,8,1,8169066096088904802,2410012360361453569,Walker-v0,biped,nchl,"(40,)",500,W50,250,1.7177296511969569,95.34942731084027,65.17823416292134,95.36489859303482,-635.308837890625,504.47821044921875,0.47261023673266356,0.31349654587661824
walker__biped__nchl__seed_008,/home/rowanli.tangalin/tpr/tpr/results/hpc_rq1/nominal/walker/biped/nchl/seed_008,aac83c4201c750fc99272cd1db3ed1909dde41ff44c4c142259acfc5f8e0aee0,8b336ec6134dab5c8c196a8644a5a2b5c895c203c85103162ddbe5d8361ae4dd,8,1,8169066096088904802,2410012360361453569,Walker-v0,biped,nchl,"(40,)",500,W75,375,2.5295714674827954,145.22759605234054,99.01367823519588,145.24962439521454,-1044.1270751953125,788.76904296875,0.47261023673266356,0.31349654587661824
walker__biped__nchl__seed_008,/home/rowanli.tangalin/tpr/tpr/results/hpc_rq1/nominal/walker/biped/nchl/seed_008,aac83c4201c750fc99272cd1db3ed1909dde41ff44c4c142259acfc5f8e0aee0,8b336ec6134dab5c8c196a8644a5a2b5c895c203c85103162ddbe5d8361ae4dd,8,1,8169066096088904802,2410012360361453569,Walker-v0,biped,nchl,"(40,)",500,Wfinal,500,3.4499710156941243,195.84994639622687,133.14709567569176,195.8803303127041,-1499.710693359375,1086.819091796875,0.47261023673266356,0.31349654587661824
walker__biped__nchl__seed_008,/home/rowanli.tangalin/tpr/tpr/results/hpc_rq1/nominal/walker/biped/nchl/seed_008,aac83c4201c750fc99272cd1db3ed1909dde41ff44c4c142259acfc5f8e0aee0,8b336ec6134dab5c8c196a8644a5a2b5c895c203c85103162ddbe5d8361ae4dd,8,2,1688151127694054410,5098444150450504360,Walker-v0,biped,nchl,"(40,)",500,W0,0,-0.00041605560375614916,0.057960922977702355,0.05000131802767669,0.05796241622545218,-0.0999714806675911,0.09996657818555832,0.471590772539594,0.31306989817716735
walker__biped__nchl__seed_008,/home/rowanli.tangalin/tpr/tpr/results/hpc_rq1/nominal/walker/biped/nchl/seed_008,aac83c4201c750fc99272cd1db3ed1909dde41ff44c4c142259acfc5f8e0aee0,8b336ec6134dab5c8c196a8644a5a2b5c895c203c85103162ddbe5d8361ae4dd,8,2,1688151127694054410,5098444150450504360,Walker-v0,biped,nchl,"(40,)",500,W25,125,1.0059671606732687,46.074136198801185,31.560924404877007,46.08511686427663,-318.4519348144531,239.78382873535156,0.471590772539594,0.31306989817716735
walker__biped__nchl__seed_008,/home/rowanli.tangalin/tpr/tpr/results/hpc_rq1/nominal/walker/biped/nchl/seed_008,aac83c4201c750fc99272cd1db3ed1909dde41ff44c4c142259acfc5f8e0aee0,8b336ec6134dab5c8c196a8644a5a2b5c895c203c85103162ddbe5d8361ae4dd,8,2,1688151127694054410,5098444150450504360,Walker-v0,biped,nchl,"(40,)",500,W50,250,1.6162888070422923,95.0839755184196,65.14203687619981,95.0977118015738,-636.671142578125,510.23077392578125,0.471590772539594,0.31306989817716735
walker__biped__nchl__seed_008,/home/rowanli.tangalin/tpr/tpr/results/hpc_rq1/nominal/walker/biped/nchl/seed_008,aac83c4201c750fc99272cd1db3ed1909dde41ff44c4c142259acfc5f8e0aee0,8b336ec6134dab5c8c196a8644a5a2b5c895c203c85103162ddbe5d8361ae4dd,8,2,1688151127694054410,5098444150450504360,Walker-v0,biped,nchl,"(40,)",500,W75,375,2.6222865164279936,145.15172729962754,99.09317028167037,145.1754122592379,-1017.6763916015625,797.9141235351562,0.471590772539594,0.31306989817716735
walker__biped__nchl__seed_008,/home/rowanli.tangalin/tpr/tpr/results/hpc_rq1/nominal/walker/biped/nchl/seed_008,aac83c4201c750fc99272cd1db3ed1909dde41ff44c4c142259acfc5f8e0aee0,8b336ec6134dab5c8c196a8644a5a2b5c895c203c85103162ddbe5d8361ae4dd,8,2,1688151127694054410,5098444150450504360,Walker-v0,biped,nchl,"(40,)",500,Wfinal,500,3.545777166363162,195.67493069123097,133.16810754867427,195.70705413124878,-1476.71728515625,1095.1474609375,0.471590772539594,0.31306989817716735
walker__biped__nchl__seed_009,/home/rowanli.tangalin/tpr/tpr/results/hpc_rq1/nominal/walker/biped/nchl/seed_009,a4ead1617d7d8d40bcbf3b43a09b7ab2032776df39b543c89d9f53bd20aedd2b,b077b2c9460524bcea7470caf2839274e881ca94901aaac84022d4938b05ca85,9,0,8469251633518957484,5579477484601834272,Walker-v0,biped,nchl,"(40,)",500,W0,0,-0.00019252205032292599,0.05668870661183815,0.048751748709112995,0.056689033525567555,-0.09995053708553314,0.09995336085557938,0.31882803369533974,0.21642064894764962
walker__biped__nchl__seed_009,/home/rowanli.tangalin/tpr/tpr/results/hpc_rq1/nominal/walker/biped/nchl/seed_009,a4ead1617d7d8d40bcbf3b43a09b7ab2032776df39b543c89d9f53bd20aedd2b,b077b2c9460524bcea7470caf2839274e881ca94901aaac84022d4938b05ca85,9,0,8469251633518957484,5579477484601834272,Walker-v0,biped,nchl,"(40,)",500,W25,125,-2.2433190664460807,29.221350782332976,19.604795095160565,29.30733392818311,-166.04983520507812,164.8116912841797,0.31882803369533974,0.21642064894764962
walker__biped__nchl__seed_009,/home/rowanli.tangalin/tpr/tpr/results/hpc_rq1/nominal/walker/biped/nchl/seed_009,a4ead1617d7d8d40bcbf3b43a09b7ab2032776df39b543c89d9f53bd20aedd2b,b077b2c9460524bcea7470caf2839274e881ca94901aaac84022d4938b05ca85,9,0,8469251633518957484,5579477484601834272,Walker-v0,biped,nchl,"(40,)",500,W50,250,-4.000182025680503,60.39954790875154,41.122310983656156,60.53186635004864,-293.8764343261719,394.1549987792969,0.31882803369533974,0.21642064894764962
walker__biped__nchl__seed_009,/home/rowanli.tangalin/tpr/tpr/results/hpc_rq1/nominal/walker/biped/nchl/seed_009,a4ead1617d7d8d40bcbf3b43a09b7ab2032776df39b543c89d9f53bd20aedd2b,b077b2c9460524bcea7470caf2839274e881ca94901aaac84022d4938b05ca85,9,0,8469251633518957484,5579477484601834272,Walker-v0,biped,nchl,"(40,)",500,W75,375,-5.9037027239333835,92.17938371690312,63.27231805462701,92.36824393849133,-442.7611999511719,599.4571533203125,0.31882803369533974,0.21642064894764962
walker__biped__nchl__seed_009,/home/rowanli.tangalin/tpr/tpr/results/hpc_rq1/nominal/walker/biped/nchl/seed_009,a4ead1617d7d8d40bcbf3b43a09b7ab2032776df39b543c89d9f53bd20aedd2b,b077b2c9460524bcea7470caf2839274e881ca94901aaac84022d4938b05ca85,9,0,8469251633518957484,5579477484601834272,Walker-v0,biped,nchl,"(40,)",500,Wfinal,500,-8.17266353114416,124.71554167554575,86.11465951139326,124.9830339070791,-597.1415405273438,792.6799926757812,0.31882803369533974,0.21642064894764962
walker__biped__nchl__seed_009,/home/rowanli.tangalin/tpr/tpr/results/hpc_rq1/nominal/walker/biped/nchl/seed_009,a4ead1617d7d8d40bcbf3b43a09b7ab2032776df39b543c89d9f53bd20aedd2b,b077b2c9460524bcea7470caf2839274e881ca94901aaac84022d4938b05ca85,9,1,5415548583552718452,3538497439875268043,Walker-v0,biped,nchl,"(40,)",500,W0,0,0.0014993079002939187,0.05681739693859888,0.048683509894220836,0.056837175502114715,-0.09982424229383469,0.09986259788274765,0.3201428284225309,0.21642249103580793
walker__biped__nchl__seed_009,/home/rowanli.tangalin/tpr/tpr/results/hpc_rq1/nominal/walker/biped/nchl/seed_009,a4ead1617d7d8d40bcbf3b43a09b7ab2032776df39b543c89d9f53bd20aedd2b,b077b2c9460524bcea7470caf2839274e881ca94901aaac84022d4938b05ca85,9,1,5415548583552718452,3538497439875268043,Walker-v0,biped,nchl,"(40,)",500,W25,125,-2.073506922305872,29.11262632292185,19.45473870281906,29.186374258803244,-168.98548889160156,164.113037109375,0.3201428284225309,0.21642249103580793
walker__biped__nchl__seed_009,/home/rowanli.tangalin/tpr/tpr/results/hpc_rq1/nominal/walker/biped/nchl/seed_009,a4ead1617d7d8d40bcbf3b43a09b7ab2032776df39b543c89d9f53bd20aedd2b,b077b2c9460524bcea7470caf2839274e881ca94901aaac84022d4938b05ca85,9,1,5415548583552718452,3538497439875268043,Walker-v0,biped,nchl,"(40,)",500,W50,250,-3.842336074656729,59.958447779542766,40.636860280637244,60.0814364562197,-292.4654846191406,396.26654052734375,0.3201428284225309,0.21642249103580793
walker__biped__nchl__seed_009,/home/rowanli.tangalin/tpr/tpr/results/hpc_rq1/nominal/walker/biped/nchl/seed_009,a4ead1617d7d8d40bcbf3b43a09b7ab2032776df39b543c89d9f53bd20aedd2b,b077b2c9460524bcea7470caf2839274e881ca94901aaac84022d4938b05ca85,9,1,5415548583552718452,3538497439875268043,Walker-v0,biped,nchl,"(40,)",500,W75,375,-5.929956445476273,91.46553178762082,62.57213392654473,91.65755772786835,-449.4095153808594,595.7722778320312,0.3201428284225309,0.21642249103580793
walker__biped__nchl__seed_009,/home/rowanli.tangalin/tpr/tpr/results/hpc_rq1/nominal/walker/biped/nchl/seed_009,a4ead1617d7d8d40bcbf3b43a09b7ab2032776df39b543c89d9f53bd20aedd2b,b077b2c9460524bcea7470caf2839274e881ca94901aaac84022d4938b05ca85,9,1,5415548583552718452,3538497439875268043,Walker-v0,biped,nchl,"(40,)",500,Wfinal,500,-7.659586927655619,123.23293509745687,84.60386330791516,123.4707478094967,-588.4954223632812,817.9109497070312,0.3201428284225309,0.21642249103580793
walker__biped__nchl__seed_009,/home/rowanli.tangalin/tpr/tpr/results/hpc_rq1/nominal/walker/biped/nchl/seed_009,a4ead1617d7d8d40bcbf3b43a09b7ab2032776df39b543c89d9f53bd20aedd2b,b077b2c9460524bcea7470caf2839274e881ca94901aaac84022d4938b05ca85,9,2,6075971192560964690,5235945277139461518,Walker-v0,biped,nchl,"(40,)",500,W0,0,-0.0005137269067499044,0.05761380774543232,0.04986870031135027,0.057616098082587615,-0.0997677892446518,0.09993649274110794,0.316118341759641,0.2160268488855657
walker__biped__nchl__seed_009,/home/rowanli.tangalin/tpr/tpr/results/hpc_rq1/nominal/walker/biped/nchl/seed_009,a4ead1617d7d8d40bcbf3b43a09b7ab2032776df39b543c89d9f53bd20aedd2b,b077b2c9460524bcea7470caf2839274e881ca94901aaac84022d4938b05ca85,9,2,6075971192560964690,5235945277139461518,Walker-v0,biped,nchl,"(40,)",500,W25,125,-1.9966451536049135,29.094645994925756,19.493759845895692,29.163076268450542,-167.59182739257812,162.15328979492188,0.316118341759641,0.2160268488855657
walker__biped__nchl__seed_009,/home/rowanli.tangalin/tpr/tpr/results/hpc_rq1/nominal/walker/biped/nchl/seed_009,a4ead1617d7d8d40bcbf3b43a09b7ab2032776df39b543c89d9f53bd20aedd2b,b077b2c9460524bcea7470caf2839274e881ca94901aaac84022d4938b05ca85,9,2,6075971192560964690,5235945277139461518,Walker-v0,biped,nchl,"(40,)",500,W50,250,-3.8867391920745527,60.42501283917318,41.238218231695164,60.54988784598573,-294.90167236328125,382.62091064453125,0.316118341759641,0.2160268488855657
walker__biped__nchl__seed_009,/home/rowanli.tangalin/tpr/tpr/results/hpc_rq1/nominal/walker/biped/nchl/seed_009,a4ead1617d7d8d40bcbf3b43a09b7ab2032776df39b543c89d9f53bd20aedd2b,b077b2c9460524bcea7470caf2839274e881ca94901aaac84022d4938b05ca85,9,2,6075971192560964690,5235945277139461518,Walker-v0,biped,nchl,"(40,)",500,W75,375,-5.73994390971881,93.06895895580482,64.16257848136205,93.24579388478604,-432.1949462890625,591.9019165039062,0.316118341759641,0.2160268488855657
walker__biped__nchl__seed_009,/home/rowanli.tangalin/tpr/tpr/results/hpc_rq1/nominal/walker/biped/nchl/seed_009,a4ead1617d7d8d40bcbf3b43a09b7ab2032776df39b543c89d9f53bd20aedd2b,b077b2c9460524bcea7470caf2839274e881ca94901aaac84022d4938b05ca85,9,2,6075971192560964690,5235945277139461518,Walker-v0,biped,nchl,"(40,)",500,Wfinal,500,-8.070145138686833,125.52994042600774,86.99671747584361,125.78908214116407,-591.0112915039062,781.8135375976562,0.316118341759641,0.2160268488855657
carrier__biped__static__seed_000,/home/rowanli.tangalin/tpr/tpr/results/hpc_rq1/nominal/carrier/biped/static/seed_000,7481dfaf521a1080c442ee4538ecacd6db02caa97888d55b278d95afbd10ba4d,e267f85c16974bb5f6983abbde1db1ab2fd9e856a3fc406457e4995b3727d7c1,0,0,4940322620982477041,3023897764847979143,Carrier-v0,biped,static,"(44,)",500,W0,0,0.023977259854393095,1.4922584104429575,1.2036278172744606,1.4924510285191492,-5.2439165115356445,5.206730842590332,0.0,0.0
carrier__biped__static__seed_000,/home/rowanli.tangalin/tpr/tpr/results/hpc_rq1/nominal/carrier/biped/static/seed_000,7481dfaf521a1080c442ee4538ecacd6db02caa97888d55b278d95afbd10ba4d,e267f85c16974bb5f6983abbde1db1ab2fd9e856a3fc406457e4995b3727d7c1,0,0,4940322620982477041,3023897764847979143,Carrier-v0,biped,static,"(44,)",500,W25,125,0.023977259854393095,1.4922584104429575,1.2036278172744606,1.4924510285191492,-5.2439165115356445,5.206730842590332,0.0,0.0
carrier__biped__static__seed_000,/home/rowanli.tangalin/tpr/tpr/results/hpc_rq1/nominal/carrier/biped/static/seed_000,7481dfaf521a1080c442ee4538ecacd6db02caa97888d55b278d95afbd10ba4d,e267f85c16974bb5f6983abbde1db1ab2fd9e856a3fc406457e4995b3727d7c1,0,0,4940322620982477041,3023897764847979143,Carrier-v0,biped,static,"(44,)",500,W50,250,0.023977259854393095,1.4922584104429575,1.2036278172744606,1.4924510285191492,-5.2439165115356445,5.206730842590332,0.0,0.0
carrier__biped__static__seed_000,/home/rowanli.tangalin/tpr/tpr/results/hpc_rq1/nominal/carrier/biped/static/seed_000,7481dfaf521a1080c442ee4538ecacd6db02caa97888d55b278d95afbd10ba4d,e267f85c16974bb5f6983abbde1db1ab2fd9e856a3fc406457e4995b3727d7c1,0,0,4940322620982477041,3023897764847979143,Carrier-v0,biped,static,"(44,)",500,W75,375,0.023977259854393095,1.4922584104429575,1.2036278172744606,1.4924510285191492,-5.2439165115356445,5.206730842590332,0.0,0.0
carrier__biped__static__seed_000,/home/rowanli.tangalin/tpr/tpr/results/hpc_rq1/nominal/carrier/biped/static/seed_000,7481dfaf521a1080c442ee4538ecacd6db02caa97888d55b278d95afbd10ba4d,e267f85c16974bb5f6983abbde1db1ab2fd9e856a3fc406457e4995b3727d7c1,0,0,4940322620982477041,3023897764847979143,Carrier-v0,biped,static,"(44,)",500,Wfinal,500,0.023977259854393095,1.4922584104429575,1.2036278172744606,1.4924510285191492,-5.2439165115356445,5.206730842590332,0.0,0.0
carrier__biped__static__seed_000,/home/rowanli.tangalin/tpr/tpr/results/hpc_rq1/nominal/carrier/biped/static/seed_000,7481dfaf521a1080c442ee4538ecacd6db02caa97888d55b278d95afbd10ba4d,e267f85c16974bb5f6983abbde1db1ab2fd9e856a3fc406457e4995b3727d7c1,0,1,530078296572617688,6966882572876332860,Carrier-v0,biped,static,"(44,)",500,W0,0,0.023977259854393095,1.4922584104429575,1.2036278172744606,1.4924510285191492,-5.2439165115356445,5.206730842590332,0.0,0.0
carrier__biped__static__seed_000,/home/rowanli.tangalin/tpr/tpr/results/hpc_rq1/nominal/carrier/biped/static/seed_000,7481dfaf521a1080c442ee4538ecacd6db02caa97888d55b278d95afbd10ba4d,e267f85c16974bb5f6983abbde1db1ab2fd9e856a3fc406457e4995b3727d7c1,0,1,530078296572617688,6966882572876332860,Carrier-v0,biped,static,"(44,)",500,W25,125,0.023977259854393095,1.4922584104429575,1.2036278172744606,1.4924510285191492,-5.2439165115356445,5.206730842590332,0.0,0.0
carrier__biped__static__seed_000,/home/rowanli.tangalin/tpr/tpr/results/hpc_rq1/nominal/carrier/biped/static/seed_000,7481dfaf521a1080c442ee4538ecacd6db02caa97888d55b278d95afbd10ba4d,e267f85c16974bb5f6983abbde1db1ab2fd9e856a3fc406457e4995b3727d7c1,0,1,530078296572617688,6966882572876332860,Carrier-v0,biped,static,"(44,)",500,W50,250,0.023977259854393095,1.4922584104429575,1.2036278172744606,1.4924510285191492,-5.2439165115356445,5.206730842590332,0.0,0.0
carrier__biped__static__seed_000,/home/rowanli.tangalin/tpr/tpr/results/hpc_rq1/nominal/carrier/biped/static/seed_000,7481dfaf521a1080c442ee4538ecacd6db02caa97888d55b278d95afbd10ba4d,e267f85c16974bb5f6983abbde1db1ab2fd9e856a3fc406457e4995b3727d7c1,0,1,530078296572617688,6966882572876332860,Carrier-v0,biped,static,"(44,)",500,W75,375,0.023977259854393095,1.4922584104429575,1.2036278172744606,1.4924510285191492,-5.2439165115356445,5.206730842590332,0.0,0.0
carrier__biped__static__seed_000,/home/rowanli.tangalin/tpr/tpr/results/hpc_rq1/nominal/carrier/biped/static/seed_000,7481dfaf521a1080c442ee4538ecacd6db02caa97888d55b278d95afbd10ba4d,e267f85c16974bb5f6983abbde1db1ab2fd9e856a3fc406457e4995b3727d7c1,0,1,530078296572617688,6966882572876332860,Carrier-v0,biped,static,"(44,)",500,Wfinal,500,0.023977259854393095,1.4922584104429575,1.2036278172744606,1.4924510285191492,-5.2439165115356445,5.206730842590332,0.0,0.0
carrier__biped__static__seed_000,/home/rowanli.tangalin/tpr/tpr/results/hpc_rq1/nominal/carrier/biped/static/seed_000,7481dfaf521a1080c442ee4538ecacd6db02caa97888d55b278d95afbd10ba4d,e267f85c16974bb5f6983abbde1db1ab2fd9e856a3fc406457e4995b3727d7c1,0,2,7210830791768759910,3424438756091539107,Carrier-v0,biped,static,"(44,)",500,W0,0,0.023977259854393095,1.4922584104429575,1.2036278172744606,1.4924510285191492,-5.2439165115356445,5.206730842590332,0.0,0.0
carrier__biped__static__seed_000,/home/rowanli.tangalin/tpr/tpr/results/hpc_rq1/nominal/carrier/biped/static/seed_000,7481dfaf521a1080c442ee4538ecacd6db02caa97888d55b278d95afbd10ba4d,e267f85c16974bb5f6983abbde1db1ab2fd9e856a3fc406457e4995b3727d7c1,0,2,7210830791768759910,3424438756091539107,Carrier-v0,biped,static,"(44,)",500,W25,125,0.023977259854393095,1.4922584104429575,1.2036278172744606,1.4924510285191492,-5.2439165115356445,5.206730842590332,0.0,0.0
carrier__biped__static__seed_000,/home/rowanli.tangalin/tpr/tpr/results/hpc_rq1/nominal/carrier/biped/static/seed_000,7481dfaf521a1080c442ee4538ecacd6db02caa97888d55b278d95afbd10ba4d,e267f85c16974bb5f6983abbde1db1ab2fd9e856a3fc406457e4995b3727d7c1,0,2,7210830791768759910,3424438756091539107,Carrier-v0,biped,static,"(44,)",500,W50,250,0.023977259854393095,1.4922584104429575,1.2036278172744606,1.4924510285191492,-5.2439165115356445,5.206730842590332,0.0,0.0
carrier__biped__static__seed_000,/home/rowanli.tangalin/tpr/tpr/results/hpc_rq1/nominal/carrier/biped/static/seed_000,7481dfaf521a1080c442ee4538ecacd6db02caa97888d55b278d95afbd10ba4d,e267f85c16974bb5f6983abbde1db1ab2fd9e856a3fc406457e4995b3727d7c1,0,2,7210830791768759910,3424438756091539107,Carrier-v0,biped,static,"(44,)",500,W75,375,0.023977259854393095,1.4922584104429575,1.2036278172744606,1.4924510285191492,-5.2439165115356445,5.206730842590332,0.0,0.0
carrier__biped__static__seed_000,/home/rowanli.tangalin/tpr/tpr/results/hpc_rq1/nominal/carrier/biped/static/seed_000,7481dfaf521a1080c442ee4538ecacd6db02caa97888d55b278d95afbd10ba4d,e267f85c16974bb5f6983abbde1db1ab2fd9e856a3fc406457e4995b3727d7c1,0,2,7210830791768759910,3424438756091539107,Carrier-v0,biped,static,"(44,)",500,Wfinal,500,0.023977259854393095,1.4922584104429575,1.2036278172744606,1.4924510285191492,-5.2439165115356445,5.206730842590332,0.0,0.0
carrier__biped__static__seed_001,/home/rowanli.tangalin/tpr/tpr/results/hpc_rq1/nominal/carrier/biped/static/seed_001,7a24d056f998b3e3eb1c4e16b634d1c3cc1b5039b4262ce34cc21dafe29f2bf5,03fff3811609f93c125ba7a3ac43dddc95b3397ca4a91e0c51c32eeba18517a4,1,0,5232325836976384581,7172422899355977572,Carrier-v0,biped,static,"(44,)",500,W0,0,0.025465465798333753,1.2587361740295777,1.0056384600045334,1.2589937433359015,-4.181797504425049,4.119877815246582,0.0,0.0
carrier__biped__static__seed_001,/home/rowanli.tangalin/tpr/tpr/results/hpc_rq1/nominal/carrier/biped/static/seed_001,7a24d056f998b3e3eb1c4e16b634d1c3cc1b5039b4262ce34cc21dafe29f2bf5,03fff3811609f93c125ba7a3ac43dddc95b3397ca4a91e0c51c32eeba18517a4,1,0,5232325836976384581,7172422899355977572,Carrier-v0,biped,static,"(44,)",500,W25,125,0.025465465798333753,1.2587361740295777,1.0056384600045334,1.2589937433359015,-4.181797504425049,4.119877815246582,0.0,0.0
carrier__biped__static__seed_001,/home/rowanli.tangalin/tpr/tpr/results/hpc_rq1/nominal/carrier/biped/static/seed_001,7a24d056f998b3e3eb1c4e16b634d1c3cc1b5039b4262ce34cc21dafe29f2bf5,03fff3811609f93c125ba7a3ac43dddc95b3397ca4a91e0c51c32eeba18517a4,1,0,5232325836976384581,7172422899355977572,Carrier-v0,biped,static,"(44,)",500,W50,250,0.025465465798333753,1.2587361740295777,1.0056384600045334,1.2589937433359015,-4.181797504425049,4.119877815246582,0.0,0.0
carrier__biped__static__seed_001,/home/rowanli.tangalin/tpr/tpr/results/hpc_rq1/nominal/carrier/biped/static/seed_001,7a24d056f998b3e3eb1c4e16b634d1c3cc1b5039b4262ce34cc21dafe29f2bf5,03fff3811609f93c125ba7a3ac43dddc95b3397ca4a91e0c51c32eeba18517a4,1,0,5232325836976384581,7172422899355977572,Carrier-v0,biped,static,"(44,)",500,W75,375,0.025465465798333753,1.2587361740295777,1.0056384600045334,1.2589937433359015,-4.181797504425049,4.119877815246582,0.0,0.0
carrier__biped__static__seed_001,/home/rowanli.tangalin/tpr/tpr/results/hpc_rq1/nominal/carrier/biped/static/seed_001,7a24d056f998b3e3eb1c4e16b634d1c3cc1b5039b4262ce34cc21dafe29f2bf5,03fff3811609f93c125ba7a3ac43dddc95b3397ca4a91e0c51c32eeba18517a4,1,0,5232325836976384581,7172422899355977572,Carrier-v0,biped,static,"(44,)",500,Wfinal,500,0.025465465798333753,1.2587361740295777,1.0056384600045334,1.2589937433359015,-4.181797504425049,4.119877815246582,0.0,0.0
carrier__biped__static__seed_001,/home/rowanli.tangalin/tpr/tpr/results/hpc_rq1/nominal/carrier/biped/static/seed_001,7a24d056f998b3e3eb1c4e16b634d1c3cc1b5039b4262ce34cc21dafe29f2bf5,03fff3811609f93c125ba7a3ac43dddc95b3397ca4a91e0c51c32eeba18517a4,1,1,3184075494390970209,9147161066225580108,Carrier-v0,biped,static,"(44,)",500,W0,0,0.025465465798333753,1.2587361740295777,1.0056384600045334,1.2589937433359015,-4.181797504425049,4.119877815246582,0.0,0.0
carrier__biped__static__seed_001,/home/rowanli.tangalin/tpr/tpr/results/hpc_rq1/nominal/carrier/biped/static/seed_001,7a24d056f998b3e3eb1c4e16b634d1c3cc1b5039b4262ce34cc21dafe29f2bf5,03fff3811609f93c125ba7a3ac43dddc95b3397ca4a91e0c51c32eeba18517a4,1,1,3184075494390970209,9147161066225580108,Carrier-v0,biped,static,"(44,)",500,W25,125,0.025465465798333753,1.2587361740295777,1.0056384600045334,1.2589937433359015,-4.181797504425049,4.119877815246582,0.0,0.0
carrier__biped__static__seed_001,/home/rowanli.tangalin/tpr/tpr/results/hpc_rq1/nominal/carrier/biped/static/seed_001,7a24d056f998b3e3eb1c4e16b634d1c3cc1b5039b4262ce34cc21dafe29f2bf5,03fff3811609f93c125ba7a3ac43dddc95b3397ca4a91e0c51c32eeba18517a4,1,1,3184075494390970209,9147161066225580108,Carrier-v0,biped,static,"(44,)",500,W50,250,0.025465465798333753,1.2587361740295777,1.0056384600045334,1.2589937433359015,-4.181797504425049,4.119877815246582,0.0,0.0
carrier__biped__static__seed_001,/home/rowanli.tangalin/tpr/tpr/results/hpc_rq1/nominal/carrier/biped/static/seed_001,7a24d056f998b3e3eb1c4e16b634d1c3cc1b5039b4262ce34cc21dafe29f2bf5,03fff3811609f93c125ba7a3ac43dddc95b3397ca4a91e0c51c32eeba18517a4,1,1,3184075494390970209,9147161066225580108,Carrier-v0,biped,static,"(44,)",500,W75,375,0.025465465798333753,1.2587361740295777,1.0056384600045334,1.2589937433359015,-4.181797504425049,4.119877815246582,0.0,0.0
carrier__biped__static__seed_001,/home/rowanli.tangalin/tpr/tpr/results/hpc_rq1/nominal/carrier/biped/static/seed_001,7a24d056f998b3e3eb1c4e16b634d1c3cc1b5039b4262ce34cc21dafe29f2bf5,03fff3811609f93c125ba7a3ac43dddc95b3397ca4a91e0c51c32eeba18517a4,1,1,3184075494390970209,9147161066225580108,Carrier-v0,biped,static,"(44,)",500,Wfinal,500,0.025465465798333753,1.2587361740295777,1.0056384600045334,1.2589937433359015,-4.181797504425049,4.119877815246582,0.0,0.0
carrier__biped__static__seed_001,/home/rowanli.tangalin/tpr/tpr/results/hpc_rq1/nominal/carrier/biped/static/seed_001,7a24d056f998b3e3eb1c4e16b634d1c3cc1b5039b4262ce34cc21dafe29f2bf5,03fff3811609f93c125ba7a3ac43dddc95b3397ca4a91e0c51c32eeba18517a4,1,2,6337936886056088,9019669384804417704,Carrier-v0,biped,static,"(44,)",500,W0,0,0.025465465798333753,1.2587361740295777,1.0056384600045334,1.2589937433359015,-4.181797504425049,4.119877815246582,0.0,0.0
carrier__biped__static__seed_001,/home/rowanli.tangalin/tpr/tpr/results/hpc_rq1/nominal/carrier/biped/static/seed_001,7a24d056f998b3e3eb1c4e16b634d1c3cc1b5039b4262ce34cc21dafe29f2bf5,03fff3811609f93c125ba7a3ac43dddc95b3397ca4a91e0c51c32eeba18517a4,1,2,6337936886056088,9019669384804417704,Carrier-v0,biped,static,"(44,)",500,W25,125,0.025465465798333753,1.2587361740295777,1.0056384600045334,1.2589937433359015,-4.181797504425049,4.119877815246582,0.0,0.0
carrier__biped__static__seed_001,/home/rowanli.tangalin/tpr/tpr/results/hpc_rq1/nominal/carrier/biped/static/seed_001,7a24d056f998b3e3eb1c4e16b634d1c3cc1b5039b4262ce34cc21dafe29f2bf5,03fff3811609f93c125ba7a3ac43dddc95b3397ca4a91e0c51c32eeba18517a4,1,2,6337936886056088,9019669384804417704,Carrier-v0,biped,static,"(44,)",500,W50,250,0.025465465798333753,1.2587361740295777,1.0056384600045334,1.2589937433359015,-4.181797504425049,4.119877815246582,0.0,0.0
carrier__biped__static__seed_001,/home/rowanli.tangalin/tpr/tpr/results/hpc_rq1/nominal/carrier/biped/static/seed_001,7a24d056f998b3e3eb1c4e16b634d1c3cc1b5039b4262ce34cc21dafe29f2bf5,03fff3811609f93c125ba7a3ac43dddc95b3397ca4a91e0c51c32eeba18517a4,1,2,6337936886056088,9019669384804417704,Carrier-v0,biped,static,"(44,)",500,W75,375,0.025465465798333753,1.2587361740295777,1.0056384600045334,1.2589937433359015,-4.181797504425049,4.119877815246582,0.0,0.0
carrier__biped__static__seed_001,/home/rowanli.tangalin/tpr/tpr/results/hpc_rq1/nominal/carrier/biped/static/seed_001,7a24d056f998b3e3eb1c4e16b634d1c3cc1b5039b4262ce34cc21dafe29f2bf5,03fff3811609f93c125ba7a3ac43dddc95b3397ca4a91e0c51c32eeba18517a4,1,2,6337936886056088,9019669384804417704,Carrier-v0,biped,static,"(44,)",500,Wfinal,500,0.025465465798333753,1.2587361740295777,1.0056384600045334,1.2589937433359015,-4.181797504425049,4.119877815246582,0.0,0.0
carrier__biped__static__seed_002,/home/rowanli.tangalin/tpr/tpr/results/hpc_rq1/nominal/carrier/biped/static/seed_002,36643fca2368b4b41d31f141557806455a8ac8e36ac34f5ede9bfa68408f3a3a,ba35af13e459cf39e3e59f47609563bfaceea24992e50f501c8b5d08a5c4d428,2,0,4709125304908105630,1244304497912131803,Carrier-v0,biped,static,"(44,)",500,W0,0,-0.036782885540751334,1.341545845439868,1.0630090562541559,1.3420500125128254,-4.454660415649414,4.651042938232422,0.0,0.0
carrier__biped__static__seed_002,/home/rowanli.tangalin/tpr/tpr/results/hpc_rq1/nominal/carrier/biped/static/seed_002,36643fca2368b4b41d31f141557806455a8ac8e36ac34f5ede9bfa68408f3a3a,ba35af13e459cf39e3e59f47609563bfaceea24992e50f501c8b5d08a5c4d428,2,0,4709125304908105630,1244304497912131803,Carrier-v0,biped,static,"(44,)",500,W25,125,-0.036782885540751334,1.341545845439868,1.0630090562541559,1.3420500125128254,-4.454660415649414,4.651042938232422,0.0,0.0
carrier__biped__static__seed_002,/home/rowanli.tangalin/tpr/tpr/results/hpc_rq1/nominal/carrier/biped/static/seed_002,36643fca2368b4b41d31f141557806455a8ac8e36ac34f5ede9bfa68408f3a3a,ba35af13e459cf39e3e59f47609563bfaceea24992e50f501c8b5d08a5c4d428,2,0,4709125304908105630,1244304497912131803,Carrier-v0,biped,static,"(44,)",500,W50,250,-0.036782885540751334,1.341545845439868,1.0630090562541559,1.3420500125128254,-4.454660415649414,4.651042938232422,0.0,0.0
carrier__biped__static__seed_002,/home/rowanli.tangalin/tpr/tpr/results/hpc_rq1/nominal/carrier/biped/static/seed_002,36643fca2368b4b41d31f141557806455a8ac8e36ac34f5ede9bfa68408f3a3a,ba35af13e459cf39e3e59f47609563bfaceea24992e50f501c8b5d08a5c4d428,2,0,4709125304908105630,1244304497912131803,Carrier-v0,biped,static,"(44,)",500,W75,375,-0.036782885540751334,1.341545845439868,1.0630090562541559,1.3420500125128254,-4.454660415649414,4.651042938232422,0.0,0.0
carrier__biped__static__seed_002,/home/rowanli.tangalin/tpr/tpr/results/hpc_rq1/nominal/carrier/biped/static/seed_002,36643fca2368b4b41d31f141557806455a8ac8e36ac34f5ede9bfa68408f3a3a,ba35af13e459cf39e3e59f47609563bfaceea24992e50f501c8b5d08a5c4d428,2,0,4709125304908105630,1244304497912131803,Carrier-v0,biped,static,"(44,)",500,Wfinal,500,-0.036782885540751334,1.341545845439868,1.0630090562541559,1.3420500125128254,-4.454660415649414,4.651042938232422,0.0,0.0
carrier__biped__static__seed_002,/home/rowanli.tangalin/tpr/tpr/results/hpc_rq1/nominal/carrier/biped/static/seed_002,36643fca2368b4b41d31f141557806455a8ac8e36ac34f5ede9bfa68408f3a3a,ba35af13e459cf39e3e59f47609563bfaceea24992e50f501c8b5d08a5c4d428,2,1,6789895730674132307,2935584579999248951,Carrier-v0,biped,static,"(44,)",500,W0,0,-0.036782885540751334,1.341545845439868,1.0630090562541559,1.3420500125128254,-4.454660415649414,4.651042938232422,0.0,0.0
carrier__biped__static__seed_002,/home/rowanli.tangalin/tpr/tpr/results/hpc_rq1/nominal/carrier/biped/static/seed_002,36643fca2368b4b41d31f141557806455a8ac8e36ac34f5ede9bfa68408f3a3a,ba35af13e459cf39e3e59f47609563bfaceea24992e50f501c8b5d08a5c4d428,2,1,6789895730674132307,2935584579999248951,Carrier-v0,biped,static,"(44,)",500,W25,125,-0.036782885540751334,1.341545845439868,1.0630090562541559,1.3420500125128254,-4.454660415649414,4.651042938232422,0.0,0.0
carrier__biped__static__seed_002,/home/rowanli.tangalin/tpr/tpr/results/hpc_rq1/nominal/carrier/biped/static/seed_002,36643fca2368b4b41d31f141557806455a8ac8e36ac34f5ede9bfa68408f3a3a,ba35af13e459cf39e3e59f47609563bfaceea24992e50f501c8b5d08a5c4d428,2,1,6789895730674132307,2935584579999248951,Carrier-v0,biped,static,"(44,)",500,W50,250,-0.036782885540751334,1.341545845439868,1.0630090562541559,1.3420500125128254,-4.454660415649414,4.651042938232422,0.0,0.0
carrier__biped__static__seed_002,/home/rowanli.tangalin/tpr/tpr/results/hpc_rq1/nominal/carrier/biped/static/seed_002,36643fca2368b4b41d31f141557806455a8ac8e36ac34f5ede9bfa68408f3a3a,ba35af13e459cf39e3e59f47609563bfaceea24992e50f501c8b5d08a5c4d428,2,1,6789895730674132307,2935584579999248951,Carrier-v0,biped,static,"(44,)",500,W75,375,-0.036782885540751334,1.341545845439868,1.0630090562541559,1.3420500125128254,-4.454660415649414,4.651042938232422,0.0,0.0
carrier__biped__static__seed_002,/home/rowanli.tangalin/tpr/tpr/results/hpc_rq1/nominal/carrier/biped/static/seed_002,36643fca2368b4b41d31f141557806455a8ac8e36ac34f5ede9bfa68408f3a3a,ba35af13e459cf39e3e59f47609563bfaceea24992e50f501c8b5d08a5c4d428,2,1,6789895730674132307,2935584579999248951,Carrier-v0,biped,static,"(44,)",500,Wfinal,500,-0.036782885540751334,1.341545845439868,1.0630090562541559,1.3420500125128254,-4.454660415649414,4.651042938232422,0.0,0.0
carrier__biped__static__seed_002,/home/rowanli.tangalin/tpr/tpr/results/hpc_rq1/nominal/carrier/biped/static/seed_002,36643fca2368b4b41d31f141557806455a8ac8e36ac34f5ede9bfa68408f3a3a,ba35af13e459cf39e3e59f47609563bfaceea24992e50f501c8b5d08a5c4d428,2,2,2298876442789069326,7237655472595637189,Carrier-v0,biped,static,"(44,)",500,W0,0,-0.036782885540751334,1.341545845439868,1.0630090562541559,1.3420500125128254,-4.454660415649414,4.651042938232422,0.0,0.0
carrier__biped__static__seed_002,/home/rowanli.tangalin/tpr/tpr/results/hpc_rq1/nominal/carrier/biped/static/seed_002,36643fca2368b4b41d31f141557806455a8ac8e36ac34f5ede9bfa68408f3a3a,ba35af13e459cf39e3e59f47609563bfaceea24992e50f501c8b5d08a5c4d428,2,2,2298876442789069326,7237655472595637189,Carrier-v0,biped,static,"(44,)",500,W25,125,-0.036782885540751334,1.341545845439868,1.0630090562541559,1.3420500125128254,-4.454660415649414,4.651042938232422,0.0,0.0
carrier__biped__static__seed_002,/home/rowanli.tangalin/tpr/tpr/results/hpc_rq1/nominal/carrier/biped/static/seed_002,36643fca2368b4b41d31f141557806455a8ac8e36ac34f5ede9bfa68408f3a3a,ba35af13e459cf39e3e59f47609563bfaceea24992e50f501c8b5d08a5c4d428,2,2,2298876442789069326,7237655472595637189,Carrier-v0,biped,static,"(44,)",500,W50,250,-0.036782885540751334,1.341545845439868,1.0630090562541559,1.3420500125128254,-4.454660415649414,4.651042938232422,0.0,0.0
carrier__biped__static__seed_002,/home/rowanli.tangalin/tpr/tpr/results/hpc_rq1/nominal/carrier/biped/static/seed_002,36643fca2368b4b41d31f141557806455a8ac8e36ac34f5ede9bfa68408f3a3a,ba35af13e459cf39e3e59f47609563bfaceea24992e50f501c8b5d08a5c4d428,2,2,2298876442789069326,7237655472595637189,Carrier-v0,biped,static,"(44,)",500,W75,375,-0.036782885540751334,1.341545845439868,1.0630090562541559,1.3420500125128254,-4.454660415649414,4.651042938232422,0.0,0.0
carrier__biped__static__seed_002,/home/rowanli.tangalin/tpr/tpr/results/hpc_rq1/nominal/carrier/biped/static/seed_002,36643fca2368b4b41d31f141557806455a8ac8e36ac34f5ede9bfa68408f3a3a,ba35af13e459cf39e3e59f47609563bfaceea24992e50f501c8b5d08a5c4d428,2,2,2298876442789069326,7237655472595637189,Carrier-v0,biped,static,"(44,)",500,Wfinal,500,-0.036782885540751334,1.341545845439868,1.0630090562541559,1.3420500125128254,-4.454660415649414,4.651042938232422,0.0,0.0
carrier__biped__static__seed_003,/home/rowanli.tangalin/tpr/tpr/results/hpc_rq1/nominal/carrier/biped/static/seed_003,d6b98b2a57ece69936d50e94ad53bd58a768503647d0f25a5373728a475110d6,2cae28c603e02c342647f54b0a36808c21699246e11e3912bf1dbd56e73b9ce5,3,0,6875887065855152501,8328361779180904825,Carrier-v0,biped,static,"(44,)",500,W0,0,0.0051271961952565346,1.1076182382303414,0.8814027757667086,1.1076301051349722,-3.6424694061279297,3.429741382598877,0.0,0.0
carrier__biped__static__seed_003,/home/rowanli.tangalin/tpr/tpr/results/hpc_rq1/nominal/carrier/biped/static/seed_003,d6b98b2a57ece69936d50e94ad53bd58a768503647d0f25a5373728a475110d6,2cae28c603e02c342647f54b0a36808c21699246e11e3912bf1dbd56e73b9ce5,3,0,6875887065855152501,8328361779180904825,Carrier-v0,biped,static,"(44,)",500,W25,125,0.0051271961952565346,1.1076182382303414,0.8814027757667086,1.1076301051349722,-3.6424694061279297,3.429741382598877,0.0,0.0
carrier__biped__static__seed_003,/home/rowanli.tangalin/tpr/tpr/results/hpc_rq1/nominal/carrier/biped/static/seed_003,d6b98b2a57ece69936d50e94ad53bd58a768503647d0f25a5373728a475110d6,2cae28c603e02c342647f54b0a36808c21699246e11e3912bf1dbd56e73b9ce5,3,0,6875887065855152501,8328361779180904825,Carrier-v0,biped,static,"(44,)",500,W50,250,0.0051271961952565346,1.1076182382303414,0.8814027757667086,1.1076301051349722,-3.6424694061279297,3.429741382598877,0.0,0.0
carrier__biped__static__seed_003,/home/rowanli.tangalin/tpr/tpr/results/hpc_rq1/nominal/carrier/biped/static/seed_003,d6b98b2a57ece69936d50e94ad53bd58a768503647d0f25a5373728a475110d6,2cae28c603e02c342647f54b0a36808c21699246e11e3912bf1dbd56e73b9ce5,3,0,6875887065855152501,8328361779180904825,Carrier-v0,biped,static,"(44,)",500,W75,375,0.0051271961952565346,1.1076182382303414,0.8814027757667086,1.1076301051349722,-3.6424694061279297,3.429741382598877,0.0,0.0
carrier__biped__static__seed_003,/home/rowanli.tangalin/tpr/tpr/results/hpc_rq1/nominal/carrier/biped/static/seed_003,d6b98b2a57ece69936d50e94ad53bd58a768503647d0f25a5373728a475110d6,2cae28c603e02c342647f54b0a36808c21699246e11e3912bf1dbd56e73b9ce5,3,0,6875887065855152501,8328361779180904825,Carrier-v0,biped,static,"(44,)",500,Wfinal,500,0.0051271961952565346,1.1076182382303414,0.8814027757667086,1.1076301051349722,-3.6424694061279297,3.429741382598877,0.0,0.0
carrier__biped__static__seed_003,/home/rowanli.tangalin/tpr/tpr/results/hpc_rq1/nominal/carrier/biped/static/seed_003,d6b98b2a57ece69936d50e94ad53bd58a768503647d0f25a5373728a475110d6,2cae28c603e02c342647f54b0a36808c21699246e11e3912bf1dbd56e73b9ce5,3,1,2344851983452959862,6171704884853545157,Carrier-v0,biped,static,"(44,)",500,W0,0,0.0051271961952565346,1.1076182382303414,0.8814027757667086,1.1076301051349722,-3.6424694061279297,3.429741382598877,0.0,0.0
carrier__biped__static__seed_003,/home/rowanli.tangalin/tpr/tpr/results/hpc_rq1/nominal/carrier/biped/static/seed_003,d6b98b2a57ece69936d50e94ad53bd58a768503647d0f25a5373728a475110d6,2cae28c603e02c342647f54b0a36808c21699246e11e3912bf1dbd56e73b9ce5,3,1,2344851983452959862,6171704884853545157,Carrier-v0,biped,static,"(44,)",500,W25,125,0.0051271961952565346,1.1076182382303414,0.8814027757667086,1.1076301051349722,-3.6424694061279297,3.429741382598877,0.0,0.0
carrier__biped__static__seed_003,/home/rowanli.tangalin/tpr/tpr/results/hpc_rq1/nominal/carrier/biped/static/seed_003,d6b98b2a57ece69936d50e94ad53bd58a768503647d0f25a5373728a475110d6,2cae28c603e02c342647f54b0a36808c21699246e11e3912bf1dbd56e73b9ce5,3,1,2344851983452959862,6171704884853545157,Carrier-v0,biped,static,"(44,)",500,W50,250,0.0051271961952565346,1.1076182382303414,0.8814027757667086,1.1076301051349722,-3.6424694061279297,3.429741382598877,0.0,0.0
carrier__biped__static__seed_003,/home/rowanli.tangalin/tpr/tpr/results/hpc_rq1/nominal/carrier/biped/static/seed_003,d6b98b2a57ece69936d50e94ad53bd58a768503647d0f25a5373728a475110d6,2cae28c603e02c342647f54b0a36808c21699246e11e3912bf1dbd56e73b9ce5,3,1,2344851983452959862,6171704884853545157,Carrier-v0,biped,static,"(44,)",500,W75,375,0.0051271961952565346,1.1076182382303414,0.8814027757667086,1.1076301051349722,-3.6424694061279297,3.429741382598877,0.0,0.0
carrier__biped__static__seed_003,/home/rowanli.tangalin/tpr/tpr/results/hpc_rq1/nominal/carrier/biped/static/seed_003,d6b98b2a57ece69936d50e94ad53bd58a768503647d0f25a5373728a475110d6,2cae28c603e02c342647f54b0a36808c21699246e11e3912bf1dbd56e73b9ce5,3,1,2344851983452959862,6171704884853545157,Carrier-v0,biped,static,"(44,)",500,Wfinal,500,0.0051271961952565346,1.1076182382303414,0.8814027757667086,1.1076301051349722,-3.6424694061279297,3.429741382598877,0.0,0.0
carrier__biped__static__seed_003,/home/rowanli.tangalin/tpr/tpr/results/hpc_rq1/nominal/carrier/biped/static/seed_003,d6b98b2a57ece69936d50e94ad53bd58a768503647d0f25a5373728a475110d6,2cae28c603e02c342647f54b0a36808c21699246e11e3912bf1dbd56e73b9ce5,3,2,3189270387817152734,2268335290108042879,Carrier-v0,biped,static,"(44,)",500,W0,0,0.0051271961952565346,1.1076182382303414,0.8814027757667086,1.1076301051349722,-3.6424694061279297,3.429741382598877,0.0,0.0
carrier__biped__static__seed_003,/home/rowanli.tangalin/tpr/tpr/results/hpc_rq1/nominal/carrier/biped/static/seed_003,d6b98b2a57ece69936d50e94ad53bd58a768503647d0f25a5373728a475110d6,2cae28c603e02c342647f54b0a36808c21699246e11e3912bf1dbd56e73b9ce5,3,2,3189270387817152734,2268335290108042879,Carrier-v0,biped,static,"(44,)",500,W25,125,0.0051271961952565346,1.1076182382303414,0.8814027757667086,1.1076301051349722,-3.6424694061279297,3.429741382598877,0.0,0.0
carrier__biped__static__seed_003,/home/rowanli.tangalin/tpr/tpr/results/hpc_rq1/nominal/carrier/biped/static/seed_003,d6b98b2a57ece69936d50e94ad53bd58a768503647d0f25a5373728a475110d6,2cae28c603e02c342647f54b0a36808c21699246e11e3912bf1dbd56e73b9ce5,3,2,3189270387817152734,2268335290108042879,Carrier-v0,biped,static,"(44,)",500,W50,250,0.0051271961952565346,1.1076182382303414,0.8814027757667086,1.1076301051349722,-3.6424694061279297,3.429741382598877,0.0,0.0
carrier__biped__static__seed_003,/home/rowanli.tangalin/tpr/tpr/results/hpc_rq1/nominal/carrier/biped/static/seed_003,d6b98b2a57ece69936d50e94ad53bd58a768503647d0f25a5373728a475110d6,2cae28c603e02c342647f54b0a36808c21699246e11e3912bf1dbd56e73b9ce5,3,2,3189270387817152734,2268335290108042879,Carrier-v0,biped,static,"(44,)",500,W75,375,0.0051271961952565346,1.1076182382303414,0.8814027757667086,1.1076301051349722,-3.6424694061279297,3.429741382598877,0.0,0.0
carrier__biped__static__seed_003,/home/rowanli.tangalin/tpr/tpr/results/hpc_rq1/nominal/carrier/biped/static/seed_003,d6b98b2a57ece69936d50e94ad53bd58a768503647d0f25a5373728a475110d6,2cae28c603e02c342647f54b0a36808c21699246e11e3912bf1dbd56e73b9ce5,3,2,3189270387817152734,2268335290108042879,Carrier-v0,biped,static,"(44,)",500,Wfinal,500,0.0051271961952565346,1.1076182382303414,0.8814027757667086,1.1076301051349722,-3.6424694061279297,3.429741382598877,0.0,0.0
carrier__biped__static__seed_004,/home/rowanli.tangalin/tpr/tpr/results/hpc_rq1/nominal/carrier/biped/static/seed_004,d948692e7f8a79421274dd9f6cc7e45facb803f46ae8d63be0c21cd679d2c447,12f1969873bc41f9a2e2af83326f5738e18913fa2851161eec7a0caadd3afa40,4,0,4675618027918977294,6264005447694142635,Carrier-v0,biped,static,"(44,)",500,W0,0,0.019960099074015088,1.3601425127507392,1.0884575138372854,1.360288962149932,-4.921930313110352,4.971616744995117,0.0,0.0
carrier__biped__static__seed_004,/home/rowanli.tangalin/tpr/tpr/results/hpc_rq1/nominal/carrier/biped/static/seed_004,d948692e7f8a79421274dd9f6cc7e45facb803f46ae8d63be0c21cd679d2c447,12f1969873bc41f9a2e2af83326f5738e18913fa2851161eec7a0caadd3afa40,4,0,4675618027918977294,6264005447694142635,Carrier-v0,biped,static,"(44,)",500,W25,125,0.019960099074015088,1.3601425127507392,1.0884575138372854,1.360288962149932,-4.921930313110352,4.971616744995117,0.0,0.0
carrier__biped__static__seed_004,/home/rowanli.tangalin/tpr/tpr/results/hpc_rq1/nominal/carrier/biped/static/seed_004,d948692e7f8a79421274dd9f6cc7e45facb803f46ae8d63be0c21cd679d2c447,12f1969873bc41f9a2e2af83326f5738e18913fa2851161eec7a0caadd3afa40,4,0,4675618027918977294,6264005447694142635,Carrier-v0,biped,static,"(44,)",500,W50,250,0.019960099074015088,1.3601425127507392,1.0884575138372854,1.360288962149932,-4.921930313110352,4.971616744995117,0.0,0.0
carrier__biped__static__seed_004,/home/rowanli.tangalin/tpr/tpr/results/hpc_rq1/nominal/carrier/biped/static/seed_004,d948692e7f8a79421274dd9f6cc7e45facb803f46ae8d63be0c21cd679d2c447,12f1969873bc41f9a2e2af83326f5738e18913fa2851161eec7a0caadd3afa40,4,0,4675618027918977294,6264005447694142635,Carrier-v0,biped,static,"(44,)",500,W75,375,0.019960099074015088,1.3601425127507392,1.0884575138372854,1.360288962149932,-4.921930313110352,4.971616744995117,0.0,0.0
carrier__biped__static__seed_004,/home/rowanli.tangalin/tpr/tpr/results/hpc_rq1/nominal/carrier/biped/static/seed_004,d948692e7f8a79421274dd9f6cc7e45facb803f46ae8d63be0c21cd679d2c447,12f1969873bc41f9a2e2af83326f5738e18913fa2851161eec7a0caadd3afa40,4,0,4675618027918977294,6264005447694142635,Carrier-v0,biped,static,"(44,)",500,Wfinal,500,0.019960099074015088,1.3601425127507392,1.0884575138372854,1.360288962149932,-4.921930313110352,4.971616744995117,0.0,0.0
carrier__biped__static__seed_004,/home/rowanli.tangalin/tpr/tpr/results/hpc_rq1/nominal/carrier/biped/static/seed_004,d948692e7f8a79421274dd9f6cc7e45facb803f46ae8d63be0c21cd679d2c447,12f1969873bc41f9a2e2af83326f5738e18913fa2851161eec7a0caadd3afa40,4,1,1776748932738538903,3330744174114140836,Carrier-v0,biped,static,"(44,)",500,W0,0,0.019960099074015088,1.3601425127507392,1.0884575138372854,1.360288962149932,-4.921930313110352,4.971616744995117,0.0,0.0
carrier__biped__static__seed_004,/home/rowanli.tangalin/tpr/tpr/results/hpc_rq1/nominal/carrier/biped/static/seed_004,d948692e7f8a79421274dd9f6cc7e45facb803f46ae8d63be0c21cd679d2c447,12f1969873bc41f9a2e2af83326f5738e18913fa2851161eec7a0caadd3afa40,4,1,1776748932738538903,3330744174114140836,Carrier-v0,biped,static,"(44,)",500,W25,125,0.019960099074015088,1.3601425127507392,1.0884575138372854,1.360288962149932,-4.921930313110352,4.971616744995117,0.0,0.0
carrier__biped__static__seed_004,/home/rowanli.tangalin/tpr/tpr/results/hpc_rq1/nominal/carrier/biped/static/seed_004,d948692e7f8a79421274dd9f6cc7e45facb803f46ae8d63be0c21cd679d2c447,12f1969873bc41f9a2e2af83326f5738e18913fa2851161eec7a0caadd3afa40,4,1,1776748932738538903,3330744174114140836,Carrier-v0,biped,static,"(44,)",500,W50,250,0.019960099074015088,1.3601425127507392,1.0884575138372854,1.360288962149932,-4.921930313110352,4.971616744995117,0.0,0.0
carrier__biped__static__seed_004,/home/rowanli.tangalin/tpr/tpr/results/hpc_rq1/nominal/carrier/biped/static/seed_004,d948692e7f8a79421274dd9f6cc7e45facb803f46ae8d63be0c21cd679d2c447,12f1969873bc41f9a2e2af83326f5738e18913fa2851161eec7a0caadd3afa40,4,1,1776748932738538903,3330744174114140836,Carrier-v0,biped,static,"(44,)",500,W75,375,0.019960099074015088,1.3601425127507392,1.0884575138372854,1.360288962149932,-4.921930313110352,4.971616744995117,0.0,0.0
carrier__biped__static__seed_004,/home/rowanli.tangalin/tpr/tpr/results/hpc_rq1/nominal/carrier/biped/static/seed_004,d948692e7f8a79421274dd9f6cc7e45facb803f46ae8d63be0c21cd679d2c447,12f1969873bc41f9a2e2af83326f5738e18913fa2851161eec7a0caadd3afa40,4,1,1776748932738538903,3330744174114140836,Carrier-v0,biped,static,"(44,)",500,Wfinal,500,0.019960099074015088,1.3601425127507392,1.0884575138372854,1.360288962149932,-4.921930313110352,4.971616744995117,0.0,0.0
carrier__biped__static__seed_004,/home/rowanli.tangalin/tpr/tpr/results/hpc_rq1/nominal/carrier/biped/static/seed_004,d948692e7f8a79421274dd9f6cc7e45facb803f46ae8d63be0c21cd679d2c447,12f1969873bc41f9a2e2af83326f5738e18913fa2851161eec7a0caadd3afa40,4,2,1844154726293175647,4425154243183907800,Carrier-v0,biped,static,"(44,)",500,W0,0,0.019960099074015088,1.3601425127507392,1.0884575138372854,1.360288962149932,-4.921930313110352,4.971616744995117,0.0,0.0
carrier__biped__static__seed_004,/home/rowanli.tangalin/tpr/tpr/results/hpc_rq1/nominal/carrier/biped/static/seed_004,d948692e7f8a79421274dd9f6cc7e45facb803f46ae8d63be0c21cd679d2c447,12f1969873bc41f9a2e2af83326f5738e18913fa2851161eec7a0caadd3afa40,4,2,1844154726293175647,4425154243183907800,Carrier-v0,biped,static,"(44,)",500,W25,125,0.019960099074015088,1.3601425127507392,1.0884575138372854,1.360288962149932,-4.921930313110352,4.971616744995117,0.0,0.0
carrier__biped__static__seed_004,/home/rowanli.tangalin/tpr/tpr/results/hpc_rq1/nominal/carrier/biped/static/seed_004,d948692e7f8a79421274dd9f6cc7e45facb803f46ae8d63be0c21cd679d2c447,12f1969873bc41f9a2e2af83326f5738e18913fa2851161eec7a0caadd3afa40,4,2,1844154726293175647,4425154243183907800,Carrier-v0,biped,static,"(44,)",500,W50,250,0.019960099074015088,1.3601425127507392,1.0884575138372854,1.360288962149932,-4.921930313110352,4.971616744995117,0.0,0.0
carrier__biped__static__seed_004,/home/rowanli.tangalin/tpr/tpr/results/hpc_rq1/nominal/carrier/biped/static/seed_004,d948692e7f8a79421274dd9f6cc7e45facb803f46ae8d63be0c21cd679d2c447,12f1969873bc41f9a2e2af83326f5738e18913fa2851161eec7a0caadd3afa40,4,2,1844154726293175647,4425154243183907800,Carrier-v0,biped,static,"(44,)",500,W75,375,0.019960099074015088,1.3601425127507392,1.0884575138372854,1.360288962149932,-4.921930313110352,4.971616744995117,0.0,0.0
carrier__biped__static__seed_004,/home/rowanli.tangalin/tpr/tpr/results/hpc_rq1/nominal/carrier/biped/static/seed_004,d948692e7f8a79421274dd9f6cc7e45facb803f46ae8d63be0c21cd679d2c447,12f1969873bc41f9a2e2af83326f5738e18913fa2851161eec7a0caadd3afa40,4,2,1844154726293175647,4425154243183907800,Carrier-v0,biped,static,"(44,)",500,Wfinal,500,0.019960099074015088,1.3601425127507392,1.0884575138372854,1.360288962149932,-4.921930313110352,4.971616744995117,0.0,0.0
carrier__biped__static__seed_005,/home/rowanli.tangalin/tpr/tpr/results/hpc_rq1/nominal/carrier/biped/static/seed_005,12119ee8789a72d4de39b07306bcf72120a1202a3951da7a7da699ab126564df,607bddf6cfcc925a09986d871c6a9ec076610145a1d468b73a6eae5abae65df9,5,0,6537336262564968459,5568806234066008283,Carrier-v0,biped,static,"(44,)",500,W0,0,0.004903076763521885,1.6168265417681569,1.295787891021986,1.6168339761174386,-6.654592514038086,6.734475612640381,0.0,0.0
carrier__biped__static__seed_005,/home/rowanli.tangalin/tpr/tpr/results/hpc_rq1/nominal/carrier/biped/static/seed_005,12119ee8789a72d4de39b07306bcf72120a1202a3951da7a7da699ab126564df,607bddf6cfcc925a09986d871c6a9ec076610145a1d468b73a6eae5abae65df9,5,0,6537336262564968459,5568806234066008283,Carrier-v0,biped,static,"(44,)",500,W25,125,0.004903076763521885,1.6168265417681569,1.295787891021986,1.6168339761174386,-6.654592514038086,6.734475612640381,0.0,0.0
carrier__biped__static__seed_005,/home/rowanli.tangalin/tpr/tpr/results/hpc_rq1/nominal/carrier/biped/static/seed_005,12119ee8789a72d4de39b07306bcf72120a1202a3951da7a7da699ab126564df,607bddf6cfcc925a09986d871c6a9ec076610145a1d468b73a6eae5abae65df9,5,0,6537336262564968459,5568806234066008283,Carrier-v0,biped,static,"(44,)",500,W50,250,0.004903076763521885,1.6168265417681569,1.295787891021986,1.6168339761174386,-6.654592514038086,6.734475612640381,0.0,0.0
carrier__biped__static__seed_005,/home/rowanli.tangalin/tpr/tpr/results/hpc_rq1/nominal/carrier/biped/static/seed_005,12119ee8789a72d4de39b07306bcf72120a1202a3951da7a7da699ab126564df,607bddf6cfcc925a09986d871c6a9ec076610145a1d468b73a6eae5abae65df9,5,0,6537336262564968459,5568806234066008283,Carrier-v0,biped,static,"(44,)",500,W75,375,0.004903076763521885,1.6168265417681569,1.295787891021986,1.6168339761174386,-6.654592514038086,6.734475612640381,0.0,0.0
carrier__biped__static__seed_005,/home/rowanli.tangalin/tpr/tpr/results/hpc_rq1/nominal/carrier/biped/static/seed_005,12119ee8789a72d4de39b07306bcf72120a1202a3951da7a7da699ab126564df,607bddf6cfcc925a09986d871c6a9ec076610145a1d468b73a6eae5abae65df9,5,0,6537336262564968459,5568806234066008283,Carrier-v0,biped,static,"(44,)",500,Wfinal,500,0.004903076763521885,1.6168265417681569,1.295787891021986,1.6168339761174386,-6.654592514038086,6.734475612640381,0.0,0.0
carrier__biped__static__seed_005,/home/rowanli.tangalin/tpr/tpr/results/hpc_rq1/nominal/carrier/biped/static/seed_005,12119ee8789a72d4de39b07306bcf72120a1202a3951da7a7da699ab126564df,607bddf6cfcc925a09986d871c6a9ec076610145a1d468b73a6eae5abae65df9,5,1,7847246716821455116,5175985587420486963,Carrier-v0,biped,static,"(44,)",500,W0,0,0.004903076763521885,1.6168265417681569,1.295787891021986,1.6168339761174386,-6.654592514038086,6.734475612640381,0.0,0.0
carrier__biped__static__seed_005,/home/rowanli.tangalin/tpr/tpr/results/hpc_rq1/nominal/carrier/biped/static/seed_005,12119ee8789a72d4de39b07306bcf72120a1202a3951da7a7da699ab126564df,607bddf6cfcc925a09986d871c6a9ec076610145a1d468b73a6eae5abae65df9,5,1,7847246716821455116,5175985587420486963,Carrier-v0,biped,static,"(44,)",500,W25,125,0.004903076763521885,1.6168265417681569,1.295787891021986,1.6168339761174386,-6.654592514038086,6.734475612640381,0.0,0.0
carrier__biped__static__seed_005,/home/rowanli.tangalin/tpr/tpr/results/hpc_rq1/nominal/carrier/biped/static/seed_005,12119ee8789a72d4de39b07306bcf72120a1202a3951da7a7da699ab126564df,607bddf6cfcc925a09986d871c6a9ec076610145a1d468b73a6eae5abae65df9,5,1,7847246716821455116,5175985587420486963,Carrier-v0,biped,static,"(44,)",500,W50,250,0.004903076763521885,1.6168265417681569,1.295787891021986,1.6168339761174386,-6.654592514038086,6.734475612640381,0.0,0.0
carrier__biped__static__seed_005,/home/rowanli.tangalin/tpr/tpr/results/hpc_rq1/nominal/carrier/biped/static/seed_005,12119ee8789a72d4de39b07306bcf72120a1202a3951da7a7da699ab126564df,607bddf6cfcc925a09986d871c6a9ec076610145a1d468b73a6eae5abae65df9,5,1,7847246716821455116,5175985587420486963,Carrier-v0,biped,static,"(44,)",500,W75,375,0.004903076763521885,1.6168265417681569,1.295787891021986,1.6168339761174386,-6.654592514038086,6.734475612640381,0.0,0.0
carrier__biped__static__seed_005,/home/rowanli.tangalin/tpr/tpr/results/hpc_rq1/nominal/carrier/biped/static/seed_005,12119ee8789a72d4de39b07306bcf72120a1202a3951da7a7da699ab126564df,607bddf6cfcc925a09986d871c6a9ec076610145a1d468b73a6eae5abae65df9,5,1,7847246716821455116,5175985587420486963,Carrier-v0,biped,static,"(44,)",500,Wfinal,500,0.004903076763521885,1.6168265417681569,1.295787891021986,1.6168339761174386,-6.654592514038086,6.734475612640381,0.0,0.0
carrier__biped__static__seed_005,/home/rowanli.tangalin/tpr/tpr/results/hpc_rq1/nominal/carrier/biped/static/seed_005,12119ee8789a72d4de39b07306bcf72120a1202a3951da7a7da699ab126564df,607bddf6cfcc925a09986d871c6a9ec076610145a1d468b73a6eae5abae65df9,5,2,8874890859321386193,4629262467755900572,Carrier-v0,biped,static,"(44,)",500,W0,0,0.004903076763521885,1.6168265417681569,1.295787891021986,1.6168339761174386,-6.654592514038086,6.734475612640381,0.0,0.0
carrier__biped__static__seed_005,/home/rowanli.tangalin/tpr/tpr/results/hpc_rq1/nominal/carrier/biped/static/seed_005,12119ee8789a72d4de39b07306bcf72120a1202a3951da7a7da699ab126564df,607bddf6cfcc925a09986d871c6a9ec076610145a1d468b73a6eae5abae65df9,5,2,8874890859321386193,4629262467755900572,Carrier-v0,biped,static,"(44,)",500,W25,125,0.004903076763521885,1.6168265417681569,1.295787891021986,1.6168339761174386,-6.654592514038086,6.734475612640381,0.0,0.0
carrier__biped__static__seed_005,/home/rowanli.tangalin/tpr/tpr/results/hpc_rq1/nominal/carrier/biped/static/seed_005,12119ee8789a72d4de39b07306bcf72120a1202a3951da7a7da699ab126564df,607bddf6cfcc925a09986d871c6a9ec076610145a1d468b73a6eae5abae65df9,5,2,8874890859321386193,4629262467755900572,Carrier-v0,biped,static,"(44,)",500,W50,250,0.004903076763521885,1.6168265417681569,1.295787891021986,1.6168339761174386,-6.654592514038086,6.734475612640381,0.0,0.0
carrier__biped__static__seed_005,/home/rowanli.tangalin/tpr/tpr/results/hpc_rq1/nominal/carrier/biped/static/seed_005,12119ee8789a72d4de39b07306bcf72120a1202a3951da7a7da699ab126564df,607bddf6cfcc925a09986d871c6a9ec076610145a1d468b73a6eae5abae65df9,5,2,8874890859321386193,4629262467755900572,Carrier-v0,biped,static,"(44,)",500,W75,375,0.004903076763521885,1.6168265417681569,1.295787891021986,1.6168339761174386,-6.654592514038086,6.734475612640381,0.0,0.0
carrier__biped__static__seed_005,/home/rowanli.tangalin/tpr/tpr/results/hpc_rq1/nominal/carrier/biped/static/seed_005,12119ee8789a72d4de39b07306bcf72120a1202a3951da7a7da699ab126564df,607bddf6cfcc925a09986d871c6a9ec076610145a1d468b73a6eae5abae65df9,5,2,8874890859321386193,4629262467755900572,Carrier-v0,biped,static,"(44,)",500,Wfinal,500,0.004903076763521885,1.6168265417681569,1.295787891021986,1.6168339761174386,-6.654592514038086,6.734475612640381,0.0,0.0
carrier__biped__static__seed_006,/home/rowanli.tangalin/tpr/tpr/results/hpc_rq1/nominal/carrier/biped/static/seed_006,17aa5b283be0549004b5c74b1922ff57d10e25652c263eeb3db88e9c4c402d1d,a11123f43ac875499a625abb0042b89cc3be099c298ffde03d9578a1c8d340ed,6,0,4697810511805331226,1837341966890607914,Carrier-v0,biped,static,"(44,)",500,W0,0,0.04706269080649493,1.3061970190514005,1.039661532638595,1.3070445858671818,-4.674596786499023,4.182183742523193,0.0,0.0
carrier__biped__static__seed_006,/home/rowanli.tangalin/tpr/tpr/results/hpc_rq1/nominal/carrier/biped/static/seed_006,17aa5b283be0549004b5c74b1922ff57d10e25652c263eeb3db88e9c4c402d1d,a11123f43ac875499a625abb0042b89cc3be099c298ffde03d9578a1c8d340ed,6,0,4697810511805331226,1837341966890607914,Carrier-v0,biped,static,"(44,)",500,W25,125,0.04706269080649493,1.3061970190514005,1.039661532638595,1.3070445858671818,-4.674596786499023,4.182183742523193,0.0,0.0
carrier__biped__static__seed_006,/home/rowanli.tangalin/tpr/tpr/results/hpc_rq1/nominal/carrier/biped/static/seed_006,17aa5b283be0549004b5c74b1922ff57d10e25652c263eeb3db88e9c4c402d1d,a11123f43ac875499a625abb0042b89cc3be099c298ffde03d9578a1c8d340ed,6,0,4697810511805331226,1837341966890607914,Carrier-v0,biped,static,"(44,)",500,W50,250,0.04706269080649493,1.3061970190514005,1.039661532638595,1.3070445858671818,-4.674596786499023,4.182183742523193,0.0,0.0
carrier__biped__static__seed_006,/home/rowanli.tangalin/tpr/tpr/results/hpc_rq1/nominal/carrier/biped/static/seed_006,17aa5b283be0549004b5c74b1922ff57d10e25652c263eeb3db88e9c4c402d1d,a11123f43ac875499a625abb0042b89cc3be099c298ffde03d9578a1c8d340ed,6,0,4697810511805331226,1837341966890607914,Carrier-v0,biped,static,"(44,)",500,W75,375,0.04706269080649493,1.3061970190514005,1.039661532638595,1.3070445858671818,-4.674596786499023,4.182183742523193,0.0,0.0
carrier__biped__static__seed_006,/home/rowanli.tangalin/tpr/tpr/results/hpc_rq1/nominal/carrier/biped/static/seed_006,17aa5b283be0549004b5c74b1922ff57d10e25652c263eeb3db88e9c4c402d1d,a11123f43ac875499a625abb0042b89cc3be099c298ffde03d9578a1c8d340ed,6,0,4697810511805331226,1837341966890607914,Carrier-v0,biped,static,"(44,)",500,Wfinal,500,0.04706269080649493,1.3061970190514005,1.039661532638595,1.3070445858671818,-4.674596786499023,4.182183742523193,0.0,0.0
carrier__biped__static__seed_006,/home/rowanli.tangalin/tpr/tpr/results/hpc_rq1/nominal/carrier/biped/static/seed_006,17aa5b283be0549004b5c74b1922ff57d10e25652c263eeb3db88e9c4c402d1d,a11123f43ac875499a625abb0042b89cc3be099c298ffde03d9578a1c8d340ed,6,1,212357942801270703,7001556810303355477,Carrier-v0,biped,static,"(44,)",500,W0,0,0.04706269080649493,1.3061970190514005,1.039661532638595,1.3070445858671818,-4.674596786499023,4.182183742523193,0.0,0.0
carrier__biped__static__seed_006,/home/rowanli.tangalin/tpr/tpr/results/hpc_rq1/nominal/carrier/biped/static/seed_006,17aa5b283be0549004b5c74b1922ff57d10e25652c263eeb3db88e9c4c402d1d,a11123f43ac875499a625abb0042b89cc3be099c298ffde03d9578a1c8d340ed,6,1,212357942801270703,7001556810303355477,Carrier-v0,biped,static,"(44,)",500,W25,125,0.04706269080649493,1.3061970190514005,1.039661532638595,1.3070445858671818,-4.674596786499023,4.182183742523193,0.0,0.0
carrier__biped__static__seed_006,/home/rowanli.tangalin/tpr/tpr/results/hpc_rq1/nominal/carrier/biped/static/seed_006,17aa5b283be0549004b5c74b1922ff57d10e25652c263eeb3db88e9c4c402d1d,a11123f43ac875499a625abb0042b89cc3be099c298ffde03d9578a1c8d340ed,6,1,212357942801270703,7001556810303355477,Carrier-v0,biped,static,"(44,)",500,W50,250,0.04706269080649493,1.3061970190514005,1.039661532638595,1.3070445858671818,-4.674596786499023,4.182183742523193,0.0,0.0
carrier__biped__static__seed_006,/home/rowanli.tangalin/tpr/tpr/results/hpc_rq1/nominal/carrier/biped/static/seed_006,17aa5b283be0549004b5c74b1922ff57d10e25652c263eeb3db88e9c4c402d1d,a11123f43ac875499a625abb0042b89cc3be099c298ffde03d9578a1c8d340ed,6,1,212357942801270703,7001556810303355477,Carrier-v0,biped,static,"(44,)",500,W75,375,0.04706269080649493,1.3061970190514005,1.039661532638595,1.3070445858671818,-4.674596786499023,4.182183742523193,0.0,0.0
carrier__biped__static__seed_006,/home/rowanli.tangalin/tpr/tpr/results/hpc_rq1/nominal/carrier/biped/static/seed_006,17aa5b283be0549004b5c74b1922ff57d10e25652c263eeb3db88e9c4c402d1d,a11123f43ac875499a625abb0042b89cc3be099c298ffde03d9578a1c8d340ed,6,1,212357942801270703,7001556810303355477,Carrier-v0,biped,static,"(44,)",500,Wfinal,500,0.04706269080649493,1.3061970190514005,1.039661532638595,1.3070445858671818,-4.674596786499023,4.182183742523193,0.0,0.0
carrier__biped__static__seed_006,/home/rowanli.tangalin/tpr/tpr/results/hpc_rq1/nominal/carrier/biped/static/seed_006,17aa5b283be0549004b5c74b1922ff57d10e25652c263eeb3db88e9c4c402d1d,a11123f43ac875499a625abb0042b89cc3be099c298ffde03d9578a1c8d340ed,6,2,9197516287707139064,7789448062882196537,Carrier-v0,biped,static,"(44,)",500,W0,0,0.04706269080649493,1.3061970190514005,1.039661532638595,1.3070445858671818,-4.674596786499023,4.182183742523193,0.0,0.0
carrier__biped__static__seed_006,/home/rowanli.tangalin/tpr/tpr/results/hpc_rq1/nominal/carrier/biped/static/seed_006,17aa5b283be0549004b5c74b1922ff57d10e25652c263eeb3db88e9c4c402d1d,a11123f43ac875499a625abb0042b89cc3be099c298ffde03d9578a1c8d340ed,6,2,9197516287707139064,7789448062882196537,Carrier-v0,biped,static,"(44,)",500,W25,125,0.04706269080649493,1.3061970190514005,1.039661532638595,1.3070445858671818,-4.674596786499023,4.182183742523193,0.0,0.0
carrier__biped__static__seed_006,/home/rowanli.tangalin/tpr/tpr/results/hpc_rq1/nominal/carrier/biped/static/seed_006,17aa5b283be0549004b5c74b1922ff57d10e25652c263eeb3db88e9c4c402d1d,a11123f43ac875499a625abb0042b89cc3be099c298ffde03d9578a1c8d340ed,6,2,9197516287707139064,7789448062882196537,Carrier-v0,biped,static,"(44,)",500,W50,250,0.04706269080649493,1.3061970190514005,1.039661532638595,1.3070445858671818,-4.674596786499023,4.182183742523193,0.0,0.0
carrier__biped__static__seed_006,/home/rowanli.tangalin/tpr/tpr/results/hpc_rq1/nominal/carrier/biped/static/seed_006,17aa5b283be0549004b5c74b1922ff57d10e25652c263eeb3db88e9c4c402d1d,a11123f43ac875499a625abb0042b89cc3be099c298ffde03d9578a1c8d340ed,6,2,9197516287707139064,7789448062882196537,Carrier-v0,biped,static,"(44,)",500,W75,375,0.04706269080649493,1.3061970190514005,1.039661532638595,1.3070445858671818,-4.674596786499023,4.182183742523193,0.0,0.0
carrier__biped__static__seed_006,/home/rowanli.tangalin/tpr/tpr/results/hpc_rq1/nominal/carrier/biped/static/seed_006,17aa5b283be0549004b5c74b1922ff57d10e25652c263eeb3db88e9c4c402d1d,a11123f43ac875499a625abb0042b89cc3be099c298ffde03d9578a1c8d340ed,6,2,9197516287707139064,7789448062882196537,Carrier-v0,biped,static,"(44,)",500,Wfinal,500,0.04706269080649493,1.3061970190514005,1.039661532638595,1.3070445858671818,-4.674596786499023,4.182183742523193,0.0,0.0
carrier__biped__static__seed_007,/home/rowanli.tangalin/tpr/tpr/results/hpc_rq1/nominal/carrier/biped/static/seed_007,9df9c78c523c4c7311c5ceb12610711107d640e21680ded48beb9a736179b207,50025d127a0a03138697fd98be0358e3198b4fbbeac5d865920799f80e02afdb,7,0,7273538705011962834,3327181185902024434,Carrier-v0,biped,static,"(44,)",500,W0,0,0.023778357561877145,1.6755647952818709,1.3402862456460098,1.6757335090867873,-6.2653656005859375,5.709456443786621,0.0,0.0
carrier__biped__static__seed_007,/home/rowanli.tangalin/tpr/tpr/results/hpc_rq1/nominal/carrier/biped/static/seed_007,9df9c78c523c4c7311c5ceb12610711107d640e21680ded48beb9a736179b207,50025d127a0a03138697fd98be0358e3198b4fbbeac5d865920799f80e02afdb,7,0,7273538705011962834,3327181185902024434,Carrier-v0,biped,static,"(44,)",500,W25,125,0.023778357561877145,1.6755647952818709,1.3402862456460098,1.6757335090867873,-6.2653656005859375,5.709456443786621,0.0,0.0
carrier__biped__static__seed_007,/home/rowanli.tangalin/tpr/tpr/results/hpc_rq1/nominal/carrier/biped/static/seed_007,9df9c78c523c4c7311c5ceb12610711107d640e21680ded48beb9a736179b207,50025d127a0a03138697fd98be0358e3198b4fbbeac5d865920799f80e02afdb,7,0,7273538705011962834,3327181185902024434,Carrier-v0,biped,static,"(44,)",500,W50,250,0.023778357561877145,1.6755647952818709,1.3402862456460098,1.6757335090867873,-6.2653656005859375,5.709456443786621,0.0,0.0
carrier__biped__static__seed_007,/home/rowanli.tangalin/tpr/tpr/results/hpc_rq1/nominal/carrier/biped/static/seed_007,9df9c78c523c4c7311c5ceb12610711107d640e21680ded48beb9a736179b207,50025d127a0a03138697fd98be0358e3198b4fbbeac5d865920799f80e02afdb,7,0,7273538705011962834,3327181185902024434,Carrier-v0,biped,static,"(44,)",500,W75,375,0.023778357561877145,1.6755647952818709,1.3402862456460098,1.6757335090867873,-6.2653656005859375,5.709456443786621,0.0,0.0
carrier__biped__static__seed_007,/home/rowanli.tangalin/tpr/tpr/results/hpc_rq1/nominal/carrier/biped/static/seed_007,9df9c78c523c4c7311c5ceb12610711107d640e21680ded48beb9a736179b207,50025d127a0a03138697fd98be0358e3198b4fbbeac5d865920799f80e02afdb,7,0,7273538705011962834,3327181185902024434,Carrier-v0,biped,static,"(44,)",500,Wfinal,500,0.023778357561877145,1.6755647952818709,1.3402862456460098,1.6757335090867873,-6.2653656005859375,5.709456443786621,0.0,0.0
carrier__biped__static__seed_007,/home/rowanli.tangalin/tpr/tpr/results/hpc_rq1/nominal/carrier/biped/static/seed_007,9df9c78c523c4c7311c5ceb12610711107d640e21680ded48beb9a736179b207,50025d127a0a03138697fd98be0358e3198b4fbbeac5d865920799f80e02afdb,7,1,219581318861383269,6126904072154767176,Carrier-v0,biped,static,"(44,)",500,W0,0,0.023778357561877145,1.6755647952818709,1.3402862456460098,1.6757335090867873,-6.2653656005859375,5.709456443786621,0.0,0.0
carrier__biped__static__seed_007,/home/rowanli.tangalin/tpr/tpr/results/hpc_rq1/nominal/carrier/biped/static/seed_007,9df9c78c523c4c7311c5ceb12610711107d640e21680ded48beb9a736179b207,50025d127a0a03138697fd98be0358e3198b4fbbeac5d865920799f80e02afdb,7,1,219581318861383269,6126904072154767176,Carrier-v0,biped,static,"(44,)",500,W25,125,0.023778357561877145,1.6755647952818709,1.3402862456460098,1.6757335090867873,-6.2653656005859375,5.709456443786621,0.0,0.0
carrier__biped__static__seed_007,/home/rowanli.tangalin/tpr/tpr/results/hpc_rq1/nominal/carrier/biped/static/seed_007,9df9c78c523c4c7311c5ceb12610711107d640e21680ded48beb9a736179b207,50025d127a0a03138697fd98be0358e3198b4fbbeac5d865920799f80e02afdb,7,1,219581318861383269,6126904072154767176,Carrier-v0,biped,static,"(44,)",500,W50,250,0.023778357561877145,1.6755647952818709,1.3402862456460098,1.6757335090867873,-6.2653656005859375,5.709456443786621,0.0,0.0
carrier__biped__static__seed_007,/home/rowanli.tangalin/tpr/tpr/results/hpc_rq1/nominal/carrier/biped/static/seed_007,9df9c78c523c4c7311c5ceb12610711107d640e21680ded48beb9a736179b207,50025d127a0a03138697fd98be0358e3198b4fbbeac5d865920799f80e02afdb,7,1,219581318861383269,6126904072154767176,Carrier-v0,biped,static,"(44,)",500,W75,375,0.023778357561877145,1.6755647952818709,1.3402862456460098,1.6757335090867873,-6.2653656005859375,5.709456443786621,0.0,0.0
carrier__biped__static__seed_007,/home/rowanli.tangalin/tpr/tpr/results/hpc_rq1/nominal/carrier/biped/static/seed_007,9df9c78c523c4c7311c5ceb12610711107d640e21680ded48beb9a736179b207,50025d127a0a03138697fd98be0358e3198b4fbbeac5d865920799f80e02afdb,7,1,219581318861383269,6126904072154767176,Carrier-v0,biped,static,"(44,)",500,Wfinal,500,0.023778357561877145,1.6755647952818709,1.3402862456460098,1.6757335090867873,-6.2653656005859375,5.709456443786621,0.0,0.0
carrier__biped__static__seed_007,/home/rowanli.tangalin/tpr/tpr/results/hpc_rq1/nominal/carrier/biped/static/seed_007,9df9c78c523c4c7311c5ceb12610711107d640e21680ded48beb9a736179b207,50025d127a0a03138697fd98be0358e3198b4fbbeac5d865920799f80e02afdb,7,2,7655123995385766933,8050610523573754527,Carrier-v0,biped,static,"(44,)",500,W0,0,0.023778357561877145,1.6755647952818709,1.3402862456460098,1.6757335090867873,-6.2653656005859375,5.709456443786621,0.0,0.0
carrier__biped__static__seed_007,/home/rowanli.tangalin/tpr/tpr/results/hpc_rq1/nominal/carrier/biped/static/seed_007,9df9c78c523c4c7311c5ceb12610711107d640e21680ded48beb9a736179b207,50025d127a0a03138697fd98be0358e3198b4fbbeac5d865920799f80e02afdb,7,2,7655123995385766933,8050610523573754527,Carrier-v0,biped,static,"(44,)",500,W25,125,0.023778357561877145,1.6755647952818709,1.3402862456460098,1.6757335090867873,-6.2653656005859375,5.709456443786621,0.0,0.0
carrier__biped__static__seed_007,/home/rowanli.tangalin/tpr/tpr/results/hpc_rq1/nominal/carrier/biped/static/seed_007,9df9c78c523c4c7311c5ceb12610711107d640e21680ded48beb9a736179b207,50025d127a0a03138697fd98be0358e3198b4fbbeac5d865920799f80e02afdb,7,2,7655123995385766933,8050610523573754527,Carrier-v0,biped,static,"(44,)",500,W50,250,0.023778357561877145,1.6755647952818709,1.3402862456460098,1.6757335090867873,-6.2653656005859375,5.709456443786621,0.0,0.0
carrier__biped__static__seed_007,/home/rowanli.tangalin/tpr/tpr/results/hpc_rq1/nominal/carrier/biped/static/seed_007,9df9c78c523c4c7311c5ceb12610711107d640e21680ded48beb9a736179b207,50025d127a0a03138697fd98be0358e3198b4fbbeac5d865920799f80e02afdb,7,2,7655123995385766933,8050610523573754527,Carrier-v0,biped,static,"(44,)",500,W75,375,0.023778357561877145,1.6755647952818709,1.3402862456460098,1.6757335090867873,-6.2653656005859375,5.709456443786621,0.0,0.0
carrier__biped__static__seed_007,/home/rowanli.tangalin/tpr/tpr/results/hpc_rq1/nominal/carrier/biped/static/seed_007,9df9c78c523c4c7311c5ceb12610711107d640e21680ded48beb9a736179b207,50025d127a0a03138697fd98be0358e3198b4fbbeac5d865920799f80e02afdb,7,2,7655123995385766933,8050610523573754527,Carrier-v0,biped,static,"(44,)",500,Wfinal,500,0.023778357561877145,1.6755647952818709,1.3402862456460098,1.6757335090867873,-6.2653656005859375,5.709456443786621,0.0,0.0
carrier__biped__static__seed_008,/home/rowanli.tangalin/tpr/tpr/results/hpc_rq1/nominal/carrier/biped/static/seed_008,0e57e49c802f65dcd589faf4763afdbb3a1af4c70d81ce497abc0cf1b619bc88,7246e0e4d95ad5d4ca27882e9675c69c1fca0cefe4ce8fc83de98ee166855c32,8,0,4480449054597749916,4714160801966532834,Carrier-v0,biped,static,"(44,)",500,W0,0,-0.008672723674882017,1.4116510836220981,1.1301818665422336,1.4116777245630052,-5.5970072746276855,5.144870281219482,0.0,0.0
carrier__biped__static__seed_008,/home/rowanli.tangalin/tpr/tpr/results/hpc_rq1/nominal/carrier/biped/static/seed_008,0e57e49c802f65dcd589faf4763afdbb3a1af4c70d81ce497abc0cf1b619bc88,7246e0e4d95ad5d4ca27882e9675c69c1fca0cefe4ce8fc83de98ee166855c32,8,0,4480449054597749916,4714160801966532834,Carrier-v0,biped,static,"(44,)",500,W25,125,-0.008672723674882017,1.4116510836220981,1.1301818665422336,1.4116777245630052,-5.5970072746276855,5.144870281219482,0.0,0.0
carrier__biped__static__seed_008,/home/rowanli.tangalin/tpr/tpr/results/hpc_rq1/nominal/carrier/biped/static/seed_008,0e57e49c802f65dcd589faf4763afdbb3a1af4c70d81ce497abc0cf1b619bc88,7246e0e4d95ad5d4ca27882e9675c69c1fca0cefe4ce8fc83de98ee166855c32,8,0,4480449054597749916,4714160801966532834,Carrier-v0,biped,static,"(44,)",500,W50,250,-0.008672723674882017,1.4116510836220981,1.1301818665422336,1.4116777245630052,-5.5970072746276855,5.144870281219482,0.0,0.0
carrier__biped__static__seed_008,/home/rowanli.tangalin/tpr/tpr/results/hpc_rq1/nominal/carrier/biped/static/seed_008,0e57e49c802f65dcd589faf4763afdbb3a1af4c70d81ce497abc0cf1b619bc88,7246e0e4d95ad5d4ca27882e9675c69c1fca0cefe4ce8fc83de98ee166855c32,8,0,4480449054597749916,4714160801966532834,Carrier-v0,biped,static,"(44,)",500,W75,375,-0.008672723674882017,1.4116510836220981,1.1301818665422336,1.4116777245630052,-5.5970072746276855,5.144870281219482,0.0,0.0
carrier__biped__static__seed_008,/home/rowanli.tangalin/tpr/tpr/results/hpc_rq1/nominal/carrier/biped/static/seed_008,0e57e49c802f65dcd589faf4763afdbb3a1af4c70d81ce497abc0cf1b619bc88,7246e0e4d95ad5d4ca27882e9675c69c1fca0cefe4ce8fc83de98ee166855c32,8,0,4480449054597749916,4714160801966532834,Carrier-v0,biped,static,"(44,)",500,Wfinal,500,-0.008672723674882017,1.4116510836220981,1.1301818665422336,1.4116777245630052,-5.5970072746276855,5.144870281219482,0.0,0.0
carrier__biped__static__seed_008,/home/rowanli.tangalin/tpr/tpr/results/hpc_rq1/nominal/carrier/biped/static/seed_008,0e57e49c802f65dcd589faf4763afdbb3a1af4c70d81ce497abc0cf1b619bc88,7246e0e4d95ad5d4ca27882e9675c69c1fca0cefe4ce8fc83de98ee166855c32,8,1,8169066096088904802,2410012360361453569,Carrier-v0,biped,static,"(44,)",500,W0,0,-0.008672723674882017,1.4116510836220981,1.1301818665422336,1.4116777245630052,-5.5970072746276855,5.144870281219482,0.0,0.0
carrier__biped__static__seed_008,/home/rowanli.tangalin/tpr/tpr/results/hpc_rq1/nominal/carrier/biped/static/seed_008,0e57e49c802f65dcd589faf4763afdbb3a1af4c70d81ce497abc0cf1b619bc88,7246e0e4d95ad5d4ca27882e9675c69c1fca0cefe4ce8fc83de98ee166855c32,8,1,8169066096088904802,2410012360361453569,Carrier-v0,biped,static,"(44,)",500,W25,125,-0.008672723674882017,1.4116510836220981,1.1301818665422336,1.4116777245630052,-5.5970072746276855,5.144870281219482,0.0,0.0
carrier__biped__static__seed_008,/home/rowanli.tangalin/tpr/tpr/results/hpc_rq1/nominal/carrier/biped/static/seed_008,0e57e49c802f65dcd589faf4763afdbb3a1af4c70d81ce497abc0cf1b619bc88,7246e0e4d95ad5d4ca27882e9675c69c1fca0cefe4ce8fc83de98ee166855c32,8,1,8169066096088904802,2410012360361453569,Carrier-v0,biped,static,"(44,)",500,W50,250,-0.008672723674882017,1.4116510836220981,1.1301818665422336,1.4116777245630052,-5.5970072746276855,5.144870281219482,0.0,0.0
carrier__biped__static__seed_008,/home/rowanli.tangalin/tpr/tpr/results/hpc_rq1/nominal/carrier/biped/static/seed_008,0e57e49c802f65dcd589faf4763afdbb3a1af4c70d81ce497abc0cf1b619bc88,7246e0e4d95ad5d4ca27882e9675c69c1fca0cefe4ce8fc83de98ee166855c32,8,1,8169066096088904802,2410012360361453569,Carrier-v0,biped,static,"(44,)",500,W75,375,-0.008672723674882017,1.4116510836220981,1.1301818665422336,1.4116777245630052,-5.5970072746276855,5.144870281219482,0.0,0.0
carrier__biped__static__seed_008,/home/rowanli.tangalin/tpr/tpr/results/hpc_rq1/nominal/carrier/biped/static/seed_008,0e57e49c802f65dcd589faf4763afdbb3a1af4c70d81ce497abc0cf1b619bc88,7246e0e4d95ad5d4ca27882e9675c69c1fca0cefe4ce8fc83de98ee166855c32,8,1,8169066096088904802,2410012360361453569,Carrier-v0,biped,static,"(44,)",500,Wfinal,500,-0.008672723674882017,1.4116510836220981,1.1301818665422336,1.4116777245630052,-5.5970072746276855,5.144870281219482,0.0,0.0
carrier__biped__static__seed_008,/home/rowanli.tangalin/tpr/tpr/results/hpc_rq1/nominal/carrier/biped/static/seed_008,0e57e49c802f65dcd589faf4763afdbb3a1af4c70d81ce497abc0cf1b619bc88,7246e0e4d95ad5d4ca27882e9675c69c1fca0cefe4ce8fc83de98ee166855c32,8,2,1688151127694054410,5098444150450504360,Carrier-v0,biped,static,"(44,)",500,W0,0,-0.008672723674882017,1.4116510836220981,1.1301818665422336,1.4116777245630052,-5.5970072746276855,5.144870281219482,0.0,0.0
carrier__biped__static__seed_008,/home/rowanli.tangalin/tpr/tpr/results/hpc_rq1/nominal/carrier/biped/static/seed_008,0e57e49c802f65dcd589faf4763afdbb3a1af4c70d81ce497abc0cf1b619bc88,7246e0e4d95ad5d4ca27882e9675c69c1fca0cefe4ce8fc83de98ee166855c32,8,2,1688151127694054410,5098444150450504360,Carrier-v0,biped,static,"(44,)",500,W25,125,-0.008672723674882017,1.4116510836220981,1.1301818665422336,1.4116777245630052,-5.5970072746276855,5.144870281219482,0.0,0.0
carrier__biped__static__seed_008,/home/rowanli.tangalin/tpr/tpr/results/hpc_rq1/nominal/carrier/biped/static/seed_008,0e57e49c802f65dcd589faf4763afdbb3a1af4c70d81ce497abc0cf1b619bc88,7246e0e4d95ad5d4ca27882e9675c69c1fca0cefe4ce8fc83de98ee166855c32,8,2,1688151127694054410,5098444150450504360,Carrier-v0,biped,static,"(44,)",500,W50,250,-0.008672723674882017,1.4116510836220981,1.1301818665422336,1.4116777245630052,-5.5970072746276855,5.144870281219482,0.0,0.0
carrier__biped__static__seed_008,/home/rowanli.tangalin/tpr/tpr/results/hpc_rq1/nominal/carrier/biped/static/seed_008,0e57e49c802f65dcd589faf4763afdbb3a1af4c70d81ce497abc0cf1b619bc88,7246e0e4d95ad5d4ca27882e9675c69c1fca0cefe4ce8fc83de98ee166855c32,8,2,1688151127694054410,5098444150450504360,Carrier-v0,biped,static,"(44,)",500,W75,375,-0.008672723674882017,1.4116510836220981,1.1301818665422336,1.4116777245630052,-5.5970072746276855,5.144870281219482,0.0,0.0
carrier__biped__static__seed_008,/home/rowanli.tangalin/tpr/tpr/results/hpc_rq1/nominal/carrier/biped/static/seed_008,0e57e49c802f65dcd589faf4763afdbb3a1af4c70d81ce497abc0cf1b619bc88,7246e0e4d95ad5d4ca27882e9675c69c1fca0cefe4ce8fc83de98ee166855c32,8,2,1688151127694054410,5098444150450504360,Carrier-v0,biped,static,"(44,)",500,Wfinal,500,-0.008672723674882017,1.4116510836220981,1.1301818665422336,1.4116777245630052,-5.5970072746276855,5.144870281219482,0.0,0.0
carrier__biped__static__seed_009,/home/rowanli.tangalin/tpr/tpr/results/hpc_rq1/nominal/carrier/biped/static/seed_009,275e79bc26c7759cff176a3e56034b3c8048a5980e26ece38dd43fea1cde46fc,3dff4fd60133594d5fffb47498a91c28bbb0517e12609ee2ff98c54d9ef2d6fa,9,0,8469251633518957484,5579477484601834272,Carrier-v0,biped,static,"(44,)",500,W0,0,-0.027533912779131402,0.8586955254262632,0.6872494826119011,0.8591368469225463,-3.002347469329834,2.789698600769043,0.0,0.0
carrier__biped__static__seed_009,/home/rowanli.tangalin/tpr/tpr/results/hpc_rq1/nominal/carrier/biped/static/seed_009,275e79bc26c7759cff176a3e56034b3c8048a5980e26ece38dd43fea1cde46fc,3dff4fd60133594d5fffb47498a91c28bbb0517e12609ee2ff98c54d9ef2d6fa,9,0,8469251633518957484,5579477484601834272,Carrier-v0,biped,static,"(44,)",500,W25,125,-0.027533912779131402,0.8586955254262632,0.6872494826119011,0.8591368469225463,-3.002347469329834,2.789698600769043,0.0,0.0
carrier__biped__static__seed_009,/home/rowanli.tangalin/tpr/tpr/results/hpc_rq1/nominal/carrier/biped/static/seed_009,275e79bc26c7759cff176a3e56034b3c8048a5980e26ece38dd43fea1cde46fc,3dff4fd60133594d5fffb47498a91c28bbb0517e12609ee2ff98c54d9ef2d6fa,9,0,8469251633518957484,5579477484601834272,Carrier-v0,biped,static,"(44,)",500,W50,250,-0.027533912779131402,0.8586955254262632,0.6872494826119011,0.8591368469225463,-3.002347469329834,2.789698600769043,0.0,0.0
carrier__biped__static__seed_009,/home/rowanli.tangalin/tpr/tpr/results/hpc_rq1/nominal/carrier/biped/static/seed_009,275e79bc26c7759cff176a3e56034b3c8048a5980e26ece38dd43fea1cde46fc,3dff4fd60133594d5fffb47498a91c28bbb0517e12609ee2ff98c54d9ef2d6fa,9,0,8469251633518957484,5579477484601834272,Carrier-v0,biped,static,"(44,)",500,W75,375,-0.027533912779131402,0.8586955254262632,0.6872494826119011,0.8591368469225463,-3.002347469329834,2.789698600769043,0.0,0.0
carrier__biped__static__seed_009,/home/rowanli.tangalin/tpr/tpr/results/hpc_rq1/nominal/carrier/biped/static/seed_009,275e79bc26c7759cff176a3e56034b3c8048a5980e26ece38dd43fea1cde46fc,3dff4fd60133594d5fffb47498a91c28bbb0517e12609ee2ff98c54d9ef2d6fa,9,0,8469251633518957484,5579477484601834272,Carrier-v0,biped,static,"(44,)",500,Wfinal,500,-0.027533912779131402,0.8586955254262632,0.6872494826119011,0.8591368469225463,-3.002347469329834,2.789698600769043,0.0,0.0
carrier__biped__static__seed_009,/home/rowanli.tangalin/tpr/tpr/results/hpc_rq1/nominal/carrier/biped/static/seed_009,275e79bc26c7759cff176a3e56034b3c8048a5980e26ece38dd43fea1cde46fc,3dff4fd60133594d5fffb47498a91c28bbb0517e12609ee2ff98c54d9ef2d6fa,9,1,5415548583552718452,3538497439875268043,Carrier-v0,biped,static,"(44,)",500,W0,0,-0.027533912779131402,0.8586955254262632,0.6872494826119011,0.8591368469225463,-3.002347469329834,2.789698600769043,0.0,0.0
carrier__biped__static__seed_009,/home/rowanli.tangalin/tpr/tpr/results/hpc_rq1/nominal/carrier/biped/static/seed_009,275e79bc26c7759cff176a3e56034b3c8048a5980e26ece38dd43fea1cde46fc,3dff4fd60133594d5fffb47498a91c28bbb0517e12609ee2ff98c54d9ef2d6fa,9,1,5415548583552718452,3538497439875268043,Carrier-v0,biped,static,"(44,)",500,W25,125,-0.027533912779131402,0.8586955254262632,0.6872494826119011,0.8591368469225463,-3.002347469329834,2.789698600769043,0.0,0.0
carrier__biped__static__seed_009,/home/rowanli.tangalin/tpr/tpr/results/hpc_rq1/nominal/carrier/biped/static/seed_009,275e79bc26c7759cff176a3e56034b3c8048a5980e26ece38dd43fea1cde46fc,3dff4fd60133594d5fffb47498a91c28bbb0517e12609ee2ff98c54d9ef2d6fa,9,1,5415548583552718452,3538497439875268043,Carrier-v0,biped,static,"(44,)",500,W50,250,-0.027533912779131402,0.8586955254262632,0.6872494826119011,0.8591368469225463,-3.002347469329834,2.789698600769043,0.0,0.0
carrier__biped__static__seed_009,/home/rowanli.tangalin/tpr/tpr/results/hpc_rq1/nominal/carrier/biped/static/seed_009,275e79bc26c7759cff176a3e56034b3c8048a5980e26ece38dd43fea1cde46fc,3dff4fd60133594d5fffb47498a91c28bbb0517e12609ee2ff98c54d9ef2d6fa,9,1,5415548583552718452,3538497439875268043,Carrier-v0,biped,static,"(44,)",500,W75,375,-0.027533912779131402,0.8586955254262632,0.6872494826119011,0.8591368469225463,-3.002347469329834,2.789698600769043,0.0,0.0
carrier__biped__static__seed_009,/home/rowanli.tangalin/tpr/tpr/results/hpc_rq1/nominal/carrier/biped/static/seed_009,275e79bc26c7759cff176a3e56034b3c8048a5980e26ece38dd43fea1cde46fc,3dff4fd60133594d5fffb47498a91c28bbb0517e12609ee2ff98c54d9ef2d6fa,9,1,5415548583552718452,3538497439875268043,Carrier-v0,biped,static,"(44,)",500,Wfinal,500,-0.027533912779131402,0.8586955254262632,0.6872494826119011,0.8591368469225463,-3.002347469329834,2.789698600769043,0.0,0.0
carrier__biped__static__seed_009,/home/rowanli.tangalin/tpr/tpr/results/hpc_rq1/nominal/carrier/biped/static/seed_009,275e79bc26c7759cff176a3e56034b3c8048a5980e26ece38dd43fea1cde46fc,3dff4fd60133594d5fffb47498a91c28bbb0517e12609ee2ff98c54d9ef2d6fa,9,2,6075971192560964690,5235945277139461518,Carrier-v0,biped,static,"(44,)",500,W0,0,-0.027533912779131402,0.8586955254262632,0.6872494826119011,0.8591368469225463,-3.002347469329834,2.789698600769043,0.0,0.0
carrier__biped__static__seed_009,/home/rowanli.tangalin/tpr/tpr/results/hpc_rq1/nominal/carrier/biped/static/seed_009,275e79bc26c7759cff176a3e56034b3c8048a5980e26ece38dd43fea1cde46fc,3dff4fd60133594d5fffb47498a91c28bbb0517e12609ee2ff98c54d9ef2d6fa,9,2,6075971192560964690,5235945277139461518,Carrier-v0,biped,static,"(44,)",500,W25,125,-0.027533912779131402,0.8586955254262632,0.6872494826119011,0.8591368469225463,-3.002347469329834,2.789698600769043,0.0,0.0
carrier__biped__static__seed_009,/home/rowanli.tangalin/tpr/tpr/results/hpc_rq1/nominal/carrier/biped/static/seed_009,275e79bc26c7759cff176a3e56034b3c8048a5980e26ece38dd43fea1cde46fc,3dff4fd60133594d5fffb47498a91c28bbb0517e12609ee2ff98c54d9ef2d6fa,9,2,6075971192560964690,5235945277139461518,Carrier-v0,biped,static,"(44,)",500,W50,250,-0.027533912779131402,0.8586955254262632,0.6872494826119011,0.8591368469225463,-3.002347469329834,2.789698600769043,0.0,0.0
carrier__biped__static__seed_009,/home/rowanli.tangalin/tpr/tpr/results/hpc_rq1/nominal/carrier/biped/static/seed_009,275e79bc26c7759cff176a3e56034b3c8048a5980e26ece38dd43fea1cde46fc,3dff4fd60133594d5fffb47498a91c28bbb0517e12609ee2ff98c54d9ef2d6fa,9,2,6075971192560964690,5235945277139461518,Carrier-v0,biped,static,"(44,)",500,W75,375,-0.027533912779131402,0.8586955254262632,0.6872494826119011,0.8591368469225463,-3.002347469329834,2.789698600769043,0.0,0.0
carrier__biped__static__seed_009,/home/rowanli.tangalin/tpr/tpr/results/hpc_rq1/nominal/carrier/biped/static/seed_009,275e79bc26c7759cff176a3e56034b3c8048a5980e26ece38dd43fea1cde46fc,3dff4fd60133594d5fffb47498a91c28bbb0517e12609ee2ff98c54d9ef2d6fa,9,2,6075971192560964690,5235945277139461518,Carrier-v0,biped,static,"(44,)",500,Wfinal,500,-0.027533912779131402,0.8586955254262632,0.6872494826119011,0.8591368469225463,-3.002347469329834,2.789698600769043,0.0,0.0
carrier__biped__nchl__seed_000,/home/rowanli.tangalin/tpr/tpr/results/hpc_rq1/nominal/carrier/biped/nchl/seed_000,4a3d60bfbae110cc2ae817b182f8e6175b8b040eb98b466606818ece568fa0db,b27340837bf097dc72467699a6e255ffcc5fa10a3d24eec4675f0e9076348ee5,0,0,4940322620982477041,3023897764847979143,Carrier-v0,biped,nchl,"(44,)",500,W0,0,-0.0011018490735394508,0.05664234695897252,0.04880049702564275,0.05665306293927525,-0.0999501496553421,0.09995333850383759,0.21788378957324692,0.14545110815356774
carrier__biped__nchl__seed_000,/home/rowanli.tangalin/tpr/tpr/results/hpc_rq1/nominal/carrier/biped/nchl/seed_000,4a3d60bfbae110cc2ae817b182f8e6175b8b040eb98b466606818ece568fa0db,b27340837bf097dc72467699a6e255ffcc5fa10a3d24eec4675f0e9076348ee5,0,0,4940322620982477041,3023897764847979143,Carrier-v0,biped,nchl,"(44,)",500,W25,125,4.0071586633276235,24.11415061081008,16.820435025299957,24.444827269463648,-93.89985656738281,122.59737396240234,0.21788378957324692,0.14545110815356774
carrier__biped__nchl__seed_000,/home/rowanli.tangalin/tpr/tpr/results/hpc_rq1/nominal/carrier/biped/nchl/seed_000,4a3d60bfbae110cc2ae817b182f8e6175b8b040eb98b466606818ece568fa0db,b27340837bf097dc72467699a6e255ffcc5fa10a3d24eec4675f0e9076348ee5,0,0,4940322620982477041,3023897764847979143,Carrier-v0,biped,nchl,"(44,)",500,W50,250,9.405160751569467,50.45812777125787,34.82165470396183,51.327182924289225,-187.65223693847656,316.2056579589844,0.21788378957324692,0.14545110815356774
carrier__biped__nchl__seed_000,/home/rowanli.tangalin/tpr/tpr/results/hpc_rq1/nominal/carrier/biped/nchl/seed_000,4a3d60bfbae110cc2ae817b182f8e6175b8b040eb98b466606818ece568fa0db,b27340837bf097dc72467699a6e255ffcc5fa10a3d24eec4675f0e9076348ee5,0,0,4940322620982477041,3023897764847979143,Carrier-v0,biped,nchl,"(44,)",500,W75,375,14.391273437919713,75.62438639979611,52.26547844497248,76.98153395140058,-281.45733642578125,482.8603515625,0.21788378957324692,0.14545110815356774
carrier__biped__nchl__seed_000,/home/rowanli.tangalin/tpr/tpr/results/hpc_rq1/nominal/carrier/biped/nchl/seed_000,4a3d60bfbae110cc2ae817b182f8e6175b8b040eb98b466606818ece568fa0db,b27340837bf097dc72467699a6e255ffcc5fa10a3d24eec4675f0e9076348ee5,0,0,4940322620982477041,3023897764847979143,Carrier-v0,biped,nchl,"(44,)",500,Wfinal,500,19.318040754228434,100.71617235300715,69.7193150816907,102.55210418135101,-375.2560119628906,646.4157104492188,0.21788378957324692,0.14545110815356774
carrier__biped__nchl__seed_000,/home/rowanli.tangalin/tpr/tpr/results/hpc_rq1/nominal/carrier/biped/nchl/seed_000,4a3d60bfbae110cc2ae817b182f8e6175b8b040eb98b466606818ece568fa0db,b27340837bf097dc72467699a6e255ffcc5fa10a3d24eec4675f0e9076348ee5,0,1,530078296572617688,6966882572876332860,Carrier-v0,biped,nchl,"(44,)",500,W0,0,-0.00029224157648358114,0.05708848211032349,0.04927935012450518,0.05708923011216521,-0.0999893769621849,0.09998205304145813,0.2196866743927107,0.1456996596486515
carrier__biped__nchl__seed_000,/home/rowanli.tangalin/tpr/tpr/results/hpc_rq1/nominal/carrier/biped/nchl/seed_000,4a3d60bfbae110cc2ae817b182f8e6175b8b040eb98b466606818ece568fa0db,b27340837bf097dc72467699a6e255ffcc5fa10a3d24eec4675f0e9076348ee5,0,1,530078296572617688,6966882572876332860,Carrier-v0,biped,nchl,"(44,)",500,W25,125,4.165106726731827,23.27529647282235,16.373295019145118,23.645032035140982,-93.71435546875,122.5711898803711,0.2196866743927107,0.1456996596486515
carrier__biped__nchl__seed_000,/home/rowanli.tangalin/tpr/tpr/results/hpc_rq1/nominal/carrier/biped/nchl/seed_000,4a3d60bfbae110cc2ae817b182f8e6175b8b040eb98b466606818ece568fa0db,b27340837bf097dc72467699a6e255ffcc5fa10a3d24eec4675f0e9076348ee5,0,1,530078296572617688,6966882572876332860,Carrier-v0,biped,nchl,"(44,)",500,W50,250,9.459817348451882,50.49124892926654,34.74756901717738,51.369780637094706,-187.47027587890625,323.7267150878906,0.2196866743927107,0.1456996596486515
carrier__biped__nchl__seed_000,/home/rowanli.tangalin/tpr/tpr/results/hpc_rq1/nominal/carrier/biped/nchl/seed_000,4a3d60bfbae110cc2ae817b182f8e6175b8b040eb98b466606818ece568fa0db,b27340837bf097dc72467699a6e255ffcc5fa10a3d24eec4675f0e9076348ee5,0,1,530078296572617688,6966882572876332860,Carrier-v0,biped,nchl,"(44,)",500,W75,375,14.457131802185822,75.74607056150845,52.23681863539012,77.11339614784703,-281.2938537597656,489.6872863769531,0.2196866743927107,0.1456996596486515
carrier__biped__nchl__seed_000,/home/rowanli.tangalin/tpr/tpr/results/hpc_rq1/nominal/carrier/biped/nchl/seed_000,4a3d60bfbae110cc2ae817b182f8e6175b8b040eb98b466606818ece568fa0db,b27340837bf097dc72467699a6e255ffcc5fa10a3d24eec4675f0e9076348ee5,0,1,530078296572617688,6966882572876332860,Carrier-v0,biped,nchl,"(44,)",500,Wfinal,500,19.451198473619133,101.05535061839433,69.76732635578723,102.91031537541187,-375.11785888671875,656.8682250976562,0.2196866743927107,0.1456996596486515
carrier__biped__nchl__seed_000,/home/rowanli.tangalin/tpr/tpr/results/hpc_rq1/nominal/carrier/biped/nchl/seed_000,4a3d60bfbae110cc2ae817b182f8e6175b8b040eb98b466606818ece568fa0db,b27340837bf097dc72467699a6e255ffcc5fa10a3d24eec4675f0e9076348ee5,0,2,7210830791768759910,3424438756091539107,Carrier-v0,biped,nchl,"(44,)",500,W0,0,0.0011794922809783132,0.05715948672307985,0.04925036225713356,0.05717165490421656,-0.0999600738286972,0.09992298483848572,0.2245690958236576,0.14734882426063944
carrier__biped__nchl__seed_000,/home/rowanli.tangalin/tpr/tpr/results/hpc_rq1/nominal/carrier/biped/nchl/seed_000,4a3d60bfbae110cc2ae817b182f8e6175b8b040eb98b466606818ece568fa0db,b27340837bf097dc72467699a6e255ffcc5fa10a3d24eec4675f0e9076348ee5,0,2,7210830791768759910,3424438756091539107,Carrier-v0,biped,nchl,"(44,)",500,W25,125,4.525238881374455,25.736161206028154,17.35003953833716,26.130973586075427,-93.5711898803711,130.44183349609375,0.2245690958236576,0.14734882426063944
carrier__biped__nchl__seed_000,/home/rowanli.tangalin/tpr/tpr/results/hpc_rq1/nominal/carrier/biped/nchl/seed_000,4a3d60bfbae110cc2ae817b182f8e6175b8b040eb98b466606818ece568fa0db,b27340837bf097dc72467699a6e255ffcc5fa10a3d24eec4675f0e9076348ee5,0,2,7210830791768759910,3424438756091539107,Carrier-v0,biped,nchl,"(44,)",500,W50,250,10.296808172123168,53.445779776945486,35.70874208295751,54.42862881333,-187.31539916992188,371.8048095703125,0.2245690958236576,0.14734882426063944
carrier__biped__nchl__seed_000,/home/rowanli.tangalin/tpr/tpr/results/hpc_rq1/nominal/carrier/biped/nchl/seed_000,4a3d60bfbae110cc2ae817b182f8e6175b8b040eb98b466606818ece568fa0db,b27340837bf097dc72467699a6e255ffcc5fa10a3d24eec4675f0e9076348ee5,0,2,7210830791768759910,3424438756091539107,Carrier-v0,biped,nchl,"(44,)",500,W75,375,15.262110198154343,78.47551091884567,53.13188082495887,79.94584305437321,-281.1157531738281,537.0231323242188,0.2245690958236576,0.14734882426063944
carrier__biped__nchl__seed_000,/home/rowanli.tangalin/tpr/tpr/results/hpc_rq1/nominal/carrier/biped/nchl/seed_000,4a3d60bfbae110cc2ae817b182f8e6175b8b040eb98b466606818ece568fa0db,b27340837bf097dc72467699a6e255ffcc5fa10a3d24eec4675f0e9076348ee5,0,2,7210830791768759910,3424438756091539107,Carrier-v0,biped,nchl,"(44,)",500,Wfinal,500,20.087159651767145,103.25233992545697,70.5020273699176,105.18811569258999,-374.91937255859375,695.2595825195312,0.2245690958236576,0.14734882426063944
carrier__biped__nchl__seed_001,/home/rowanli.tangalin/tpr/tpr/results/hpc_rq1/nominal/carrier/biped/nchl/seed_001,fc165def04eedc1fd39ccf612741552d9574a5a8228c644a7661cafd62ea43f0,bcfc50584d481bf2c31cf036c23de8c75ffd2c207764f9a82ebfcc7957783874,1,0,5232325836976384581,7172422899355977572,Carrier-v0,biped,nchl,"(44,)",500,W0,0,-0.0018995214086666796,0.057757862102407936,0.050125984182340565,0.05778908907590388,-0.09996207058429718,0.09991510212421417,0.4447077175383968,0.297696497690743
carrier__biped__nchl__seed_001,/home/rowanli.tangalin/tpr/tpr/results/hpc_rq1/nominal/carrier/biped/nchl/seed_001,fc165def04eedc1fd39ccf612741552d9574a5a8228c644a7661cafd62ea43f0,bcfc50584d481bf2c31cf036c23de8c75ffd2c207764f9a82ebfcc7957783874,1,0,5232325836976384581,7172422899355977572,Carrier-v0,biped,nchl,"(44,)",500,W25,125,-1.2760578505418074,45.89877875750406,29.623035472373225,45.91651353345804,-398.2232360839844,261.1114196777344,0.4447077175383968,0.297696497690743
carrier__biped__nchl__seed_001,/home/rowanli.tangalin/tpr/tpr/results/hpc_rq1/nominal/carrier/biped/nchl/seed_001,fc165def04eedc1fd39ccf612741552d9574a5a8228c644a7661cafd62ea43f0,bcfc50584d481bf2c31cf036c23de8c75ffd2c207764f9a82ebfcc7957783874,1,0,5232325836976384581,7172422899355977572,Carrier-v0,biped,nchl,"(44,)",500,W50,250,-3.2838383081358518,93.74653729329583,61.589727214251404,93.80403428700328,-794.1909790039062,521.0257568359375,0.4447077175383968,0.297696497690743
carrier__biped__nchl__seed_001,/home/rowanli.tangalin/tpr/tpr/results/hpc_rq1/nominal/carrier/biped/nchl/seed_001,fc165def04eedc1fd39ccf612741552d9574a5a8228c644a7661cafd62ea43f0,bcfc50584d481bf2c31cf036c23de8c75ffd2c207764f9a82ebfcc7957783874,1,0,5232325836976384581,7172422899355977572,Carrier-v0,biped,nchl,"(44,)",500,W75,375,-4.590736848178444,142.97779710356306,94.30738820452113,143.05147790007928,-1190.2445068359375,777.702392578125,0.4447077175383968,0.297696497690743
carrier__biped__nchl__seed_001,/home/rowanli.tangalin/tpr/tpr/results/hpc_rq1/nominal/carrier/biped/nchl/seed_001,fc165def04eedc1fd39ccf612741552d9574a5a8228c644a7661cafd62ea43f0,bcfc50584d481bf2c31cf036c23de8c75ffd2c207764f9a82ebfcc7957783874,1,0,5232325836976384581,7172422899355977572,Carrier-v0,biped,nchl,"(44,)",500,Wfinal,500,-6.004096784501115,192.3535033730136,127.09806974858316,192.4471861006796,-1586.2130126953125,1035.692626953125,0.4447077175383968,0.297696497690743
carrier__biped__nchl__seed_001,/home/rowanli.tangalin/tpr/tpr/results/hpc_rq1/nominal/carrier/biped/nchl/seed_001,fc165def04eedc1fd39ccf612741552d9574a5a8228c644a7661cafd62ea43f0,bcfc50584d481bf2c31cf036c23de8c75ffd2c207764f9a82ebfcc7957783874,1,1,3184075494390970209,9147161066225580108,Carrier-v0,biped,nchl,"(44,)",500,W0,0,0.001744605971650147,0.057791269154609456,0.05011612970173911,0.05781759628778104,-0.09997173398733139,0.09993826597929001,0.4451769703174716,0.2961942146161163
carrier__biped__nchl__seed_001,/home/rowanli.tangalin/tpr/tpr/results/hpc_rq1/nominal/carrier/biped/nchl/seed_001,fc165def04eedc1fd39ccf612741552d9574a5a8228c644a7661cafd62ea43f0,bcfc50584d481bf2c31cf036c23de8c75ffd2c207764f9a82ebfcc7957783874,1,1,3184075494390970209,9147161066225580108,Carrier-v0,biped,nchl,"(44,)",500,W25,125,-1.8643685663973757,45.568054957294734,29.458878800348653,45.60617833958908,-399.4595031738281,262.3981628417969,0.4451769703174716,0.2961942146161163
carrier__biped__nchl__seed_001,/home/rowanli.tangalin/tpr/tpr/results/hpc_rq1/nominal/carrier/biped/nchl/seed_001,fc165def04eedc1fd39ccf612741552d9574a5a8228c644a7661cafd62ea43f0,bcfc50584d481bf2c31cf036c23de8c75ffd2c207764f9a82ebfcc7957783874,1,1,3184075494390970209,9147161066225580108,Carrier-v0,biped,nchl,"(44,)",500,W50,250,-4.368962790634665,94.2036868011322,61.72612355651425,94.30494389368862,-795.8955078125,520.3673095703125,0.4451769703174716,0.2961942146161163
carrier__biped__nchl__seed_001,/home/rowanli.tangalin/tpr/tpr/results/hpc_rq1/nominal/carrier/biped/nchl/seed_001,fc165def04eedc1fd39ccf612741552d9574a5a8228c644a7661cafd62ea43f0,bcfc50584d481bf2c31cf036c23de8c75ffd2c207764f9a82ebfcc7957783874,1,1,3184075494390970209,9147161066225580108,Carrier-v0,biped,nchl,"(44,)",500,W75,375,-6.908199422332537,143.70197178894963,94.35158309488072,143.86792524844026,-1194.2108154296875,777.0235595703125,0.4451769703174716,0.2961942146161163
carrier__biped__nchl__seed_001,/home/rowanli.tangalin/tpr/tpr/results/hpc_rq1/nominal/carrier/biped/nchl/seed_001,fc165def04eedc1fd39ccf612741552d9574a5a8228c644a7661cafd62ea43f0,bcfc50584d481bf2c31cf036c23de8c75ffd2c207764f9a82ebfcc7957783874,1,1,3184075494390970209,9147161066225580108,Carrier-v0,biped,nchl,"(44,)",500,Wfinal,500,-9.389432844738444,192.98387522867955,127.11696919053793,193.21215683135574,-1590.177734375,1034.101806640625,0.4451769703174716,0.2961942146161163
carrier__biped__nchl__seed_001,/home/rowanli.tangalin/tpr/tpr/results/hpc_rq1/nominal/carrier/biped/nchl/seed_001,fc165def04eedc1fd39ccf612741552d9574a5a8228c644a7661cafd62ea43f0,bcfc50584d481bf2c31cf036c23de8c75ffd2c207764f9a82ebfcc7957783874,1,2,6337936886056088,9019669384804417704,Carrier-v0,biped,nchl,"(44,)",500,W0,0,0.000970027611958256,0.05731897504403922,0.04980801743181632,0.05732718250243206,-0.09978632628917694,0.09996291995048523,0.44265819600449663,0.29569932795234033
carrier__biped__nchl__seed_001,/home/rowanli.tangalin/tpr/tpr/results/hpc_rq1/nominal/carrier/biped/nchl/seed_001,fc165def04eedc1fd39ccf612741552d9574a5a8228c644a7661cafd62ea43f0,bcfc50584d481bf2c31cf036c23de8c75ffd2c207764f9a82ebfcc7957783874,1,2,6337936886056088,9019669384804417704,Carrier-v0,biped,nchl,"(44,)",500,W25,125,-1.6856013906690606,45.331527189212196,29.152857748562408,45.362854951540584,-400.3875732421875,263.56451416015625,0.44265819600449663,0.29569932795234033
carrier__biped__nchl__seed_001,/home/rowanli.tangalin/tpr/tpr/results/hpc_rq1/nominal/carrier/biped/nchl/seed_001,fc165def04eedc1fd39ccf612741552d9574a5a8228c644a7661cafd62ea43f0,bcfc50584d481bf2c31cf036c23de8c75ffd2c207764f9a82ebfcc7957783874,1,2,6337936886056088,9019669384804417704,Carrier-v0,biped,nchl,"(44,)",500,W50,250,-4.569860541164855,92.73108179332982,60.74481867520721,92.84361666763591,-798.7852783203125,523.46923828125,0.44265819600449663,0.29569932795234033
carrier__biped__nchl__seed_001,/home/rowanli.tangalin/tpr/tpr/results/hpc_rq1/nominal/carrier/biped/nchl/seed_001,fc165def04eedc1fd39ccf612741552d9574a5a8228c644a7661cafd62ea43f0,bcfc50584d481bf2c31cf036c23de8c75ffd2c207764f9a82ebfcc7957783874,1,2,6337936886056088,9019669384804417704,Carrier-v0,biped,nchl,"(44,)",500,W75,375,-7.165592783055809,141.57159666678012,93.05888969478217,141.7528225564276,-1193.8800048828125,782.4431762695312,0.44265819600449663,0.29569932795234033
carrier__biped__nchl__seed_001,/home/rowanli.tangalin/tpr/tpr/results/hpc_rq1/nominal/carrier/biped/nchl/seed_001,fc165def04eedc1fd39ccf612741552d9574a5a8228c644a7661cafd62ea43f0,bcfc50584d481bf2c31cf036c23de8c75ffd2c207764f9a82ebfcc7957783874,1,2,6337936886056088,9019669384804417704,Carrier-v0,biped,nchl,"(44,)",500,Wfinal,500,-9.799799642906608,191.0658643098931,125.64789594576037,191.3170159121441,-1591.8946533203125,1040.5833740234375,0.44265819600449663,0.29569932795234033
carrier__biped__nchl__seed_002,/home/rowanli.tangalin/tpr/tpr/results/hpc_rq1/nominal/carrier/biped/nchl/seed_002,c46b349c32b84b18b55b1db6867a934cedf5926fbed8b7b83ac07cb27e38fbc6,5f8022e16235e323465151070d754b0eb110031823a3d789ee06bb90d58cb1de,2,0,4709125304908105630,1244304497912131803,Carrier-v0,biped,nchl,"(44,)",500,W0,0,0.0005153024215064602,0.056966592024734225,0.04925031760525745,0.05696892261135121,-0.09996066987514496,0.09981396794319153,0.22173341438258154,0.16796062691949795
carrier__biped__nchl__seed_002,/home/rowanli.tangalin/tpr/tpr/results/hpc_rq1/nominal/carrier/biped/nchl/seed_002,c46b349c32b84b18b55b1db6867a934cedf5926fbed8b7b83ac07cb27e38fbc6,5f8022e16235e323465151070d754b0eb110031823a3d789ee06bb90d58cb1de,2,0,4709125304908105630,1244304497912131803,Carrier-v0,biped,nchl,"(44,)",500,W25,125,2.614022861073653,21.924644961718585,16.22605091270053,22.079926906935807,-107.3016586303711,150.7053985595703,0.22173341438258154,0.16796062691949795
carrier__biped__nchl__seed_002,/home/rowanli.tangalin/tpr/tpr/results/hpc_rq1/nominal/carrier/biped/nchl/seed_002,c46b349c32b84b18b55b1db6867a934cedf5926fbed8b7b83ac07cb27e38fbc6,5f8022e16235e323465151070d754b0eb110031823a3d789ee06bb90d58cb1de,2,0,4709125304908105630,1244304497912131803,Carrier-v0,biped,nchl,"(44,)",500,W50,250,5.008115487779699,46.96932148911795,35.4998917225154,47.23556268202016,-220.71771240234375,292.205810546875,0.22173341438258154,0.16796062691949795
carrier__biped__nchl__seed_002,/home/rowanli.tangalin/tpr/tpr/results/hpc_rq1/nominal/carrier/biped/nchl/seed_002,c46b349c32b84b18b55b1db6867a934cedf5926fbed8b7b83ac07cb27e38fbc6,5f8022e16235e323465151070d754b0eb110031823a3d789ee06bb90d58cb1de,2,0,4709125304908105630,1244304497912131803,Carrier-v0,biped,nchl,"(44,)",500,W75,375,7.352418545503503,72.29569738665501,54.961405616696275,72.66860339301327,-337.0697937011719,433.34454345703125,0.22173341438258154,0.16796062691949795
carrier__biped__nchl__seed_002,/home/rowanli.tangalin/tpr/tpr/results/hpc_rq1/nominal/carrier/biped/nchl/seed_002,c46b349c32b84b18b55b1db6867a934cedf5926fbed8b7b83ac07cb27e38fbc6,5f8022e16235e323465151070d754b0eb110031823a3d789ee06bb90d58cb1de,2,0,4709125304908105630,1244304497912131803,Carrier-v0,biped,nchl,"(44,)",500,Wfinal,500,9.788325684545525,97.50914944874711,74.34026771231864,97.9992119658359,-453.421875,571.9937744140625,0.22173341438258154,0.16796062691949795
carrier__biped__nchl__seed_002,/home/rowanli.tangalin/tpr/tpr/results/hpc_rq1/nominal/carrier/biped/nchl/seed_002,c46b349c32b84b18b55b1db6867a934cedf5926fbed8b7b83ac07cb27e38fbc6,5f8022e16235e323465151070d754b0eb110031823a3d789ee06bb90d58cb1de,2,1,6789895730674132307,2935584579999248951,Carrier-v0,biped,nchl,"(44,)",500,W0,0,0.0011795878168737533,0.058222892095497455,0.050732158837052566,0.058234840013360184,-0.09997812658548355,0.09996149688959122,0.22109779053438944,0.16746047155477775
carrier__biped__nchl__seed_002,/home/rowanli.tangalin/tpr/tpr/results/hpc_rq1/nominal/carrier/biped/nchl/seed_002,c46b349c32b84b18b55b1db6867a934cedf5926fbed8b7b83ac07cb27e38fbc6,5f8022e16235e323465151070d754b0eb110031823a3d789ee06bb90d58cb1de,2,1,6789895730674132307,2935584579999248951,Carrier-v0,biped,nchl,"(44,)",500,W25,125,2.5331956444917103,21.073655333118555,15.324935174265459,21.22536287728311,-107.13225555419922,151.8441925048828,0.22109779053438944,0.16746047155477775
carrier__biped__nchl__seed_002,/home/rowanli.tangalin/tpr/tpr/results/hpc_rq1/nominal/carrier/biped/nchl/seed_002,c46b349c32b84b18b55b1db6867a934cedf5926fbed8b7b83ac07cb27e38fbc6,5f8022e16235e323465151070d754b0eb110031823a3d789ee06bb90d58cb1de,2,1,6789895730674132307,2935584579999248951,Carrier-v0,biped,nchl,"(44,)",500,W50,250,5.168596402815237,45.14802444799279,33.800047043969826,45.442914742913985,-214.31712341308594,296.44635009765625,0.22109779053438944,0.16746047155477775
carrier__biped__nchl__seed_002,/home/rowanli.tangalin/tpr/tpr/results/hpc_rq1/nominal/carrier/biped/nchl/seed_002,c46b349c32b84b18b55b1db6867a934cedf5926fbed8b7b83ac07cb27e38fbc6,5f8022e16235e323465151070d754b0eb110031823a3d789ee06bb90d58cb1de,2,1,6789895730674132307,2935584579999248951,Carrier-v0,biped,nchl,"(44,)",500,W75,375,7.587333138756962,70.19424045335496,52.99106444751394,70.60310911696378,-330.6692199707031,436.4983215332031,0.22109779053438944,0.16746047155477775
carrier__biped__nchl__seed_002,/home/rowanli.tangalin/tpr/tpr/results/hpc_rq1/nominal/carrier/biped/nchl/seed_002,c46b349c32b84b18b55b1db6867a934cedf5926fbed8b7b83ac07cb27e38fbc6,5f8022e16235e323465151070d754b0eb110031823a3d789ee06bb90d58cb1de,2,1,6789895730674132307,2935584579999248951,Carrier-v0,biped,nchl,"(44,)",500,Wfinal,500,9.485620076529571,89.95513106132228,67.28241980240853,90.45386996970294,-418.2468566894531,576.1299438476562,0.22109779053438944,0.16746047155477775
carrier__biped__nchl__seed_002,/home/rowanli.tangalin/tpr/tpr/results/hpc_rq1/nominal/carrier/biped/nchl/seed_002,c46b349c32b84b18b55b1db6867a934cedf5926fbed8b7b83ac07cb27e38fbc6,5f8022e16235e323465151070d754b0eb110031823a3d789ee06bb90d58cb1de,2,2,2298876442789069326,7237655472595637189,Carrier-v0,biped,nchl,"(44,)",500,W0,0,-0.0006505601036573913,0.05715441909716657,0.04911455163897966,0.05715812147703097,-0.09991399198770523,0.09996185451745987,0.22163517605353217,0.1670998783518886
carrier__biped__nchl__seed_002,/home/rowanli.tangalin/tpr/tpr/results/hpc_rq1/nominal/carrier/biped/nchl/seed_002,c46b349c32b84b18b55b1db6867a934cedf5926fbed8b7b83ac07cb27e38fbc6,5f8022e16235e323465151070d754b0eb110031823a3d789ee06bb90d58cb1de,2,2,2298876442789069326,7237655472595637189,Carrier-v0,biped,nchl,"(44,)",500,W25,125,2.8246067460142794,21.468439294091976,15.710758573809555,21.653459053780338,-105.60778045654297,152.25198364257812,0.22163517605353217,0.1670998783518886
carrier__biped__nchl__seed_002,/home/rowanli.tangalin/tpr/tpr/results/hpc_rq1/nominal/carrier/biped/nchl/seed_002,c46b349c32b84b18b55b1db6867a934cedf5926fbed8b7b83ac07cb27e38fbc6,5f8022e16235e323465151070d754b0eb110031823a3d789ee06bb90d58cb1de,2,2,2298876442789069326,7237655472595637189,Carrier-v0,biped,nchl,"(44,)",500,W50,250,5.118295706223234,45.838804728540545,34.49120084848173,46.123670386013444,-215.8460235595703,293.6582946777344,0.22163517605353217,0.1670998783518886
carrier__biped__nchl__seed_002,/home/rowanli.tangalin/tpr/tpr/results/hpc_rq1/nominal/carrier/biped/nchl/seed_002,c46b349c32b84b18b55b1db6867a934cedf5926fbed8b7b83ac07cb27e38fbc6,5f8022e16235e323465151070d754b0eb110031823a3d789ee06bb90d58cb1de,2,2,2298876442789069326,7237655472595637189,Carrier-v0,biped,nchl,"(44,)",500,W75,375,6.292848161249128,66.08268394344465,49.29422723272998,66.38163191086622,-312.98779296875,436.0410461425781,0.22163517605353217,0.1670998783518886
carrier__biped__nchl__seed_002,/home/rowanli.tangalin/tpr/tpr/results/hpc_rq1/nominal/carrier/biped/nchl/seed_002,c46b349c32b84b18b55b1db6867a934cedf5926fbed8b7b83ac07cb27e38fbc6,5f8022e16235e323465151070d754b0eb110031823a3d789ee06bb90d58cb1de,2,2,2298876442789069326,7237655472595637189,Carrier-v0,biped,nchl,"(44,)",500,Wfinal,500,0.4785956308160993,74.56109153369252,51.73660037769135,74.56262753198489,-418.89324951171875,590.0881958007812,0.22163517605353217,0.1670998783518886
carrier__biped__nchl__seed_003,/home/rowanli.tangalin/tpr/tpr/results/hpc_rq1/nominal/carrier/biped/nchl/seed_003,dd90ace3a112904155ff3289426075ff7c4eea3913621e63d1815172815cf404,651bde1ffc06829ffd3cc6c9bb2d18faa214f12a2eefb4fa1ee32d316932989a,3,0,6875887065855152501,8328361779180904825,Carrier-v0,biped,nchl,"(44,)",500,W0,0,0.0020852086874235403,0.05796062978626468,0.050197084191710824,0.05799812669811447,-0.09991977363824844,0.0998677909374237,0.23055221902324372,0.17116112977774417
carrier__biped__nchl__seed_003,/home/rowanli.tangalin/tpr/tpr/results/hpc_rq1/nominal/carrier/biped/nchl/seed_003,dd90ace3a112904155ff3289426075ff7c4eea3913621e63d1815172815cf404,651bde1ffc06829ffd3cc6c9bb2d18faa214f12a2eefb4fa1ee32d316932989a,3,0,6875887065855152501,8328361779180904825,Carrier-v0,biped,nchl,"(44,)",500,W25,125,1.6402639200678095,24.53233657360041,18.157754746717533,24.587110515225014,-103.45295715332031,93.9578628540039,0.23055221902324372,0.17116112977774417
carrier__biped__nchl__seed_003,/home/rowanli.tangalin/tpr/tpr/results/hpc_rq1/nominal/carrier/biped/nchl/seed_003,dd90ace3a112904155ff3289426075ff7c4eea3913621e63d1815172815cf404,651bde1ffc06829ffd3cc6c9bb2d18faa214f12a2eefb4fa1ee32d316932989a,3,0,6875887065855152501,8328361779180904825,Carrier-v0,biped,nchl,"(44,)",500,W50,250,3.4459359996359455,48.6705903885231,36.4324898460906,48.7924260893121,-184.6379852294922,186.21087646484375,0.23055221902324372,0.17116112977774417
carrier__biped__nchl__seed_003,/home/rowanli.tangalin/tpr/tpr/results/hpc_rq1/nominal/carrier/biped/nchl/seed_003,dd90ace3a112904155ff3289426075ff7c4eea3913621e63d1815172815cf404,651bde1ffc06829ffd3cc6c9bb2d18faa214f12a2eefb4fa1ee32d316932989a,3,0,6875887065855152501,8328361779180904825,Carrier-v0,biped,nchl,"(44,)",500,W75,375,5.488799095622726,73.69683289268333,55.363193221142765,73.9009478553841,-256.0732727050781,280.9924621582031,0.23055221902324372,0.17116112977774417
carrier__biped__nchl__seed_003,/home/rowanli.tangalin/tpr/tpr/results/hpc_rq1/nominal/carrier/biped/nchl/seed_003,dd90ace3a112904155ff3289426075ff7c4eea3913621e63d1815172815cf404,651bde1ffc06829ffd3cc6c9bb2d18faa214f12a2eefb4fa1ee32d316932989a,3,0,6875887065855152501,8328361779180904825,Carrier-v0,biped,nchl,"(44,)",500,Wfinal,500,7.605620967751773,98.97366105485808,74.47320087061921,99.2654575011219,-331.5273742675781,375.74615478515625,0.23055221902324372,0.17116112977774417
carrier__biped__nchl__seed_003,/home/rowanli.tangalin/tpr/tpr/results/hpc_rq1/nominal/carrier/biped/nchl/seed_003,dd90ace3a112904155ff3289426075ff7c4eea3913621e63d1815172815cf404,651bde1ffc06829ffd3cc6c9bb2d18faa214f12a2eefb4fa1ee32d316932989a,3,1,2344851983452959862,6171704884853545157,Carrier-v0,biped,nchl,"(44,)",500,W0,0,0.00038091825321463004,0.0576571237615433,0.049846337965933483,0.05765838203738944,-0.09999573230743408,0.0999051183462143,0.2263428287548547,0.1671666501819169
carrier__biped__nchl__seed_003,/home/rowanli.tangalin/tpr/tpr/results/hpc_rq1/nominal/carrier/biped/nchl/seed_003,dd90ace3a112904155ff3289426075ff7c4eea3913621e63d1815172815cf404,651bde1ffc06829ffd3cc6c9bb2d18faa214f12a2eefb4fa1ee32d316932989a,3,1,2344851983452959862,6171704884853545157,Carrier-v0,biped,nchl,"(44,)",500,W25,125,1.8418496636383992,24.806045149874326,18.344715950489565,24.874329863557097,-110.64067077636719,93.98912811279297,0.2263428287548547,0.1671666501819169
carrier__biped__nchl__seed_003,/home/rowanli.tangalin/tpr/tpr/results/hpc_rq1/nominal/carrier/biped/nchl/seed_003,dd90ace3a112904155ff3289426075ff7c4eea3913621e63d1815172815cf404,651bde1ffc06829ffd3cc6c9bb2d18faa214f12a2eefb4fa1ee32d316932989a,3,1,2344851983452959862,6171704884853545157,Carrier-v0,biped,nchl,"(44,)",500,W50,250,4.217934482125036,48.04832899215748,35.60918721256406,48.23310989594286,-192.57388305664062,187.46807861328125,0.2263428287548547,0.1671666501819169
carrier__biped__nchl__seed_003,/home/rowanli.tangalin/tpr/tpr/results/hpc_rq1/nominal/carrier/biped/nchl/seed_003,dd90ace3a112904155ff3289426075ff7c4eea3913621e63d1815172815cf404,651bde1ffc06829ffd3cc6c9bb2d18faa214f12a2eefb4fa1ee32d316932989a,3,1,2344851983452959862,6171704884853545157,Carrier-v0,biped,nchl,"(44,)",500,W75,375,7.917504227241515,72.92076765363214,53.60397133153987,73.34933693213178,-314.3705139160156,283.2047119140625,0.2263428287548547,0.1671666501819169
carrier__biped__nchl__seed_003,/home/rowanli.tangalin/tpr/tpr/results/hpc_rq1/nominal/carrier/biped/nchl/seed_003,dd90ace3a112904155ff3289426075ff7c4eea3913621e63d1815172815cf404,651bde1ffc06829ffd3cc6c9bb2d18faa214f12a2eefb4fa1ee32d316932989a,3,1,2344851983452959862,6171704884853545157,Carrier-v0,biped,nchl,"(44,)",500,Wfinal,500,10.07549911612723,98.04302376204528,71.8829008485907,98.55937393695262,-434.343505859375,378.9577941894531,0.2263428287548547,0.1671666501819169
carrier__biped__nchl__seed_003,/home/rowanli.tangalin/tpr/tpr/results/hpc_rq1/nominal/carrier/biped/nchl/seed_003,dd90ace3a112904155ff3289426075ff7c4eea3913621e63d1815172815cf404,651bde1ffc06829ffd3cc6c9bb2d18faa214f12a2eefb4fa1ee32d316932989a,3,2,3189270387817152734,2268335290108042879,Carrier-v0,biped,nchl,"(44,)",500,W0,0,-0.002144857411556879,0.05757192171969636,0.04969463761512934,0.05761186148541597,-0.09995664656162262,0.09995342791080475,0.2317450802488413,0.17173424720550043
carrier__biped__nchl__seed_003,/home/rowanli.tangalin/tpr/tpr/results/hpc_rq1/nominal/carrier/biped/nchl/seed_003,dd90ace3a112904155ff3289426075ff7c4eea3913621e63d1815172815cf404,651bde1ffc06829ffd3cc6c9bb2d18faa214f12a2eefb4fa1ee32d316932989a,3,2,3189270387817152734,2268335290108042879,Carrier-v0,biped,nchl,"(44,)",500,W25,125,1.736812647616074,24.63937338028872,18.225348300230525,24.700510900509723,-104.78024291992188,93.95695495605469,0.2317450802488413,0.17173424720550043
carrier__biped__nchl__seed_003,/home/rowanli.tangalin/tpr/tpr/results/hpc_rq1/nominal/carrier/biped/nchl/seed_003,dd90ace3a112904155ff3289426075ff7c4eea3913621e63d1815172815cf404,651bde1ffc06829ffd3cc6c9bb2d18faa214f12a2eefb4fa1ee32d316932989a,3,2,3189270387817152734,2268335290108042879,Carrier-v0,biped,nchl,"(44,)",500,W50,250,3.4579732784206842,48.766574447692065,36.531773727712824,48.88902087950386,-172.6761932373047,185.9736328125,0.2317450802488413,0.17173424720550043
carrier__biped__nchl__seed_003,/home/rowanli.tangalin/tpr/tpr/results/hpc_rq1/nominal/carrier/biped/nchl/seed_003,dd90ace3a112904155ff3289426075ff7c4eea3913621e63d1815172815cf404,651bde1ffc06829ffd3cc6c9bb2d18faa214f12a2eefb4fa1ee32d316932989a,3,2,3189270387817152734,2268335290108042879,Carrier-v0,biped,nchl,"(44,)",500,W75,375,5.831657398996835,74.24106029793838,55.810395342822126,74.46974729500158,-253.2903289794922,280.773681640625,0.2317450802488413,0.17173424720550043
carrier__biped__nchl__seed_003,/home/rowanli.tangalin/tpr/tpr/results/hpc_rq1/nominal/carrier/biped/nchl/seed_003,dd90ace3a112904155ff3289426075ff7c4eea3913621e63d1815172815cf404,651bde1ffc06829ffd3cc6c9bb2d18faa214f12a2eefb4fa1ee32d316932989a,3,2,3189270387817152734,2268335290108042879,Carrier-v0,biped,nchl,"(44,)",500,Wfinal,500,7.974719395074616,99.80362903704963,75.04763565629793,100.12172850283396,-343.339111328125,375.27685546875,0.2317450802488413,0.17173424720550043
carrier__biped__nchl__seed_004,/home/rowanli.tangalin/tpr/tpr/results/hpc_rq1/nominal/carrier/biped/nchl/seed_004,02a112f7f3c173167135d33f72892b6d09a8a7130df309d7adfad5707dc12442,29d73f1e8559af4ac1a132110f6533549805c422fee605ee2afbec77c612355a,4,0,4675618027918977294,6264005447694142635,Carrier-v0,biped,nchl,"(44,)",500,W0,0,0.0009082336933331065,0.056958983228230994,0.049096836154977466,0.05696622384216462,-0.09992870688438416,0.09999668598175049,0.20879928509972787,0.1488913685136635
carrier__biped__nchl__seed_004,/home/rowanli.tangalin/tpr/tpr/results/hpc_rq1/nominal/carrier/biped/nchl/seed_004,02a112f7f3c173167135d33f72892b6d09a8a7130df309d7adfad5707dc12442,29d73f1e8559af4ac1a132110f6533549805c422fee605ee2afbec77c612355a,4,0,4675618027918977294,6264005447694142635,Carrier-v0,biped,nchl,"(44,)",500,W25,125,-1.0835715466507847,21.12556908972127,14.964085640862805,21.153340082863934,-142.98696899414062,102.63738250732422,0.20879928509972787,0.1488913685136635
carrier__biped__nchl__seed_004,/home/rowanli.tangalin/tpr/tpr/results/hpc_rq1/nominal/carrier/biped/nchl/seed_004,02a112f7f3c173167135d33f72892b6d09a8a7130df309d7adfad5707dc12442,29d73f1e8559af4ac1a132110f6533549805c422fee605ee2afbec77c612355a,4,0,4675618027918977294,6264005447694142635,Carrier-v0,biped,nchl,"(44,)",500,W50,250,-1.9138983080938614,44.419991454113315,31.466081901228744,44.46120384691832,-287.2981262207031,204.49412536621094,0.20879928509972787,0.1488913685136635
carrier__biped__nchl__seed_004,/home/rowanli.tangalin/tpr/tpr/results/hpc_rq1/nominal/carrier/biped/nchl/seed_004,02a112f7f3c173167135d33f72892b6d09a8a7130df309d7adfad5707dc12442,29d73f1e8559af4ac1a132110f6533549805c422fee605ee2afbec77c612355a,4,0,4675618027918977294,6264005447694142635,Carrier-v0,biped,nchl,"(44,)",500,W75,375,-2.4701401969528645,66.09211105997535,47.436447567908886,66.13825471659136,-431.7648620605469,311.076171875,0.20879928509972787,0.1488913685136635
carrier__biped__nchl__seed_004,/home/rowanli.tangalin/tpr/tpr/results/hpc_rq1/nominal/carrier/biped/nchl/seed_004,02a112f7f3c173167135d33f72892b6d09a8a7130df309d7adfad5707dc12442,29d73f1e8559af4ac1a132110f6533549805c422fee605ee2afbec77c612355a,4,0,4675618027918977294,6264005447694142635,Carrier-v0,biped,nchl,"(44,)",500,Wfinal,500,-3.136288328589611,88.47471609725949,63.70254826258666,88.53028686822785,-576.5117797851562,417.23699951171875,0.20879928509972787,0.1488913685136635
carrier__biped__nchl__seed_004,/home/rowanli.tangalin/tpr/tpr/results/hpc_rq1/nominal/carrier/biped/nchl/seed_004,02a112f7f3c173167135d33f72892b6d09a8a7130df309d7adfad5707dc12442,29d73f1e8559af4ac1a132110f6533549805c422fee605ee2afbec77c612355a,4,1,1776748932738538903,3330744174114140836,Carrier-v0,biped,nchl,"(44,)",500,W0,0,-0.0013469618637051875,0.057733043179161954,0.050160555854096595,0.057748753934515805,-0.0999869704246521,0.0997551679611206,0.20195775367965438,0.14671307641192538
carrier__biped__nchl__seed_004,/home/rowanli.tangalin/tpr/tpr/results/hpc_rq1/nominal/carrier/biped/nchl/seed_004,02a112f7f3c173167135d33f72892b6d09a8a7130df309d7adfad5707dc12442,29d73f1e8559af4ac1a132110f6533549805c422fee605ee2afbec77c612355a,4,1,1776748932738538903,3330744174114140836,Carrier-v0,biped,nchl,"(44,)",500,W25,125,-0.4272124270549926,21.370677589544968,15.382909243653481,21.374947276990174,-140.72909545898438,99.0954360961914,0.20195775367965438,0.14671307641192538
carrier__biped__nchl__seed_004,/home/rowanli.tangalin/tpr/tpr/results/hpc_rq1/nominal/carrier/biped/nchl/seed_004,02a112f7f3c173167135d33f72892b6d09a8a7130df309d7adfad5707dc12442,29d73f1e8559af4ac1a132110f6533549805c422fee605ee2afbec77c612355a,4,1,1776748932738538903,3330744174114140836,Carrier-v0,biped,nchl,"(44,)",500,W50,250,-2.0573646146364486,41.727451236613284,29.950494475745746,41.77813944949556,-284.5934753417969,204.43812561035156,0.20195775367965438,0.14671307641192538
carrier__biped__nchl__seed_004,/home/rowanli.tangalin/tpr/tpr/results/hpc_rq1/nominal/carrier/biped/nchl/seed_004,02a112f7f3c173167135d33f72892b6d09a8a7130df309d7adfad5707dc12442,29d73f1e8559af4ac1a132110f6533549805c422fee605ee2afbec77c612355a,4,1,1776748932738538903,3330744174114140836,Carrier-v0,biped,nchl,"(44,)",500,W75,375,-2.5152831872130608,63.60294359147638,45.9297411960478,63.65265966958807,-428.7125549316406,311.31268310546875,0.20195775367965438,0.14671307641192538
carrier__biped__nchl__seed_004,/home/rowanli.tangalin/tpr/tpr/results/hpc_rq1/nominal/carrier/biped/nchl/seed_004,02a112f7f3c173167135d33f72892b6d09a8a7130df309d7adfad5707dc12442,29d73f1e8559af4ac1a132110f6533549805c422fee605ee2afbec77c612355a,4,1,1776748932738538903,3330744174114140836,Carrier-v0,biped,nchl,"(44,)",500,Wfinal,500,-2.6144722771319606,85.916095466423,62.2426763147399,85.95586614934086,-572.8630981445312,420.3793029785156,0.20195775367965438,0.14671307641192538
carrier__biped__nchl__seed_004,/home/rowanli.tangalin/tpr/tpr/results/hpc_rq1/nominal/carrier/biped/nchl/seed_004,02a112f7f3c173167135d33f72892b6d09a8a7130df309d7adfad5707dc12442,29d73f1e8559af4ac1a132110f6533549805c422fee605ee2afbec77c612355a,4,2,1844154726293175647,4425154243183907800,Carrier-v0,biped,nchl,"(44,)",500,W0,0,-0.0004181568699172922,0.05805388850811148,0.05037628935949916,0.05805539446149769,-0.0999416708946228,0.09996934980154037,0.20231019321775498,0.1470768333918204
carrier__biped__nchl__seed_004,/home/rowanli.tangalin/tpr/tpr/results/hpc_rq1/nominal/carrier/biped/nchl/seed_004,02a112f7f3c173167135d33f72892b6d09a8a7130df309d7adfad5707dc12442,29d73f1e8559af4ac1a132110f6533549805c422fee605ee2afbec77c612355a,4,2,1844154726293175647,4425154243183907800,Carrier-v0,biped,nchl,"(44,)",500,W25,125,-0.7754689233086131,20.027493895739,14.16519820413282,20.042501435571364,-141.3063507080078,99.04573059082031,0.20231019321775498,0.1470768333918204
carrier__biped__nchl__seed_004,/home/rowanli.tangalin/tpr/tpr/results/hpc_rq1/nominal/carrier/biped/nchl/seed_004,02a112f7f3c173167135d33f72892b6d09a8a7130df309d7adfad5707dc12442,29d73f1e8559af4ac1a132110f6533549805c422fee605ee2afbec77c612355a,4,2,1844154726293175647,4425154243183907800,Carrier-v0,biped,nchl,"(44,)",500,W50,250,-1.3807278041659865,41.770541939292166,30.05832874887054,41.79335572996457,-285.64508056640625,204.73532104492188,0.20231019321775498,0.1470768333918204
carrier__biped__nchl__seed_004,/home/rowanli.tangalin/tpr/tpr/results/hpc_rq1/nominal/carrier/biped/nchl/seed_004,02a112f7f3c173167135d33f72892b6d09a8a7130df309d7adfad5707dc12442,29d73f1e8559af4ac1a132110f6533549805c422fee605ee2afbec77c612355a,4,2,1844154726293175647,4425154243183907800,Carrier-v0,biped,nchl,"(44,)",500,W75,375,-1.8351553853860099,63.65496515062772,45.96813997787251,63.681413172260406,-430.4308776855469,312.6136169433594,0.20231019321775498,0.1470768333918204
carrier__biped__nchl__seed_004,/home/rowanli.tangalin/tpr/tpr/results/hpc_rq1/nominal/carrier/biped/nchl/seed_004,02a112f7f3c173167135d33f72892b6d09a8a7130df309d7adfad5707dc12442,29d73f1e8559af4ac1a132110f6533549805c422fee605ee2afbec77c612355a,4,2,1844154726293175647,4425154243183907800,Carrier-v0,biped,nchl,"(44,)",500,Wfinal,500,-2.0679836638200166,85.28344408382723,61.69048258398132,85.30851300563803,-574.27294921875,420.3852844238281,0.20231019321775498,0.1470768333918204
carrier__biped__nchl__seed_005,/home/rowanli.tangalin/tpr/tpr/results/hpc_rq1/nominal/carrier/biped/nchl/seed_005,59576d974c40b5d6b64196be05d1cbb1da4280930f2f42a519aee7be5e9074e3,0680c604b12c78632dccecc9209649a3a7dced147bfcb9ba197dae4d141d960f,5,0,6537336262564968459,5568806234066008283,Carrier-v0,biped,nchl,"(44,)",500,W0,0,-0.0020260950011561363,0.05752166000081047,0.04983293609325301,0.0575573316807038,-0.09982481598854065,0.09971348196268082,0.3211181427546662,0.226759234694199
carrier__biped__nchl__seed_005,/home/rowanli.tangalin/tpr/tpr/results/hpc_rq1/nominal/carrier/biped/nchl/seed_005,59576d974c40b5d6b64196be05d1cbb1da4280930f2f42a519aee7be5e9074e3,0680c604b12c78632dccecc9209649a3a7dced147bfcb9ba197dae4d141d960f,5,0,6537336262564968459,5568806234066008283,Carrier-v0,biped,nchl,"(44,)",500,W25,125,-0.4766152700746328,34.855956290801124,24.470165171762243,34.85921472239309,-195.6416015625,228.58128356933594,0.3211181427546662,0.226759234694199
carrier__biped__nchl__seed_005,/home/rowanli.tangalin/tpr/tpr/results/hpc_rq1/nominal/carrier/biped/nchl/seed_005,59576d974c40b5d6b64196be05d1cbb1da4280930f2f42a519aee7be5e9074e3,0680c604b12c78632dccecc9209649a3a7dced147bfcb9ba197dae4d141d960f,5,0,6537336262564968459,5568806234066008283,Carrier-v0,biped,nchl,"(44,)",500,W50,250,-0.09966050340286033,70.13144065395446,49.52983497242912,70.13151146535397,-388.85198974609375,467.0882873535156,0.3211181427546662,0.226759234694199
carrier__biped__nchl__seed_005,/home/rowanli.tangalin/tpr/tpr/results/hpc_rq1/nominal/carrier/biped/nchl/seed_005,59576d974c40b5d6b64196be05d1cbb1da4280930f2f42a519aee7be5e9074e3,0680c604b12c78632dccecc9209649a3a7dced147bfcb9ba197dae4d141d960f,5,0,6537336262564968459,5568806234066008283,Carrier-v0,biped,nchl,"(44,)",500,W75,375,-0.23530603424724114,105.26846914046577,74.53986919463378,105.26873212928399,-581.9580688476562,701.8120727539062,0.3211181427546662,0.226759234694199
carrier__biped__nchl__seed_005,/home/rowanli.tangalin/tpr/tpr/results/hpc_rq1/nominal/carrier/biped/nchl/seed_005,59576d974c40b5d6b64196be05d1cbb1da4280930f2f42a519aee7be5e9074e3,0680c604b12c78632dccecc9209649a3a7dced147bfcb9ba197dae4d141d960f,5,0,6537336262564968459,5568806234066008283,Carrier-v0,biped,nchl,"(44,)",500,Wfinal,500,0.4369335651032991,140.8135861967438,99.61006977060042,140.81426408048338,-775.4912719726562,936.3710327148438,0.3211181427546662,0.226759234694199
carrier__biped__nchl__seed_005,/home/rowanli.tangalin/tpr/tpr/results/hpc_rq1/nominal/carrier/biped/nchl/seed_005,59576d974c40b5d6b64196be05d1cbb1da4280930f2f42a519aee7be5e9074e3,0680c604b12c78632dccecc9209649a3a7dced147bfcb9ba197dae4d141d960f,5,1,7847246716821455116,5175985587420486963,Carrier-v0,biped,nchl,"(44,)",500,W0,0,0.0006727255150425746,0.056968916289734516,0.049602188904147394,0.056972888138529264,-0.09999550133943558,0.09978260099887848,0.31882629868818413,0.22570746771386718
carrier__biped__nchl__seed_005,/home/rowanli.tangalin/tpr/tpr/results/hpc_rq1/nominal/carrier/biped/nchl/seed_005,59576d974c40b5d6b64196be05d1cbb1da4280930f2f42a519aee7be5e9074e3,0680c604b12c78632dccecc9209649a3a7dced147bfcb9ba197dae4d141d960f,5,1,7847246716821455116,5175985587420486963,Carrier-v0,biped,nchl,"(44,)",500,W25,125,-0.45606844005725666,34.76282880300128,24.39407361653571,34.76582035288095,-196.07972717285156,223.72718811035156,0.31882629868818413,0.22570746771386718
carrier__biped__nchl__seed_005,/home/rowanli.tangalin/tpr/tpr/results/hpc_rq1/nominal/carrier/biped/nchl/seed_005,59576d974c40b5d6b64196be05d1cbb1da4280930f2f42a519aee7be5e9074e3,0680c604b12c78632dccecc9209649a3a7dced147bfcb9ba197dae4d141d960f,5,1,7847246716821455116,5175985587420486963,Carrier-v0,biped,nchl,"(44,)",500,W50,250,-0.021971660882716515,70.29696543555056,49.653067074014345,70.2969688692256,-389.3023986816406,460.5081787109375,0.31882629868818413,0.22570746771386718
carrier__biped__nchl__seed_005,/home/rowanli.tangalin/tpr/tpr/results/hpc_rq1/nominal/carrier/biped/nchl/seed_005,59576d974c40b5d6b64196be05d1cbb1da4280930f2f42a519aee7be5e9074e3,0680c604b12c78632dccecc9209649a3a7dced147bfcb9ba197dae4d141d960f,5,1,7847246716821455116,5175985587420486963,Carrier-v0,biped,nchl,"(44,)",500,W75,375,-0.15617744842058998,105.07282172584857,74.35573941602134,105.07293779478782,-582.5569458007812,695.1503295898438,0.31882629868818413,0.22570746771386718
carrier__biped__nchl__seed_005,/home/rowanli.tangalin/tpr/tpr/results/hpc_rq1/nominal/carrier/biped/nchl/seed_005,59576d974c40b5d6b64196be05d1cbb1da4280930f2f42a519aee7be5e9074e3,0680c604b12c78632dccecc9209649a3a7dced147bfcb9ba197dae4d141d960f,5,1,7847246716821455116,5175985587420486963,Carrier-v0,biped,nchl,"(44,)",500,Wfinal,500,-0.0427563073361045,140.31234965836353,99.33376582711284,140.31235617276434,-775.77783203125,929.8053588867188,0.31882629868818413,0.22570746771386718
carrier__biped__nchl__seed_005,/home/rowanli.tangalin/tpr/tpr/results/hpc_rq1/nominal/carrier/biped/nchl/seed_005,59576d974c40b5d6b64196be05d1cbb1da4280930f2f42a519aee7be5e9074e3,0680c604b12c78632dccecc9209649a3a7dced147bfcb9ba197dae4d141d960f,5,2,8874890859321386193,4629262467755900572,Carrier-v0,biped,nchl,"(44,)",500,W0,0,0.0013496796262608348,0.05672596601179285,0.04902830048606527,0.056742020188433724,-0.09986261278390884,0.09997736662626266,0.31987626382353734,0.2261142628544257
carrier__biped__nchl__seed_005,/home/rowanli.tangalin/tpr/tpr/results/hpc_rq1/nominal/carrier/biped/nchl/seed_005,59576d974c40b5d6b64196be05d1cbb1da4280930f2f42a519aee7be5e9074e3,0680c604b12c78632dccecc9209649a3a7dced147bfcb9ba197dae4d141d960f,5,2,8874890859321386193,4629262467755900572,Carrier-v0,biped,nchl,"(44,)",500,W25,125,-0.3016916353294587,34.12069103478803,23.996556932153833,34.12202477190197,-195.51170349121094,228.45254516601562,0.31987626382353734,0.2261142628544257
carrier__biped__nchl__seed_005,/home/rowanli.tangalin/tpr/tpr/results/hpc_rq1/nominal/carrier/biped/nchl/seed_005,59576d974c40b5d6b64196be05d1cbb1da4280930f2f42a519aee7be5e9074e3,0680c604b12c78632dccecc9209649a3a7dced147bfcb9ba197dae4d141d960f,5,2,8874890859321386193,4629262467755900572,Carrier-v0,biped,nchl,"(44,)",500,W50,250,0.21951574588176578,68.62304223919544,48.43576670832194,68.62339333875214,-388.79266357421875,462.15289306640625,0.31987626382353734,0.2261142628544257
carrier__biped__nchl__seed_005,/home/rowanli.tangalin/tpr/tpr/results/hpc_rq1/nominal/carrier/biped/nchl/seed_005,59576d974c40b5d6b64196be05d1cbb1da4280930f2f42a519aee7be5e9074e3,0680c604b12c78632dccecc9209649a3a7dced147bfcb9ba197dae4d141d960f,5,2,8874890859321386193,4629262467755900572,Carrier-v0,biped,nchl,"(44,)",500,W75,375,0.4010753388703032,104.39503511561517,73.855261019324,104.39580555854711,-581.805908203125,694.1608276367188,0.31987626382353734,0.2261142628544257
carrier__biped__nchl__seed_005,/home/rowanli.tangalin/tpr/tpr/results/hpc_rq1/nominal/carrier/biped/nchl/seed_005,59576d974c40b5d6b64196be05d1cbb1da4280930f2f42a519aee7be5e9074e3,0680c604b12c78632dccecc9209649a3a7dced147bfcb9ba197dae4d141d960f,5,2,8874890859321386193,4629262467755900572,Carrier-v0,biped,nchl,"(44,)",500,Wfinal,500,0.6992694084920067,140.45153005702875,99.33028942313847,140.4532707809473,-775.2293701171875,926.3994140625,0.31987626382353734,0.2261142628544257
carrier__biped__nchl__seed_006,/home/rowanli.tangalin/tpr/tpr/results/hpc_rq1/nominal/carrier/biped/nchl/seed_006,5c7ed5b35412f661a01011a05217ec60a319583f52660088f2aa311eaa0ccaa4,f9a37017632a26ea96b8231039666b991b98f0666e75826a5b98e292632c3d53,6,0,4697810511805331226,1837341966890607914,Carrier-v0,biped,nchl,"(44,)",500,W0,0,-0.0014278136134659382,0.05795220524396506,0.05055998673433021,0.05796979165352805,-0.0999845564365387,0.0999346524477005,0.33000387138156595,0.23104920028007406
carrier__biped__nchl__seed_006,/home/rowanli.tangalin/tpr/tpr/results/hpc_rq1/nominal/carrier/biped/nchl/seed_006,5c7ed5b35412f661a01011a05217ec60a319583f52660088f2aa311eaa0ccaa4,f9a37017632a26ea96b8231039666b991b98f0666e75826a5b98e292632c3d53,6,0,4697810511805331226,1837341966890607914,Carrier-v0,biped,nchl,"(44,)",500,W25,125,3.9543129318341665,39.76279465719468,27.914206214897153,39.958934291508584,-189.3481903076172,187.6964874267578,0.33000387138156595,0.23104920028007406
carrier__biped__nchl__seed_006,/home/rowanli.tangalin/tpr/tpr/results/hpc_rq1/nominal/carrier/biped/nchl/seed_006,5c7ed5b35412f661a01011a05217ec60a319583f52660088f2aa311eaa0ccaa4,f9a37017632a26ea96b8231039666b991b98f0666e75826a5b98e292632c3d53,6,0,4697810511805331226,1837341966890607914,Carrier-v0,biped,nchl,"(44,)",500,W50,250,8.412601360009976,76.83369705275696,54.79250212270893,77.29287719083352,-374.709716796875,340.0776672363281,0.33000387138156595,0.23104920028007406
carrier__biped__nchl__seed_006,/home/rowanli.tangalin/tpr/tpr/results/hpc_rq1/nominal/carrier/biped/nchl/seed_006,5c7ed5b35412f661a01011a05217ec60a319583f52660088f2aa311eaa0ccaa4,f9a37017632a26ea96b8231039666b991b98f0666e75826a5b98e292632c3d53,6,0,4697810511805331226,1837341966890607914,Carrier-v0,biped,nchl,"(44,)",500,W75,375,13.021583835166144,114.4216763196043,81.59848493992,115.16024338878655,-576.2685546875,510.30706787109375,0.33000387138156595,0.23104920028007406
carrier__biped__nchl__seed_006,/home/rowanli.tangalin/tpr/tpr/results/hpc_rq1/nominal/carrier/biped/nchl/seed_006,5c7ed5b35412f661a01011a05217ec60a319583f52660088f2aa311eaa0ccaa4,f9a37017632a26ea96b8231039666b991b98f0666e75826a5b98e292632c3d53,6,0,4697810511805331226,1837341966890607914,Carrier-v0,biped,nchl,"(44,)",500,Wfinal,500,17.497672369475705,152.08352472918082,108.4619996935533,153.0867957480359,-779.9119873046875,680.5316772460938,0.33000387138156595,0.23104920028007406
carrier__biped__nchl__seed_006,/home/rowanli.tangalin/tpr/tpr/results/hpc_rq1/nominal/carrier/biped/nchl/seed_006,5c7ed5b35412f661a01011a05217ec60a319583f52660088f2aa311eaa0ccaa4,f9a37017632a26ea96b8231039666b991b98f0666e75826a5b98e292632c3d53,6,1,212357942801270703,7001556810303355477,Carrier-v0,biped,nchl,"(44,)",500,W0,0,-1.7557376778612407e-05,0.0575964886096408,0.04999315214816821,0.05759649128568477,-0.0999126061797142,0.099990613758564,0.32978227266933424,0.2308670776121992
carrier__biped__nchl__seed_006,/home/rowanli.tangalin/tpr/tpr/results/hpc_rq1/nominal/carrier/biped/nchl/seed_006,5c7ed5b35412f661a01011a05217ec60a319583f52660088f2aa311eaa0ccaa4,f9a37017632a26ea96b8231039666b991b98f0666e75826a5b98e292632c3d53,6,1,212357942801270703,7001556810303355477,Carrier-v0,biped,nchl,"(44,)",500,W25,125,3.7641839990408608,39.51809457891583,27.644744631790367,39.69696311214212,-189.8882293701172,188.6476287841797,0.32978227266933424,0.2308670776121992
carrier__biped__nchl__seed_006,/home/rowanli.tangalin/tpr/tpr/results/hpc_rq1/nominal/carrier/biped/nchl/seed_006,5c7ed5b35412f661a01011a05217ec60a319583f52660088f2aa311eaa0ccaa4,f9a37017632a26ea96b8231039666b991b98f0666e75826a5b98e292632c3d53,6,1,212357942801270703,7001556810303355477,Carrier-v0,biped,nchl,"(44,)",500,W50,250,8.301248875169419,76.46364143731964,54.52572265965254,76.91293255846175,-376.9598388671875,339.86492919921875,0.32978227266933424,0.2308670776121992
carrier__biped__nchl__seed_006,/home/rowanli.tangalin/tpr/tpr/results/hpc_rq1/nominal/carrier/biped/nchl/seed_006,5c7ed5b35412f661a01011a05217ec60a319583f52660088f2aa311eaa0ccaa4,f9a37017632a26ea96b8231039666b991b98f0666e75826a5b98e292632c3d53,6,1,212357942801270703,7001556810303355477,Carrier-v0,biped,nchl,"(44,)",500,W75,375,12.97186511290468,114.37481817487415,81.59843164654872,115.10807233657819,-583.9334716796875,510.087890625,0.32978227266933424,0.2308670776121992
carrier__biped__nchl__seed_006,/home/rowanli.tangalin/tpr/tpr/results/hpc_rq1/nominal/carrier/biped/nchl/seed_006,5c7ed5b35412f661a01011a05217ec60a319583f52660088f2aa311eaa0ccaa4,f9a37017632a26ea96b8231039666b991b98f0666e75826a5b98e292632c3d53,6,1,212357942801270703,7001556810303355477,Carrier-v0,biped,nchl,"(44,)",500,Wfinal,500,17.526949082291605,152.07746970426845,108.50327311346015,153.0841296012945,-788.8441772460938,680.3088989257812,0.32978227266933424,0.2308670776121992
carrier__biped__nchl__seed_006,/home/rowanli.tangalin/tpr/tpr/results/hpc_rq1/nominal/carrier/biped/nchl/seed_006,5c7ed5b35412f661a01011a05217ec60a319583f52660088f2aa311eaa0ccaa4,f9a37017632a26ea96b8231039666b991b98f0666e75826a5b98e292632c3d53,6,2,9197516287707139064,7789448062882196537,Carrier-v0,biped,nchl,"(44,)",500,W0,0,0.00155748841096552,0.057763482330156324,0.050193755425809866,0.05778447595208054,-0.09999804198741913,0.09999632090330124,0.32966790102030075,0.23111325508213162
carrier__biped__nchl__seed_006,/home/rowanli.tangalin/tpr/tpr/results/hpc_rq1/nominal/carrier/biped/nchl/seed_006,5c7ed5b35412f661a01011a05217ec60a319583f52660088f2aa311eaa0ccaa4,f9a37017632a26ea96b8231039666b991b98f0666e75826a5b98e292632c3d53,6,2,9197516287707139064,7789448062882196537,Carrier-v0,biped,nchl,"(44,)",500,W25,125,3.885380237323388,39.066256239869304,27.584331837680576,39.25899331602519,-187.44998168945312,170.02964782714844,0.32966790102030075,0.23111325508213162
carrier__biped__nchl__seed_006,/home/rowanli.tangalin/tpr/tpr/results/hpc_rq1/nominal/carrier/biped/nchl/seed_006,5c7ed5b35412f661a01011a05217ec60a319583f52660088f2aa311eaa0ccaa4,f9a37017632a26ea96b8231039666b991b98f0666e75826a5b98e292632c3d53,6,2,9197516287707139064,7789448062882196537,Carrier-v0,biped,nchl,"(44,)",500,W50,250,8.422078814314169,76.52264958442774,54.58871411012019,76.98472128270413,-380.4219970703125,340.21160888671875,0.32966790102030075,0.23111325508213162
carrier__biped__nchl__seed_006,/home/rowanli.tangalin/tpr/tpr/results/hpc_rq1/nominal/carrier/biped/nchl/seed_006,5c7ed5b35412f661a01011a05217ec60a319583f52660088f2aa311eaa0ccaa4,f9a37017632a26ea96b8231039666b991b98f0666e75826a5b98e292632c3d53,6,2,9197516287707139064,7789448062882196537,Carrier-v0,biped,nchl,"(44,)",500,W75,375,13.202277322749158,114.51067046907075,81.69058465157225,115.269223029319,-584.6473388671875,510.4383544921875,0.32966790102030075,0.23111325508213162
carrier__biped__nchl__seed_006,/home/rowanli.tangalin/tpr/tpr/results/hpc_rq1/nominal/carrier/biped/nchl/seed_006,5c7ed5b35412f661a01011a05217ec60a319583f52660088f2aa311eaa0ccaa4,f9a37017632a26ea96b8231039666b991b98f0666e75826a5b98e292632c3d53,6,2,9197516287707139064,7789448062882196537,Carrier-v0,biped,nchl,"(44,)",500,Wfinal,500,17.908676726814686,152.4640246733802,108.78112948531911,153.51221293991773,-783.735595703125,680.6627197265625,0.32966790102030075,0.23111325508213162
carrier__biped__nchl__seed_007,/home/rowanli.tangalin/tpr/tpr/results/hpc_rq1/nominal/carrier/biped/nchl/seed_007,3ed6918f77319552df9435be1863d69c413ca688a3729a33fe31775171199a4e,287249010693f650dc0c24582c034eb5ba7887793a2b526de28caf3766738ef5,7,0,7273538705011962834,3327181185902024434,Carrier-v0,biped,nchl,"(44,)",500,W0,0,0.0026644077214664766,0.057089650846210906,0.04922468307935126,0.05715179176761197,-0.09998038411140442,0.09995929896831512,0.32533014307196173,0.24316428917493657
carrier__biped__nchl__seed_007,/home/rowanli.tangalin/tpr/tpr/results/hpc_rq1/nominal/carrier/biped/nchl/seed_007,3ed6918f77319552df9435be1863d69c413ca688a3729a33fe31775171199a4e,287249010693f650dc0c24582c034eb5ba7887793a2b526de28caf3766738ef5,7,0,7273538705011962834,3327181185902024434,Carrier-v0,biped,nchl,"(44,)",500,W25,125,1.4266330170383272,33.894739947429734,24.341905794938427,33.92475022559773,-165.25221252441406,144.40248107910156,0.32533014307196173,0.24316428917493657
carrier__biped__nchl__seed_007,/home/rowanli.tangalin/tpr/tpr/results/hpc_rq1/nominal/carrier/biped/nchl/seed_007,3ed6918f77319552df9435be1863d69c413ca688a3729a33fe31775171199a4e,287249010693f650dc0c24582c034eb5ba7887793a2b526de28caf3766738ef5,7,0,7273538705011962834,3327181185902024434,Carrier-v0,biped,nchl,"(44,)",500,W50,250,3.633588923784494,68.48062816502811,49.88209314667294,68.57695970472803,-254.09597778320312,290.7637023925781,0.32533014307196173,0.24316428917493657
carrier__biped__nchl__seed_007,/home/rowanli.tangalin/tpr/tpr/results/hpc_rq1/nominal/carrier/biped/nchl/seed_007,3ed6918f77319552df9435be1863d69c413ca688a3729a33fe31775171199a4e,287249010693f650dc0c24582c034eb5ba7887793a2b526de28caf3766738ef5,7,0,7273538705011962834,3327181185902024434,Carrier-v0,biped,nchl,"(44,)",500,W75,375,5.772199676104274,103.54312883435485,75.74576089460439,103.70389490230646,-369.3311462402344,436.7846374511719,0.32533014307196173,0.24316428917493657
carrier__biped__nchl__seed_007,/home/rowanli.tangalin/tpr/tpr/results/hpc_rq1/nominal/carrier/biped/nchl/seed_007,3ed6918f77319552df9435be1863d69c413ca688a3729a33fe31775171199a4e,287249010693f650dc0c24582c034eb5ba7887793a2b526de28caf3766738ef5,7,0,7273538705011962834,3327181185902024434,Carrier-v0,biped,nchl,"(44,)",500,Wfinal,500,7.7480668811204065,138.65950345850848,101.63025557268915,138.87580941169864,-490.3896789550781,582.8261108398438,0.32533014307196173,0.24316428917493657
carrier__biped__nchl__seed_007,/home/rowanli.tangalin/tpr/tpr/results/hpc_rq1/nominal/carrier/biped/nchl/seed_007,3ed6918f77319552df9435be1863d69c413ca688a3729a33fe31775171199a4e,287249010693f650dc0c24582c034eb5ba7887793a2b526de28caf3766738ef5,7,1,219581318861383269,6126904072154767176,Carrier-v0,biped,nchl,"(44,)",500,W0,0,0.0009880192173836423,0.05768965917313039,0.049773396578199756,0.05769811918499482,-0.09986057877540588,0.09997615218162537,0.3260554596812428,0.24340560107595186
carrier__biped__nchl__seed_007,/home/rowanli.tangalin/tpr/tpr/results/hpc_rq1/nominal/carrier/biped/nchl/seed_007,3ed6918f77319552df9435be1863d69c413ca688a3729a33fe31775171199a4e,287249010693f650dc0c24582c034eb5ba7887793a2b526de28caf3766738ef5,7,1,219581318861383269,6126904072154767176,Carrier-v0,biped,nchl,"(44,)",500,W25,125,1.179726929488507,33.76044602467275,24.232403707345362,33.78105195835385,-165.49998474121094,144.8012237548828,0.3260554596812428,0.24340560107595186
carrier__biped__nchl__seed_007,/home/rowanli.tangalin/tpr/tpr/results/hpc_rq1/nominal/carrier/biped/nchl/seed_007,3ed6918f77319552df9435be1863d69c413ca688a3729a33fe31775171199a4e,287249010693f650dc0c24582c034eb5ba7887793a2b526de28caf3766738ef5,7,1,219581318861383269,6126904072154767176,Carrier-v0,biped,nchl,"(44,)",500,W50,250,2.4704204410399226,67.85258104160313,49.09246827686414,67.89753847646341,-254.8253631591797,290.3588562011719,0.3260554596812428,0.24340560107595186
carrier__biped__nchl__seed_007,/home/rowanli.tangalin/tpr/tpr/results/hpc_rq1/nominal/carrier/biped/nchl/seed_007,3ed6918f77319552df9435be1863d69c413ca688a3729a33fe31775171199a4e,287249010693f650dc0c24582c034eb5ba7887793a2b526de28caf3766738ef5,7,1,219581318861383269,6126904072154767176,Carrier-v0,biped,nchl,"(44,)",500,W75,375,4.212292684737098,102.5520187512061,74.66759457122664,102.63849160821499,-359.2828369140625,436.9900817871094,0.3260554596812428,0.24340560107595186
carrier__biped__nchl__seed_007,/home/rowanli.tangalin/tpr/tpr/results/hpc_rq1/nominal/carrier/biped/nchl/seed_007,3ed6918f77319552df9435be1863d69c413ca688a3729a33fe31775171199a4e,287249010693f650dc0c24582c034eb5ba7887793a2b526de28caf3766738ef5,7,1,219581318861383269,6126904072154767176,Carrier-v0,biped,nchl,"(44,)",500,Wfinal,500,5.760658988691671,137.58833703883352,100.45699136449721,137.70888018241828,-484.1573181152344,583.2579345703125,0.3260554596812428,0.24340560107595186
carrier__biped__nchl__seed_007,/home/rowanli.tangalin/tpr/tpr/results/hpc_rq1/nominal/carrier/biped/nchl/seed_007,3ed6918f77319552df9435be1863d69c413ca688a3729a33fe31775171199a4e,287249010693f650dc0c24582c034eb5ba7887793a2b526de28caf3766738ef5,7,2,7655123995385766933,8050610523573754527,Carrier-v0,biped,nchl,"(44,)",500,W0,0,-0.0006398403720802228,0.05764111608348823,0.04964007091876687,0.05764466722127823,-0.09972783923149109,0.09993335604667664,0.3258759078792823,0.2434886737744627
carrier__biped__nchl__seed_007,/home/rowanli.tangalin/tpr/tpr/results/hpc_rq1/nominal/carrier/biped/nchl/seed_007,3ed6918f77319552df9435be1863d69c413ca688a3729a33fe31775171199a4e,287249010693f650dc0c24582c034eb5ba7887793a2b526de28caf3766738ef5,7,2,7655123995385766933,8050610523573754527,Carrier-v0,biped,nchl,"(44,)",500,W25,125,1.3771615612012875,33.908534356327905,24.309261196765924,33.93648886022124,-164.01556396484375,144.5074005126953,0.3258759078792823,0.2434886737744627
carrier__biped__nchl__seed_007,/home/rowanli.tangalin/tpr/tpr/results/hpc_rq1/nominal/carrier/biped/nchl/seed_007,3ed6918f77319552df9435be1863d69c413ca688a3729a33fe31775171199a4e,287249010693f650dc0c24582c034eb5ba7887793a2b526de28caf3766738ef5,7,2,7655123995385766933,8050610523573754527,Carrier-v0,biped,nchl,"(44,)",500,W50,250,2.9150453314569393,67.96553082566267,49.3313162011889,68.0280153297048,-251.75735473632812,290.8207092285156,0.3258759078792823,0.2434886737744627
carrier__biped__nchl__seed_007,/home/rowanli.tangalin/tpr/tpr/results/hpc_rq1/nominal/carrier/biped/nchl/seed_007,3ed6918f77319552df9435be1863d69c413ca688a3729a33fe31775171199a4e,287249010693f650dc0c24582c034eb5ba7887793a2b526de28caf3766738ef5,7,2,7655123995385766933,8050610523573754527,Carrier-v0,biped,nchl,"(44,)",500,W75,375,4.808161284538455,102.83895274034037,74.93255703551272,102.95129244292222,-358.38641357421875,436.5111999511719,0.3258759078792823,0.2434886737744627
carrier__biped__nchl__seed_007,/home/rowanli.tangalin/tpr/tpr/results/hpc_rq1/nominal/carrier/biped/nchl/seed_007,3ed6918f77319552df9435be1863d69c413ca688a3729a33fe31775171199a4e,287249010693f650dc0c24582c034eb5ba7887793a2b526de28caf3766738ef5,7,2,7655123995385766933,8050610523573754527,Carrier-v0,biped,nchl,"(44,)",500,Wfinal,500,6.54264230958033,137.8553952335259,100.70531215473368,138.0105654049093,-480.2301025390625,582.2725219726562,0.3258759078792823,0.2434886737744627
carrier__biped__nchl__seed_008,/home/rowanli.tangalin/tpr/tpr/results/hpc_rq1/nominal/carrier/biped/nchl/seed_008,ad265df0c69f27ccea7fb58a3c9ec91b1fa68e9775fc9f92d27b0e8694f4d3d8,2d6fa1e9e4d74132ed75f6f063ca7a6db4b210a7f8cb25a88cd7cce8fe390fac,8,0,4480449054597749916,4714160801966532834,Carrier-v0,biped,nchl,"(44,)",500,W0,0,-0.0028249101193049703,0.05713996534998231,0.04936407221338369,0.057209752292588456,-0.09992612898349762,0.09999813139438629,0.23019253128666275,0.17376805376974816
carrier__biped__nchl__seed_008,/home/rowanli.tangalin/tpr/tpr/results/hpc_rq1/nominal/carrier/biped/nchl/seed_008,ad265df0c69f27ccea7fb58a3c9ec91b1fa68e9775fc9f92d27b0e8694f4d3d8,2d6fa1e9e4d74132ed75f6f063ca7a6db4b210a7f8cb25a88cd7cce8fe390fac,8,0,4480449054597749916,4714160801966532834,Carrier-v0,biped,nchl,"(44,)",500,W25,125,7.413661918471611,22.519796373873138,17.74072204015834,23.708724380744446,-104.57488250732422,146.6539306640625,0.23019253128666275,0.17376805376974816
carrier__biped__nchl__seed_008,/home/rowanli.tangalin/tpr/tpr/results/hpc_rq1/nominal/carrier/biped/nchl/seed_008,ad265df0c69f27ccea7fb58a3c9ec91b1fa68e9775fc9f92d27b0e8694f4d3d8,2d6fa1e9e4d74132ed75f6f063ca7a6db4b210a7f8cb25a88cd7cce8fe390fac,8,0,4480449054597749916,4714160801966532834,Carrier-v0,biped,nchl,"(44,)",500,W50,250,15.079529419668765,48.53794026231634,37.62876328303669,50.82640900581947,-216.39602661132812,413.4786376953125,0.23019253128666275,0.17376805376974816
carrier__biped__nchl__seed_008,/home/rowanli.tangalin/tpr/tpr/results/hpc_rq1/nominal/carrier/biped/nchl/seed_008,ad265df0c69f27ccea7fb58a3c9ec91b1fa68e9775fc9f92d27b0e8694f4d3d8,2d6fa1e9e4d74132ed75f6f063ca7a6db4b210a7f8cb25a88cd7cce8fe390fac,8,0,4480449054597749916,4714160801966532834,Carrier-v0,biped,nchl,"(44,)",500,W75,375,22.022708305170745,73.23488505554093,57.35125902151181,76.47449293844927,-315.18133544921875,572.8265380859375,0.23019253128666275,0.17376805376974816
carrier__biped__nchl__seed_008,/home/rowanli.tangalin/tpr/tpr/results/hpc_rq1/nominal/carrier/biped/nchl/seed_008,ad265df0c69f27ccea7fb58a3c9ec91b1fa68e9775fc9f92d27b0e8694f4d3d8,2d6fa1e9e4d74132ed75f6f063ca7a6db4b210a7f8cb25a88cd7cce8fe390fac,8,0,4480449054597749916,4714160801966532834,Carrier-v0,biped,nchl,"(44,)",500,Wfinal,500,29.308828172921952,97.85893290495927,76.98694545918606,102.15369870037591,-413.73193359375,742.1146240234375,0.23019253128666275,0.17376805376974816
carrier__biped__nchl__seed_008,/home/rowanli.tangalin/tpr/tpr/results/hpc_rq1/nominal/carrier/biped/nchl/seed_008,ad265df0c69f27ccea7fb58a3c9ec91b1fa68e9775fc9f92d27b0e8694f4d3d8,2d6fa1e9e4d74132ed75f6f063ca7a6db4b210a7f8cb25a88cd7cce8fe390fac,8,1,8169066096088904802,2410012360361453569,Carrier-v0,biped,nchl,"(44,)",500,W0,0,-0.001257962248470452,0.056743164133950086,0.048960232085856197,0.056757106559011415,-0.09980226308107376,0.09956207871437073,0.23173495148052303,0.1745135748626754
carrier__biped__nchl__seed_008,/home/rowanli.tangalin/tpr/tpr/results/hpc_rq1/nominal/carrier/biped/nchl/seed_008,ad265df0c69f27ccea7fb58a3c9ec91b1fa68e9775fc9f92d27b0e8694f4d3d8,2d6fa1e9e4d74132ed75f6f063ca7a6db4b210a7f8cb25a88cd7cce8fe390fac,8,1,8169066096088904802,2410012360361453569,Carrier-v0,biped,nchl,"(44,)",500,W25,125,7.170235151701388,23.074039425524983,17.933000891531698,24.162441257898085,-105.7778549194336,172.46075439453125,0.23173495148052303,0.1745135748626754
carrier__biped__nchl__seed_008,/home/rowanli.tangalin/tpr/tpr/results/hpc_rq1/nominal/carrier/biped/nchl/seed_008,ad265df0c69f27ccea7fb58a3c9ec91b1fa68e9775fc9f92d27b0e8694f4d3d8,2d6fa1e9e4d74132ed75f6f063ca7a6db4b210a7f8cb25a88cd7cce8fe390fac,8,1,8169066096088904802,2410012360361453569,Carrier-v0,biped,nchl,"(44,)",500,W50,250,14.680966902976461,49.86434821001438,38.17112133544471,51.98061188189164,-219.56089782714844,457.2437744140625,0.23173495148052303,0.1745135748626754
carrier__biped__nchl__seed_008,/home/rowanli.tangalin/tpr/tpr/results/hpc_rq1/nominal/carrier/biped/nchl/seed_008,ad265df0c69f27ccea7fb58a3c9ec91b1fa68e9775fc9f92d27b0e8694f4d3d8,2d6fa1e9e4d74132ed75f6f063ca7a6db4b210a7f8cb25a88cd7cce8fe390fac,8,1,8169066096088904802,2410012360361453569,Carrier-v0,biped,nchl,"(44,)",500,W75,375,21.753908221600934,74.42917489098393,57.91685591427971,77.54311444523304,-318.30267333984375,613.65771484375,0.23173495148052303,0.1745135748626754
carrier__biped__nchl__seed_008,/home/rowanli.tangalin/tpr/tpr/results/hpc_rq1/nominal/carrier/biped/nchl/seed_008,ad265df0c69f27ccea7fb58a3c9ec91b1fa68e9775fc9f92d27b0e8694f4d3d8,2d6fa1e9e4d74132ed75f6f063ca7a6db4b210a7f8cb25a88cd7cce8fe390fac,8,1,8169066096088904802,2410012360361453569,Carrier-v0,biped,nchl,"(44,)",500,Wfinal,500,28.809863957000278,99.14353039521943,77.65377478022434,103.24460218553153,-417.01165771484375,779.9149169921875,0.23173495148052303,0.1745135748626754
carrier__biped__nchl__seed_008,/home/rowanli.tangalin/tpr/tpr/results/hpc_rq1/nominal/carrier/biped/nchl/seed_008,ad265df0c69f27ccea7fb58a3c9ec91b1fa68e9775fc9f92d27b0e8694f4d3d8,2d6fa1e9e4d74132ed75f6f063ca7a6db4b210a7f8cb25a88cd7cce8fe390fac,8,2,1688151127694054410,5098444150450504360,Carrier-v0,biped,nchl,"(44,)",500,W0,0,3.97123704107951e-06,0.05807681943400795,0.050170091339174286,0.05807681956978263,-0.0999714806675911,0.09996657818555832,0.22967725554390941,0.1737345447592807
carrier__biped__nchl__seed_008,/home/rowanli.tangalin/tpr/tpr/results/hpc_rq1/nominal/carrier/biped/nchl/seed_008,ad265df0c69f27ccea7fb58a3c9ec91b1fa68e9775fc9f92d27b0e8694f4d3d8,2d6fa1e9e4d74132ed75f6f063ca7a6db4b210a7f8cb25a88cd7cce8fe390fac,8,2,1688151127694054410,5098444150450504360,Carrier-v0,biped,nchl,"(44,)",500,W25,125,7.32878648050836,22.530745426961328,17.58010404048507,23.692733079394216,-106.03475952148438,166.77064514160156,0.22967725554390941,0.1737345447592807
carrier__biped__nchl__seed_008,/home/rowanli.tangalin/tpr/tpr/results/hpc_rq1/nominal/carrier/biped/nchl/seed_008,ad265df0c69f27ccea7fb58a3c9ec91b1fa68e9775fc9f92d27b0e8694f4d3d8,2d6fa1e9e4d74132ed75f6f063ca7a6db4b210a7f8cb25a88cd7cce8fe390fac,8,2,1688151127694054410,5098444150450504360,Carrier-v0,biped,nchl,"(44,)",500,W50,250,14.875197574620012,48.266864288583506,37.36232526899296,50.507045955356745,-218.90927124023438,411.15814208984375,0.22967725554390941,0.1737345447592807
carrier__biped__nchl__seed_008,/home/rowanli.tangalin/tpr/tpr/results/hpc_rq1/nominal/carrier/biped/nchl/seed_008,ad265df0c69f27ccea7fb58a3c9ec91b1fa68e9775fc9f92d27b0e8694f4d3d8,2d6fa1e9e4d74132ed75f6f063ca7a6db4b210a7f8cb25a88cd7cce8fe390fac,8,2,1688151127694054410,5098444150450504360,Carrier-v0,biped,nchl,"(44,)",500,W75,375,21.888636646477238,72.84844592112526,56.987301715823065,76.06581681257762,-317.8543701171875,571.3287963867188,0.22967725554390941,0.1737345447592807
carrier__biped__nchl__seed_008,/home/rowanli.tangalin/tpr/tpr/results/hpc_rq1/nominal/carrier/biped/nchl/seed_008,ad265df0c69f27ccea7fb58a3c9ec91b1fa68e9775fc9f92d27b0e8694f4d3d8,2d6fa1e9e4d74132ed75f6f063ca7a6db4b210a7f8cb25a88cd7cce8fe390fac,8,2,1688151127694054410,5098444150450504360,Carrier-v0,biped,nchl,"(44,)",500,Wfinal,500,29.09743633955901,97.4386722835387,76.58625561246686,101.69048951555666,-416.6625061035156,738.0784301757812,0.22967725554390941,0.1737345447592807
carrier__biped__nchl__seed_009,/home/rowanli.tangalin/tpr/tpr/results/hpc_rq1/nominal/carrier/biped/nchl/seed_009,c1aac2e2d985f35c2aed40f3b6e71308304409cd7f9dbaf26bc19dc41617ecbf,35ea2800a1989ba1b1450cdff63bba4b79346025dfd6b3e10a8f40dbd7acf195,9,0,8469251633518957484,5579477484601834272,Carrier-v0,biped,nchl,"(44,)",500,W0,0,-0.00033266268236240227,0.05696118533043301,0.04900552932475704,0.05696215672451468,-0.09997273981571198,0.09995336085557938,0.23203853711465466,0.1755278630503861
carrier__biped__nchl__seed_009,/home/rowanli.tangalin/tpr/tpr/results/hpc_rq1/nominal/carrier/biped/nchl/seed_009,c1aac2e2d985f35c2aed40f3b6e71308304409cd7f9dbaf26bc19dc41617ecbf,35ea2800a1989ba1b1450cdff63bba4b79346025dfd6b3e10a8f40dbd7acf195,9,0,8469251633518957484,5579477484601834272,Carrier-v0,biped,nchl,"(44,)",500,W25,125,4.052785931220213,23.348825259538263,17.64474528597772,23.69794748084206,-124.39637756347656,108.33967590332031,0.23203853711465466,0.1755278630503861
carrier__biped__nchl__seed_009,/home/rowanli.tangalin/tpr/tpr/results/hpc_rq1/nominal/carrier/biped/nchl/seed_009,c1aac2e2d985f35c2aed40f3b6e71308304409cd7f9dbaf26bc19dc41617ecbf,35ea2800a1989ba1b1450cdff63bba4b79346025dfd6b3e10a8f40dbd7acf195,9,0,8469251633518957484,5579477484601834272,Carrier-v0,biped,nchl,"(44,)",500,W50,250,8.252550076955435,47.371106045531334,36.64231644495117,48.084574145453686,-174.5538787841797,219.90850830078125,0.23203853711465466,0.1755278630503861
carrier__biped__nchl__seed_009,/home/rowanli.tangalin/tpr/tpr/results/hpc_rq1/nominal/carrier/biped/nchl/seed_009,c1aac2e2d985f35c2aed40f3b6e71308304409cd7f9dbaf26bc19dc41617ecbf,35ea2800a1989ba1b1450cdff63bba4b79346025dfd6b3e10a8f40dbd7acf195,9,0,8469251633518957484,5579477484601834272,Carrier-v0,biped,nchl,"(44,)",500,W75,375,13.221371331332753,70.69976259287213,54.789865661071374,71.92538557817726,-260.8346862792969,331.4690246582031,0.23203853711465466,0.1755278630503861
carrier__biped__nchl__seed_009,/home/rowanli.tangalin/tpr/tpr/results/hpc_rq1/nominal/carrier/biped/nchl/seed_009,c1aac2e2d985f35c2aed40f3b6e71308304409cd7f9dbaf26bc19dc41617ecbf,35ea2800a1989ba1b1450cdff63bba4b79346025dfd6b3e10a8f40dbd7acf195,9,0,8469251633518957484,5579477484601834272,Carrier-v0,biped,nchl,"(44,)",500,Wfinal,500,17.798595045074507,94.96026887751846,73.66746405806471,96.61388435866324,-347.1155090332031,443.0148010253906,0.23203853711465466,0.1755278630503861
carrier__biped__nchl__seed_009,/home/rowanli.tangalin/tpr/tpr/results/hpc_rq1/nominal/carrier/biped/nchl/seed_009,c1aac2e2d985f35c2aed40f3b6e71308304409cd7f9dbaf26bc19dc41617ecbf,35ea2800a1989ba1b1450cdff63bba4b79346025dfd6b3e10a8f40dbd7acf195,9,1,5415548583552718452,3538497439875268043,Carrier-v0,biped,nchl,"(44,)",500,W0,0,0.0010922161716248443,0.05684337230258434,0.048740638196448825,0.05685386452032765,-0.09988770633935928,0.09989757835865021,0.23144902588655542,0.17522223625551306
carrier__biped__nchl__seed_009,/home/rowanli.tangalin/tpr/tpr/results/hpc_rq1/nominal/carrier/biped/nchl/seed_009,c1aac2e2d985f35c2aed40f3b6e71308304409cd7f9dbaf26bc19dc41617ecbf,35ea2800a1989ba1b1450cdff63bba4b79346025dfd6b3e10a8f40dbd7acf195,9,1,5415548583552718452,3538497439875268043,Carrier-v0,biped,nchl,"(44,)",500,W25,125,3.119897188592728,25.522813520581753,19.079422057254593,25.712793867523995,-133.0290069580078,126.76176452636719,0.23144902588655542,0.17522223625551306
carrier__biped__nchl__seed_009,/home/rowanli.tangalin/tpr/tpr/results/hpc_rq1/nominal/carrier/biped/nchl/seed_009,c1aac2e2d985f35c2aed40f3b6e71308304409cd7f9dbaf26bc19dc41617ecbf,35ea2800a1989ba1b1450cdff63bba4b79346025dfd6b3e10a8f40dbd7acf195,9,1,5415548583552718452,3538497439875268043,Carrier-v0,biped,nchl,"(44,)",500,W50,250,9.424875209313146,46.424809863600686,35.58258301630239,47.371840196287515,-173.96995544433594,220.00027465820312,0.23144902588655542,0.17522223625551306
carrier__biped__nchl__seed_009,/home/rowanli.tangalin/tpr/tpr/results/hpc_rq1/nominal/carrier/biped/nchl/seed_009,c1aac2e2d985f35c2aed40f3b6e71308304409cd7f9dbaf26bc19dc41617ecbf,35ea2800a1989ba1b1450cdff63bba4b79346025dfd6b3e10a8f40dbd7acf195,9,1,5415548583552718452,3538497439875268043,Carrier-v0,biped,nchl,"(44,)",500,W75,375,13.493917995503732,69.85572595885468,53.86426409236904,71.14708899250891,-260.2507629394531,331.5509948730469,0.23144902588655542,0.17522223625551306
carrier__biped__nchl__seed_009,/home/rowanli.tangalin/tpr/tpr/results/hpc_rq1/nominal/carrier/biped/nchl/seed_009,c1aac2e2d985f35c2aed40f3b6e71308304409cd7f9dbaf26bc19dc41617ecbf,35ea2800a1989ba1b1450cdff63bba4b79346025dfd6b3e10a8f40dbd7acf195,9,1,5415548583552718452,3538497439875268043,Carrier-v0,biped,nchl,"(44,)",500,Wfinal,500,18.009531595717327,93.32128604268905,72.13767803907866,95.04317785595413,-346.5315856933594,443.12762451171875,0.23144902588655542,0.17522223625551306
carrier__biped__nchl__seed_009,/home/rowanli.tangalin/tpr/tpr/results/hpc_rq1/nominal/carrier/biped/nchl/seed_009,c1aac2e2d985f35c2aed40f3b6e71308304409cd7f9dbaf26bc19dc41617ecbf,35ea2800a1989ba1b1450cdff63bba4b79346025dfd6b3e10a8f40dbd7acf195,9,2,6075971192560964690,5235945277139461518,Carrier-v0,biped,nchl,"(44,)",500,W0,0,-0.00018197931808254316,0.05728819367265746,0.04948731423198958,0.05728848270593419,-0.099821075797081,0.09993649274110794,0.23198977421248468,0.1757785415362544
carrier__biped__nchl__seed_009,/home/rowanli.tangalin/tpr/tpr/results/hpc_rq1/nominal/carrier/biped/nchl/seed_009,c1aac2e2d985f35c2aed40f3b6e71308304409cd7f9dbaf26bc19dc41617ecbf,35ea2800a1989ba1b1450cdff63bba4b79346025dfd6b3e10a8f40dbd7acf195,9,2,6075971192560964690,5235945277139461518,Carrier-v0,biped,nchl,"(44,)",500,W25,125,2.9261457179591606,23.739577467275105,18.027473310563856,23.919236339973033,-125.89448547363281,107.10856628417969,0.23198977421248468,0.1757785415362544
carrier__biped__nchl__seed_009,/home/rowanli.tangalin/tpr/tpr/results/hpc_rq1/nominal/carrier/biped/nchl/seed_009,c1aac2e2d985f35c2aed40f3b6e71308304409cd7f9dbaf26bc19dc41617ecbf,35ea2800a1989ba1b1450cdff63bba4b79346025dfd6b3e10a8f40dbd7acf195,9,2,6075971192560964690,5235945277139461518,Carrier-v0,biped,nchl,"(44,)",500,W50,250,7.136363302661966,47.3118924441119,36.57229613277807,47.84707773553985,-174.20404052734375,218.68150329589844,0.23198977421248468,0.1757785415362544
carrier__biped__nchl__seed_009,/home/rowanli.tangalin/tpr/tpr/results/hpc_rq1/nominal/carrier/biped/nchl/seed_009,c1aac2e2d985f35c2aed40f3b6e71308304409cd7f9dbaf26bc19dc41617ecbf,35ea2800a1989ba1b1450cdff63bba4b79346025dfd6b3e10a8f40dbd7acf195,9,2,6075971192560964690,5235945277139461518,Carrier-v0,biped,nchl,"(44,)",500,W75,375,11.93173248382689,71.37853344873764,55.377320613090106,72.36892480449166,-260.48486328125,330.2104187011719,0.23198977421248468,0.1757785415362544
carrier__biped__nchl__seed_009,/home/rowanli.tangalin/tpr/tpr/results/hpc_rq1/nominal/carrier/biped/nchl/seed_009,c1aac2e2d985f35c2aed40f3b6e71308304409cd7f9dbaf26bc19dc41617ecbf,35ea2800a1989ba1b1450cdff63bba4b79346025dfd6b3e10a8f40dbd7acf195,9,2,6075971192560964690,5235945277139461518,Carrier-v0,biped,nchl,"(44,)",500,Wfinal,500,16.697483538724875,95.08303837103833,73.8933802278797,96.53802433442655,-346.76568603515625,441.7808837890625,0.23198977421248468,0.1757785415362544
jumper__biped__static__seed_000,/home/rowanli.tangalin/tpr/tpr/results/hpc_rq1/nominal/jumper/biped/static/seed_000,2ea7f4d6430209eea15ca2d735cc2a545f240d7d69db5fe0ce0e89cfe0306769,c576dc4ec4b1fa1ecc8749d59ad3ba36fdb388ab0e53cd1c33a78ad34cd9b7a0,0,0,4940322620982477041,3023897764847979143,Jumper-v0,biped,static,"(45,)",500,W0,0,0.029068003692156567,1.0508105523508056,0.8389900735197238,1.0512125216959947,-3.301487445831299,3.813647508621216,0.0,0.0
jumper__biped__static__seed_000,/home/rowanli.tangalin/tpr/tpr/results/hpc_rq1/nominal/jumper/biped/static/seed_000,2ea7f4d6430209eea15ca2d735cc2a545f240d7d69db5fe0ce0e89cfe0306769,c576dc4ec4b1fa1ecc8749d59ad3ba36fdb388ab0e53cd1c33a78ad34cd9b7a0,0,0,4940322620982477041,3023897764847979143,Jumper-v0,biped,static,"(45,)",500,W25,125,0.029068003692156567,1.0508105523508056,0.8389900735197238,1.0512125216959947,-3.301487445831299,3.813647508621216,0.0,0.0
jumper__biped__static__seed_000,/home/rowanli.tangalin/tpr/tpr/results/hpc_rq1/nominal/jumper/biped/static/seed_000,2ea7f4d6430209eea15ca2d735cc2a545f240d7d69db5fe0ce0e89cfe0306769,c576dc4ec4b1fa1ecc8749d59ad3ba36fdb388ab0e53cd1c33a78ad34cd9b7a0,0,0,4940322620982477041,3023897764847979143,Jumper-v0,biped,static,"(45,)",500,W50,250,0.029068003692156567,1.0508105523508056,0.8389900735197238,1.0512125216959947,-3.301487445831299,3.813647508621216,0.0,0.0
jumper__biped__static__seed_000,/home/rowanli.tangalin/tpr/tpr/results/hpc_rq1/nominal/jumper/biped/static/seed_000,2ea7f4d6430209eea15ca2d735cc2a545f240d7d69db5fe0ce0e89cfe0306769,c576dc4ec4b1fa1ecc8749d59ad3ba36fdb388ab0e53cd1c33a78ad34cd9b7a0,0,0,4940322620982477041,3023897764847979143,Jumper-v0,biped,static,"(45,)",500,W75,375,0.029068003692156567,1.0508105523508056,0.8389900735197238,1.0512125216959947,-3.301487445831299,3.813647508621216,0.0,0.0
jumper__biped__static__seed_000,/home/rowanli.tangalin/tpr/tpr/results/hpc_rq1/nominal/jumper/biped/static/seed_000,2ea7f4d6430209eea15ca2d735cc2a545f240d7d69db5fe0ce0e89cfe0306769,c576dc4ec4b1fa1ecc8749d59ad3ba36fdb388ab0e53cd1c33a78ad34cd9b7a0,0,0,4940322620982477041,3023897764847979143,Jumper-v0,biped,static,"(45,)",500,Wfinal,500,0.029068003692156567,1.0508105523508056,0.8389900735197238,1.0512125216959947,-3.301487445831299,3.813647508621216,0.0,0.0
jumper__biped__static__seed_000,/home/rowanli.tangalin/tpr/tpr/results/hpc_rq1/nominal/jumper/biped/static/seed_000,2ea7f4d6430209eea15ca2d735cc2a545f240d7d69db5fe0ce0e89cfe0306769,c576dc4ec4b1fa1ecc8749d59ad3ba36fdb388ab0e53cd1c33a78ad34cd9b7a0,0,1,530078296572617688,6966882572876332860,Jumper-v0,biped,static,"(45,)",500,W0,0,0.029068003692156567,1.0508105523508056,0.8389900735197238,1.0512125216959947,-3.301487445831299,3.813647508621216,0.0,0.0
jumper__biped__static__seed_000,/home/rowanli.tangalin/tpr/tpr/results/hpc_rq1/nominal/jumper/biped/static/seed_000,2ea7f4d6430209eea15ca2d735cc2a545f240d7d69db5fe0ce0e89cfe0306769,c576dc4ec4b1fa1ecc8749d59ad3ba36fdb388ab0e53cd1c33a78ad34cd9b7a0,0,1,530078296572617688,6966882572876332860,Jumper-v0,biped,static,"(45,)",500,W25,125,0.029068003692156567,1.0508105523508056,0.8389900735197238,1.0512125216959947,-3.301487445831299,3.813647508621216,0.0,0.0
jumper__biped__static__seed_000,/home/rowanli.tangalin/tpr/tpr/results/hpc_rq1/nominal/jumper/biped/static/seed_000,2ea7f4d6430209eea15ca2d735cc2a545f240d7d69db5fe0ce0e89cfe0306769,c576dc4ec4b1fa1ecc8749d59ad3ba36fdb388ab0e53cd1c33a78ad34cd9b7a0,0,1,530078296572617688,6966882572876332860,Jumper-v0,biped,static,"(45,)",500,W50,250,0.029068003692156567,1.0508105523508056,0.8389900735197238,1.0512125216959947,-3.301487445831299,3.813647508621216,0.0,0.0
jumper__biped__static__seed_000,/home/rowanli.tangalin/tpr/tpr/results/hpc_rq1/nominal/jumper/biped/static/seed_000,2ea7f4d6430209eea15ca2d735cc2a545f240d7d69db5fe0ce0e89cfe0306769,c576dc4ec4b1fa1ecc8749d59ad3ba36fdb388ab0e53cd1c33a78ad34cd9b7a0,0,1,530078296572617688,6966882572876332860,Jumper-v0,biped,static,"(45,)",500,W75,375,0.029068003692156567,1.0508105523508056,0.8389900735197238,1.0512125216959947,-3.301487445831299,3.813647508621216,0.0,0.0
jumper__biped__static__seed_000,/home/rowanli.tangalin/tpr/tpr/results/hpc_rq1/nominal/jumper/biped/static/seed_000,2ea7f4d6430209eea15ca2d735cc2a545f240d7d69db5fe0ce0e89cfe0306769,c576dc4ec4b1fa1ecc8749d59ad3ba36fdb388ab0e53cd1c33a78ad34cd9b7a0,0,1,530078296572617688,6966882572876332860,Jumper-v0,biped,static,"(45,)",500,Wfinal,500,0.029068003692156567,1.0508105523508056,0.8389900735197238,1.0512125216959947,-3.301487445831299,3.813647508621216,0.0,0.0
jumper__biped__static__seed_000,/home/rowanli.tangalin/tpr/tpr/results/hpc_rq1/nominal/jumper/biped/static/seed_000,2ea7f4d6430209eea15ca2d735cc2a545f240d7d69db5fe0ce0e89cfe0306769,c576dc4ec4b1fa1ecc8749d59ad3ba36fdb388ab0e53cd1c33a78ad34cd9b7a0,0,2,7210830791768759910,3424438756091539107,Jumper-v0,biped,static,"(45,)",500,W0,0,0.029068003692156567,1.0508105523508056,0.8389900735197238,1.0512125216959947,-3.301487445831299,3.813647508621216,0.0,0.0
jumper__biped__static__seed_000,/home/rowanli.tangalin/tpr/tpr/results/hpc_rq1/nominal/jumper/biped/static/seed_000,2ea7f4d6430209eea15ca2d735cc2a545f240d7d69db5fe0ce0e89cfe0306769,c576dc4ec4b1fa1ecc8749d59ad3ba36fdb388ab0e53cd1c33a78ad34cd9b7a0,0,2,7210830791768759910,3424438756091539107,Jumper-v0,biped,static,"(45,)",500,W25,125,0.029068003692156567,1.0508105523508056,0.8389900735197238,1.0512125216959947,-3.301487445831299,3.813647508621216,0.0,0.0
jumper__biped__static__seed_000,/home/rowanli.tangalin/tpr/tpr/results/hpc_rq1/nominal/jumper/biped/static/seed_000,2ea7f4d6430209eea15ca2d735cc2a545f240d7d69db5fe0ce0e89cfe0306769,c576dc4ec4b1fa1ecc8749d59ad3ba36fdb388ab0e53cd1c33a78ad34cd9b7a0,0,2,7210830791768759910,3424438756091539107,Jumper-v0,biped,static,"(45,)",500,W50,250,0.029068003692156567,1.0508105523508056,0.8389900735197238,1.0512125216959947,-3.301487445831299,3.813647508621216,0.0,0.0
jumper__biped__static__seed_000,/home/rowanli.tangalin/tpr/tpr/results/hpc_rq1/nominal/jumper/biped/static/seed_000,2ea7f4d6430209eea15ca2d735cc2a545f240d7d69db5fe0ce0e89cfe0306769,c576dc4ec4b1fa1ecc8749d59ad3ba36fdb388ab0e53cd1c33a78ad34cd9b7a0,0,2,7210830791768759910,3424438756091539107,Jumper-v0,biped,static,"(45,)",500,W75,375,0.029068003692156567,1.0508105523508056,0.8389900735197238,1.0512125216959947,-3.301487445831299,3.813647508621216,0.0,0.0
jumper__biped__static__seed_000,/home/rowanli.tangalin/tpr/tpr/results/hpc_rq1/nominal/jumper/biped/static/seed_000,2ea7f4d6430209eea15ca2d735cc2a545f240d7d69db5fe0ce0e89cfe0306769,c576dc4ec4b1fa1ecc8749d59ad3ba36fdb388ab0e53cd1c33a78ad34cd9b7a0,0,2,7210830791768759910,3424438756091539107,Jumper-v0,biped,static,"(45,)",500,Wfinal,500,0.029068003692156567,1.0508105523508056,0.8389900735197238,1.0512125216959947,-3.301487445831299,3.813647508621216,0.0,0.0
jumper__biped__static__seed_001,/home/rowanli.tangalin/tpr/tpr/results/hpc_rq1/nominal/jumper/biped/static/seed_001,7991e3de365329ae877fc9cdd8e73a524f0e712cc76a81c558333b671d837a02,6dcd9242d079410a333fa84b170c1f15e558a937ee3ba2154db34bf8214dcf43,1,0,5232325836976384581,7172422899355977572,Jumper-v0,biped,static,"(45,)",500,W0,0,0.010067180596431803,1.115926526538092,0.8930894136559968,1.1159719354699436,-3.3227365016937256,3.5665030479431152,0.0,0.0
jumper__biped__static__seed_001,/home/rowanli.tangalin/tpr/tpr/results/hpc_rq1/nominal/jumper/biped/static/seed_001,7991e3de365329ae877fc9cdd8e73a524f0e712cc76a81c558333b671d837a02,6dcd9242d079410a333fa84b170c1f15e558a937ee3ba2154db34bf8214dcf43,1,0,5232325836976384581,7172422899355977572,Jumper-v0,biped,static,"(45,)",500,W25,125,0.010067180596431803,1.115926526538092,0.8930894136559968,1.1159719354699436,-3.3227365016937256,3.5665030479431152,0.0,0.0
jumper__biped__static__seed_001,/home/rowanli.tangalin/tpr/tpr/results/hpc_rq1/nominal/jumper/biped/static/seed_001,7991e3de365329ae877fc9cdd8e73a524f0e712cc76a81c558333b671d837a02,6dcd9242d079410a333fa84b170c1f15e558a937ee3ba2154db34bf8214dcf43,1,0,5232325836976384581,7172422899355977572,Jumper-v0,biped,static,"(45,)",500,W50,250,0.010067180596431803,1.115926526538092,0.8930894136559968,1.1159719354699436,-3.3227365016937256,3.5665030479431152,0.0,0.0
jumper__biped__static__seed_001,/home/rowanli.tangalin/tpr/tpr/results/hpc_rq1/nominal/jumper/biped/static/seed_001,7991e3de365329ae877fc9cdd8e73a524f0e712cc76a81c558333b671d837a02,6dcd9242d079410a333fa84b170c1f15e558a937ee3ba2154db34bf8214dcf43,1,0,5232325836976384581,7172422899355977572,Jumper-v0,biped,static,"(45,)",500,W75,375,0.010067180596431803,1.115926526538092,0.8930894136559968,1.1159719354699436,-3.3227365016937256,3.5665030479431152,0.0,0.0
jumper__biped__static__seed_001,/home/rowanli.tangalin/tpr/tpr/results/hpc_rq1/nominal/jumper/biped/static/seed_001,7991e3de365329ae877fc9cdd8e73a524f0e712cc76a81c558333b671d837a02,6dcd9242d079410a333fa84b170c1f15e558a937ee3ba2154db34bf8214dcf43,1,0,5232325836976384581,7172422899355977572,Jumper-v0,biped,static,"(45,)",500,Wfinal,500,0.010067180596431803,1.115926526538092,0.8930894136559968,1.1159719354699436,-3.3227365016937256,3.5665030479431152,0.0,0.0
jumper__biped__static__seed_001,/home/rowanli.tangalin/tpr/tpr/results/hpc_rq1/nominal/jumper/biped/static/seed_001,7991e3de365329ae877fc9cdd8e73a524f0e712cc76a81c558333b671d837a02,6dcd9242d079410a333fa84b170c1f15e558a937ee3ba2154db34bf8214dcf43,1,1,3184075494390970209,9147161066225580108,Jumper-v0,biped,static,"(45,)",500,W0,0,0.010067180596431803,1.115926526538092,0.8930894136559968,1.1159719354699436,-3.3227365016937256,3.5665030479431152,0.0,0.0
jumper__biped__static__seed_001,/home/rowanli.tangalin/tpr/tpr/results/hpc_rq1/nominal/jumper/biped/static/seed_001,7991e3de365329ae877fc9cdd8e73a524f0e712cc76a81c558333b671d837a02,6dcd9242d079410a333fa84b170c1f15e558a937ee3ba2154db34bf8214dcf43,1,1,3184075494390970209,9147161066225580108,Jumper-v0,biped,static,"(45,)",500,W25,125,0.010067180596431803,1.115926526538092,0.8930894136559968,1.1159719354699436,-3.3227365016937256,3.5665030479431152,0.0,0.0
jumper__biped__static__seed_001,/home/rowanli.tangalin/tpr/tpr/results/hpc_rq1/nominal/jumper/biped/static/seed_001,7991e3de365329ae877fc9cdd8e73a524f0e712cc76a81c558333b671d837a02,6dcd9242d079410a333fa84b170c1f15e558a937ee3ba2154db34bf8214dcf43,1,1,3184075494390970209,9147161066225580108,Jumper-v0,biped,static,"(45,)",500,W50,250,0.010067180596431803,1.115926526538092,0.8930894136559968,1.1159719354699436,-3.3227365016937256,3.5665030479431152,0.0,0.0
jumper__biped__static__seed_001,/home/rowanli.tangalin/tpr/tpr/results/hpc_rq1/nominal/jumper/biped/static/seed_001,7991e3de365329ae877fc9cdd8e73a524f0e712cc76a81c558333b671d837a02,6dcd9242d079410a333fa84b170c1f15e558a937ee3ba2154db34bf8214dcf43,1,1,3184075494390970209,9147161066225580108,Jumper-v0,biped,static,"(45,)",500,W75,375,0.010067180596431803,1.115926526538092,0.8930894136559968,1.1159719354699436,-3.3227365016937256,3.5665030479431152,0.0,0.0
jumper__biped__static__seed_001,/home/rowanli.tangalin/tpr/tpr/results/hpc_rq1/nominal/jumper/biped/static/seed_001,7991e3de365329ae877fc9cdd8e73a524f0e712cc76a81c558333b671d837a02,6dcd9242d079410a333fa84b170c1f15e558a937ee3ba2154db34bf8214dcf43,1,1,3184075494390970209,9147161066225580108,Jumper-v0,biped,static,"(45,)",500,Wfinal,500,0.010067180596431803,1.115926526538092,0.8930894136559968,1.1159719354699436,-3.3227365016937256,3.5665030479431152,0.0,0.0
jumper__biped__static__seed_001,/home/rowanli.tangalin/tpr/tpr/results/hpc_rq1/nominal/jumper/biped/static/seed_001,7991e3de365329ae877fc9cdd8e73a524f0e712cc76a81c558333b671d837a02,6dcd9242d079410a333fa84b170c1f15e558a937ee3ba2154db34bf8214dcf43,1,2,6337936886056088,9019669384804417704,Jumper-v0,biped,static,"(45,)",500,W0,0,0.010067180596431803,1.115926526538092,0.8930894136559968,1.1159719354699436,-3.3227365016937256,3.5665030479431152,0.0,0.0
jumper__biped__static__seed_001,/home/rowanli.tangalin/tpr/tpr/results/hpc_rq1/nominal/jumper/biped/static/seed_001,7991e3de365329ae877fc9cdd8e73a524f0e712cc76a81c558333b671d837a02,6dcd9242d079410a333fa84b170c1f15e558a937ee3ba2154db34bf8214dcf43,1,2,6337936886056088,9019669384804417704,Jumper-v0,biped,static,"(45,)",500,W25,125,0.010067180596431803,1.115926526538092,0.8930894136559968,1.1159719354699436,-3.3227365016937256,3.5665030479431152,0.0,0.0
jumper__biped__static__seed_001,/home/rowanli.tangalin/tpr/tpr/results/hpc_rq1/nominal/jumper/biped/static/seed_001,7991e3de365329ae877fc9cdd8e73a524f0e712cc76a81c558333b671d837a02,6dcd9242d079410a333fa84b170c1f15e558a937ee3ba2154db34bf8214dcf43,1,2,6337936886056088,9019669384804417704,Jumper-v0,biped,static,"(45,)",500,W50,250,0.010067180596431803,1.115926526538092,0.8930894136559968,1.1159719354699436,-3.3227365016937256,3.5665030479431152,0.0,0.0
jumper__biped__static__seed_001,/home/rowanli.tangalin/tpr/tpr/results/hpc_rq1/nominal/jumper/biped/static/seed_001,7991e3de365329ae877fc9cdd8e73a524f0e712cc76a81c558333b671d837a02,6dcd9242d079410a333fa84b170c1f15e558a937ee3ba2154db34bf8214dcf43,1,2,6337936886056088,9019669384804417704,Jumper-v0,biped,static,"(45,)",500,W75,375,0.010067180596431803,1.115926526538092,0.8930894136559968,1.1159719354699436,-3.3227365016937256,3.5665030479431152,0.0,0.0
jumper__biped__static__seed_001,/home/rowanli.tangalin/tpr/tpr/results/hpc_rq1/nominal/jumper/biped/static/seed_001,7991e3de365329ae877fc9cdd8e73a524f0e712cc76a81c558333b671d837a02,6dcd9242d079410a333fa84b170c1f15e558a937ee3ba2154db34bf8214dcf43,1,2,6337936886056088,9019669384804417704,Jumper-v0,biped,static,"(45,)",500,Wfinal,500,0.010067180596431803,1.115926526538092,0.8930894136559968,1.1159719354699436,-3.3227365016937256,3.5665030479431152,0.0,0.0
jumper__biped__static__seed_002,/home/rowanli.tangalin/tpr/tpr/results/hpc_rq1/nominal/jumper/biped/static/seed_002,34c102789e3b93aa2cee80a754a7d11a954626a953e5f66fa4bec8513b19d5de,e8ed92ca78f65f5f26707644a27b5804acb5fb343746f53897026e16b3dea4fa,2,0,4709125304908105630,1244304497912131803,Jumper-v0,biped,static,"(45,)",500,W0,0,0.019189719714061308,1.3573472643998445,1.085297291971127,1.3574829065282723,-5.297510147094727,4.345378875732422,0.0,0.0
jumper__biped__static__seed_002,/home/rowanli.tangalin/tpr/tpr/results/hpc_rq1/nominal/jumper/biped/static/seed_002,34c102789e3b93aa2cee80a754a7d11a954626a953e5f66fa4bec8513b19d5de,e8ed92ca78f65f5f26707644a27b5804acb5fb343746f53897026e16b3dea4fa,2,0,4709125304908105630,1244304497912131803,Jumper-v0,biped,static,"(45,)",500,W25,125,0.019189719714061308,1.3573472643998445,1.085297291971127,1.3574829065282723,-5.297510147094727,4.345378875732422,0.0,0.0
jumper__biped__static__seed_002,/home/rowanli.tangalin/tpr/tpr/results/hpc_rq1/nominal/jumper/biped/static/seed_002,34c102789e3b93aa2cee80a754a7d11a954626a953e5f66fa4bec8513b19d5de,e8ed92ca78f65f5f26707644a27b5804acb5fb343746f53897026e16b3dea4fa,2,0,4709125304908105630,1244304497912131803,Jumper-v0,biped,static,"(45,)",500,W50,250,0.019189719714061308,1.3573472643998445,1.085297291971127,1.3574829065282723,-5.297510147094727,4.345378875732422,0.0,0.0
jumper__biped__static__seed_002,/home/rowanli.tangalin/tpr/tpr/results/hpc_rq1/nominal/jumper/biped/static/seed_002,34c102789e3b93aa2cee80a754a7d11a954626a953e5f66fa4bec8513b19d5de,e8ed92ca78f65f5f26707644a27b5804acb5fb343746f53897026e16b3dea4fa,2,0,4709125304908105630,1244304497912131803,Jumper-v0,biped,static,"(45,)",500,W75,375,0.019189719714061308,1.3573472643998445,1.085297291971127,1.3574829065282723,-5.297510147094727,4.345378875732422,0.0,0.0
jumper__biped__static__seed_002,/home/rowanli.tangalin/tpr/tpr/results/hpc_rq1/nominal/jumper/biped/static/seed_002,34c102789e3b93aa2cee80a754a7d11a954626a953e5f66fa4bec8513b19d5de,e8ed92ca78f65f5f26707644a27b5804acb5fb343746f53897026e16b3dea4fa,2,0,4709125304908105630,1244304497912131803,Jumper-v0,biped,static,"(45,)",500,Wfinal,500,0.019189719714061308,1.3573472643998445,1.085297291971127,1.3574829065282723,-5.297510147094727,4.345378875732422,0.0,0.0
jumper__biped__static__seed_002,/home/rowanli.tangalin/tpr/tpr/results/hpc_rq1/nominal/jumper/biped/static/seed_002,34c102789e3b93aa2cee80a754a7d11a954626a953e5f66fa4bec8513b19d5de,e8ed92ca78f65f5f26707644a27b5804acb5fb343746f53897026e16b3dea4fa,2,1,6789895730674132307,2935584579999248951,Jumper-v0,biped,static,"(45,)",500,W0,0,0.019189719714061308,1.3573472643998445,1.085297291971127,1.3574829065282723,-5.297510147094727,4.345378875732422,0.0,0.0
jumper__biped__static__seed_002,/home/rowanli.tangalin/tpr/tpr/results/hpc_rq1/nominal/jumper/biped/static/seed_002,34c102789e3b93aa2cee80a754a7d11a954626a953e5f66fa4bec8513b19d5de,e8ed92ca78f65f5f26707644a27b5804acb5fb343746f53897026e16b3dea4fa,2,1,6789895730674132307,2935584579999248951,Jumper-v0,biped,static,"(45,)",500,W25,125,0.019189719714061308,1.3573472643998445,1.085297291971127,1.3574829065282723,-5.297510147094727,4.345378875732422,0.0,0.0
jumper__biped__static__seed_002,/home/rowanli.tangalin/tpr/tpr/results/hpc_rq1/nominal/jumper/biped/static/seed_002,34c102789e3b93aa2cee80a754a7d11a954626a953e5f66fa4bec8513b19d5de,e8ed92ca78f65f5f26707644a27b5804acb5fb343746f53897026e16b3dea4fa,2,1,6789895730674132307,2935584579999248951,Jumper-v0,biped,static,"(45,)",500,W50,250,0.019189719714061308,1.3573472643998445,1.085297291971127,1.3574829065282723,-5.297510147094727,4.345378875732422,0.0,0.0
jumper__biped__static__seed_002,/home/rowanli.tangalin/tpr/tpr/results/hpc_rq1/nominal/jumper/biped/static/seed_002,34c102789e3b93aa2cee80a754a7d11a954626a953e5f66fa4bec8513b19d5de,e8ed92ca78f65f5f26707644a27b5804acb5fb343746f53897026e16b3dea4fa,2,1,6789895730674132307,2935584579999248951,Jumper-v0,biped,static,"(45,)",500,W75,375,0.019189719714061308,1.3573472643998445,1.085297291971127,1.3574829065282723,-5.297510147094727,4.345378875732422,0.0,0.0
jumper__biped__static__seed_002,/home/rowanli.tangalin/tpr/tpr/results/hpc_rq1/nominal/jumper/biped/static/seed_002,34c102789e3b93aa2cee80a754a7d11a954626a953e5f66fa4bec8513b19d5de,e8ed92ca78f65f5f26707644a27b5804acb5fb343746f53897026e16b3dea4fa,2,1,6789895730674132307,2935584579999248951,Jumper-v0,biped,static,"(45,)",500,Wfinal,500,0.019189719714061308,1.3573472643998445,1.085297291971127,1.3574829065282723,-5.297510147094727,4.345378875732422,0.0,0.0
jumper__biped__static__seed_002,/home/rowanli.tangalin/tpr/tpr/results/hpc_rq1/nominal/jumper/biped/static/seed_002,34c102789e3b93aa2cee80a754a7d11a954626a953e5f66fa4bec8513b19d5de,e8ed92ca78f65f5f26707644a27b5804acb5fb343746f53897026e16b3dea4fa,2,2,2298876442789069326,7237655472595637189,Jumper-v0,biped,static,"(45,)",500,W0,0,0.019189719714061308,1.3573472643998445,1.085297291971127,1.3574829065282723,-5.297510147094727,4.345378875732422,0.0,0.0
jumper__biped__static__seed_002,/home/rowanli.tangalin/tpr/tpr/results/hpc_rq1/nominal/jumper/biped/static/seed_002,34c102789e3b93aa2cee80a754a7d11a954626a953e5f66fa4bec8513b19d5de,e8ed92ca78f65f5f26707644a27b5804acb5fb343746f53897026e16b3dea4fa,2,2,2298876442789069326,7237655472595637189,Jumper-v0,biped,static,"(45,)",500,W25,125,0.019189719714061308,1.3573472643998445,1.085297291971127,1.3574829065282723,-5.297510147094727,4.345378875732422,0.0,0.0
jumper__biped__static__seed_002,/home/rowanli.tangalin/tpr/tpr/results/hpc_rq1/nominal/jumper/biped/static/seed_002,34c102789e3b93aa2cee80a754a7d11a954626a953e5f66fa4bec8513b19d5de,e8ed92ca78f65f5f26707644a27b5804acb5fb343746f53897026e16b3dea4fa,2,2,2298876442789069326,7237655472595637189,Jumper-v0,biped,static,"(45,)",500,W50,250,0.019189719714061308,1.3573472643998445,1.085297291971127,1.3574829065282723,-5.297510147094727,4.345378875732422,0.0,0.0
jumper__biped__static__seed_002,/home/rowanli.tangalin/tpr/tpr/results/hpc_rq1/nominal/jumper/biped/static/seed_002,34c102789e3b93aa2cee80a754a7d11a954626a953e5f66fa4bec8513b19d5de,e8ed92ca78f65f5f26707644a27b5804acb5fb343746f53897026e16b3dea4fa,2,2,2298876442789069326,7237655472595637189,Jumper-v0,biped,static,"(45,)",500,W75,375,0.019189719714061308,1.3573472643998445,1.085297291971127,1.3574829065282723,-5.297510147094727,4.345378875732422,0.0,0.0
jumper__biped__static__seed_002,/home/rowanli.tangalin/tpr/tpr/results/hpc_rq1/nominal/jumper/biped/static/seed_002,34c102789e3b93aa2cee80a754a7d11a954626a953e5f66fa4bec8513b19d5de,e8ed92ca78f65f5f26707644a27b5804acb5fb343746f53897026e16b3dea4fa,2,2,2298876442789069326,7237655472595637189,Jumper-v0,biped,static,"(45,)",500,Wfinal,500,0.019189719714061308,1.3573472643998445,1.085297291971127,1.3574829065282723,-5.297510147094727,4.345378875732422,0.0,0.0
jumper__biped__static__seed_003,/home/rowanli.tangalin/tpr/tpr/results/hpc_rq1/nominal/jumper/biped/static/seed_003,db455981d4b74b4bd51aec3f36a880cfffab1a13397dbde40afbb06363271fae,7272a88d56cffdafeb1b856935c3a3383732f8c5aeb59de6d331811c9a8e54f3,3,0,6875887065855152501,8328361779180904825,Jumper-v0,biped,static,"(45,)",500,W0,0,0.01704867104654075,0.7158068108036503,0.5736765490277931,0.7160098096935167,-1.9543477296829224,2.272592306137085,0.0,0.0
jumper__biped__static__seed_003,/home/rowanli.tangalin/tpr/tpr/results/hpc_rq1/nominal/jumper/biped/static/seed_003,db455981d4b74b4bd51aec3f36a880cfffab1a13397dbde40afbb06363271fae,7272a88d56cffdafeb1b856935c3a3383732f8c5aeb59de6d331811c9a8e54f3,3,0,6875887065855152501,8328361779180904825,Jumper-v0,biped,static,"(45,)",500,W25,125,0.01704867104654075,0.7158068108036503,0.5736765490277931,0.7160098096935167,-1.9543477296829224,2.272592306137085,0.0,0.0
jumper__biped__static__seed_003,/home/rowanli.tangalin/tpr/tpr/results/hpc_rq1/nominal/jumper/biped/static/seed_003,db455981d4b74b4bd51aec3f36a880cfffab1a13397dbde40afbb06363271fae,7272a88d56cffdafeb1b856935c3a3383732f8c5aeb59de6d331811c9a8e54f3,3,0,6875887065855152501,8328361779180904825,Jumper-v0,biped,static,"(45,)",500,W50,250,0.01704867104654075,0.7158068108036503,0.5736765490277931,0.7160098096935167,-1.9543477296829224,2.272592306137085,0.0,0.0
jumper__biped__static__seed_003,/home/rowanli.tangalin/tpr/tpr/results/hpc_rq1/nominal/jumper/biped/static/seed_003,db455981d4b74b4bd51aec3f36a880cfffab1a13397dbde40afbb06363271fae,7272a88d56cffdafeb1b856935c3a3383732f8c5aeb59de6d331811c9a8e54f3,3,0,6875887065855152501,8328361779180904825,Jumper-v0,biped,static,"(45,)",500,W75,375,0.01704867104654075,0.7158068108036503,0.5736765490277931,0.7160098096935167,-1.9543477296829224,2.272592306137085,0.0,0.0
jumper__biped__static__seed_003,/home/rowanli.tangalin/tpr/tpr/results/hpc_rq1/nominal/jumper/biped/static/seed_003,db455981d4b74b4bd51aec3f36a880cfffab1a13397dbde40afbb06363271fae,7272a88d56cffdafeb1b856935c3a3383732f8c5aeb59de6d331811c9a8e54f3,3,0,6875887065855152501,8328361779180904825,Jumper-v0,biped,static,"(45,)",500,Wfinal,500,0.01704867104654075,0.7158068108036503,0.5736765490277931,0.7160098096935167,-1.9543477296829224,2.272592306137085,0.0,0.0
jumper__biped__static__seed_003,/home/rowanli.tangalin/tpr/tpr/results/hpc_rq1/nominal/jumper/biped/static/seed_003,db455981d4b74b4bd51aec3f36a880cfffab1a13397dbde40afbb06363271fae,7272a88d56cffdafeb1b856935c3a3383732f8c5aeb59de6d331811c9a8e54f3,3,1,2344851983452959862,6171704884853545157,Jumper-v0,biped,static,"(45,)",500,W0,0,0.01704867104654075,0.7158068108036503,0.5736765490277931,0.7160098096935167,-1.9543477296829224,2.272592306137085,0.0,0.0
jumper__biped__static__seed_003,/home/rowanli.tangalin/tpr/tpr/results/hpc_rq1/nominal/jumper/biped/static/seed_003,db455981d4b74b4bd51aec3f36a880cfffab1a13397dbde40afbb06363271fae,7272a88d56cffdafeb1b856935c3a3383732f8c5aeb59de6d331811c9a8e54f3,3,1,2344851983452959862,6171704884853545157,Jumper-v0,biped,static,"(45,)",500,W25,125,0.01704867104654075,0.7158068108036503,0.5736765490277931,0.7160098096935167,-1.9543477296829224,2.272592306137085,0.0,0.0
jumper__biped__static__seed_003,/home/rowanli.tangalin/tpr/tpr/results/hpc_rq1/nominal/jumper/biped/static/seed_003,db455981d4b74b4bd51aec3f36a880cfffab1a13397dbde40afbb06363271fae,7272a88d56cffdafeb1b856935c3a3383732f8c5aeb59de6d331811c9a8e54f3,3,1,2344851983452959862,6171704884853545157,Jumper-v0,biped,static,"(45,)",500,W50,250,0.01704867104654075,0.7158068108036503,0.5736765490277931,0.7160098096935167,-1.9543477296829224,2.272592306137085,0.0,0.0
jumper__biped__static__seed_003,/home/rowanli.tangalin/tpr/tpr/results/hpc_rq1/nominal/jumper/biped/static/seed_003,db455981d4b74b4bd51aec3f36a880cfffab1a13397dbde40afbb06363271fae,7272a88d56cffdafeb1b856935c3a3383732f8c5aeb59de6d331811c9a8e54f3,3,1,2344851983452959862,6171704884853545157,Jumper-v0,biped,static,"(45,)",500,W75,375,0.01704867104654075,0.7158068108036503,0.5736765490277931,0.7160098096935167,-1.9543477296829224,2.272592306137085,0.0,0.0
jumper__biped__static__seed_003,/home/rowanli.tangalin/tpr/tpr/results/hpc_rq1/nominal/jumper/biped/static/seed_003,db455981d4b74b4bd51aec3f36a880cfffab1a13397dbde40afbb06363271fae,7272a88d56cffdafeb1b856935c3a3383732f8c5aeb59de6d331811c9a8e54f3,3,1,2344851983452959862,6171704884853545157,Jumper-v0,biped,static,"(45,)",500,Wfinal,500,0.01704867104654075,0.7158068108036503,0.5736765490277931,0.7160098096935167,-1.9543477296829224,2.272592306137085,0.0,0.0
jumper__biped__static__seed_003,/home/rowanli.tangalin/tpr/tpr/results/hpc_rq1/nominal/jumper/biped/static/seed_003,db455981d4b74b4bd51aec3f36a880cfffab1a13397dbde40afbb06363271fae,7272a88d56cffdafeb1b856935c3a3383732f8c5aeb59de6d331811c9a8e54f3,3,2,3189270387817152734,2268335290108042879,Jumper-v0,biped,static,"(45,)",500,W0,0,0.01704867104654075,0.7158068108036503,0.5736765490277931,0.7160098096935167,-1.9543477296829224,2.272592306137085,0.0,0.0
jumper__biped__static__seed_003,/home/rowanli.tangalin/tpr/tpr/results/hpc_rq1/nominal/jumper/biped/static/seed_003,db455981d4b74b4bd51aec3f36a880cfffab1a13397dbde40afbb06363271fae,7272a88d56cffdafeb1b856935c3a3383732f8c5aeb59de6d331811c9a8e54f3,3,2,3189270387817152734,2268335290108042879,Jumper-v0,biped,static,"(45,)",500,W25,125,0.01704867104654075,0.7158068108036503,0.5736765490277931,0.7160098096935167,-1.9543477296829224,2.272592306137085,0.0,0.0
jumper__biped__static__seed_003,/home/rowanli.tangalin/tpr/tpr/results/hpc_rq1/nominal/jumper/biped/static/seed_003,db455981d4b74b4bd51aec3f36a880cfffab1a13397dbde40afbb06363271fae,7272a88d56cffdafeb1b856935c3a3383732f8c5aeb59de6d331811c9a8e54f3,3,2,3189270387817152734,2268335290108042879,Jumper-v0,biped,static,"(45,)",500,W50,250,0.01704867104654075,0.7158068108036503,0.5736765490277931,0.7160098096935167,-1.9543477296829224,2.272592306137085,0.0,0.0
jumper__biped__static__seed_003,/home/rowanli.tangalin/tpr/tpr/results/hpc_rq1/nominal/jumper/biped/static/seed_003,db455981d4b74b4bd51aec3f36a880cfffab1a13397dbde40afbb06363271fae,7272a88d56cffdafeb1b856935c3a3383732f8c5aeb59de6d331811c9a8e54f3,3,2,3189270387817152734,2268335290108042879,Jumper-v0,biped,static,"(45,)",500,W75,375,0.01704867104654075,0.7158068108036503,0.5736765490277931,0.7160098096935167,-1.9543477296829224,2.272592306137085,0.0,0.0
jumper__biped__static__seed_003,/home/rowanli.tangalin/tpr/tpr/results/hpc_rq1/nominal/jumper/biped/static/seed_003,db455981d4b74b4bd51aec3f36a880cfffab1a13397dbde40afbb06363271fae,7272a88d56cffdafeb1b856935c3a3383732f8c5aeb59de6d331811c9a8e54f3,3,2,3189270387817152734,2268335290108042879,Jumper-v0,biped,static,"(45,)",500,Wfinal,500,0.01704867104654075,0.7158068108036503,0.5736765490277931,0.7160098096935167,-1.9543477296829224,2.272592306137085,0.0,0.0
jumper__biped__static__seed_004,/home/rowanli.tangalin/tpr/tpr/results/hpc_rq1/nominal/jumper/biped/static/seed_004,5aff64f671cfe2dfdadd64d38bca80967df7026c419b68df30d01b204d0541d9,a76dfce6251817e329e7d5558e757ec5869f62cf9b55fd395c0435a9bcaea1a6,4,0,4675618027918977294,6264005447694142635,Jumper-v0,biped,static,"(45,)",500,W0,0,-0.0007877386648567155,0.8956362444021367,0.7167259569024077,0.89563659082184,-2.876688003540039,3.4537546634674072,0.0,0.0
jumper__biped__static__seed_004,/home/rowanli.tangalin/tpr/tpr/results/hpc_rq1/nominal/jumper/biped/static/seed_004,5aff64f671cfe2dfdadd64d38bca80967df7026c419b68df30d01b204d0541d9,a76dfce6251817e329e7d5558e757ec5869f62cf9b55fd395c0435a9bcaea1a6,4,0,4675618027918977294,6264005447694142635,Jumper-v0,biped,static,"(45,)",500,W25,125,-0.0007877386648567155,0.8956362444021367,0.7167259569024077,0.89563659082184,-2.876688003540039,3.4537546634674072,0.0,0.0
jumper__biped__static__seed_004,/home/rowanli.tangalin/tpr/tpr/results/hpc_rq1/nominal/jumper/biped/static/seed_004,5aff64f671cfe2dfdadd64d38bca80967df7026c419b68df30d01b204d0541d9,a76dfce6251817e329e7d5558e757ec5869f62cf9b55fd395c0435a9bcaea1a6,4,0,4675618027918977294,6264005447694142635,Jumper-v0,biped,static,"(45,)",500,W50,250,-0.0007877386648567155,0.8956362444021367,0.7167259569024077,0.89563659082184,-2.876688003540039,3.4537546634674072,0.0,0.0
jumper__biped__static__seed_004,/home/rowanli.tangalin/tpr/tpr/results/hpc_rq1/nominal/jumper/biped/static/seed_004,5aff64f671cfe2dfdadd64d38bca80967df7026c419b68df30d01b204d0541d9,a76dfce6251817e329e7d5558e757ec5869f62cf9b55fd395c0435a9bcaea1a6,4,0,4675618027918977294,6264005447694142635,Jumper-v0,biped,static,"(45,)",500,W75,375,-0.0007877386648567155,0.8956362444021367,0.7167259569024077,0.89563659082184,-2.876688003540039,3.4537546634674072,0.0,0.0
jumper__biped__static__seed_004,/home/rowanli.tangalin/tpr/tpr/results/hpc_rq1/nominal/jumper/biped/static/seed_004,5aff64f671cfe2dfdadd64d38bca80967df7026c419b68df30d01b204d0541d9,a76dfce6251817e329e7d5558e757ec5869f62cf9b55fd395c0435a9bcaea1a6,4,0,4675618027918977294,6264005447694142635,Jumper-v0,biped,static,"(45,)",500,Wfinal,500,-0.0007877386648567155,0.8956362444021367,0.7167259569024077,0.89563659082184,-2.876688003540039,3.4537546634674072,0.0,0.0
jumper__biped__static__seed_004,/home/rowanli.tangalin/tpr/tpr/results/hpc_rq1/nominal/jumper/biped/static/seed_004,5aff64f671cfe2dfdadd64d38bca80967df7026c419b68df30d01b204d0541d9,a76dfce6251817e329e7d5558e757ec5869f62cf9b55fd395c0435a9bcaea1a6,4,1,1776748932738538903,3330744174114140836,Jumper-v0,biped,static,"(45,)",500,W0,0,-0.0007877386648567155,0.8956362444021367,0.7167259569024077,0.89563659082184,-2.876688003540039,3.4537546634674072,0.0,0.0
jumper__biped__static__seed_004,/home/rowanli.tangalin/tpr/tpr/results/hpc_rq1/nominal/jumper/biped/static/seed_004,5aff64f671cfe2dfdadd64d38bca80967df7026c419b68df30d01b204d0541d9,a76dfce6251817e329e7d5558e757ec5869f62cf9b55fd395c0435a9bcaea1a6,4,1,1776748932738538903,3330744174114140836,Jumper-v0,biped,static,"(45,)",500,W25,125,-0.0007877386648567155,0.8956362444021367,0.7167259569024077,0.89563659082184,-2.876688003540039,3.4537546634674072,0.0,0.0
jumper__biped__static__seed_004,/home/rowanli.tangalin/tpr/tpr/results/hpc_rq1/nominal/jumper/biped/static/seed_004,5aff64f671cfe2dfdadd64d38bca80967df7026c419b68df30d01b204d0541d9,a76dfce6251817e329e7d5558e757ec5869f62cf9b55fd395c0435a9bcaea1a6,4,1,1776748932738538903,3330744174114140836,Jumper-v0,biped,static,"(45,)",500,W50,250,-0.0007877386648567155,0.8956362444021367,0.7167259569024077,0.89563659082184,-2.876688003540039,3.4537546634674072,0.0,0.0
jumper__biped__static__seed_004,/home/rowanli.tangalin/tpr/tpr/results/hpc_rq1/nominal/jumper/biped/static/seed_004,5aff64f671cfe2dfdadd64d38bca80967df7026c419b68df30d01b204d0541d9,a76dfce6251817e329e7d5558e757ec5869f62cf9b55fd395c0435a9bcaea1a6,4,1,1776748932738538903,3330744174114140836,Jumper-v0,biped,static,"(45,)",500,W75,375,-0.0007877386648567155,0.8956362444021367,0.7167259569024077,0.89563659082184,-2.876688003540039,3.4537546634674072,0.0,0.0
jumper__biped__static__seed_004,/home/rowanli.tangalin/tpr/tpr/results/hpc_rq1/nominal/jumper/biped/static/seed_004,5aff64f671cfe2dfdadd64d38bca80967df7026c419b68df30d01b204d0541d9,a76dfce6251817e329e7d5558e757ec5869f62cf9b55fd395c0435a9bcaea1a6,4,1,1776748932738538903,3330744174114140836,Jumper-v0,biped,static,"(45,)",500,Wfinal,500,-0.0007877386648567155,0.8956362444021367,0.7167259569024077,0.89563659082184,-2.876688003540039,3.4537546634674072,0.0,0.0
jumper__biped__static__seed_004,/home/rowanli.tangalin/tpr/tpr/results/hpc_rq1/nominal/jumper/biped/static/seed_004,5aff64f671cfe2dfdadd64d38bca80967df7026c419b68df30d01b204d0541d9,a76dfce6251817e329e7d5558e757ec5869f62cf9b55fd395c0435a9bcaea1a6,4,2,1844154726293175647,4425154243183907800,Jumper-v0,biped,static,"(45,)",500,W0,0,-0.0007877386648567155,0.8956362444021367,0.7167259569024077,0.89563659082184,-2.876688003540039,3.4537546634674072,0.0,0.0
jumper__biped__static__seed_004,/home/rowanli.tangalin/tpr/tpr/results/hpc_rq1/nominal/jumper/biped/static/seed_004,5aff64f671cfe2dfdadd64d38bca80967df7026c419b68df30d01b204d0541d9,a76dfce6251817e329e7d5558e757ec5869f62cf9b55fd395c0435a9bcaea1a6,4,2,1844154726293175647,4425154243183907800,Jumper-v0,biped,static,"(45,)",500,W25,125,-0.0007877386648567155,0.8956362444021367,0.7167259569024077,0.89563659082184,-2.876688003540039,3.4537546634674072,0.0,0.0
jumper__biped__static__seed_004,/home/rowanli.tangalin/tpr/tpr/results/hpc_rq1/nominal/jumper/biped/static/seed_004,5aff64f671cfe2dfdadd64d38bca80967df7026c419b68df30d01b204d0541d9,a76dfce6251817e329e7d5558e757ec5869f62cf9b55fd395c0435a9bcaea1a6,4,2,1844154726293175647,4425154243183907800,Jumper-v0,biped,static,"(45,)",500,W50,250,-0.0007877386648567155,0.8956362444021367,0.7167259569024077,0.89563659082184,-2.876688003540039,3.4537546634674072,0.0,0.0
jumper__biped__static__seed_004,/home/rowanli.tangalin/tpr/tpr/results/hpc_rq1/nominal/jumper/biped/static/seed_004,5aff64f671cfe2dfdadd64d38bca80967df7026c419b68df30d01b204d0541d9,a76dfce6251817e329e7d5558e757ec5869f62cf9b55fd395c0435a9bcaea1a6,4,2,1844154726293175647,4425154243183907800,Jumper-v0,biped,static,"(45,)",500,W75,375,-0.0007877386648567155,0.8956362444021367,0.7167259569024077,0.89563659082184,-2.876688003540039,3.4537546634674072,0.0,0.0
jumper__biped__static__seed_004,/home/rowanli.tangalin/tpr/tpr/results/hpc_rq1/nominal/jumper/biped/static/seed_004,5aff64f671cfe2dfdadd64d38bca80967df7026c419b68df30d01b204d0541d9,a76dfce6251817e329e7d5558e757ec5869f62cf9b55fd395c0435a9bcaea1a6,4,2,1844154726293175647,4425154243183907800,Jumper-v0,biped,static,"(45,)",500,Wfinal,500,-0.0007877386648567155,0.8956362444021367,0.7167259569024077,0.89563659082184,-2.876688003540039,3.4537546634674072,0.0,0.0
jumper__biped__static__seed_005,/home/rowanli.tangalin/tpr/tpr/results/hpc_rq1/nominal/jumper/biped/static/seed_005,fe7da90b51997cb80cd640a745f5d8b9c8c3f74d53079b2374d144ec903eb8a1,00fd44780c75fc2bf82a6562ae300a72a946e6717513936cfaabbde7a51ed7f5,5,0,6537336262564968459,5568806234066008283,Jumper-v0,biped,static,"(45,)",500,W0,0,-0.04082787066612166,1.3220017076009767,1.053807641346929,1.3226320085053997,-4.664798259735107,4.653772830963135,0.0,0.0
jumper__biped__static__seed_005,/home/rowanli.tangalin/tpr/tpr/results/hpc_rq1/nominal/jumper/biped/static/seed_005,fe7da90b51997cb80cd640a745f5d8b9c8c3f74d53079b2374d144ec903eb8a1,00fd44780c75fc2bf82a6562ae300a72a946e6717513936cfaabbde7a51ed7f5,5,0,6537336262564968459,5568806234066008283,Jumper-v0,biped,static,"(45,)",500,W25,125,-0.04082787066612166,1.3220017076009767,1.053807641346929,1.3226320085053997,-4.664798259735107,4.653772830963135,0.0,0.0
jumper__biped__static__seed_005,/home/rowanli.tangalin/tpr/tpr/results/hpc_rq1/nominal/jumper/biped/static/seed_005,fe7da90b51997cb80cd640a745f5d8b9c8c3f74d53079b2374d144ec903eb8a1,00fd44780c75fc2bf82a6562ae300a72a946e6717513936cfaabbde7a51ed7f5,5,0,6537336262564968459,5568806234066008283,Jumper-v0,biped,static,"(45,)",500,W50,250,-0.04082787066612166,1.3220017076009767,1.053807641346929,1.3226320085053997,-4.664798259735107,4.653772830963135,0.0,0.0
jumper__biped__static__seed_005,/home/rowanli.tangalin/tpr/tpr/results/hpc_rq1/nominal/jumper/biped/static/seed_005,fe7da90b51997cb80cd640a745f5d8b9c8c3f74d53079b2374d144ec903eb8a1,00fd44780c75fc2bf82a6562ae300a72a946e6717513936cfaabbde7a51ed7f5,5,0,6537336262564968459,5568806234066008283,Jumper-v0,biped,static,"(45,)",500,W75,375,-0.04082787066612166,1.3220017076009767,1.053807641346929,1.3226320085053997,-4.664798259735107,4.653772830963135,0.0,0.0
jumper__biped__static__seed_005,/home/rowanli.tangalin/tpr/tpr/results/hpc_rq1/nominal/jumper/biped/static/seed_005,fe7da90b51997cb80cd640a745f5d8b9c8c3f74d53079b2374d144ec903eb8a1,00fd44780c75fc2bf82a6562ae300a72a946e6717513936cfaabbde7a51ed7f5,5,0,6537336262564968459,5568806234066008283,Jumper-v0,biped,static,"(45,)",500,Wfinal,500,-0.04082787066612166,1.3220017076009767,1.053807641346929,1.3226320085053997,-4.664798259735107,4.653772830963135,0.0,0.0
jumper__biped__static__seed_005,/home/rowanli.tangalin/tpr/tpr/results/hpc_rq1/nominal/jumper/biped/static/seed_005,fe7da90b51997cb80cd640a745f5d8b9c8c3f74d53079b2374d144ec903eb8a1,00fd44780c75fc2bf82a6562ae300a72a946e6717513936cfaabbde7a51ed7f5,5,1,7847246716821455116,5175985587420486963,Jumper-v0,biped,static,"(45,)",500,W0,0,-0.04082787066612166,1.3220017076009767,1.053807641346929,1.3226320085053997,-4.664798259735107,4.653772830963135,0.0,0.0
jumper__biped__static__seed_005,/home/rowanli.tangalin/tpr/tpr/results/hpc_rq1/nominal/jumper/biped/static/seed_005,fe7da90b51997cb80cd640a745f5d8b9c8c3f74d53079b2374d144ec903eb8a1,00fd44780c75fc2bf82a6562ae300a72a946e6717513936cfaabbde7a51ed7f5,5,1,7847246716821455116,5175985587420486963,Jumper-v0,biped,static,"(45,)",500,W25,125,-0.04082787066612166,1.3220017076009767,1.053807641346929,1.3226320085053997,-4.664798259735107,4.653772830963135,0.0,0.0
jumper__biped__static__seed_005,/home/rowanli.tangalin/tpr/tpr/results/hpc_rq1/nominal/jumper/biped/static/seed_005,fe7da90b51997cb80cd640a745f5d8b9c8c3f74d53079b2374d144ec903eb8a1,00fd44780c75fc2bf82a6562ae300a72a946e6717513936cfaabbde7a51ed7f5,5,1,7847246716821455116,5175985587420486963,Jumper-v0,biped,static,"(45,)",500,W50,250,-0.04082787066612166,1.3220017076009767,1.053807641346929,1.3226320085053997,-4.664798259735107,4.653772830963135,0.0,0.0
jumper__biped__static__seed_005,/home/rowanli.tangalin/tpr/tpr/results/hpc_rq1/nominal/jumper/biped/static/seed_005,fe7da90b51997cb80cd640a745f5d8b9c8c3f74d53079b2374d144ec903eb8a1,00fd44780c75fc2bf82a6562ae300a72a946e6717513936cfaabbde7a51ed7f5,5,1,7847246716821455116,5175985587420486963,Jumper-v0,biped,static,"(45,)",500,W75,375,-0.04082787066612166,1.3220017076009767,1.053807641346929,1.3226320085053997,-4.664798259735107,4.653772830963135,0.0,0.0
jumper__biped__static__seed_005,/home/rowanli.tangalin/tpr/tpr/results/hpc_rq1/nominal/jumper/biped/static/seed_005,fe7da90b51997cb80cd640a745f5d8b9c8c3f74d53079b2374d144ec903eb8a1,00fd44780c75fc2bf82a6562ae300a72a946e6717513936cfaabbde7a51ed7f5,5,1,7847246716821455116,5175985587420486963,Jumper-v0,biped,static,"(45,)",500,Wfinal,500,-0.04082787066612166,1.3220017076009767,1.053807641346929,1.3226320085053997,-4.664798259735107,4.653772830963135,0.0,0.0
jumper__biped__static__seed_005,/home/rowanli.tangalin/tpr/tpr/results/hpc_rq1/nominal/jumper/biped/static/seed_005,fe7da90b51997cb80cd640a745f5d8b9c8c3f74d53079b2374d144ec903eb8a1,00fd44780c75fc2bf82a6562ae300a72a946e6717513936cfaabbde7a51ed7f5,5,2,8874890859321386193,4629262467755900572,Jumper-v0,biped,static,"(45,)",500,W0,0,-0.04082787066612166,1.3220017076009767,1.053807641346929,1.3226320085053997,-4.664798259735107,4.653772830963135,0.0,0.0
jumper__biped__static__seed_005,/home/rowanli.tangalin/tpr/tpr/results/hpc_rq1/nominal/jumper/biped/static/seed_005,fe7da90b51997cb80cd640a745f5d8b9c8c3f74d53079b2374d144ec903eb8a1,00fd44780c75fc2bf82a6562ae300a72a946e6717513936cfaabbde7a51ed7f5,5,2,8874890859321386193,4629262467755900572,Jumper-v0,biped,static,"(45,)",500,W25,125,-0.04082787066612166,1.3220017076009767,1.053807641346929,1.3226320085053997,-4.664798259735107,4.653772830963135,0.0,0.0
jumper__biped__static__seed_005,/home/rowanli.tangalin/tpr/tpr/results/hpc_rq1/nominal/jumper/biped/static/seed_005,fe7da90b51997cb80cd640a745f5d8b9c8c3f74d53079b2374d144ec903eb8a1,00fd44780c75fc2bf82a6562ae300a72a946e6717513936cfaabbde7a51ed7f5,5,2,8874890859321386193,4629262467755900572,Jumper-v0,biped,static,"(45,)",500,W50,250,-0.04082787066612166,1.3220017076009767,1.053807641346929,1.3226320085053997,-4.664798259735107,4.653772830963135,0.0,0.0
jumper__biped__static__seed_005,/home/rowanli.tangalin/tpr/tpr/results/hpc_rq1/nominal/jumper/biped/static/seed_005,fe7da90b51997cb80cd640a745f5d8b9c8c3f74d53079b2374d144ec903eb8a1,00fd44780c75fc2bf82a6562ae300a72a946e6717513936cfaabbde7a51ed7f5,5,2,8874890859321386193,4629262467755900572,Jumper-v0,biped,static,"(45,)",500,W75,375,-0.04082787066612166,1.3220017076009767,1.053807641346929,1.3226320085053997,-4.664798259735107,4.653772830963135,0.0,0.0
jumper__biped__static__seed_005,/home/rowanli.tangalin/tpr/tpr/results/hpc_rq1/nominal/jumper/biped/static/seed_005,fe7da90b51997cb80cd640a745f5d8b9c8c3f74d53079b2374d144ec903eb8a1,00fd44780c75fc2bf82a6562ae300a72a946e6717513936cfaabbde7a51ed7f5,5,2,8874890859321386193,4629262467755900572,Jumper-v0,biped,static,"(45,)",500,Wfinal,500,-0.04082787066612166,1.3220017076009767,1.053807641346929,1.3226320085053997,-4.664798259735107,4.653772830963135,0.0,0.0
jumper__biped__static__seed_006,/home/rowanli.tangalin/tpr/tpr/results/hpc_rq1/nominal/jumper/biped/static/seed_006,908d5e0947b1e06cc4b56a682b99aa149e7dcfbad3d699e3c844151a7b9e0fc8,4951aac24c35cf8ca173d889d10479f159c282272e3788263389d13881c9532a,6,0,4697810511805331226,1837341966890607914,Jumper-v0,biped,static,"(45,)",500,W0,0,0.0036701182383786207,1.0915931758719366,0.8697144545080722,1.091599345629185,-3.9554619789123535,3.3916304111480713,0.0,0.0
jumper__biped__static__seed_006,/home/rowanli.tangalin/tpr/tpr/results/hpc_rq1/nominal/jumper/biped/static/seed_006,908d5e0947b1e06cc4b56a682b99aa149e7dcfbad3d699e3c844151a7b9e0fc8,4951aac24c35cf8ca173d889d10479f159c282272e3788263389d13881c9532a,6,0,4697810511805331226,1837341966890607914,Jumper-v0,biped,static,"(45,)",500,W25,125,0.0036701182383786207,1.0915931758719366,0.8697144545080722,1.091599345629185,-3.9554619789123535,3.3916304111480713,0.0,0.0
jumper__biped__static__seed_006,/home/rowanli.tangalin/tpr/tpr/results/hpc_rq1/nominal/jumper/biped/static/seed_006,908d5e0947b1e06cc4b56a682b99aa149e7dcfbad3d699e3c844151a7b9e0fc8,4951aac24c35cf8ca173d889d10479f159c282272e3788263389d13881c9532a,6,0,4697810511805331226,1837341966890607914,Jumper-v0,biped,static,"(45,)",500,W50,250,0.0036701182383786207,1.0915931758719366,0.8697144545080722,1.091599345629185,-3.9554619789123535,3.3916304111480713,0.0,0.0
jumper__biped__static__seed_006,/home/rowanli.tangalin/tpr/tpr/results/hpc_rq1/nominal/jumper/biped/static/seed_006,908d5e0947b1e06cc4b56a682b99aa149e7dcfbad3d699e3c844151a7b9e0fc8,4951aac24c35cf8ca173d889d10479f159c282272e3788263389d13881c9532a,6,0,4697810511805331226,1837341966890607914,Jumper-v0,biped,static,"(45,)",500,W75,375,0.0036701182383786207,1.0915931758719366,0.8697144545080722,1.091599345629185,-3.9554619789123535,3.3916304111480713,0.0,0.0
jumper__biped__static__seed_006,/home/rowanli.tangalin/tpr/tpr/results/hpc_rq1/nominal/jumper/biped/static/seed_006,908d5e0947b1e06cc4b56a682b99aa149e7dcfbad3d699e3c844151a7b9e0fc8,4951aac24c35cf8ca173d889d10479f159c282272e3788263389d13881c9532a,6,0,4697810511805331226,1837341966890607914,Jumper-v0,biped,static,"(45,)",500,Wfinal,500,0.0036701182383786207,1.0915931758719366,0.8697144545080722,1.091599345629185,-3.9554619789123535,3.3916304111480713,0.0,0.0
jumper__biped__static__seed_006,/home/rowanli.tangalin/tpr/tpr/results/hpc_rq1/nominal/jumper/biped/static/seed_006,908d5e0947b1e06cc4b56a682b99aa149e7dcfbad3d699e3c844151a7b9e0fc8,4951aac24c35cf8ca173d889d10479f159c282272e3788263389d13881c9532a,6,1,212357942801270703,7001556810303355477,Jumper-v0,biped,static,"(45,)",500,W0,0,0.0036701182383786207,1.0915931758719366,0.8697144545080722,1.091599345629185,-3.9554619789123535,3.3916304111480713,0.0,0.0
jumper__biped__static__seed_006,/home/rowanli.tangalin/tpr/tpr/results/hpc_rq1/nominal/jumper/biped/static/seed_006,908d5e0947b1e06cc4b56a682b99aa149e7dcfbad3d699e3c844151a7b9e0fc8,4951aac24c35cf8ca173d889d10479f159c282272e3788263389d13881c9532a,6,1,212357942801270703,7001556810303355477,Jumper-v0,biped,static,"(45,)",500,W25,125,0.0036701182383786207,1.0915931758719366,0.8697144545080722,1.091599345629185,-3.9554619789123535,3.3916304111480713,0.0,0.0
jumper__biped__static__seed_006,/home/rowanli.tangalin/tpr/tpr/results/hpc_rq1/nominal/jumper/biped/static/seed_006,908d5e0947b1e06cc4b56a682b99aa149e7dcfbad3d699e3c844151a7b9e0fc8,4951aac24c35cf8ca173d889d10479f159c282272e3788263389d13881c9532a,6,1,212357942801270703,7001556810303355477,Jumper-v0,biped,static,"(45,)",500,W50,250,0.0036701182383786207,1.0915931758719366,0.8697144545080722,1.091599345629185,-3.9554619789123535,3.3916304111480713,0.0,0.0
jumper__biped__static__seed_006,/home/rowanli.tangalin/tpr/tpr/results/hpc_rq1/nominal/jumper/biped/static/seed_006,908d5e0947b1e06cc4b56a682b99aa149e7dcfbad3d699e3c844151a7b9e0fc8,4951aac24c35cf8ca173d889d10479f159c282272e3788263389d13881c9532a,6,1,212357942801270703,7001556810303355477,Jumper-v0,biped,static,"(45,)",500,W75,375,0.0036701182383786207,1.0915931758719366,0.8697144545080722,1.091599345629185,-3.9554619789123535,3.3916304111480713,0.0,0.0
jumper__biped__static__seed_006,/home/rowanli.tangalin/tpr/tpr/results/hpc_rq1/nominal/jumper/biped/static/seed_006,908d5e0947b1e06cc4b56a682b99aa149e7dcfbad3d699e3c844151a7b9e0fc8,4951aac24c35cf8ca173d889d10479f159c282272e3788263389d13881c9532a,6,1,212357942801270703,7001556810303355477,Jumper-v0,biped,static,"(45,)",500,Wfinal,500,0.0036701182383786207,1.0915931758719366,0.8697144545080722,1.091599345629185,-3.9554619789123535,3.3916304111480713,0.0,0.0
jumper__biped__static__seed_006,/home/rowanli.tangalin/tpr/tpr/results/hpc_rq1/nominal/jumper/biped/static/seed_006,908d5e0947b1e06cc4b56a682b99aa149e7dcfbad3d699e3c844151a7b9e0fc8,4951aac24c35cf8ca173d889d10479f159c282272e3788263389d13881c9532a,6,2,9197516287707139064,7789448062882196537,Jumper-v0,biped,static,"(45,)",500,W0,0,0.0036701182383786207,1.0915931758719366,0.8697144545080722,1.091599345629185,-3.9554619789123535,3.3916304111480713,0.0,0.0
jumper__biped__static__seed_006,/home/rowanli.tangalin/tpr/tpr/results/hpc_rq1/nominal/jumper/biped/static/seed_006,908d5e0947b1e06cc4b56a682b99aa149e7dcfbad3d699e3c844151a7b9e0fc8,4951aac24c35cf8ca173d889d10479f159c282272e3788263389d13881c9532a,6,2,9197516287707139064,7789448062882196537,Jumper-v0,biped,static,"(45,)",500,W25,125,0.0036701182383786207,1.0915931758719366,0.8697144545080722,1.091599345629185,-3.9554619789123535,3.3916304111480713,0.0,0.0
jumper__biped__static__seed_006,/home/rowanli.tangalin/tpr/tpr/results/hpc_rq1/nominal/jumper/biped/static/seed_006,908d5e0947b1e06cc4b56a682b99aa149e7dcfbad3d699e3c844151a7b9e0fc8,4951aac24c35cf8ca173d889d10479f159c282272e3788263389d13881c9532a,6,2,9197516287707139064,7789448062882196537,Jumper-v0,biped,static,"(45,)",500,W50,250,0.0036701182383786207,1.0915931758719366,0.8697144545080722,1.091599345629185,-3.9554619789123535,3.3916304111480713,0.0,0.0
jumper__biped__static__seed_006,/home/rowanli.tangalin/tpr/tpr/results/hpc_rq1/nominal/jumper/biped/static/seed_006,908d5e0947b1e06cc4b56a682b99aa149e7dcfbad3d699e3c844151a7b9e0fc8,4951aac24c35cf8ca173d889d10479f159c282272e3788263389d13881c9532a,6,2,9197516287707139064,7789448062882196537,Jumper-v0,biped,static,"(45,)",500,W75,375,0.0036701182383786207,1.0915931758719366,0.8697144545080722,1.091599345629185,-3.9554619789123535,3.3916304111480713,0.0,0.0
jumper__biped__static__seed_006,/home/rowanli.tangalin/tpr/tpr/results/hpc_rq1/nominal/jumper/biped/static/seed_006,908d5e0947b1e06cc4b56a682b99aa149e7dcfbad3d699e3c844151a7b9e0fc8,4951aac24c35cf8ca173d889d10479f159c282272e3788263389d13881c9532a,6,2,9197516287707139064,7789448062882196537,Jumper-v0,biped,static,"(45,)",500,Wfinal,500,0.0036701182383786207,1.0915931758719366,0.8697144545080722,1.091599345629185,-3.9554619789123535,3.3916304111480713,0.0,0.0
jumper__biped__static__seed_007,/home/rowanli.tangalin/tpr/tpr/results/hpc_rq1/nominal/jumper/biped/static/seed_007,704e9cab57822d8db97108fceb2bc5ea665c40eb040480779910087ab1071f08,209c9d136b56592d5a1c75cf24ebb895da1333ba9524c8d6e34b531c78e08d50,7,0,7273538705011962834,3327181185902024434,Jumper-v0,biped,static,"(45,)",500,W0,0,-0.033064227679278704,1.167697216306533,0.9403031407029805,1.1681652417881867,-4.743791580200195,3.734039068222046,0.0,0.0
jumper__biped__static__seed_007,/home/rowanli.tangalin/tpr/tpr/results/hpc_rq1/nominal/jumper/biped/static/seed_007,704e9cab57822d8db97108fceb2bc5ea665c40eb040480779910087ab1071f08,209c9d136b56592d5a1c75cf24ebb895da1333ba9524c8d6e34b531c78e08d50,7,0,7273538705011962834,3327181185902024434,Jumper-v0,biped,static,"(45,)",500,W25,125,-0.033064227679278704,1.167697216306533,0.9403031407029805,1.1681652417881867,-4.743791580200195,3.734039068222046,0.0,0.0
jumper__biped__static__seed_007,/home/rowanli.tangalin/tpr/tpr/results/hpc_rq1/nominal/jumper/biped/static/seed_007,704e9cab57822d8db97108fceb2bc5ea665c40eb040480779910087ab1071f08,209c9d136b56592d5a1c75cf24ebb895da1333ba9524c8d6e34b531c78e08d50,7,0,7273538705011962834,3327181185902024434,Jumper-v0,biped,static,"(45,)",500,W50,250,-0.033064227679278704,1.167697216306533,0.9403031407029805,1.1681652417881867,-4.743791580200195,3.734039068222046,0.0,0.0
jumper__biped__static__seed_007,/home/rowanli.tangalin/tpr/tpr/results/hpc_rq1/nominal/jumper/biped/static/seed_007,704e9cab57822d8db97108fceb2bc5ea665c40eb040480779910087ab1071f08,209c9d136b56592d5a1c75cf24ebb895da1333ba9524c8d6e34b531c78e08d50,7,0,7273538705011962834,3327181185902024434,Jumper-v0,biped,static,"(45,)",500,W75,375,-0.033064227679278704,1.167697216306533,0.9403031407029805,1.1681652417881867,-4.743791580200195,3.734039068222046,0.0,0.0
jumper__biped__static__seed_007,/home/rowanli.tangalin/tpr/tpr/results/hpc_rq1/nominal/jumper/biped/static/seed_007,704e9cab57822d8db97108fceb2bc5ea665c40eb040480779910087ab1071f08,209c9d136b56592d5a1c75cf24ebb895da1333ba9524c8d6e34b531c78e08d50,7,0,7273538705011962834,3327181185902024434,Jumper-v0,biped,static,"(45,)",500,Wfinal,500,-0.033064227679278704,1.167697216306533,0.9403031407029805,1.1681652417881867,-4.743791580200195,3.734039068222046,0.0,0.0
jumper__biped__static__seed_007,/home/rowanli.tangalin/tpr/tpr/results/hpc_rq1/nominal/jumper/biped/static/seed_007,704e9cab57822d8db97108fceb2bc5ea665c40eb040480779910087ab1071f08,209c9d136b56592d5a1c75cf24ebb895da1333ba9524c8d6e34b531c78e08d50,7,1,219581318861383269,6126904072154767176,Jumper-v0,biped,static,"(45,)",500,W0,0,-0.033064227679278704,1.167697216306533,0.9403031407029805,1.1681652417881867,-4.743791580200195,3.734039068222046,0.0,0.0
jumper__biped__static__seed_007,/home/rowanli.tangalin/tpr/tpr/results/hpc_rq1/nominal/jumper/biped/static/seed_007,704e9cab57822d8db97108fceb2bc5ea665c40eb040480779910087ab1071f08,209c9d136b56592d5a1c75cf24ebb895da1333ba9524c8d6e34b531c78e08d50,7,1,219581318861383269,6126904072154767176,Jumper-v0,biped,static,"(45,)",500,W25,125,-0.033064227679278704,1.167697216306533,0.9403031407029805,1.1681652417881867,-4.743791580200195,3.734039068222046,0.0,0.0
jumper__biped__static__seed_007,/home/rowanli.tangalin/tpr/tpr/results/hpc_rq1/nominal/jumper/biped/static/seed_007,704e9cab57822d8db97108fceb2bc5ea665c40eb040480779910087ab1071f08,209c9d136b56592d5a1c75cf24ebb895da1333ba9524c8d6e34b531c78e08d50,7,1,219581318861383269,6126904072154767176,Jumper-v0,biped,static,"(45,)",500,W50,250,-0.033064227679278704,1.167697216306533,0.9403031407029805,1.1681652417881867,-4.743791580200195,3.734039068222046,0.0,0.0
jumper__biped__static__seed_007,/home/rowanli.tangalin/tpr/tpr/results/hpc_rq1/nominal/jumper/biped/static/seed_007,704e9cab57822d8db97108fceb2bc5ea665c40eb040480779910087ab1071f08,209c9d136b56592d5a1c75cf24ebb895da1333ba9524c8d6e34b531c78e08d50,7,1,219581318861383269,6126904072154767176,Jumper-v0,biped,static,"(45,)",500,W75,375,-0.033064227679278704,1.167697216306533,0.9403031407029805,1.1681652417881867,-4.743791580200195,3.734039068222046,0.0,0.0
jumper__biped__static__seed_007,/home/rowanli.tangalin/tpr/tpr/results/hpc_rq1/nominal/jumper/biped/static/seed_007,704e9cab57822d8db97108fceb2bc5ea665c40eb040480779910087ab1071f08,209c9d136b56592d5a1c75cf24ebb895da1333ba9524c8d6e34b531c78e08d50,7,1,219581318861383269,6126904072154767176,Jumper-v0,biped,static,"(45,)",500,Wfinal,500,-0.033064227679278704,1.167697216306533,0.9403031407029805,1.1681652417881867,-4.743791580200195,3.734039068222046,0.0,0.0
jumper__biped__static__seed_007,/home/rowanli.tangalin/tpr/tpr/results/hpc_rq1/nominal/jumper/biped/static/seed_007,704e9cab57822d8db97108fceb2bc5ea665c40eb040480779910087ab1071f08,209c9d136b56592d5a1c75cf24ebb895da1333ba9524c8d6e34b531c78e08d50,7,2,7655123995385766933,8050610523573754527,Jumper-v0,biped,static,"(45,)",500,W0,0,-0.033064227679278704,1.167697216306533,0.9403031407029805,1.1681652417881867,-4.743791580200195,3.734039068222046,0.0,0.0
jumper__biped__static__seed_007,/home/rowanli.tangalin/tpr/tpr/results/hpc_rq1/nominal/jumper/biped/static/seed_007,704e9cab57822d8db97108fceb2bc5ea665c40eb040480779910087ab1071f08,209c9d136b56592d5a1c75cf24ebb895da1333ba9524c8d6e34b531c78e08d50,7,2,7655123995385766933,8050610523573754527,Jumper-v0,biped,static,"(45,)",500,W25,125,-0.033064227679278704,1.167697216306533,0.9403031407029805,1.1681652417881867,-4.743791580200195,3.734039068222046,0.0,0.0
jumper__biped__static__seed_007,/home/rowanli.tangalin/tpr/tpr/results/hpc_rq1/nominal/jumper/biped/static/seed_007,704e9cab57822d8db97108fceb2bc5ea665c40eb040480779910087ab1071f08,209c9d136b56592d5a1c75cf24ebb895da1333ba9524c8d6e34b531c78e08d50,7,2,7655123995385766933,8050610523573754527,Jumper-v0,biped,static,"(45,)",500,W50,250,-0.033064227679278704,1.167697216306533,0.9403031407029805,1.1681652417881867,-4.743791580200195,3.734039068222046,0.0,0.0
jumper__biped__static__seed_007,/home/rowanli.tangalin/tpr/tpr/results/hpc_rq1/nominal/jumper/biped/static/seed_007,704e9cab57822d8db97108fceb2bc5ea665c40eb040480779910087ab1071f08,209c9d136b56592d5a1c75cf24ebb895da1333ba9524c8d6e34b531c78e08d50,7,2,7655123995385766933,8050610523573754527,Jumper-v0,biped,static,"(45,)",500,W75,375,-0.033064227679278704,1.167697216306533,0.9403031407029805,1.1681652417881867,-4.743791580200195,3.734039068222046,0.0,0.0
jumper__biped__static__seed_007,/home/rowanli.tangalin/tpr/tpr/results/hpc_rq1/nominal/jumper/biped/static/seed_007,704e9cab57822d8db97108fceb2bc5ea665c40eb040480779910087ab1071f08,209c9d136b56592d5a1c75cf24ebb895da1333ba9524c8d6e34b531c78e08d50,7,2,7655123995385766933,8050610523573754527,Jumper-v0,biped,static,"(45,)",500,Wfinal,500,-0.033064227679278704,1.167697216306533,0.9403031407029805,1.1681652417881867,-4.743791580200195,3.734039068222046,0.0,0.0
jumper__biped__static__seed_008,/home/rowanli.tangalin/tpr/tpr/results/hpc_rq1/nominal/jumper/biped/static/seed_008,4d3d3c98b1f56896bd067218a95e7297ef5c50d1653b0b5c8defe61ed350cc3a,f53bc3237be5baea0ff0a631a3dfb0bff749693ddc66e026427ad9708c855162,8,0,4480449054597749916,4714160801966532834,Jumper-v0,biped,static,"(45,)",500,W0,0,-0.00558170124521602,1.2315524845365287,0.9790636179490728,1.2315651332986361,-4.301000118255615,4.236320495605469,0.0,0.0
jumper__biped__static__seed_008,/home/rowanli.tangalin/tpr/tpr/results/hpc_rq1/nominal/jumper/biped/static/seed_008,4d3d3c98b1f56896bd067218a95e7297ef5c50d1653b0b5c8defe61ed350cc3a,f53bc3237be5baea0ff0a631a3dfb0bff749693ddc66e026427ad9708c855162,8,0,4480449054597749916,4714160801966532834,Jumper-v0,biped,static,"(45,)",500,W25,125,-0.00558170124521602,1.2315524845365287,0.9790636179490728,1.2315651332986361,-4.301000118255615,4.236320495605469,0.0,0.0
jumper__biped__static__seed_008,/home/rowanli.tangalin/tpr/tpr/results/hpc_rq1/nominal/jumper/biped/static/seed_008,4d3d3c98b1f56896bd067218a95e7297ef5c50d1653b0b5c8defe61ed350cc3a,f53bc3237be5baea0ff0a631a3dfb0bff749693ddc66e026427ad9708c855162,8,0,4480449054597749916,4714160801966532834,Jumper-v0,biped,static,"(45,)",500,W50,250,-0.00558170124521602,1.2315524845365287,0.9790636179490728,1.2315651332986361,-4.301000118255615,4.236320495605469,0.0,0.0
jumper__biped__static__seed_008,/home/rowanli.tangalin/tpr/tpr/results/hpc_rq1/nominal/jumper/biped/static/seed_008,4d3d3c98b1f56896bd067218a95e7297ef5c50d1653b0b5c8defe61ed350cc3a,f53bc3237be5baea0ff0a631a3dfb0bff749693ddc66e026427ad9708c855162,8,0,4480449054597749916,4714160801966532834,Jumper-v0,biped,static,"(45,)",500,W75,375,-0.00558170124521602,1.2315524845365287,0.9790636179490728,1.2315651332986361,-4.301000118255615,4.236320495605469,0.0,0.0
jumper__biped__static__seed_008,/home/rowanli.tangalin/tpr/tpr/results/hpc_rq1/nominal/jumper/biped/static/seed_008,4d3d3c98b1f56896bd067218a95e7297ef5c50d1653b0b5c8defe61ed350cc3a,f53bc3237be5baea0ff0a631a3dfb0bff749693ddc66e026427ad9708c855162,8,0,4480449054597749916,4714160801966532834,Jumper-v0,biped,static,"(45,)",500,Wfinal,500,-0.00558170124521602,1.2315524845365287,0.9790636179490728,1.2315651332986361,-4.301000118255615,4.236320495605469,0.0,0.0
jumper__biped__static__seed_008,/home/rowanli.tangalin/tpr/tpr/results/hpc_rq1/nominal/jumper/biped/static/seed_008,4d3d3c98b1f56896bd067218a95e7297ef5c50d1653b0b5c8defe61ed350cc3a,f53bc3237be5baea0ff0a631a3dfb0bff749693ddc66e026427ad9708c855162,8,1,8169066096088904802,2410012360361453569,Jumper-v0,biped,static,"(45,)",500,W0,0,-0.00558170124521602,1.2315524845365287,0.9790636179490728,1.2315651332986361,-4.301000118255615,4.236320495605469,0.0,0.0
jumper__biped__static__seed_008,/home/rowanli.tangalin/tpr/tpr/results/hpc_rq1/nominal/jumper/biped/static/seed_008,4d3d3c98b1f56896bd067218a95e7297ef5c50d1653b0b5c8defe61ed350cc3a,f53bc3237be5baea0ff0a631a3dfb0bff749693ddc66e026427ad9708c855162,8,1,8169066096088904802,2410012360361453569,Jumper-v0,biped,static,"(45,)",500,W25,125,-0.00558170124521602,1.2315524845365287,0.9790636179490728,1.2315651332986361,-4.301000118255615,4.236320495605469,0.0,0.0
jumper__biped__static__seed_008,/home/rowanli.tangalin/tpr/tpr/results/hpc_rq1/nominal/jumper/biped/static/seed_008,4d3d3c98b1f56896bd067218a95e7297ef5c50d1653b0b5c8defe61ed350cc3a,f53bc3237be5baea0ff0a631a3dfb0bff749693ddc66e026427ad9708c855162,8,1,8169066096088904802,2410012360361453569,Jumper-v0,biped,static,"(45,)",500,W50,250,-0.00558170124521602,1.2315524845365287,0.9790636179490728,1.2315651332986361,-4.301000118255615,4.236320495605469,0.0,0.0
jumper__biped__static__seed_008,/home/rowanli.tangalin/tpr/tpr/results/hpc_rq1/nominal/jumper/biped/static/seed_008,4d3d3c98b1f56896bd067218a95e7297ef5c50d1653b0b5c8defe61ed350cc3a,f53bc3237be5baea0ff0a631a3dfb0bff749693ddc66e026427ad9708c855162,8,1,8169066096088904802,2410012360361453569,Jumper-v0,biped,static,"(45,)",500,W75,375,-0.00558170124521602,1.2315524845365287,0.9790636179490728,1.2315651332986361,-4.301000118255615,4.236320495605469,0.0,0.0
jumper__biped__static__seed_008,/home/rowanli.tangalin/tpr/tpr/results/hpc_rq1/nominal/jumper/biped/static/seed_008,4d3d3c98b1f56896bd067218a95e7297ef5c50d1653b0b5c8defe61ed350cc3a,f53bc3237be5baea0ff0a631a3dfb0bff749693ddc66e026427ad9708c855162,8,1,8169066096088904802,2410012360361453569,Jumper-v0,biped,static,"(45,)",500,Wfinal,500,-0.00558170124521602,1.2315524845365287,0.9790636179490728,1.2315651332986361,-4.301000118255615,4.236320495605469,0.0,0.0
jumper__biped__static__seed_008,/home/rowanli.tangalin/tpr/tpr/results/hpc_rq1/nominal/jumper/biped/static/seed_008,4d3d3c98b1f56896bd067218a95e7297ef5c50d1653b0b5c8defe61ed350cc3a,f53bc3237be5baea0ff0a631a3dfb0bff749693ddc66e026427ad9708c855162,8,2,1688151127694054410,5098444150450504360,Jumper-v0,biped,static,"(45,)",500,W0,0,-0.00558170124521602,1.2315524845365287,0.9790636179490728,1.2315651332986361,-4.301000118255615,4.236320495605469,0.0,0.0
jumper__biped__static__seed_008,/home/rowanli.tangalin/tpr/tpr/results/hpc_rq1/nominal/jumper/biped/static/seed_008,4d3d3c98b1f56896bd067218a95e7297ef5c50d1653b0b5c8defe61ed350cc3a,f53bc3237be5baea0ff0a631a3dfb0bff749693ddc66e026427ad9708c855162,8,2,1688151127694054410,5098444150450504360,Jumper-v0,biped,static,"(45,)",500,W25,125,-0.00558170124521602,1.2315524845365287,0.9790636179490728,1.2315651332986361,-4.301000118255615,4.236320495605469,0.0,0.0
jumper__biped__static__seed_008,/home/rowanli.tangalin/tpr/tpr/results/hpc_rq1/nominal/jumper/biped/static/seed_008,4d3d3c98b1f56896bd067218a95e7297ef5c50d1653b0b5c8defe61ed350cc3a,f53bc3237be5baea0ff0a631a3dfb0bff749693ddc66e026427ad9708c855162,8,2,1688151127694054410,5098444150450504360,Jumper-v0,biped,static,"(45,)",500,W50,250,-0.00558170124521602,1.2315524845365287,0.9790636179490728,1.2315651332986361,-4.301000118255615,4.236320495605469,0.0,0.0
jumper__biped__static__seed_008,/home/rowanli.tangalin/tpr/tpr/results/hpc_rq1/nominal/jumper/biped/static/seed_008,4d3d3c98b1f56896bd067218a95e7297ef5c50d1653b0b5c8defe61ed350cc3a,f53bc3237be5baea0ff0a631a3dfb0bff749693ddc66e026427ad9708c855162,8,2,1688151127694054410,5098444150450504360,Jumper-v0,biped,static,"(45,)",500,W75,375,-0.00558170124521602,1.2315524845365287,0.9790636179490728,1.2315651332986361,-4.301000118255615,4.236320495605469,0.0,0.0
jumper__biped__static__seed_008,/home/rowanli.tangalin/tpr/tpr/results/hpc_rq1/nominal/jumper/biped/static/seed_008,4d3d3c98b1f56896bd067218a95e7297ef5c50d1653b0b5c8defe61ed350cc3a,f53bc3237be5baea0ff0a631a3dfb0bff749693ddc66e026427ad9708c855162,8,2,1688151127694054410,5098444150450504360,Jumper-v0,biped,static,"(45,)",500,Wfinal,500,-0.00558170124521602,1.2315524845365287,0.9790636179490728,1.2315651332986361,-4.301000118255615,4.236320495605469,0.0,0.0
jumper__biped__static__seed_009,/home/rowanli.tangalin/tpr/tpr/results/hpc_rq1/nominal/jumper/biped/static/seed_009,26dc2708932098cfdc86320ad3008f1281a757efda869ffc3b96162a2064b435,54fe29051620bb37978d000cc4aed122f820be84f9111ecfeee9959d2ae69ed2,9,0,8469251633518957484,5579477484601834272,Jumper-v0,biped,static,"(45,)",500,W0,0,-0.016235575816067875,1.3044287279969164,1.0435688758185728,1.3045297621540617,-4.701283931732178,4.697322845458984,0.0,0.0
jumper__biped__static__seed_009,/home/rowanli.tangalin/tpr/tpr/results/hpc_rq1/nominal/jumper/biped/static/seed_009,26dc2708932098cfdc86320ad3008f1281a757efda869ffc3b96162a2064b435,54fe29051620bb37978d000cc4aed122f820be84f9111ecfeee9959d2ae69ed2,9,0,8469251633518957484,5579477484601834272,Jumper-v0,biped,static,"(45,)",500,W25,125,-0.016235575816067875,1.3044287279969164,1.0435688758185728,1.3045297621540617,-4.701283931732178,4.697322845458984,0.0,0.0
jumper__biped__static__seed_009,/home/rowanli.tangalin/tpr/tpr/results/hpc_rq1/nominal/jumper/biped/static/seed_009,26dc2708932098cfdc86320ad3008f1281a757efda869ffc3b96162a2064b435,54fe29051620bb37978d000cc4aed122f820be84f9111ecfeee9959d2ae69ed2,9,0,8469251633518957484,5579477484601834272,Jumper-v0,biped,static,"(45,)",500,W50,250,-0.016235575816067875,1.3044287279969164,1.0435688758185728,1.3045297621540617,-4.701283931732178,4.697322845458984,0.0,0.0
jumper__biped__static__seed_009,/home/rowanli.tangalin/tpr/tpr/results/hpc_rq1/nominal/jumper/biped/static/seed_009,26dc2708932098cfdc86320ad3008f1281a757efda869ffc3b96162a2064b435,54fe29051620bb37978d000cc4aed122f820be84f9111ecfeee9959d2ae69ed2,9,0,8469251633518957484,5579477484601834272,Jumper-v0,biped,static,"(45,)",500,W75,375,-0.016235575816067875,1.3044287279969164,1.0435688758185728,1.3045297621540617,-4.701283931732178,4.697322845458984,0.0,0.0
jumper__biped__static__seed_009,/home/rowanli.tangalin/tpr/tpr/results/hpc_rq1/nominal/jumper/biped/static/seed_009,26dc2708932098cfdc86320ad3008f1281a757efda869ffc3b96162a2064b435,54fe29051620bb37978d000cc4aed122f820be84f9111ecfeee9959d2ae69ed2,9,0,8469251633518957484,5579477484601834272,Jumper-v0,biped,static,"(45,)",500,Wfinal,500,-0.016235575816067875,1.3044287279969164,1.0435688758185728,1.3045297621540617,-4.701283931732178,4.697322845458984,0.0,0.0
jumper__biped__static__seed_009,/home/rowanli.tangalin/tpr/tpr/results/hpc_rq1/nominal/jumper/biped/static/seed_009,26dc2708932098cfdc86320ad3008f1281a757efda869ffc3b96162a2064b435,54fe29051620bb37978d000cc4aed122f820be84f9111ecfeee9959d2ae69ed2,9,1,5415548583552718452,3538497439875268043,Jumper-v0,biped,static,"(45,)",500,W0,0,-0.016235575816067875,1.3044287279969164,1.0435688758185728,1.3045297621540617,-4.701283931732178,4.697322845458984,0.0,0.0
jumper__biped__static__seed_009,/home/rowanli.tangalin/tpr/tpr/results/hpc_rq1/nominal/jumper/biped/static/seed_009,26dc2708932098cfdc86320ad3008f1281a757efda869ffc3b96162a2064b435,54fe29051620bb37978d000cc4aed122f820be84f9111ecfeee9959d2ae69ed2,9,1,5415548583552718452,3538497439875268043,Jumper-v0,biped,static,"(45,)",500,W25,125,-0.016235575816067875,1.3044287279969164,1.0435688758185728,1.3045297621540617,-4.701283931732178,4.697322845458984,0.0,0.0
jumper__biped__static__seed_009,/home/rowanli.tangalin/tpr/tpr/results/hpc_rq1/nominal/jumper/biped/static/seed_009,26dc2708932098cfdc86320ad3008f1281a757efda869ffc3b96162a2064b435,54fe29051620bb37978d000cc4aed122f820be84f9111ecfeee9959d2ae69ed2,9,1,5415548583552718452,3538497439875268043,Jumper-v0,biped,static,"(45,)",500,W50,250,-0.016235575816067875,1.3044287279969164,1.0435688758185728,1.3045297621540617,-4.701283931732178,4.697322845458984,0.0,0.0
jumper__biped__static__seed_009,/home/rowanli.tangalin/tpr/tpr/results/hpc_rq1/nominal/jumper/biped/static/seed_009,26dc2708932098cfdc86320ad3008f1281a757efda869ffc3b96162a2064b435,54fe29051620bb37978d000cc4aed122f820be84f9111ecfeee9959d2ae69ed2,9,1,5415548583552718452,3538497439875268043,Jumper-v0,biped,static,"(45,)",500,W75,375,-0.016235575816067875,1.3044287279969164,1.0435688758185728,1.3045297621540617,-4.701283931732178,4.697322845458984,0.0,0.0
jumper__biped__static__seed_009,/home/rowanli.tangalin/tpr/tpr/results/hpc_rq1/nominal/jumper/biped/static/seed_009,26dc2708932098cfdc86320ad3008f1281a757efda869ffc3b96162a2064b435,54fe29051620bb37978d000cc4aed122f820be84f9111ecfeee9959d2ae69ed2,9,1,5415548583552718452,3538497439875268043,Jumper-v0,biped,static,"(45,)",500,Wfinal,500,-0.016235575816067875,1.3044287279969164,1.0435688758185728,1.3045297621540617,-4.701283931732178,4.697322845458984,0.0,0.0
jumper__biped__static__seed_009,/home/rowanli.tangalin/tpr/tpr/results/hpc_rq1/nominal/jumper/biped/static/seed_009,26dc2708932098cfdc86320ad3008f1281a757efda869ffc3b96162a2064b435,54fe29051620bb37978d000cc4aed122f820be84f9111ecfeee9959d2ae69ed2,9,2,6075971192560964690,5235945277139461518,Jumper-v0,biped,static,"(45,)",500,W0,0,-0.016235575816067875,1.3044287279969164,1.0435688758185728,1.3045297621540617,-4.701283931732178,4.697322845458984,0.0,0.0
jumper__biped__static__seed_009,/home/rowanli.tangalin/tpr/tpr/results/hpc_rq1/nominal/jumper/biped/static/seed_009,26dc2708932098cfdc86320ad3008f1281a757efda869ffc3b96162a2064b435,54fe29051620bb37978d000cc4aed122f820be84f9111ecfeee9959d2ae69ed2,9,2,6075971192560964690,5235945277139461518,Jumper-v0,biped,static,"(45,)",500,W25,125,-0.016235575816067875,1.3044287279969164,1.0435688758185728,1.3045297621540617,-4.701283931732178,4.697322845458984,0.0,0.0
jumper__biped__static__seed_009,/home/rowanli.tangalin/tpr/tpr/results/hpc_rq1/nominal/jumper/biped/static/seed_009,26dc2708932098cfdc86320ad3008f1281a757efda869ffc3b96162a2064b435,54fe29051620bb37978d000cc4aed122f820be84f9111ecfeee9959d2ae69ed2,9,2,6075971192560964690,5235945277139461518,Jumper-v0,biped,static,"(45,)",500,W50,250,-0.016235575816067875,1.3044287279969164,1.0435688758185728,1.3045297621540617,-4.701283931732178,4.697322845458984,0.0,0.0
jumper__biped__static__seed_009,/home/rowanli.tangalin/tpr/tpr/results/hpc_rq1/nominal/jumper/biped/static/seed_009,26dc2708932098cfdc86320ad3008f1281a757efda869ffc3b96162a2064b435,54fe29051620bb37978d000cc4aed122f820be84f9111ecfeee9959d2ae69ed2,9,2,6075971192560964690,5235945277139461518,Jumper-v0,biped,static,"(45,)",500,W75,375,-0.016235575816067875,1.3044287279969164,1.0435688758185728,1.3045297621540617,-4.701283931732178,4.697322845458984,0.0,0.0
jumper__biped__static__seed_009,/home/rowanli.tangalin/tpr/tpr/results/hpc_rq1/nominal/jumper/biped/static/seed_009,26dc2708932098cfdc86320ad3008f1281a757efda869ffc3b96162a2064b435,54fe29051620bb37978d000cc4aed122f820be84f9111ecfeee9959d2ae69ed2,9,2,6075971192560964690,5235945277139461518,Jumper-v0,biped,static,"(45,)",500,Wfinal,500,-0.016235575816067875,1.3044287279969164,1.0435688758185728,1.3045297621540617,-4.701283931732178,4.697322845458984,0.0,0.0
jumper__biped__nchl__seed_000,/home/rowanli.tangalin/tpr/tpr/results/hpc_rq1/nominal/jumper/biped/nchl/seed_000,872315b412cee97f007c35ed1fff6f53dfb4a69da57fc5eabde7fd62939bbe6b,c032dac4c80c8952cf42085032833ed24c20537b90f0dfb02b608c17a26b9c34,0,0,4940322620982477041,3023897764847979143,Jumper-v0,biped,nchl,"(45,)",500,W0,0,-0.0009457237847596363,0.05672999884041546,0.0488793583660441,0.05673788118982413,-0.0999501496553421,0.09995333850383759,0.15458378401520143,0.11637140305235893
jumper__biped__nchl__seed_000,/home/rowanli.tangalin/tpr/tpr/results/hpc_rq1/nominal/jumper/biped/nchl/seed_000,872315b412cee97f007c35ed1fff6f53dfb4a69da57fc5eabde7fd62939bbe6b,c032dac4c80c8952cf42085032833ed24c20537b90f0dfb02b608c17a26b9c34,0,0,4940322620982477041,3023897764847979143,Jumper-v0,biped,nchl,"(45,)",500,W25,125,-0.6710807322274573,18.399936132601493,13.641630589780622,18.412169862158585,-81.5936508178711,118.667236328125,0.15458378401520143,0.11637140305235893
jumper__biped__nchl__seed_000,/home/rowanli.tangalin/tpr/tpr/results/hpc_rq1/nominal/jumper/biped/nchl/seed_000,872315b412cee97f007c35ed1fff6f53dfb4a69da57fc5eabde7fd62939bbe6b,c032dac4c80c8952cf42085032833ed24c20537b90f0dfb02b608c17a26b9c34,0,0,4940322620982477041,3023897764847979143,Jumper-v0,biped,nchl,"(45,)",500,W50,250,-1.5655406037593491,37.64661059834728,28.144182513501356,37.67914817144375,-165.19845581054688,239.52645874023438,0.15458378401520143,0.11637140305235893
jumper__biped__nchl__seed_000,/home/rowanli.tangalin/tpr/tpr/results/hpc_rq1/nominal/jumper/biped/nchl/seed_000,872315b412cee97f007c35ed1fff6f53dfb4a69da57fc5eabde7fd62939bbe6b,c032dac4c80c8952cf42085032833ed24c20537b90f0dfb02b608c17a26b9c34,0,0,4940322620982477041,3023897764847979143,Jumper-v0,biped,nchl,"(45,)",500,W75,375,-2.4603117513722217,56.896584684779135,42.63598852714746,56.94975401796028,-248.8032684326172,360.3872375488281,0.15458378401520143,0.11637140305235893
jumper__biped__nchl__seed_000,/home/rowanli.tangalin/tpr/tpr/results/hpc_rq1/nominal/jumper/biped/nchl/seed_000,872315b412cee97f007c35ed1fff6f53dfb4a69da57fc5eabde7fd62939bbe6b,c032dac4c80c8952cf42085032833ed24c20537b90f0dfb02b608c17a26b9c34,0,0,4940322620982477041,3023897764847979143,Jumper-v0,biped,nchl,"(45,)",500,Wfinal,500,-3.3481775914117757,76.12696805760939,57.11014558135706,76.20056140756387,-332.4063415527344,481.248291015625,0.15458378401520143,0.11637140305235893
jumper__biped__nchl__seed_000,/home/rowanli.tangalin/tpr/tpr/results/hpc_rq1/nominal/jumper/biped/nchl/seed_000,872315b412cee97f007c35ed1fff6f53dfb4a69da57fc5eabde7fd62939bbe6b,c032dac4c80c8952cf42085032833ed24c20537b90f0dfb02b608c17a26b9c34,0,1,530078296572617688,6966882572876332860,Jumper-v0,biped,nchl,"(45,)",500,W0,0,-0.00033002129015474935,0.057336286411231105,0.04955361587524509,0.05733723618629241,-0.0999893769621849,0.09998205304145813,0.15449997147846123,0.1164986396723956
jumper__biped__nchl__seed_000,/home/rowanli.tangalin/tpr/tpr/results/hpc_rq1/nominal/jumper/biped/nchl/seed_000,872315b412cee97f007c35ed1fff6f53dfb4a69da57fc5eabde7fd62939bbe6b,c032dac4c80c8952cf42085032833ed24c20537b90f0dfb02b608c17a26b9c34,0,1,530078296572617688,6966882572876332860,Jumper-v0,biped,nchl,"(45,)",500,W25,125,-0.8156705061403304,18.42194813576178,13.680072157381325,18.43999705778947,-81.70901489257812,118.50322723388672,0.15449997147846123,0.1164986396723956
jumper__biped__nchl__seed_000,/home/rowanli.tangalin/tpr/tpr/results/hpc_rq1/nominal/jumper/biped/nchl/seed_000,872315b412cee97f007c35ed1fff6f53dfb4a69da57fc5eabde7fd62939bbe6b,c032dac4c80c8952cf42085032833ed24c20537b90f0dfb02b608c17a26b9c34,0,1,530078296572617688,6966882572876332860,Jumper-v0,biped,nchl,"(45,)",500,W50,250,-1.9013700052927907,37.529944563928964,28.08609641406966,37.57807800924109,-165.31382751464844,239.36244201660156,0.15449997147846123,0.1164986396723956
jumper__biped__nchl__seed_000,/home/rowanli.tangalin/tpr/tpr/results/hpc_rq1/nominal/jumper/biped/nchl/seed_000,872315b412cee97f007c35ed1fff6f53dfb4a69da57fc5eabde7fd62939bbe6b,c032dac4c80c8952cf42085032833ed24c20537b90f0dfb02b608c17a26b9c34,0,1,530078296572617688,6966882572876332860,Jumper-v0,biped,nchl,"(45,)",500,W75,375,-2.9953298129828596,56.80007256550362,42.631592899172,56.878996511322356,-248.91864013671875,360.2232360839844,0.15449997147846123,0.1164986396723956
jumper__biped__nchl__seed_000,/home/rowanli.tangalin/tpr/tpr/results/hpc_rq1/nominal/jumper/biped/nchl/seed_000,872315b412cee97f007c35ed1fff6f53dfb4a69da57fc5eabde7fd62939bbe6b,c032dac4c80c8952cf42085032833ed24c20537b90f0dfb02b608c17a26b9c34,0,1,530078296572617688,6966882572876332860,Jumper-v0,biped,nchl,"(45,)",500,Wfinal,500,-4.078985458037638,75.98619410920575,57.095024919085034,76.09559657147564,-332.5216979980469,481.08428955078125,0.15449997147846123,0.1164986396723956
jumper__biped__nchl__seed_000,/home/rowanli.tangalin/tpr/tpr/results/hpc_rq1/nominal/jumper/biped/nchl/seed_000,872315b412cee97f007c35ed1fff6f53dfb4a69da57fc5eabde7fd62939bbe6b,c032dac4c80c8952cf42085032833ed24c20537b90f0dfb02b608c17a26b9c34,0,2,7210830791768759910,3424438756091539107,Jumper-v0,biped,nchl,"(45,)",500,W0,0,0.0013925240224731776,0.057193800659906764,0.04931932808984175,0.057210750362832304,-0.0999600738286972,0.09992298483848572,0.1544923376083771,0.11652529462649681
jumper__biped__nchl__seed_000,/home/rowanli.tangalin/tpr/tpr/results/hpc_rq1/nominal/jumper/biped/nchl/seed_000,872315b412cee97f007c35ed1fff6f53dfb4a69da57fc5eabde7fd62939bbe6b,c032dac4c80c8952cf42085032833ed24c20537b90f0dfb02b608c17a26b9c34,0,2,7210830791768759910,3424438756091539107,Jumper-v0,biped,nchl,"(45,)",500,W25,125,-0.7788231815666398,18.395025946715787,13.649627496006916,18.411505781127534,-81.81458282470703,118.72738647460938,0.1544923376083771,0.11652529462649681
jumper__biped__nchl__seed_000,/home/rowanli.tangalin/tpr/tpr/results/hpc_rq1/nominal/jumper/biped/nchl/seed_000,872315b412cee97f007c35ed1fff6f53dfb4a69da57fc5eabde7fd62939bbe6b,c032dac4c80c8952cf42085032833ed24c20537b90f0dfb02b608c17a26b9c34,0,2,7210830791768759910,3424438756091539107,Jumper-v0,biped,nchl,"(45,)",500,W50,250,-1.8646056287125363,37.53142159188578,28.086347693663512,37.57771095820628,-165.4193878173828,239.58660888671875,0.1544923376083771,0.11652529462649681
jumper__biped__nchl__seed_000,/home/rowanli.tangalin/tpr/tpr/results/hpc_rq1/nominal/jumper/biped/nchl/seed_000,872315b412cee97f007c35ed1fff6f53dfb4a69da57fc5eabde7fd62939bbe6b,c032dac4c80c8952cf42085032833ed24c20537b90f0dfb02b608c17a26b9c34,0,2,7210830791768759910,3424438756091539107,Jumper-v0,biped,nchl,"(45,)",500,W75,375,-2.954272779731072,56.7161346089999,42.56338488365625,56.79302468299479,-249.02420043945312,360.4474182128906,0.1544923376083771,0.11652529462649681
jumper__biped__nchl__seed_000,/home/rowanli.tangalin/tpr/tpr/results/hpc_rq1/nominal/jumper/biped/nchl/seed_000,872315b412cee97f007c35ed1fff6f53dfb4a69da57fc5eabde7fd62939bbe6b,c032dac4c80c8952cf42085032833ed24c20537b90f0dfb02b608c17a26b9c34,0,2,7210830791768759910,3424438756091539107,Jumper-v0,biped,nchl,"(45,)",500,Wfinal,500,-4.041932523674654,75.8935119232595,57.03059445304613,76.00106821993931,-332.62725830078125,481.3084716796875,0.1544923376083771,0.11652529462649681
jumper__biped__nchl__seed_001,/home/rowanli.tangalin/tpr/tpr/results/hpc_rq1/nominal/jumper/biped/nchl/seed_001,2d7488e64d9132742d6e7e9a1270351f534764b5c243f88632db05f034f7af03,a977f292cca1bada2a3bed271cb86be96dff1e11bc5d91d20276ec85a97ac940,1,0,5232325836976384581,7172422899355977572,Jumper-v0,biped,nchl,"(45,)",500,W0,0,-0.002231898069594898,0.05780981296235716,0.05015362818781601,0.0578528810322855,-0.09996207058429718,0.09991510212421417,0.1659950144827309,0.1303002707274179
jumper__biped__nchl__seed_001,/home/rowanli.tangalin/tpr/tpr/results/hpc_rq1/nominal/jumper/biped/nchl/seed_001,2d7488e64d9132742d6e7e9a1270351f534764b5c243f88632db05f034f7af03,a977f292cca1bada2a3bed271cb86be96dff1e11bc5d91d20276ec85a97ac940,1,0,5232325836976384581,7172422899355977572,Jumper-v0,biped,nchl,"(45,)",500,W25,125,-2.356207611744899,19.833258976958618,15.495429587897219,19.97272830528554,-91.8160400390625,73.13229370117188,0.1659950144827309,0.1303002707274179
jumper__biped__nchl__seed_001,/home/rowanli.tangalin/tpr/tpr/results/hpc_rq1/nominal/jumper/biped/nchl/seed_001,2d7488e64d9132742d6e7e9a1270351f534764b5c243f88632db05f034f7af03,a977f292cca1bada2a3bed271cb86be96dff1e11bc5d91d20276ec85a97ac940,1,0,5232325836976384581,7172422899355977572,Jumper-v0,biped,nchl,"(45,)",500,W50,250,-4.811871429473021,40.518702380248925,31.889386125307617,40.80342325385174,-185.0297088623047,146.7701873779297,0.1659950144827309,0.1303002707274179
jumper__biped__nchl__seed_001,/home/rowanli.tangalin/tpr/tpr/results/hpc_rq1/nominal/jumper/biped/nchl/seed_001,2d7488e64d9132742d6e7e9a1270351f534764b5c243f88632db05f034f7af03,a977f292cca1bada2a3bed271cb86be96dff1e11bc5d91d20276ec85a97ac940,1,0,5232325836976384581,7172422899355977572,Jumper-v0,biped,nchl,"(45,)",500,W75,375,-7.266053338040377,61.19785025927076,48.26148607335298,61.62769188820374,-278.2432861328125,220.40846252441406,0.1659950144827309,0.1303002707274179
jumper__biped__nchl__seed_001,/home/rowanli.tangalin/tpr/tpr/results/hpc_rq1/nominal/jumper/biped/nchl/seed_001,2d7488e64d9132742d6e7e9a1270351f534764b5c243f88632db05f034f7af03,a977f292cca1bada2a3bed271cb86be96dff1e11bc5d91d20276ec85a97ac940,1,0,5232325836976384581,7172422899355977572,Jumper-v0,biped,nchl,"(45,)",500,Wfinal,500,-9.699073010033281,81.81746415880504,64.58366595328604,82.39034809145609,-371.4554138183594,294.0475769042969,0.1659950144827309,0.1303002707274179
jumper__biped__nchl__seed_001,/home/rowanli.tangalin/tpr/tpr/results/hpc_rq1/nominal/jumper/biped/nchl/seed_001,2d7488e64d9132742d6e7e9a1270351f534764b5c243f88632db05f034f7af03,a977f292cca1bada2a3bed271cb86be96dff1e11bc5d91d20276ec85a97ac940,1,1,3184075494390970209,9147161066225580108,Jumper-v0,biped,nchl,"(45,)",500,W0,0,0.0018254096368375329,0.05782343402716435,0.05013321686011778,0.057852239740878546,-0.09997173398733139,0.09993826597929001,0.1659643732502479,0.13027010973308042
jumper__biped__nchl__seed_001,/home/rowanli.tangalin/tpr/tpr/results/hpc_rq1/nominal/jumper/biped/nchl/seed_001,2d7488e64d9132742d6e7e9a1270351f534764b5c243f88632db05f034f7af03,a977f292cca1bada2a3bed271cb86be96dff1e11bc5d91d20276ec85a97ac940,1,1,3184075494390970209,9147161066225580108,Jumper-v0,biped,nchl,"(45,)",500,W25,125,-2.3872482206930155,19.856919463404918,15.54320903357501,19.9999051158587,-91.67880249023438,73.30354309082031,0.1659643732502479,0.13027010973308042
jumper__biped__nchl__seed_001,/home/rowanli.tangalin/tpr/tpr/results/hpc_rq1/nominal/jumper/biped/nchl/seed_001,2d7488e64d9132742d6e7e9a1270351f534764b5c243f88632db05f034f7af03,a977f292cca1bada2a3bed271cb86be96dff1e11bc5d91d20276ec85a97ac940,1,1,3184075494390970209,9147161066225580108,Jumper-v0,biped,nchl,"(45,)",500,W50,250,-4.838237546252934,40.53655302601264,31.925666314694812,40.824265747037096,-184.89247131347656,146.9416961669922,0.1659643732502479,0.13027010973308042
jumper__biped__nchl__seed_001,/home/rowanli.tangalin/tpr/tpr/results/hpc_rq1/nominal/jumper/biped/nchl/seed_001,2d7488e64d9132742d6e7e9a1270351f534764b5c243f88632db05f034f7af03,a977f292cca1bada2a3bed271cb86be96dff1e11bc5d91d20276ec85a97ac940,1,1,3184075494390970209,9147161066225580108,Jumper-v0,biped,nchl,"(45,)",500,W75,375,-7.277594453230719,61.191375849066965,48.254347666932475,61.62262457350766,-278.1060485839844,220.5797882080078,0.1659643732502479,0.13027010973308042
jumper__biped__nchl__seed_001,/home/rowanli.tangalin/tpr/tpr/results/hpc_rq1/nominal/jumper/biped/nchl/seed_001,2d7488e64d9132742d6e7e9a1270351f534764b5c243f88632db05f034f7af03,a977f292cca1bada2a3bed271cb86be96dff1e11bc5d91d20276ec85a97ac940,1,1,3184075494390970209,9147161066225580108,Jumper-v0,biped,nchl,"(45,)",500,Wfinal,500,-9.734574293974685,81.88681242310024,64.65132878509895,82.46339785323497,-371.31817626953125,294.21820068359375,0.1659643732502479,0.13027010973308042
jumper__biped__nchl__seed_001,/home/rowanli.tangalin/tpr/tpr/results/hpc_rq1/nominal/jumper/biped/nchl/seed_001,2d7488e64d9132742d6e7e9a1270351f534764b5c243f88632db05f034f7af03,a977f292cca1bada2a3bed271cb86be96dff1e11bc5d91d20276ec85a97ac940,1,2,6337936886056088,9019669384804417704,Jumper-v0,biped,nchl,"(45,)",500,W0,0,0.0009837086987138659,0.05718072088423323,0.049651279027702014,0.05718918187598518,-0.09978632628917694,0.09996291995048523,0.16653224502489275,0.13060657003528228
jumper__biped__nchl__seed_001,/home/rowanli.tangalin/tpr/tpr/results/hpc_rq1/nominal/jumper/biped/nchl/seed_001,2d7488e64d9132742d6e7e9a1270351f534764b5c243f88632db05f034f7af03,a977f292cca1bada2a3bed271cb86be96dff1e11bc5d91d20276ec85a97ac940,1,2,6337936886056088,9019669384804417704,Jumper-v0,biped,nchl,"(45,)",500,W25,125,-2.335236587952549,19.826421798555888,15.498320631438425,19.96347492937951,-91.5119400024414,73.3069839477539,0.16653224502489275,0.13060657003528228
jumper__biped__nchl__seed_001,/home/rowanli.tangalin/tpr/tpr/results/hpc_rq1/nominal/jumper/biped/nchl/seed_001,2d7488e64d9132742d6e7e9a1270351f534764b5c243f88632db05f034f7af03,a977f292cca1bada2a3bed271cb86be96dff1e11bc5d91d20276ec85a97ac940,1,2,6337936886056088,9019669384804417704,Jumper-v0,biped,nchl,"(45,)",500,W50,250,-4.787223507857548,40.50425915706824,31.879945528700915,40.786180487723165,-184.72560119628906,146.9449462890625,0.16653224502489275,0.13060657003528228
jumper__biped__nchl__seed_001,/home/rowanli.tangalin/tpr/tpr/results/hpc_rq1/nominal/jumper/biped/nchl/seed_001,2d7488e64d9132742d6e7e9a1270351f534764b5c243f88632db05f034f7af03,a977f292cca1bada2a3bed271cb86be96dff1e11bc5d91d20276ec85a97ac940,1,2,6337936886056088,9019669384804417704,Jumper-v0,biped,nchl,"(45,)",500,W75,375,-7.236298208408823,61.181779612403176,48.24921428873448,61.60823133560721,-277.9391784667969,220.58326721191406,0.16653224502489275,0.13060657003528228
jumper__biped__nchl__seed_001,/home/rowanli.tangalin/tpr/tpr/results/hpc_rq1/nominal/jumper/biped/nchl/seed_001,2d7488e64d9132742d6e7e9a1270351f534764b5c243f88632db05f034f7af03,a977f292cca1bada2a3bed271cb86be96dff1e11bc5d91d20276ec85a97ac940,1,2,6337936886056088,9019669384804417704,Jumper-v0,biped,nchl,"(45,)",500,Wfinal,500,-9.572722828260133,80.7411959595797,63.62647503757189,81.30668943776976,-365.889404296875,294.5301818847656,0.16653224502489275,0.13060657003528228
jumper__biped__nchl__seed_002,/home/rowanli.tangalin/tpr/tpr/results/hpc_rq1/nominal/jumper/biped/nchl/seed_002,8dfeba175fb7eb5c4af1378c5bb8b090486ea3a9266700a74aa62655d39623f8,30180489815d5f1159bd8494e59d0acf98f8fdfbee4f8173c93219a2785eea60,2,0,4709125304908105630,1244304497912131803,Jumper-v0,biped,nchl,"(45,)",500,W0,0,0.0002795707932918062,0.05693484257747346,0.049162531461732585,0.05693552897049562,-0.09996066987514496,0.09981396794319153,0.2417881147714569,0.17701651310323574
jumper__biped__nchl__seed_002,/home/rowanli.tangalin/tpr/tpr/results/hpc_rq1/nominal/jumper/biped/nchl/seed_002,8dfeba175fb7eb5c4af1378c5bb8b090486ea3a9266700a74aa62655d39623f8,30180489815d5f1159bd8494e59d0acf98f8fdfbee4f8173c93219a2785eea60,2,0,4709125304908105630,1244304497912131803,Jumper-v0,biped,nchl,"(45,)",500,W25,125,-0.5413380206068606,29.127779915697865,20.67633305226982,29.13280984851764,-134.39862060546875,187.5001678466797,0.2417881147714569,0.17701651310323574
jumper__biped__nchl__seed_002,/home/rowanli.tangalin/tpr/tpr/results/hpc_rq1/nominal/jumper/biped/nchl/seed_002,8dfeba175fb7eb5c4af1378c5bb8b090486ea3a9266700a74aa62655d39623f8,30180489815d5f1159bd8494e59d0acf98f8fdfbee4f8173c93219a2785eea60,2,0,4709125304908105630,1244304497912131803,Jumper-v0,biped,nchl,"(45,)",500,W50,250,-1.1124211235219843,59.09695308682479,42.39556295876518,59.1074220796545,-269.48468017578125,375.7440185546875,0.2417881147714569,0.17701651310323574
jumper__biped__nchl__seed_002,/home/rowanli.tangalin/tpr/tpr/results/hpc_rq1/nominal/jumper/biped/nchl/seed_002,8dfeba175fb7eb5c4af1378c5bb8b090486ea3a9266700a74aa62655d39623f8,30180489815d5f1159bd8494e59d0acf98f8fdfbee4f8173c93219a2785eea60,2,0,4709125304908105630,1244304497912131803,Jumper-v0,biped,nchl,"(45,)",500,W75,375,-1.661002921989379,89.0686244486212,64.09311434034906,89.08411077109308,-404.57073974609375,563.98681640625,0.2417881147714569,0.17701651310323574
jumper__biped__nchl__seed_002,/home/rowanli.tangalin/tpr/tpr/results/hpc_rq1/nominal/jumper/biped/nchl/seed_002,8dfeba175fb7eb5c4af1378c5bb8b090486ea3a9266700a74aa62655d39623f8,30180489815d5f1159bd8494e59d0acf98f8fdfbee4f8173c93219a2785eea60,2,0,4709125304908105630,1244304497912131803,Jumper-v0,biped,nchl,"(45,)",500,Wfinal,500,-2.1887241482016178,119.04670346793782,85.81372252037004,119.06682207894877,-539.6567993164062,752.2268676757812,0.2417881147714569,0.17701651310323574
jumper__biped__nchl__seed_002,/home/rowanli.tangalin/tpr/tpr/results/hpc_rq1/nominal/jumper/biped/nchl/seed_002,8dfeba175fb7eb5c4af1378c5bb8b090486ea3a9266700a74aa62655d39623f8,30180489815d5f1159bd8494e59d0acf98f8fdfbee4f8173c93219a2785eea60,2,1,6789895730674132307,2935584579999248951,Jumper-v0,biped,nchl,"(45,)",500,W0,0,0.001210583720532012,0.05830268062973957,0.050795005150236404,0.05831524741915983,-0.09997812658548355,0.09996149688959122,0.24079582033055616,0.17597489507518585
jumper__biped__nchl__seed_002,/home/rowanli.tangalin/tpr/tpr/results/hpc_rq1/nominal/jumper/biped/nchl/seed_002,8dfeba175fb7eb5c4af1378c5bb8b090486ea3a9266700a74aa62655d39623f8,30180489815d5f1159bd8494e59d0acf98f8fdfbee4f8173c93219a2785eea60,2,1,6789895730674132307,2935584579999248951,Jumper-v0,biped,nchl,"(45,)",500,W25,125,-1.2434220534716138,29.387721588834054,21.08713574751087,29.41401500281597,-134.4888916015625,187.78758239746094,0.24079582033055616,0.17597489507518585
jumper__biped__nchl__seed_002,/home/rowanli.tangalin/tpr/tpr/results/hpc_rq1/nominal/jumper/biped/nchl/seed_002,8dfeba175fb7eb5c4af1378c5bb8b090486ea3a9266700a74aa62655d39623f8,30180489815d5f1159bd8494e59d0acf98f8fdfbee4f8173c93219a2785eea60,2,1,6789895730674132307,2935584579999248951,Jumper-v0,biped,nchl,"(45,)",500,W50,250,-2.421345622275821,59.29483224509705,42.758648986032966,59.34425031624137,-269.574951171875,376.03143310546875,0.24079582033055616,0.17597489507518585
jumper__biped__nchl__seed_002,/home/rowanli.tangalin/tpr/tpr/results/hpc_rq1/nominal/jumper/biped/nchl/seed_002,8dfeba175fb7eb5c4af1378c5bb8b090486ea3a9266700a74aa62655d39623f8,30180489815d5f1159bd8494e59d0acf98f8fdfbee4f8173c93219a2785eea60,2,1,6789895730674132307,2935584579999248951,Jumper-v0,biped,nchl,"(45,)",500,W75,375,-3.5911569211999077,89.21802562546031,64.4429462872555,89.29027105199076,-404.6610107421875,564.2742309570312,0.24079582033055616,0.17597489507518585
jumper__biped__nchl__seed_002,/home/rowanli.tangalin/tpr/tpr/results/hpc_rq1/nominal/jumper/biped/nchl/seed_002,8dfeba175fb7eb5c4af1378c5bb8b090486ea3a9266700a74aa62655d39623f8,30180489815d5f1159bd8494e59d0acf98f8fdfbee4f8173c93219a2785eea60,2,1,6789895730674132307,2935584579999248951,Jumper-v0,biped,nchl,"(45,)",500,Wfinal,500,-4.741176341720847,119.11440080448585,86.11144820347397,119.20872129217304,-539.7470703125,752.5142822265625,0.24079582033055616,0.17597489507518585
jumper__biped__nchl__seed_002,/home/rowanli.tangalin/tpr/tpr/results/hpc_rq1/nominal/jumper/biped/nchl/seed_002,8dfeba175fb7eb5c4af1378c5bb8b090486ea3a9266700a74aa62655d39623f8,30180489815d5f1159bd8494e59d0acf98f8fdfbee4f8173c93219a2785eea60,2,2,2298876442789069326,7237655472595637189,Jumper-v0,biped,nchl,"(45,)",500,W0,0,-0.0008584122942207553,0.057154547770735115,0.049116625417683094,0.05716099371550595,-0.09991399198770523,0.09996185451745987,0.24113994112365003,0.17604132560805236
jumper__biped__nchl__seed_002,/home/rowanli.tangalin/tpr/tpr/results/hpc_rq1/nominal/jumper/biped/nchl/seed_002,8dfeba175fb7eb5c4af1378c5bb8b090486ea3a9266700a74aa62655d39623f8,30180489815d5f1159bd8494e59d0acf98f8fdfbee4f8173c93219a2785eea60,2,2,2298876442789069326,7237655472595637189,Jumper-v0,biped,nchl,"(45,)",500,W25,125,-1.0400862069671635,29.2985495833584,20.791422566619996,29.3170050824847,-134.50511169433594,187.77476501464844,0.24113994112365003,0.17604132560805236
jumper__biped__nchl__seed_002,/home/rowanli.tangalin/tpr/tpr/results/hpc_rq1/nominal/jumper/biped/nchl/seed_002,8dfeba175fb7eb5c4af1378c5bb8b090486ea3a9266700a74aa62655d39623f8,30180489815d5f1159bd8494e59d0acf98f8fdfbee4f8173c93219a2785eea60,2,2,2298876442789069326,7237655472595637189,Jumper-v0,biped,nchl,"(45,)",500,W50,250,-1.5994871638188104,59.23772265660908,42.501909046130066,59.259312725752714,-269.5911560058594,376.01861572265625,0.24113994112365003,0.17604132560805236
jumper__biped__nchl__seed_002,/home/rowanli.tangalin/tpr/tpr/results/hpc_rq1/nominal/jumper/biped/nchl/seed_002,8dfeba175fb7eb5c4af1378c5bb8b090486ea3a9266700a74aa62655d39623f8,30180489815d5f1159bd8494e59d0acf98f8fdfbee4f8173c93219a2785eea60,2,2,2298876442789069326,7237655472595637189,Jumper-v0,biped,nchl,"(45,)",500,W75,375,-2.137470339772836,89.200657221861,64.1976266024435,89.2262631082651,-404.6772155761719,564.2614135742188,0.24113994112365003,0.17604132560805236
jumper__biped__nchl__seed_002,/home/rowanli.tangalin/tpr/tpr/results/hpc_rq1/nominal/jumper/biped/nchl/seed_002,8dfeba175fb7eb5c4af1378c5bb8b090486ea3a9266700a74aa62655d39623f8,30180489815d5f1159bd8494e59d0acf98f8fdfbee4f8173c93219a2785eea60,2,2,2298876442789069326,7237655472595637189,Jumper-v0,biped,nchl,"(45,)",500,Wfinal,500,-2.6669916678587096,119.15910032693817,85.89921704866227,119.1889425881518,-539.7632446289062,752.50146484375,0.24113994112365003,0.17604132560805236
jumper__biped__nchl__seed_003,/home/rowanli.tangalin/tpr/tpr/results/hpc_rq1/nominal/jumper/biped/nchl/seed_003,b7330d259859e51fa161413a9d13b9589759e4bfac05cedcac337b8322db95ce,c83d9b59199c471dfea7cadf24ed3dbe0c4072c6717f8ea7a4745a42a3871814,3,0,6875887065855152501,8328361779180904825,Jumper-v0,biped,nchl,"(45,)",500,W0,0,0.0016537340107809597,0.05798942345314383,0.05016923369464473,0.058012999134732214,-0.09991977363824844,0.0998677909374237,0.10110823508401456,0.07652206334683871
jumper__biped__nchl__seed_003,/home/rowanli.tangalin/tpr/tpr/results/hpc_rq1/nominal/jumper/biped/nchl/seed_003,b7330d259859e51fa161413a9d13b9589759e4bfac05cedcac337b8322db95ce,c83d9b59199c471dfea7cadf24ed3dbe0c4072c6717f8ea7a4745a42a3871814,3,0,6875887065855152501,8328361779180904825,Jumper-v0,biped,nchl,"(45,)",500,W25,125,-0.14877036318760872,11.93541787038341,8.875350891982265,11.936345016864694,-63.75712203979492,46.92759704589844,0.10110823508401456,0.07652206334683871
jumper__biped__nchl__seed_003,/home/rowanli.tangalin/tpr/tpr/results/hpc_rq1/nominal/jumper/biped/nchl/seed_003,b7330d259859e51fa161413a9d13b9589759e4bfac05cedcac337b8322db95ce,c83d9b59199c471dfea7cadf24ed3dbe0c4072c6717f8ea7a4745a42a3871814,3,0,6875887065855152501,8328361779180904825,Jumper-v0,biped,nchl,"(45,)",500,W50,250,-0.28109447690980427,24.50906795094711,18.377702986698527,24.510679834086442,-128.59991455078125,95.10739135742188,0.10110823508401456,0.07652206334683871
jumper__biped__nchl__seed_003,/home/rowanli.tangalin/tpr/tpr/results/hpc_rq1/nominal/jumper/biped/nchl/seed_003,b7330d259859e51fa161413a9d13b9589759e4bfac05cedcac337b8322db95ce,c83d9b59199c471dfea7cadf24ed3dbe0c4072c6717f8ea7a4745a42a3871814,3,0,6875887065855152501,8328361779180904825,Jumper-v0,biped,nchl,"(45,)",500,W75,375,-0.42754682700483587,37.165191722649176,27.989990262215297,37.16765088178903,-193.4456024169922,143.28701782226562,0.10110823508401456,0.07652206334683871
jumper__biped__nchl__seed_003,/home/rowanli.tangalin/tpr/tpr/results/hpc_rq1/nominal/jumper/biped/nchl/seed_003,b7330d259859e51fa161413a9d13b9589759e4bfac05cedcac337b8322db95ce,c83d9b59199c471dfea7cadf24ed3dbe0c4072c6717f8ea7a4745a42a3871814,3,0,6875887065855152501,8328361779180904825,Jumper-v0,biped,nchl,"(45,)",500,Wfinal,500,-0.5592054334717101,49.72867051694821,37.46787415801448,49.73181458684187,-258.287841796875,191.46664428710938,0.10110823508401456,0.07652206334683871
jumper__biped__nchl__seed_003,/home/rowanli.tangalin/tpr/tpr/results/hpc_rq1/nominal/jumper/biped/nchl/seed_003,b7330d259859e51fa161413a9d13b9589759e4bfac05cedcac337b8322db95ce,c83d9b59199c471dfea7cadf24ed3dbe0c4072c6717f8ea7a4745a42a3871814,3,1,2344851983452959862,6171704884853545157,Jumper-v0,biped,nchl,"(45,)",500,W0,0,0.0006960351740783622,0.057587299025858636,0.049832139572042806,0.05759150522479173,-0.09999573230743408,0.0999051183462143,0.10092423030764634,0.07637708181994057
jumper__biped__nchl__seed_003,/home/rowanli.tangalin/tpr/tpr/results/hpc_rq1/nominal/jumper/biped/nchl/seed_003,b7330d259859e51fa161413a9d13b9589759e4bfac05cedcac337b8322db95ce,c83d9b59199c471dfea7cadf24ed3dbe0c4072c6717f8ea7a4745a42a3871814,3,1,2344851983452959862,6171704884853545157,Jumper-v0,biped,nchl,"(45,)",500,W25,125,0.06917717079602698,11.928530735712187,8.886661247865334,11.928731323732194,-63.68212890625,47.018463134765625,0.10092423030764634,0.07637708181994057
jumper__biped__nchl__seed_003,/home/rowanli.tangalin/tpr/tpr/results/hpc_rq1/nominal/jumper/biped/nchl/seed_003,b7330d259859e51fa161413a9d13b9589759e4bfac05cedcac337b8322db95ce,c83d9b59199c471dfea7cadf24ed3dbe0c4072c6717f8ea7a4745a42a3871814,3,1,2344851983452959862,6171704884853545157,Jumper-v0,biped,nchl,"(45,)",500,W50,250,0.19340927685753478,24.517105824172653,18.416916237202955,24.517868690855966,-128.5242919921875,95.19825744628906,0.10092423030764634,0.07637708181994057
jumper__biped__nchl__seed_003,/home/rowanli.tangalin/tpr/tpr/results/hpc_rq1/nominal/jumper/biped/nchl/seed_003,b7330d259859e51fa161413a9d13b9589759e4bfac05cedcac337b8322db95ce,c83d9b59199c471dfea7cadf24ed3dbe0c4072c6717f8ea7a4745a42a3871814,3,1,2344851983452959862,6171704884853545157,Jumper-v0,biped,nchl,"(45,)",500,W75,375,0.31614572423602016,37.157847785799525,28.011235681250966,37.159192674109576,-193.3668212890625,143.3778839111328,0.10092423030764634,0.07637708181994057
jumper__biped__nchl__seed_003,/home/rowanli.tangalin/tpr/tpr/results/hpc_rq1/nominal/jumper/biped/nchl/seed_003,b7330d259859e51fa161413a9d13b9589759e4bfac05cedcac337b8322db95ce,c83d9b59199c471dfea7cadf24ed3dbe0c4072c6717f8ea7a4745a42a3871814,3,1,2344851983452959862,6171704884853545157,Jumper-v0,biped,nchl,"(45,)",500,Wfinal,500,0.43910704538601,49.65689550837358,37.426206866733,49.65883694295347,-257.75433349609375,191.3907928466797,0.10092423030764634,0.07637708181994057
jumper__biped__nchl__seed_003,/home/rowanli.tangalin/tpr/tpr/results/hpc_rq1/nominal/jumper/biped/nchl/seed_003,b7330d259859e51fa161413a9d13b9589759e4bfac05cedcac337b8322db95ce,c83d9b59199c471dfea7cadf24ed3dbe0c4072c6717f8ea7a4745a42a3871814,3,2,3189270387817152734,2268335290108042879,Jumper-v0,biped,nchl,"(45,)",500,W0,0,-0.0021424472540776483,0.05735292189719474,0.04946020494534875,0.057392924044539016,-0.09995664656162262,0.09995342791080475,0.10114221348004356,0.07665284043556644
jumper__biped__nchl__seed_003,/home/rowanli.tangalin/tpr/tpr/results/hpc_rq1/nominal/jumper/biped/nchl/seed_003,b7330d259859e51fa161413a9d13b9589759e4bfac05cedcac337b8322db95ce,c83d9b59199c471dfea7cadf24ed3dbe0c4072c6717f8ea7a4745a42a3871814,3,2,3189270387817152734,2268335290108042879,Jumper-v0,biped,nchl,"(45,)",500,W25,125,0.009372356447315065,11.909266153683284,8.867181025021388,11.909269841612103,-63.52695846557617,47.04754638671875,0.10114221348004356,0.07665284043556644
jumper__biped__nchl__seed_003,/home/rowanli.tangalin/tpr/tpr/results/hpc_rq1/nominal/jumper/biped/nchl/seed_003,b7330d259859e51fa161413a9d13b9589759e4bfac05cedcac337b8322db95ce,c83d9b59199c471dfea7cadf24ed3dbe0c4072c6717f8ea7a4745a42a3871814,3,2,3189270387817152734,2268335290108042879,Jumper-v0,biped,nchl,"(45,)",500,W50,250,0.13297937218103736,24.496079531892295,18.395500576565045,24.496440475020414,-128.36912536621094,95.22734069824219,0.10114221348004356,0.07665284043556644
jumper__biped__nchl__seed_003,/home/rowanli.tangalin/tpr/tpr/results/hpc_rq1/nominal/jumper/biped/nchl/seed_003,b7330d259859e51fa161413a9d13b9589759e4bfac05cedcac337b8322db95ce,c83d9b59199c471dfea7cadf24ed3dbe0c4072c6717f8ea7a4745a42a3871814,3,2,3189270387817152734,2268335290108042879,Jumper-v0,biped,nchl,"(45,)",500,W75,375,0.26215461142013624,37.09196798236516,27.929023557801223,37.09289438484265,-193.21180725097656,143.40696716308594,0.10114221348004356,0.07665284043556644
jumper__biped__nchl__seed_003,/home/rowanli.tangalin/tpr/tpr/results/hpc_rq1/nominal/jumper/biped/nchl/seed_003,b7330d259859e51fa161413a9d13b9589759e4bfac05cedcac337b8322db95ce,c83d9b59199c471dfea7cadf24ed3dbe0c4072c6717f8ea7a4745a42a3871814,3,2,3189270387817152734,2268335290108042879,Jumper-v0,biped,nchl,"(45,)",500,Wfinal,500,0.20313645403527614,49.49236206007961,37.22285288291782,49.492778934961464,-256.0673828125,191.25315856933594,0.10114221348004356,0.07665284043556644
jumper__biped__nchl__seed_004,/home/rowanli.tangalin/tpr/tpr/results/hpc_rq1/nominal/jumper/biped/nchl/seed_004,3d170b303eb034a44dff579fb2b38138922d597102744ab15a96df0b98f3621e,ed9e12edd4d9b8b752389d72f9530eed6f881f57b33975a4d726944c2899ff70,4,0,4675618027918977294,6264005447694142635,Jumper-v0,biped,nchl,"(45,)",500,W0,0,0.0009277321716371619,0.05710908123424931,0.04928375669524011,0.057116616202313474,-0.09992870688438416,0.09999668598175049,0.21967015167554052,0.16166070856386558
jumper__biped__nchl__seed_004,/home/rowanli.tangalin/tpr/tpr/results/hpc_rq1/nominal/jumper/biped/nchl/seed_004,3d170b303eb034a44dff579fb2b38138922d597102744ab15a96df0b98f3621e,ed9e12edd4d9b8b752389d72f9530eed6f881f57b33975a4d726944c2899ff70,4,0,4675618027918977294,6264005447694142635,Jumper-v0,biped,nchl,"(45,)",500,W25,125,-2.546642971614403,26.697177567786333,19.48438890539266,26.81836461290634,-120.5997543334961,141.7444305419922,0.21967015167554052,0.16166070856386558
jumper__biped__nchl__seed_004,/home/rowanli.tangalin/tpr/tpr/results/hpc_rq1/nominal/jumper/biped/nchl/seed_004,3d170b303eb034a44dff579fb2b38138922d597102744ab15a96df0b98f3621e,ed9e12edd4d9b8b752389d72f9530eed6f881f57b33975a4d726944c2899ff70,4,0,4675618027918977294,6264005447694142635,Jumper-v0,biped,nchl,"(45,)",500,W50,250,-5.2961109828930235,53.97353020909247,39.590894435711625,54.23274614819849,-242.24073791503906,284.8108215332031,0.21967015167554052,0.16166070856386558
jumper__biped__nchl__seed_004,/home/rowanli.tangalin/tpr/tpr/results/hpc_rq1/nominal/jumper/biped/nchl/seed_004,3d170b303eb034a44dff579fb2b38138922d597102744ab15a96df0b98f3621e,ed9e12edd4d9b8b752389d72f9530eed6f881f57b33975a4d726944c2899ff70,4,0,4675618027918977294,6264005447694142635,Jumper-v0,biped,nchl,"(45,)",500,W75,375,-8.03877278371427,81.25174791638871,59.68657453022663,81.64844399825732,-364.2918395996094,427.8772277832031,0.21967015167554052,0.16166070856386558
jumper__biped__nchl__seed_004,/home/rowanli.tangalin/tpr/tpr/results/hpc_rq1/nominal/jumper/biped/nchl/seed_004,3d170b303eb034a44dff579fb2b38138922d597102744ab15a96df0b98f3621e,ed9e12edd4d9b8b752389d72f9530eed6f881f57b33975a4d726944c2899ff70,4,0,4675618027918977294,6264005447694142635,Jumper-v0,biped,nchl,"(45,)",500,Wfinal,500,-10.74584827366162,108.5069242050739,79.72940601561632,109.03772675347835,-486.67877197265625,570.943603515625,0.21967015167554052,0.16166070856386558
jumper__biped__nchl__seed_004,/home/rowanli.tangalin/tpr/tpr/results/hpc_rq1/nominal/jumper/biped/nchl/seed_004,3d170b303eb034a44dff579fb2b38138922d597102744ab15a96df0b98f3621e,ed9e12edd4d9b8b752389d72f9530eed6f881f57b33975a4d726944c2899ff70,4,1,1776748932738538903,3330744174114140836,Jumper-v0,biped,nchl,"(45,)",500,W0,0,-0.0012465801643035852,0.057710889183019545,0.05009377662389465,0.05772435094828522,-0.0999869704246521,0.0997551679611206,0.21991921236888767,0.1622993260861043
jumper__biped__nchl__seed_004,/home/rowanli.tangalin/tpr/tpr/results/hpc_rq1/nominal/jumper/biped/nchl/seed_004,3d170b303eb034a44dff579fb2b38138922d597102744ab15a96df0b98f3621e,ed9e12edd4d9b8b752389d72f9530eed6f881f57b33975a4d726944c2899ff70,4,1,1776748932738538903,3330744174114140836,Jumper-v0,biped,nchl,"(45,)",500,W25,125,-1.76254502142637,26.857547081797286,19.617759377343592,26.91531906189322,-120.7938003540039,141.66893005371094,0.21991921236888767,0.1622993260861043
jumper__biped__nchl__seed_004,/home/rowanli.tangalin/tpr/tpr/results/hpc_rq1/nominal/jumper/biped/nchl/seed_004,3d170b303eb034a44dff579fb2b38138922d597102744ab15a96df0b98f3621e,ed9e12edd4d9b8b752389d72f9530eed6f881f57b33975a4d726944c2899ff70,4,1,1776748932738538903,3330744174114140836,Jumper-v0,biped,nchl,"(45,)",500,W50,250,-3.5417013238560977,54.18964965692307,39.712122398202524,54.305264737477046,-242.44786071777344,284.7353210449219,0.21991921236888767,0.1622993260861043
jumper__biped__nchl__seed_004,/home/rowanli.tangalin/tpr/tpr/results/hpc_rq1/nominal/jumper/biped/nchl/seed_004,3d170b303eb034a44dff579fb2b38138922d597102744ab15a96df0b98f3621e,ed9e12edd4d9b8b752389d72f9530eed6f881f57b33975a4d726944c2899ff70,4,1,1776748932738538903,3330744174114140836,Jumper-v0,biped,nchl,"(45,)",500,W75,375,-5.32098839573281,81.5401563034083,59.83046379327165,81.71358520767387,-364.8345947265625,427.8017272949219,0.21991921236888767,0.1622993260861043
jumper__biped__nchl__seed_004,/home/rowanli.tangalin/tpr/tpr/results/hpc_rq1/nominal/jumper/biped/nchl/seed_004,3d170b303eb034a44dff579fb2b38138922d597102744ab15a96df0b98f3621e,ed9e12edd4d9b8b752389d72f9530eed6f881f57b33975a4d726944c2899ff70,4,1,1776748932738538903,3330744174114140836,Jumper-v0,biped,nchl,"(45,)",500,Wfinal,500,-7.007022775390988,108.1083167177363,79.15967588116038,108.33515824383713,-485.21600341796875,569.7860717773438,0.21991921236888767,0.1622993260861043
jumper__biped__nchl__seed_004,/home/rowanli.tangalin/tpr/tpr/results/hpc_rq1/nominal/jumper/biped/nchl/seed_004,3d170b303eb034a44dff579fb2b38138922d597102744ab15a96df0b98f3621e,ed9e12edd4d9b8b752389d72f9530eed6f881f57b33975a4d726944c2899ff70,4,2,1844154726293175647,4425154243183907800,Jumper-v0,biped,nchl,"(45,)",500,W0,0,-0.0006734653186825998,0.05801099708962518,0.050334817385008813,0.05801490617822259,-0.0999416708946228,0.09996934980154037,0.2195462988621446,0.16173034482707146
jumper__biped__nchl__seed_004,/home/rowanli.tangalin/tpr/tpr/results/hpc_rq1/nominal/jumper/biped/nchl/seed_004,3d170b303eb034a44dff579fb2b38138922d597102744ab15a96df0b98f3621e,ed9e12edd4d9b8b752389d72f9530eed6f881f57b33975a4d726944c2899ff70,4,2,1844154726293175647,4425154243183907800,Jumper-v0,biped,nchl,"(45,)",500,W25,125,-1.7073943204867343,26.78415300402549,19.550454036015,26.838517982718013,-120.78170776367188,141.5831298828125,0.2195462988621446,0.16173034482707146
jumper__biped__nchl__seed_004,/home/rowanli.tangalin/tpr/tpr/results/hpc_rq1/nominal/jumper/biped/nchl/seed_004,3d170b303eb034a44dff579fb2b38138922d597102744ab15a96df0b98f3621e,ed9e12edd4d9b8b752389d72f9530eed6f881f57b33975a4d726944c2899ff70,4,2,1844154726293175647,4425154243183907800,Jumper-v0,biped,nchl,"(45,)",500,W50,250,-3.4996638572747494,54.13654564580312,39.68556008125622,54.24954581905769,-242.42282104492188,284.6495361328125,0.2195462988621446,0.16173034482707146
jumper__biped__nchl__seed_004,/home/rowanli.tangalin/tpr/tpr/results/hpc_rq1/nominal/jumper/biped/nchl/seed_004,3d170b303eb034a44dff579fb2b38138922d597102744ab15a96df0b98f3621e,ed9e12edd4d9b8b752389d72f9530eed6f881f57b33975a4d726944c2899ff70,4,2,1844154726293175647,4425154243183907800,Jumper-v0,biped,nchl,"(45,)",500,W75,375,-5.260303650533222,81.45282092963575,59.74618816333169,81.62250199479995,-364.5521545410156,427.7159423828125,0.2195462988621446,0.16173034482707146
jumper__biped__nchl__seed_004,/home/rowanli.tangalin/tpr/tpr/results/hpc_rq1/nominal/jumper/biped/nchl/seed_004,3d170b303eb034a44dff579fb2b38138922d597102744ab15a96df0b98f3621e,ed9e12edd4d9b8b752389d72f9530eed6f881f57b33975a4d726944c2899ff70,4,2,1844154726293175647,4425154243183907800,Jumper-v0,biped,nchl,"(45,)",500,Wfinal,500,-7.023233302430381,108.5063185753746,79.63155237948229,108.73337563416788,-484.93353271484375,568.6915283203125,0.2195462988621446,0.16173034482707146
jumper__biped__nchl__seed_005,/home/rowanli.tangalin/tpr/tpr/results/hpc_rq1/nominal/jumper/biped/nchl/seed_005,4d326e23ecf3d532353d23b80bf92ab5c762bcdbed32c4a7962b4dda18522331,f2f171e0fd5ef74e5adfb4840871cafb6e76082e6fe5b7eca344fdc8014555c5,5,0,6537336262564968459,5568806234066008283,Jumper-v0,biped,nchl,"(45,)",500,W0,0,-0.0022211169953796884,0.05746013975631023,0.04977036056884905,0.057503052280047436,-0.09982481598854065,0.09971348196268082,0.21744719916217162,0.15039497127163348
jumper__biped__nchl__seed_005,/home/rowanli.tangalin/tpr/tpr/results/hpc_rq1/nominal/jumper/biped/nchl/seed_005,4d326e23ecf3d532353d23b80bf92ab5c762bcdbed32c4a7962b4dda18522331,f2f171e0fd5ef74e5adfb4840871cafb6e76082e6fe5b7eca344fdc8014555c5,5,0,6537336262564968459,5568806234066008283,Jumper-v0,biped,nchl,"(45,)",500,W25,125,0.723924401818347,26.637064516214426,18.109628940783285,26.64689986809944,-134.41015625,117.51533508300781,0.21744719916217162,0.15039497127163348
jumper__biped__nchl__seed_005,/home/rowanli.tangalin/tpr/tpr/results/hpc_rq1/nominal/jumper/biped/nchl/seed_005,4d326e23ecf3d532353d23b80bf92ab5c762bcdbed32c4a7962b4dda18522331,f2f171e0fd5ef74e5adfb4840871cafb6e76082e6fe5b7eca344fdc8014555c5,5,0,6537336262564968459,5568806234066008283,Jumper-v0,biped,nchl,"(45,)",500,W50,250,1.4486414675653543,53.679275074744886,36.68035193993407,53.6988187454033,-269.1588134765625,235.4028778076172,0.21744719916217162,0.15039497127163348
jumper__biped__nchl__seed_005,/home/rowanli.tangalin/tpr/tpr/results/hpc_rq1/nominal/jumper/biped/nchl/seed_005,4d326e23ecf3d532353d23b80bf92ab5c762bcdbed32c4a7962b4dda18522331,f2f171e0fd5ef74e5adfb4840871cafb6e76082e6fe5b7eca344fdc8014555c5,5,0,6537336262564968459,5568806234066008283,Jumper-v0,biped,nchl,"(45,)",500,W75,375,2.1710402986132373,80.73290444488907,55.26396042481846,80.76209058763766,-403.9091796875,353.2918701171875,0.21744719916217162,0.15039497127163348
jumper__biped__nchl__seed_005,/home/rowanli.tangalin/tpr/tpr/results/hpc_rq1/nominal/jumper/biped/nchl/seed_005,4d326e23ecf3d532353d23b80bf92ab5c762bcdbed32c4a7962b4dda18522331,f2f171e0fd5ef74e5adfb4840871cafb6e76082e6fe5b7eca344fdc8014555c5,5,0,6537336262564968459,5568806234066008283,Jumper-v0,biped,nchl,"(45,)",500,Wfinal,500,2.849901090727912,106.89479044671336,73.06857542094444,106.93277402589766,-533.813720703125,467.4999694824219,0.21744719916217162,0.15039497127163348
jumper__biped__nchl__seed_005,/home/rowanli.tangalin/tpr/tpr/results/hpc_rq1/nominal/jumper/biped/nchl/seed_005,4d326e23ecf3d532353d23b80bf92ab5c762bcdbed32c4a7962b4dda18522331,f2f171e0fd5ef74e5adfb4840871cafb6e76082e6fe5b7eca344fdc8014555c5,5,1,7847246716821455116,5175985587420486963,Jumper-v0,biped,nchl,"(45,)",500,W0,0,0.0007891566221652537,0.05696478001547045,0.049570405049586576,0.05697024600952017,-0.09999550133943558,0.09978260099887848,0.22074882583526528,0.15135190374897348
jumper__biped__nchl__seed_005,/home/rowanli.tangalin/tpr/tpr/results/hpc_rq1/nominal/jumper/biped/nchl/seed_005,4d326e23ecf3d532353d23b80bf92ab5c762bcdbed32c4a7962b4dda18522331,f2f171e0fd5ef74e5adfb4840871cafb6e76082e6fe5b7eca344fdc8014555c5,5,1,7847246716821455116,5175985587420486963,Jumper-v0,biped,nchl,"(45,)",500,W25,125,0.7366840028873717,26.63665290971543,18.104586500314845,26.646838115483078,-134.36776733398438,117.47185516357422,0.22074882583526528,0.15135190374897348
jumper__biped__nchl__seed_005,/home/rowanli.tangalin/tpr/tpr/results/hpc_rq1/nominal/jumper/biped/nchl/seed_005,4d326e23ecf3d532353d23b80bf92ab5c762bcdbed32c4a7962b4dda18522331,f2f171e0fd5ef74e5adfb4840871cafb6e76082e6fe5b7eca344fdc8014555c5,5,1,7847246716821455116,5175985587420486963,Jumper-v0,biped,nchl,"(45,)",500,W50,250,1.4766109050069964,53.68047816618839,36.68477406982231,53.70078319648061,-269.1164245605469,235.35939025878906,0.22074882583526528,0.15135190374897348
jumper__biped__nchl__seed_005,/home/rowanli.tangalin/tpr/tpr/results/hpc_rq1/nominal/jumper/biped/nchl/seed_005,4d326e23ecf3d532353d23b80bf92ab5c762bcdbed32c4a7962b4dda18522331,f2f171e0fd5ef74e5adfb4840871cafb6e76082e6fe5b7eca344fdc8014555c5,5,1,7847246716821455116,5175985587420486963,Jumper-v0,biped,nchl,"(45,)",500,W75,375,2.2294224908462175,80.73571512168387,55.28155160523107,80.76649070531901,-403.8667907714844,353.2484130859375,0.22074882583526528,0.15135190374897348
jumper__biped__nchl__seed_005,/home/rowanli.tangalin/tpr/tpr/results/hpc_rq1/nominal/jumper/biped/nchl/seed_005,4d326e23ecf3d532353d23b80bf92ab5c762bcdbed32c4a7962b4dda18522331,f2f171e0fd5ef74e5adfb4840871cafb6e76082e6fe5b7eca344fdc8014555c5,5,1,7847246716821455116,5175985587420486963,Jumper-v0,biped,nchl,"(45,)",500,Wfinal,500,2.6698963854227613,106.48472319849708,72.61171703064264,106.51818915738961,-532.2130126953125,466.5391540527344,0.22074882583526528,0.15135190374897348
jumper__biped__nchl__seed_005,/home/rowanli.tangalin/tpr/tpr/results/hpc_rq1/nominal/jumper/biped/nchl/seed_005,4d326e23ecf3d532353d23b80bf92ab5c762bcdbed32c4a7962b4dda18522331,f2f171e0fd5ef74e5adfb4840871cafb6e76082e6fe5b7eca344fdc8014555c5,5,2,8874890859321386193,4629262467755900572,Jumper-v0,biped,nchl,"(45,)",500,W0,0,0.0012415878356527635,0.056611503222559444,0.048953710485986075,0.056625116666294814,-0.09986261278390884,0.09997736662626266,0.22291856225388534,0.15274119517763585
jumper__biped__nchl__seed_005,/home/rowanli.tangalin/tpr/tpr/results/hpc_rq1/nominal/jumper/biped/nchl/seed_005,4d326e23ecf3d532353d23b80bf92ab5c762bcdbed32c4a7962b4dda18522331,f2f171e0fd5ef74e5adfb4840871cafb6e76082e6fe5b7eca344fdc8014555c5,5,2,8874890859321386193,4629262467755900572,Jumper-v0,biped,nchl,"(45,)",500,W25,125,0.7490366301813653,26.619234323031147,18.089169319844814,26.62977078042154,-134.3929901123047,117.46398162841797,0.22291856225388534,0.15274119517763585
jumper__biped__nchl__seed_005,/home/rowanli.tangalin/tpr/tpr/results/hpc_rq1/nominal/jumper/biped/nchl/seed_005,4d326e23ecf3d532353d23b80bf92ab5c762bcdbed32c4a7962b4dda18522331,f2f171e0fd5ef74e5adfb4840871cafb6e76082e6fe5b7eca344fdc8014555c5,5,2,8874890859321386193,4629262467755900572,Jumper-v0,biped,nchl,"(45,)",500,W50,250,1.4837337401549116,53.66208502843858,36.667731092223974,53.68259341174797,-269.1416320800781,235.35153198242188,0.22291856225388534,0.15274119517763585
jumper__biped__nchl__seed_005,/home/rowanli.tangalin/tpr/tpr/results/hpc_rq1/nominal/jumper/biped/nchl/seed_005,4d326e23ecf3d532353d23b80bf92ab5c762bcdbed32c4a7962b4dda18522331,f2f171e0fd5ef74e5adfb4840871cafb6e76082e6fe5b7eca344fdc8014555c5,5,2,8874890859321386193,4629262467755900572,Jumper-v0,biped,nchl,"(45,)",500,W75,375,2.199974422990901,80.71479067510313,55.247446658232676,80.74476652506668,-403.8919982910156,353.2405090332031,0.22291856225388534,0.15274119517763585
jumper__biped__nchl__seed_005,/home/rowanli.tangalin/tpr/tpr/results/hpc_rq1/nominal/jumper/biped/nchl/seed_005,4d326e23ecf3d532353d23b80bf92ab5c762bcdbed32c4a7962b4dda18522331,f2f171e0fd5ef74e5adfb4840871cafb6e76082e6fe5b7eca344fdc8014555c5,5,2,8874890859321386193,4629262467755900572,Jumper-v0,biped,nchl,"(45,)",500,Wfinal,500,2.2021267122598815,104.01535453913203,70.12067091776453,104.03866272669111,-520.6435546875,479.420654296875,0.22291856225388534,0.15274119517763585
jumper__biped__nchl__seed_006,/home/rowanli.tangalin/tpr/tpr/results/hpc_rq1/nominal/jumper/biped/nchl/seed_006,e581d803244e54df0bab78f078df05708a68027df13e734952b5fc1de4915b7f,0cc26d62cc86c7192a261d4229196f8f376d7bf89c2b46336cd51bedfd0f328f,6,0,4697810511805331226,1837341966890607914,Jumper-v0,biped,nchl,"(45,)",500,W0,0,-0.0014718620199153756,0.05799393368978197,0.05057467027355535,0.05801260830733693,-0.0999845564365387,0.0999346524477005,0.23715478158740175,0.1689772496638883
jumper__biped__nchl__seed_006,/home/rowanli.tangalin/tpr/tpr/results/hpc_rq1/nominal/jumper/biped/nchl/seed_006,e581d803244e54df0bab78f078df05708a68027df13e734952b5fc1de4915b7f,0cc26d62cc86c7192a261d4229196f8f376d7bf89c2b46336cd51bedfd0f328f,6,0,4697810511805331226,1837341966890607914,Jumper-v0,biped,nchl,"(45,)",500,W25,125,0.7658357533331437,29.062416698959535,20.53209266785993,29.072505375097023,-126.0799560546875,193.81497192382812,0.23715478158740175,0.1689772496638883
jumper__biped__nchl__seed_006,/home/rowanli.tangalin/tpr/tpr/results/hpc_rq1/nominal/jumper/biped/nchl/seed_006,e581d803244e54df0bab78f078df05708a68027df13e734952b5fc1de4915b7f,0cc26d62cc86c7192a261d4229196f8f376d7bf89c2b46336cd51bedfd0f328f,6,0,4697810511805331226,1837341966890607914,Jumper-v0,biped,nchl,"(45,)",500,W50,250,1.3437838115141703,58.491170774247855,41.441506351407156,58.50660487051282,-253.69493103027344,388.1890563964844,0.23715478158740175,0.1689772496638883
jumper__biped__nchl__seed_006,/home/rowanli.tangalin/tpr/tpr/results/hpc_rq1/nominal/jumper/biped/nchl/seed_006,e581d803244e54df0bab78f078df05708a68027df13e734952b5fc1de4915b7f,0cc26d62cc86c7192a261d4229196f8f376d7bf89c2b46336cd51bedfd0f328f,6,0,4697810511805331226,1837341966890607914,Jumper-v0,biped,nchl,"(45,)",500,W75,375,2.03474985304927,88.038228531184,62.49060176164673,88.06173908045119,-381.30804443359375,582.5631713867188,0.23715478158740175,0.1689772496638883
jumper__biped__nchl__seed_006,/home/rowanli.tangalin/tpr/tpr/results/hpc_rq1/nominal/jumper/biped/nchl/seed_006,e581d803244e54df0bab78f078df05708a68027df13e734952b5fc1de4915b7f,0cc26d62cc86c7192a261d4229196f8f376d7bf89c2b46336cd51bedfd0f328f,6,0,4697810511805331226,1837341966890607914,Jumper-v0,biped,nchl,"(45,)",500,Wfinal,500,2.3766992962222147,117.14274406138452,83.04447577870734,117.16685190690967,-508.9211120605469,776.937255859375,0.23715478158740175,0.1689772496638883
jumper__biped__nchl__seed_006,/home/rowanli.tangalin/tpr/tpr/results/hpc_rq1/nominal/jumper/biped/nchl/seed_006,e581d803244e54df0bab78f078df05708a68027df13e734952b5fc1de4915b7f,0cc26d62cc86c7192a261d4229196f8f376d7bf89c2b46336cd51bedfd0f328f,6,1,212357942801270703,7001556810303355477,Jumper-v0,biped,nchl,"(45,)",500,W0,0,0.0001558814600915565,0.05770288570749475,0.050112653906586535,0.05770309626009511,-0.0999126061797142,0.099990613758564,0.23704676441727635,0.16885551536715854
jumper__biped__nchl__seed_006,/home/rowanli.tangalin/tpr/tpr/results/hpc_rq1/nominal/jumper/biped/nchl/seed_006,e581d803244e54df0bab78f078df05708a68027df13e734952b5fc1de4915b7f,0cc26d62cc86c7192a261d4229196f8f376d7bf89c2b46336cd51bedfd0f328f,6,1,212357942801270703,7001556810303355477,Jumper-v0,biped,nchl,"(45,)",500,W25,125,0.7143261544390794,29.020024010336357,20.496792387599964,29.028814226823222,-126.18038940429688,193.70535278320312,0.23704676441727635,0.16885551536715854
jumper__biped__nchl__seed_006,/home/rowanli.tangalin/tpr/tpr/results/hpc_rq1/nominal/jumper/biped/nchl/seed_006,e581d803244e54df0bab78f078df05708a68027df13e734952b5fc1de4915b7f,0cc26d62cc86c7192a261d4229196f8f376d7bf89c2b46336cd51bedfd0f328f,6,1,212357942801270703,7001556810303355477,Jumper-v0,biped,nchl,"(45,)",500,W50,250,1.3404188292323607,58.485602577629635,41.442371190369784,58.50096094515199,-253.7953643798828,388.0794372558594,0.23704676441727635,0.16885551536715854
jumper__biped__nchl__seed_006,/home/rowanli.tangalin/tpr/tpr/results/hpc_rq1/nominal/jumper/biped/nchl/seed_006,e581d803244e54df0bab78f078df05708a68027df13e734952b5fc1de4915b7f,0cc26d62cc86c7192a261d4229196f8f376d7bf89c2b46336cd51bedfd0f328f,6,1,212357942801270703,7001556810303355477,Jumper-v0,biped,nchl,"(45,)",500,W75,375,1.9877763925352576,87.97240689538341,62.422093952577406,87.99486138379686,-381.4084777832031,582.4535522460938,0.23704676441727635,0.16885551536715854
jumper__biped__nchl__seed_006,/home/rowanli.tangalin/tpr/tpr/results/hpc_rq1/nominal/jumper/biped/nchl/seed_006,e581d803244e54df0bab78f078df05708a68027df13e734952b5fc1de4915b7f,0cc26d62cc86c7192a261d4229196f8f376d7bf89c2b46336cd51bedfd0f328f,6,1,212357942801270703,7001556810303355477,Jumper-v0,biped,nchl,"(45,)",500,Wfinal,500,2.375621415138932,117.17609416597139,83.09191092941715,117.2001732980829,-509.02154541015625,776.82763671875,0.23704676441727635,0.16885551536715854
jumper__biped__nchl__seed_006,/home/rowanli.tangalin/tpr/tpr/results/hpc_rq1/nominal/jumper/biped/nchl/seed_006,e581d803244e54df0bab78f078df05708a68027df13e734952b5fc1de4915b7f,0cc26d62cc86c7192a261d4229196f8f376d7bf89c2b46336cd51bedfd0f328f,6,2,9197516287707139064,7789448062882196537,Jumper-v0,biped,nchl,"(45,)",500,W0,0,0.0014008595077109976,0.057654901744081895,0.0500610601075248,0.05767191779783365,-0.09999804198741913,0.09999632090330124,0.23711109498041466,0.16893235230743026
jumper__biped__nchl__seed_006,/home/rowanli.tangalin/tpr/tpr/results/hpc_rq1/nominal/jumper/biped/nchl/seed_006,e581d803244e54df0bab78f078df05708a68027df13e734952b5fc1de4915b7f,0cc26d62cc86c7192a261d4229196f8f376d7bf89c2b46336cd51bedfd0f328f,6,2,9197516287707139064,7789448062882196537,Jumper-v0,biped,nchl,"(45,)",500,W25,125,0.7451721132129618,29.082761391880272,20.55916756218928,29.092306399722798,-125.97982025146484,193.7183380126953,0.23711109498041466,0.16893235230743026
jumper__biped__nchl__seed_006,/home/rowanli.tangalin/tpr/tpr/results/hpc_rq1/nominal/jumper/biped/nchl/seed_006,e581d803244e54df0bab78f078df05708a68027df13e734952b5fc1de4915b7f,0cc26d62cc86c7192a261d4229196f8f376d7bf89c2b46336cd51bedfd0f328f,6,2,9197516287707139064,7789448062882196537,Jumper-v0,biped,nchl,"(45,)",500,W50,250,1.2989826389914476,58.48656642332451,41.44787371660694,58.50098980262088,-253.59478759765625,388.0924377441406,0.23711109498041466,0.16893235230743026
jumper__biped__nchl__seed_006,/home/rowanli.tangalin/tpr/tpr/results/hpc_rq1/nominal/jumper/biped/nchl/seed_006,e581d803244e54df0bab78f078df05708a68027df13e734952b5fc1de4915b7f,0cc26d62cc86c7192a261d4229196f8f376d7bf89c2b46336cd51bedfd0f328f,6,2,9197516287707139064,7789448062882196537,Jumper-v0,biped,nchl,"(45,)",500,W75,375,1.9992260400541673,88.04443466623461,62.49198133760528,88.067129966044,-381.2078857421875,582.466552734375,0.23711109498041466,0.16893235230743026
jumper__biped__nchl__seed_006,/home/rowanli.tangalin/tpr/tpr/results/hpc_rq1/nominal/jumper/biped/nchl/seed_006,e581d803244e54df0bab78f078df05708a68027df13e734952b5fc1de4915b7f,0cc26d62cc86c7192a261d4229196f8f376d7bf89c2b46336cd51bedfd0f328f,6,2,9197516287707139064,7789448062882196537,Jumper-v0,biped,nchl,"(45,)",500,Wfinal,500,2.458340664411772,117.32216909736552,83.24582294592365,117.34792201199444,-508.8209533691406,776.8406372070312,0.23711109498041466,0.16893235230743026
jumper__biped__nchl__seed_007,/home/rowanli.tangalin/tpr/tpr/results/hpc_rq1/nominal/jumper/biped/nchl/seed_007,9d38fb066983b9e715bc2130dbce759c2b50aa4d458452aeaae5656f36c5bbf5,63cdf755037e5a2006a1a382e443831214d30b290602cf1e57beb60634630920,7,0,7273538705011962834,3327181185902024434,Jumper-v0,biped,nchl,"(45,)",500,W0,0,0.0028958195271874846,0.05725127948315897,0.049403289649363046,0.05732446923603235,-0.09998038411140442,0.09995929896831512,0.1038691321779832,0.07803580578511406
jumper__biped__nchl__seed_007,/home/rowanli.tangalin/tpr/tpr/results/hpc_rq1/nominal/jumper/biped/nchl/seed_007,9d38fb066983b9e715bc2130dbce759c2b50aa4d458452aeaae5656f36c5bbf5,63cdf755037e5a2006a1a382e443831214d30b290602cf1e57beb60634630920,7,0,7273538705011962834,3327181185902024434,Jumper-v0,biped,nchl,"(45,)",500,W25,125,1.154032498406343,12.549011296369414,9.39416393359161,12.60196316149929,-60.44639587402344,64.63581085205078,0.1038691321779832,0.07803580578511406
jumper__biped__nchl__seed_007,/home/rowanli.tangalin/tpr/tpr/results/hpc_rq1/nominal/jumper/biped/nchl/seed_007,9d38fb066983b9e715bc2130dbce759c2b50aa4d458452aeaae5656f36c5bbf5,63cdf755037e5a2006a1a382e443831214d30b290602cf1e57beb60634630920,7,0,7273538705011962834,3327181185902024434,Jumper-v0,biped,nchl,"(45,)",500,W50,250,2.331182722637207,25.5600172197111,19.237632619874628,25.66610397310527,-120.99291229248047,129.9558563232422,0.1038691321779832,0.07803580578511406
jumper__biped__nchl__seed_007,/home/rowanli.tangalin/tpr/tpr/results/hpc_rq1/nominal/jumper/biped/nchl/seed_007,9d38fb066983b9e715bc2130dbce759c2b50aa4d458452aeaae5656f36c5bbf5,63cdf755037e5a2006a1a382e443831214d30b290602cf1e57beb60634630920,7,0,7273538705011962834,3327181185902024434,Jumper-v0,biped,nchl,"(45,)",500,W75,375,3.5054578822426326,38.578156986710816,29.086020409698506,38.737093740438006,-181.5397491455078,195.27682495117188,0.1038691321779832,0.07803580578511406
jumper__biped__nchl__seed_007,/home/rowanli.tangalin/tpr/tpr/results/hpc_rq1/nominal/jumper/biped/nchl/seed_007,9d38fb066983b9e715bc2130dbce759c2b50aa4d458452aeaae5656f36c5bbf5,63cdf755037e5a2006a1a382e443831214d30b290602cf1e57beb60634630920,7,0,7273538705011962834,3327181185902024434,Jumper-v0,biped,nchl,"(45,)",500,Wfinal,500,4.6857184690874325,51.59271236711322,38.928676008431545,51.80505696326589,-242.0865936279297,260.59765625,0.1038691321779832,0.07803580578511406
jumper__biped__nchl__seed_007,/home/rowanli.tangalin/tpr/tpr/results/hpc_rq1/nominal/jumper/biped/nchl/seed_007,9d38fb066983b9e715bc2130dbce759c2b50aa4d458452aeaae5656f36c5bbf5,63cdf755037e5a2006a1a382e443831214d30b290602cf1e57beb60634630920,7,1,219581318861383269,6126904072154767176,Jumper-v0,biped,nchl,"(45,)",500,W0,0,0.001012809541464488,0.057716577390606566,0.049767988226128525,0.057725463089118294,-0.09986057877540588,0.09997615218162537,0.10386404174344528,0.07803244524063922
jumper__biped__nchl__seed_007,/home/rowanli.tangalin/tpr/tpr/results/hpc_rq1/nominal/jumper/biped/nchl/seed_007,9d38fb066983b9e715bc2130dbce759c2b50aa4d458452aeaae5656f36c5bbf5,63cdf755037e5a2006a1a382e443831214d30b290602cf1e57beb60634630920,7,1,219581318861383269,6126904072154767176,Jumper-v0,biped,nchl,"(45,)",500,W25,125,1.1663690325661524,12.539907305733127,9.384806812371847,12.594033982664506,-60.563621520996094,64.63809204101562,0.10386404174344528,0.07803244524063922
jumper__biped__nchl__seed_007,/home/rowanli.tangalin/tpr/tpr/results/hpc_rq1/nominal/jumper/biped/nchl/seed_007,9d38fb066983b9e715bc2130dbce759c2b50aa4d458452aeaae5656f36c5bbf5,63cdf755037e5a2006a1a382e443831214d30b290602cf1e57beb60634630920,7,1,219581318861383269,6126904072154767176,Jumper-v0,biped,nchl,"(45,)",500,W50,250,2.344201836938798,25.549668766713356,19.227409946718506,25.656984552769934,-121.11017608642578,129.9581298828125,0.10386404174344528,0.07803244524063922
jumper__biped__nchl__seed_007,/home/rowanli.tangalin/tpr/tpr/results/hpc_rq1/nominal/jumper/biped/nchl/seed_007,9d38fb066983b9e715bc2130dbce759c2b50aa4d458452aeaae5656f36c5bbf5,63cdf755037e5a2006a1a382e443831214d30b290602cf1e57beb60634630920,7,1,219581318861383269,6126904072154767176,Jumper-v0,biped,nchl,"(45,)",500,W75,375,3.5212434168045936,38.565646424916125,29.072906008435403,38.72606666538748,-181.656982421875,195.2790985107422,0.10386404174344528,0.07803244524063922
jumper__biped__nchl__seed_007,/home/rowanli.tangalin/tpr/tpr/results/hpc_rq1/nominal/jumper/biped/nchl/seed_007,9d38fb066983b9e715bc2130dbce759c2b50aa4d458452aeaae5656f36c5bbf5,63cdf755037e5a2006a1a382e443831214d30b290602cf1e57beb60634630920,7,1,219581318861383269,6126904072154767176,Jumper-v0,biped,nchl,"(45,)",500,Wfinal,500,4.700747643955505,51.5803558621423,38.91636336439951,51.79411297896114,-242.203857421875,260.5999450683594,0.10386404174344528,0.07803244524063922
jumper__biped__nchl__seed_007,/home/rowanli.tangalin/tpr/tpr/results/hpc_rq1/nominal/jumper/biped/nchl/seed_007,9d38fb066983b9e715bc2130dbce759c2b50aa4d458452aeaae5656f36c5bbf5,63cdf755037e5a2006a1a382e443831214d30b290602cf1e57beb60634630920,7,2,7655123995385766933,8050610523573754527,Jumper-v0,biped,nchl,"(45,)",500,W0,0,-0.0006946916385192252,0.0577323820250748,0.04975621635452877,0.057736561473314366,-0.09972783923149109,0.09993335604667664,0.1039580991482147,0.0781912773848025
jumper__biped__nchl__seed_007,/home/rowanli.tangalin/tpr/tpr/results/hpc_rq1/nominal/jumper/biped/nchl/seed_007,9d38fb066983b9e715bc2130dbce759c2b50aa4d458452aeaae5656f36c5bbf5,63cdf755037e5a2006a1a382e443831214d30b290602cf1e57beb60634630920,7,2,7655123995385766933,8050610523573754527,Jumper-v0,biped,nchl,"(45,)",500,W25,125,1.1388518977771656,12.5271101217719,9.38049075093093,12.578770673164792,-60.45838928222656,64.47874450683594,0.1039580991482147,0.0781912773848025
jumper__biped__nchl__seed_007,/home/rowanli.tangalin/tpr/tpr/results/hpc_rq1/nominal/jumper/biped/nchl/seed_007,9d38fb066983b9e715bc2130dbce759c2b50aa4d458452aeaae5656f36c5bbf5,63cdf755037e5a2006a1a382e443831214d30b290602cf1e57beb60634630920,7,2,7655123995385766933,8050610523573754527,Jumper-v0,biped,nchl,"(45,)",500,W50,250,2.317122699672735,25.535960671286592,19.222192742981104,25.640872547767053,-121.00492095947266,129.7987823486328,0.1039580991482147,0.0781912773848025
jumper__biped__nchl__seed_007,/home/rowanli.tangalin/tpr/tpr/results/hpc_rq1/nominal/jumper/biped/nchl/seed_007,9d38fb066983b9e715bc2130dbce759c2b50aa4d458452aeaae5656f36c5bbf5,63cdf755037e5a2006a1a382e443831214d30b290602cf1e57beb60634630920,7,2,7655123995385766933,8050610523573754527,Jumper-v0,biped,nchl,"(45,)",500,W75,375,3.495017135887557,38.551275230204865,29.06725989931128,38.709378277817315,-181.55174255371094,195.1197509765625,0.1039580991482147,0.0781912773848025
jumper__biped__nchl__seed_007,/home/rowanli.tangalin/tpr/tpr/results/hpc_rq1/nominal/jumper/biped/nchl/seed_007,9d38fb066983b9e715bc2130dbce759c2b50aa4d458452aeaae5656f36c5bbf5,63cdf755037e5a2006a1a382e443831214d30b290602cf1e57beb60634630920,7,2,7655123995385766933,8050610523573754527,Jumper-v0,biped,nchl,"(45,)",500,Wfinal,500,4.941985024140652,51.19270121599113,38.57721396404176,51.430689998954605,-242.1075439453125,260.4405822753906,0.1039580991482147,0.0781912773848025
jumper__biped__nchl__seed_008,/home/rowanli.tangalin/tpr/tpr/results/hpc_rq1/nominal/jumper/biped/nchl/seed_008,17aece822f94a514674ab91416f8706dc0a999faff4bdf31d2335a917c51b138,a34173ef43e656c7a3f3a16081281693e59f61101c7c14fa5ab2f7535c42d0dd,8,0,4480449054597749916,4714160801966532834,Jumper-v0,biped,nchl,"(45,)",500,W0,0,-0.0027465093116962012,0.05719864999692247,0.049389385706767666,0.057264551642963846,-0.09992612898349762,0.09999813139438629,0.20284080379526884,0.14927765572816928
jumper__biped__nchl__seed_008,/home/rowanli.tangalin/tpr/tpr/results/hpc_rq1/nominal/jumper/biped/nchl/seed_008,17aece822f94a514674ab91416f8706dc0a999faff4bdf31d2335a917c51b138,a34173ef43e656c7a3f3a16081281693e59f61101c7c14fa5ab2f7535c42d0dd,8,0,4480449054597749916,4714160801966532834,Jumper-v0,biped,nchl,"(45,)",500,W25,125,2.1839777053394345,23.89567940605356,16.961887860805014,23.99527563697304,-133.50640869140625,109.61864471435547,0.20284080379526884,0.14927765572816928
jumper__biped__nchl__seed_008,/home/rowanli.tangalin/tpr/tpr/results/hpc_rq1/nominal/jumper/biped/nchl/seed_008,17aece822f94a514674ab91416f8706dc0a999faff4bdf31d2335a917c51b138,a34173ef43e656c7a3f3a16081281693e59f61101c7c14fa5ab2f7535c42d0dd,8,0,4480449054597749916,4714160801966532834,Jumper-v0,biped,nchl,"(45,)",500,W50,250,4.529253731474312,48.29122080553011,34.63299639536462,48.50315604424662,-267.3984680175781,219.2305145263672,0.20284080379526884,0.14927765572816928
jumper__biped__nchl__seed_008,/home/rowanli.tangalin/tpr/tpr/results/hpc_rq1/nominal/jumper/biped/nchl/seed_008,17aece822f94a514674ab91416f8706dc0a999faff4bdf31d2335a917c51b138,a34173ef43e656c7a3f3a16081281693e59f61101c7c14fa5ab2f7535c42d0dd,8,0,4480449054597749916,4714160801966532834,Jumper-v0,biped,nchl,"(45,)",500,W75,375,6.747293732438697,72.57497342214461,52.12426491904559,72.88794646535737,-401.29052734375,328.8445129394531,0.20284080379526884,0.14927765572816928
jumper__biped__nchl__seed_008,/home/rowanli.tangalin/tpr/tpr/results/hpc_rq1/nominal/jumper/biped/nchl/seed_008,17aece822f94a514674ab91416f8706dc0a999faff4bdf31d2335a917c51b138,a34173ef43e656c7a3f3a16081281693e59f61101c7c14fa5ab2f7535c42d0dd,8,0,4480449054597749916,4714160801966532834,Jumper-v0,biped,nchl,"(45,)",500,Wfinal,500,8.095535937076594,96.05844681761688,68.85548986794439,96.39897772861198,-532.7079467773438,437.30877685546875,0.20284080379526884,0.14927765572816928
jumper__biped__nchl__seed_008,/home/rowanli.tangalin/tpr/tpr/results/hpc_rq1/nominal/jumper/biped/nchl/seed_008,17aece822f94a514674ab91416f8706dc0a999faff4bdf31d2335a917c51b138,a34173ef43e656c7a3f3a16081281693e59f61101c7c14fa5ab2f7535c42d0dd,8,1,8169066096088904802,2410012360361453569,Jumper-v0,biped,nchl,"(45,)",500,W0,0,-0.0013817525452170794,0.05687224889609938,0.04912146217889502,0.056889031760051,-0.09982579946517944,0.09956207871437073,0.20088637955142116,0.14687643793819605
jumper__biped__nchl__seed_008,/home/rowanli.tangalin/tpr/tpr/results/hpc_rq1/nominal/jumper/biped/nchl/seed_008,17aece822f94a514674ab91416f8706dc0a999faff4bdf31d2335a917c51b138,a34173ef43e656c7a3f3a16081281693e59f61101c7c14fa5ab2f7535c42d0dd,8,1,8169066096088904802,2410012360361453569,Jumper-v0,biped,nchl,"(45,)",500,W25,125,3.3830250054564663,23.765654362278795,16.962921502158647,24.005232459921,-133.50244140625,109.53480529785156,0.20088637955142116,0.14687643793819605
jumper__biped__nchl__seed_008,/home/rowanli.tangalin/tpr/tpr/results/hpc_rq1/nominal/jumper/biped/nchl/seed_008,17aece822f94a514674ab91416f8706dc0a999faff4bdf31d2335a917c51b138,a34173ef43e656c7a3f3a16081281693e59f61101c7c14fa5ab2f7535c42d0dd,8,1,8169066096088904802,2410012360361453569,Jumper-v0,biped,nchl,"(45,)",500,W50,250,7.296781014681518,48.050773559034056,34.742321428441805,48.601644548284405,-267.3945007324219,219.1443634033203,0.20088637955142116,0.14687643793819605
jumper__biped__nchl__seed_008,/home/rowanli.tangalin/tpr/tpr/results/hpc_rq1/nominal/jumper/biped/nchl/seed_008,17aece822f94a514674ab91416f8706dc0a999faff4bdf31d2335a917c51b138,a34173ef43e656c7a3f3a16081281693e59f61101c7c14fa5ab2f7535c42d0dd,8,1,8169066096088904802,2410012360361453569,Jumper-v0,biped,nchl,"(45,)",500,W75,375,11.18017521730509,72.31461230802692,52.46676967029052,73.17376217709378,-401.28656005859375,328.7529602050781,0.20088637955142116,0.14687643793819605
jumper__biped__nchl__seed_008,/home/rowanli.tangalin/tpr/tpr/results/hpc_rq1/nominal/jumper/biped/nchl/seed_008,17aece822f94a514674ab91416f8706dc0a999faff4bdf31d2335a917c51b138,a34173ef43e656c7a3f3a16081281693e59f61101c7c14fa5ab2f7535c42d0dd,8,1,8169066096088904802,2410012360361453569,Jumper-v0,biped,nchl,"(45,)",500,Wfinal,500,15.082523103848693,96.61241408340227,70.21605775019533,97.78262145289885,-535.1792602539062,438.3611755371094,0.20088637955142116,0.14687643793819605
jumper__biped__nchl__seed_008,/home/rowanli.tangalin/tpr/tpr/results/hpc_rq1/nominal/jumper/biped/nchl/seed_008,17aece822f94a514674ab91416f8706dc0a999faff4bdf31d2335a917c51b138,a34173ef43e656c7a3f3a16081281693e59f61101c7c14fa5ab2f7535c42d0dd,8,2,1688151127694054410,5098444150450504360,Jumper-v0,biped,nchl,"(45,)",500,W0,0,-0.00026234964749828176,0.058030453376648104,0.05016171595218161,0.05803104640136065,-0.0999714806675911,0.09996657818555832,0.20257624448440437,0.1492537729476031
jumper__biped__nchl__seed_008,/home/rowanli.tangalin/tpr/tpr/results/hpc_rq1/nominal/jumper/biped/nchl/seed_008,17aece822f94a514674ab91416f8706dc0a999faff4bdf31d2335a917c51b138,a34173ef43e656c7a3f3a16081281693e59f61101c7c14fa5ab2f7535c42d0dd,8,2,1688151127694054410,5098444150450504360,Jumper-v0,biped,nchl,"(45,)",500,W25,125,1.5792867414465865,23.92784816730047,16.98215971642039,23.979909602187693,-133.52496337890625,109.53815460205078,0.20257624448440437,0.1492537729476031
jumper__biped__nchl__seed_008,/home/rowanli.tangalin/tpr/tpr/results/hpc_rq1/nominal/jumper/biped/nchl/seed_008,17aece822f94a514674ab91416f8706dc0a999faff4bdf31d2335a917c51b138,a34173ef43e656c7a3f3a16081281693e59f61101c7c14fa5ab2f7535c42d0dd,8,2,1688151127694054410,5098444150450504360,Jumper-v0,biped,nchl,"(45,)",500,W50,250,3.3187657088154547,48.31770270114205,34.55717471860997,48.43154550647706,-267.4170227050781,219.15414428710938,0.20257624448440437,0.1492537729476031
jumper__biped__nchl__seed_008,/home/rowanli.tangalin/tpr/tpr/results/hpc_rq1/nominal/jumper/biped/nchl/seed_008,17aece822f94a514674ab91416f8706dc0a999faff4bdf31d2335a917c51b138,a34173ef43e656c7a3f3a16081281693e59f61101c7c14fa5ab2f7535c42d0dd,8,2,1688151127694054410,5098444150450504360,Jumper-v0,biped,nchl,"(45,)",500,W75,375,5.002392148201508,72.6732321619271,52.08558698342313,72.84519613581766,-401.30908203125,328.7718200683594,0.20257624448440437,0.1492537729476031
jumper__biped__nchl__seed_008,/home/rowanli.tangalin/tpr/tpr/results/hpc_rq1/nominal/jumper/biped/nchl/seed_008,17aece822f94a514674ab91416f8706dc0a999faff4bdf31d2335a917c51b138,a34173ef43e656c7a3f3a16081281693e59f61101c7c14fa5ab2f7535c42d0dd,8,2,1688151127694054410,5098444150450504360,Jumper-v0,biped,nchl,"(45,)",500,Wfinal,500,6.325346878958198,96.67912527992958,69.19790616550911,96.88582599137742,-534.9141235351562,438.3880310058594,0.20257624448440437,0.1492537729476031
jumper__biped__nchl__seed_009,/home/rowanli.tangalin/tpr/tpr/results/hpc_rq1/nominal/jumper/biped/nchl/seed_009,dd6493e763e8b52272d6e23ac84bf3442efdf77ecb9f951091eff2a2060df0a2,11882e5c3a28f4584bd6e6674778450c2449140cbb8112985a9d4c10211aee17,9,0,8469251633518957484,5579477484601834272,Jumper-v0,biped,nchl,"(45,)",500,W0,0,-0.0003504345827566097,0.05689209398157893,0.04898630145165251,0.05689317324605476,-0.09997273981571198,0.09995336085557938,0.11531519717059945,0.08522664603980226
jumper__biped__nchl__seed_009,/home/rowanli.tangalin/tpr/tpr/results/hpc_rq1/nominal/jumper/biped/nchl/seed_009,dd6493e763e8b52272d6e23ac84bf3442efdf77ecb9f951091eff2a2060df0a2,11882e5c3a28f4584bd6e6674778450c2449140cbb8112985a9d4c10211aee17,9,0,8469251633518957484,5579477484601834272,Jumper-v0,biped,nchl,"(45,)",500,W25,125,1.5569844939398425,13.590455691020786,9.882123179881555,13.679352565233794,-52.56589889526367,65.76749420166016,0.11531519717059945,0.08522664603980226
jumper__biped__nchl__seed_009,/home/rowanli.tangalin/tpr/tpr/results/hpc_rq1/nominal/jumper/biped/nchl/seed_009,dd6493e763e8b52272d6e23ac84bf3442efdf77ecb9f951091eff2a2060df0a2,11882e5c3a28f4584bd6e6674778450c2449140cbb8112985a9d4c10211aee17,9,0,8469251633518957484,5579477484601834272,Jumper-v0,biped,nchl,"(45,)",500,W50,250,3.183148787297168,27.612454571389705,20.27060933491719,27.79532485255626,-105.25841522216797,131.6034393310547,0.11531519717059945,0.08522664603980226
jumper__biped__nchl__seed_009,/home/rowanli.tangalin/tpr/tpr/results/hpc_rq1/nominal/jumper/biped/nchl/seed_009,dd6493e763e8b52272d6e23ac84bf3442efdf77ecb9f951091eff2a2060df0a2,11882e5c3a28f4584bd6e6674778450c2449140cbb8112985a9d4c10211aee17,9,0,8469251633518957484,5579477484601834272,Jumper-v0,biped,nchl,"(45,)",500,W75,375,4.810246985615768,41.64170549598119,30.661525053798808,41.91861296222307,-157.95083618164062,197.43939208984375,0.11531519717059945,0.08522664603980226
jumper__biped__nchl__seed_009,/home/rowanli.tangalin/tpr/tpr/results/hpc_rq1/nominal/jumper/biped/nchl/seed_009,dd6493e763e8b52272d6e23ac84bf3442efdf77ecb9f951091eff2a2060df0a2,11882e5c3a28f4584bd6e6674778450c2449140cbb8112985a9d4c10211aee17,9,0,8469251633518957484,5579477484601834272,Jumper-v0,biped,nchl,"(45,)",500,Wfinal,500,4.758979036260701,50.465010693508866,36.25124767726322,50.688905943643455,-204.7546844482422,264.5134582519531,0.11531519717059945,0.08522664603980226
jumper__biped__nchl__seed_009,/home/rowanli.tangalin/tpr/tpr/results/hpc_rq1/nominal/jumper/biped/nchl/seed_009,dd6493e763e8b52272d6e23ac84bf3442efdf77ecb9f951091eff2a2060df0a2,11882e5c3a28f4584bd6e6674778450c2449140cbb8112985a9d4c10211aee17,9,1,5415548583552718452,3538497439875268043,Jumper-v0,biped,nchl,"(45,)",500,W0,0,0.0015585931147757085,0.0566401443000619,0.04855055189421343,0.0566615845068708,-0.09988770633935928,0.09989757835865021,0.114392646160729,0.08447276709306073
jumper__biped__nchl__seed_009,/home/rowanli.tangalin/tpr/tpr/results/hpc_rq1/nominal/jumper/biped/nchl/seed_009,dd6493e763e8b52272d6e23ac84bf3442efdf77ecb9f951091eff2a2060df0a2,11882e5c3a28f4584bd6e6674778450c2449140cbb8112985a9d4c10211aee17,9,1,5415548583552718452,3538497439875268043,Jumper-v0,biped,nchl,"(45,)",500,W25,125,1.55176992384342,13.602716969683808,9.901945041874287,13.690942219360538,-52.55033874511719,65.89971160888672,0.114392646160729,0.08447276709306073
jumper__biped__nchl__seed_009,/home/rowanli.tangalin/tpr/tpr/results/hpc_rq1/nominal/jumper/biped/nchl/seed_009,dd6493e763e8b52272d6e23ac84bf3442efdf77ecb9f951091eff2a2060df0a2,11882e5c3a28f4584bd6e6674778450c2449140cbb8112985a9d4c10211aee17,9,1,5415548583552718452,3538497439875268043,Jumper-v0,biped,nchl,"(45,)",500,W50,250,3.1878650399487256,27.63218328638099,20.302672890123503,27.81546398471685,-105.24285888671875,131.73565673828125,0.114392646160729,0.08447276709306073
jumper__biped__nchl__seed_009,/home/rowanli.tangalin/tpr/tpr/results/hpc_rq1/nominal/jumper/biped/nchl/seed_009,dd6493e763e8b52272d6e23ac84bf3442efdf77ecb9f951091eff2a2060df0a2,11882e5c3a28f4584bd6e6674778450c2449140cbb8112985a9d4c10211aee17,9,1,5415548583552718452,3538497439875268043,Jumper-v0,biped,nchl,"(45,)",500,W75,375,4.78203363621791,41.631619169454375,30.631707986241178,41.905364338809896,-157.93527221679688,197.5716094970703,0.114392646160729,0.08447276709306073
jumper__biped__nchl__seed_009,/home/rowanli.tangalin/tpr/tpr/results/hpc_rq1/nominal/jumper/biped/nchl/seed_009,dd6493e763e8b52272d6e23ac84bf3442efdf77ecb9f951091eff2a2060df0a2,11882e5c3a28f4584bd6e6674778450c2449140cbb8112985a9d4c10211aee17,9,1,5415548583552718452,3538497439875268043,Jumper-v0,biped,nchl,"(45,)",500,Wfinal,500,5.382290846218728,52.17811223757899,37.81846791064402,52.45497546878352,-208.01519775390625,264.2524108886719,0.114392646160729,0.08447276709306073
jumper__biped__nchl__seed_009,/home/rowanli.tangalin/tpr/tpr/results/hpc_rq1/nominal/jumper/biped/nchl/seed_009,dd6493e763e8b52272d6e23ac84bf3442efdf77ecb9f951091eff2a2060df0a2,11882e5c3a28f4584bd6e6674778450c2449140cbb8112985a9d4c10211aee17,9,2,6075971192560964690,5235945277139461518,Jumper-v0,biped,nchl,"(45,)",500,W0,0,6.256727607152229e-05,0.05715447365556383,0.04934391746542543,0.05715450790190196,-0.099821075797081,0.09993649274110794,0.11347696981201968,0.08369413863308622
jumper__biped__nchl__seed_009,/home/rowanli.tangalin/tpr/tpr/results/hpc_rq1/nominal/jumper/biped/nchl/seed_009,dd6493e763e8b52272d6e23ac84bf3442efdf77ecb9f951091eff2a2060df0a2,11882e5c3a28f4584bd6e6674778450c2449140cbb8112985a9d4c10211aee17,9,2,6075971192560964690,5235945277139461518,Jumper-v0,biped,nchl,"(45,)",500,W25,125,1.5382254609074717,13.594107833704346,9.889804311790767,13.680859087168681,-52.44556427001953,65.88362884521484,0.11347696981201968,0.08369413863308622
jumper__biped__nchl__seed_009,/home/rowanli.tangalin/tpr/tpr/results/hpc_rq1/nominal/jumper/biped/nchl/seed_009,dd6493e763e8b52272d6e23ac84bf3442efdf77ecb9f951091eff2a2060df0a2,11882e5c3a28f4584bd6e6674778450c2449140cbb8112985a9d4c10211aee17,9,2,6075971192560964690,5235945277139461518,Jumper-v0,biped,nchl,"(45,)",500,W50,250,3.1777323269677704,27.626098326290222,20.297104558854343,27.80825941111222,-105.1380844116211,131.71957397460938,0.11347696981201968,0.08369413863308622
jumper__biped__nchl__seed_009,/home/rowanli.tangalin/tpr/tpr/results/hpc_rq1/nominal/jumper/biped/nchl/seed_009,dd6493e763e8b52272d6e23ac84bf3442efdf77ecb9f951091eff2a2060df0a2,11882e5c3a28f4584bd6e6674778450c2449140cbb8112985a9d4c10211aee17,9,2,6075971192560964690,5235945277139461518,Jumper-v0,biped,nchl,"(45,)",500,W75,375,4.765591945904512,41.624257411619844,30.625453845899653,41.89617729177281,-157.83050537109375,197.55552673339844,0.11347696981201968,0.08369413863308622
jumper__biped__nchl__seed_009,/home/rowanli.tangalin/tpr/tpr/results/hpc_rq1/nominal/jumper/biped/nchl/seed_009,dd6493e763e8b52272d6e23ac84bf3442efdf77ecb9f951091eff2a2060df0a2,11882e5c3a28f4584bd6e6674778450c2449140cbb8112985a9d4c10211aee17,9,2,6075971192560964690,5235945277139461518,Jumper-v0,biped,nchl,"(45,)",500,Wfinal,500,5.835554450859688,54.10290384939818,39.4847897358348,54.41670608081836,-210.74862670898438,263.3778381347656,0.11347696981201968,0.08369413863308622
thrower__biped__static__seed_000,/home/rowanli.tangalin/tpr/tpr/results/hpc_rq1/nominal/thrower/biped/static/seed_000,c4b3747d237c45a7d3e671d2ab7b7a2e372a2f091fdccc436c793832a53e428f,e881ba8837e77be3c27619ef5586fcc2071eca3893ab2556364c1424d5797663,0,0,4940322620982477041,3023897764847979143,Thrower-v0,biped,static,"(44,)",300,W0,0,-0.03259362381932015,1.0149114860782216,0.8033554516598876,1.0154347191657271,-3.4733831882476807,3.274048328399658,0.0,0.0
thrower__biped__static__seed_000,/home/rowanli.tangalin/tpr/tpr/results/hpc_rq1/nominal/thrower/biped/static/seed_000,c4b3747d237c45a7d3e671d2ab7b7a2e372a2f091fdccc436c793832a53e428f,e881ba8837e77be3c27619ef5586fcc2071eca3893ab2556364c1424d5797663,0,0,4940322620982477041,3023897764847979143,Thrower-v0,biped,static,"(44,)",300,W25,75,-0.03259362381932015,1.0149114860782216,0.8033554516598876,1.0154347191657271,-3.4733831882476807,3.274048328399658,0.0,0.0
thrower__biped__static__seed_000,/home/rowanli.tangalin/tpr/tpr/results/hpc_rq1/nominal/thrower/biped/static/seed_000,c4b3747d237c45a7d3e671d2ab7b7a2e372a2f091fdccc436c793832a53e428f,e881ba8837e77be3c27619ef5586fcc2071eca3893ab2556364c1424d5797663,0,0,4940322620982477041,3023897764847979143,Thrower-v0,biped,static,"(44,)",300,W50,150,-0.03259362381932015,1.0149114860782216,0.8033554516598876,1.0154347191657271,-3.4733831882476807,3.274048328399658,0.0,0.0
thrower__biped__static__seed_000,/home/rowanli.tangalin/tpr/tpr/results/hpc_rq1/nominal/thrower/biped/static/seed_000,c4b3747d237c45a7d3e671d2ab7b7a2e372a2f091fdccc436c793832a53e428f,e881ba8837e77be3c27619ef5586fcc2071eca3893ab2556364c1424d5797663,0,0,4940322620982477041,3023897764847979143,Thrower-v0,biped,static,"(44,)",300,W75,225,-0.03259362381932015,1.0149114860782216,0.8033554516598876,1.0154347191657271,-3.4733831882476807,3.274048328399658,0.0,0.0
thrower__biped__static__seed_000,/home/rowanli.tangalin/tpr/tpr/results/hpc_rq1/nominal/thrower/biped/static/seed_000,c4b3747d237c45a7d3e671d2ab7b7a2e372a2f091fdccc436c793832a53e428f,e881ba8837e77be3c27619ef5586fcc2071eca3893ab2556364c1424d5797663,0,0,4940322620982477041,3023897764847979143,Thrower-v0,biped,static,"(44,)",300,Wfinal,300,-0.03259362381932015,1.0149114860782216,0.8033554516598876,1.0154347191657271,-3.4733831882476807,3.274048328399658,0.0,0.0
thrower__biped__static__seed_000,/home/rowanli.tangalin/tpr/tpr/results/hpc_rq1/nominal/thrower/biped/static/seed_000,c4b3747d237c45a7d3e671d2ab7b7a2e372a2f091fdccc436c793832a53e428f,e881ba8837e77be3c27619ef5586fcc2071eca3893ab2556364c1424d5797663,0,1,530078296572617688,6966882572876332860,Thrower-v0,biped,static,"(44,)",300,W0,0,-0.03259362381932015,1.0149114860782216,0.8033554516598876,1.0154347191657271,-3.4733831882476807,3.274048328399658,0.0,0.0
thrower__biped__static__seed_000,/home/rowanli.tangalin/tpr/tpr/results/hpc_rq1/nominal/thrower/biped/static/seed_000,c4b3747d237c45a7d3e671d2ab7b7a2e372a2f091fdccc436c793832a53e428f,e881ba8837e77be3c27619ef5586fcc2071eca3893ab2556364c1424d5797663,0,1,530078296572617688,6966882572876332860,Thrower-v0,biped,static,"(44,)",300,W25,75,-0.03259362381932015,1.0149114860782216,0.8033554516598876,1.0154347191657271,-3.4733831882476807,3.274048328399658,0.0,0.0
thrower__biped__static__seed_000,/home/rowanli.tangalin/tpr/tpr/results/hpc_rq1/nominal/thrower/biped/static/seed_000,c4b3747d237c45a7d3e671d2ab7b7a2e372a2f091fdccc436c793832a53e428f,e881ba8837e77be3c27619ef5586fcc2071eca3893ab2556364c1424d5797663,0,1,530078296572617688,6966882572876332860,Thrower-v0,biped,static,"(44,)",300,W50,150,-0.03259362381932015,1.0149114860782216,0.8033554516598876,1.0154347191657271,-3.4733831882476807,3.274048328399658,0.0,0.0
thrower__biped__static__seed_000,/home/rowanli.tangalin/tpr/tpr/results/hpc_rq1/nominal/thrower/biped/static/seed_000,c4b3747d237c45a7d3e671d2ab7b7a2e372a2f091fdccc436c793832a53e428f,e881ba8837e77be3c27619ef5586fcc2071eca3893ab2556364c1424d5797663,0,1,530078296572617688,6966882572876332860,Thrower-v0,biped,static,"(44,)",300,W75,225,-0.03259362381932015,1.0149114860782216,0.8033554516598876,1.0154347191657271,-3.4733831882476807,3.274048328399658,0.0,0.0
thrower__biped__static__seed_000,/home/rowanli.tangalin/tpr/tpr/results/hpc_rq1/nominal/thrower/biped/static/seed_000,c4b3747d237c45a7d3e671d2ab7b7a2e372a2f091fdccc436c793832a53e428f,e881ba8837e77be3c27619ef5586fcc2071eca3893ab2556364c1424d5797663,0,1,530078296572617688,6966882572876332860,Thrower-v0,biped,static,"(44,)",300,Wfinal,300,-0.03259362381932015,1.0149114860782216,0.8033554516598876,1.0154347191657271,-3.4733831882476807,3.274048328399658,0.0,0.0
thrower__biped__static__seed_000,/home/rowanli.tangalin/tpr/tpr/results/hpc_rq1/nominal/thrower/biped/static/seed_000,c4b3747d237c45a7d3e671d2ab7b7a2e372a2f091fdccc436c793832a53e428f,e881ba8837e77be3c27619ef5586fcc2071eca3893ab2556364c1424d5797663,0,2,7210830791768759910,3424438756091539107,Thrower-v0,biped,static,"(44,)",300,W0,0,-0.03259362381932015,1.0149114860782216,0.8033554516598876,1.0154347191657271,-3.4733831882476807,3.274048328399658,0.0,0.0
thrower__biped__static__seed_000,/home/rowanli.tangalin/tpr/tpr/results/hpc_rq1/nominal/thrower/biped/static/seed_000,c4b3747d237c45a7d3e671d2ab7b7a2e372a2f091fdccc436c793832a53e428f,e881ba8837e77be3c27619ef5586fcc2071eca3893ab2556364c1424d5797663,0,2,7210830791768759910,3424438756091539107,Thrower-v0,biped,static,"(44,)",300,W25,75,-0.03259362381932015,1.0149114860782216,0.8033554516598876,1.0154347191657271,-3.4733831882476807,3.274048328399658,0.0,0.0
thrower__biped__static__seed_000,/home/rowanli.tangalin/tpr/tpr/results/hpc_rq1/nominal/thrower/biped/static/seed_000,c4b3747d237c45a7d3e671d2ab7b7a2e372a2f091fdccc436c793832a53e428f,e881ba8837e77be3c27619ef5586fcc2071eca3893ab2556364c1424d5797663,0,2,7210830791768759910,3424438756091539107,Thrower-v0,biped,static,"(44,)",300,W50,150,-0.03259362381932015,1.0149114860782216,0.8033554516598876,1.0154347191657271,-3.4733831882476807,3.274048328399658,0.0,0.0
thrower__biped__static__seed_000,/home/rowanli.tangalin/tpr/tpr/results/hpc_rq1/nominal/thrower/biped/static/seed_000,c4b3747d237c45a7d3e671d2ab7b7a2e372a2f091fdccc436c793832a53e428f,e881ba8837e77be3c27619ef5586fcc2071eca3893ab2556364c1424d5797663,0,2,7210830791768759910,3424438756091539107,Thrower-v0,biped,static,"(44,)",300,W75,225,-0.03259362381932015,1.0149114860782216,0.8033554516598876,1.0154347191657271,-3.4733831882476807,3.274048328399658,0.0,0.0
thrower__biped__static__seed_000,/home/rowanli.tangalin/tpr/tpr/results/hpc_rq1/nominal/thrower/biped/static/seed_000,c4b3747d237c45a7d3e671d2ab7b7a2e372a2f091fdccc436c793832a53e428f,e881ba8837e77be3c27619ef5586fcc2071eca3893ab2556364c1424d5797663,0,2,7210830791768759910,3424438756091539107,Thrower-v0,biped,static,"(44,)",300,Wfinal,300,-0.03259362381932015,1.0149114860782216,0.8033554516598876,1.0154347191657271,-3.4733831882476807,3.274048328399658,0.0,0.0
thrower__biped__static__seed_001,/home/rowanli.tangalin/tpr/tpr/results/hpc_rq1/nominal/thrower/biped/static/seed_001,56d325f4247b166a1111cce9b3cb6388bd6985374535603edb434169283f1030,8fb588ff156d7c73328dd0a7bd51554da7aa3ab362e0b82bd97bb0531756c34c,1,0,5232325836976384581,7172422899355977572,Thrower-v0,biped,static,"(44,)",300,W0,0,-0.025355382920641243,1.331564987113251,1.0752956733762582,1.3318063711925112,-4.283841609954834,4.867938041687012,0.0,0.0
thrower__biped__static__seed_001,/home/rowanli.tangalin/tpr/tpr/results/hpc_rq1/nominal/thrower/biped/static/seed_001,56d325f4247b166a1111cce9b3cb6388bd6985374535603edb434169283f1030,8fb588ff156d7c73328dd0a7bd51554da7aa3ab362e0b82bd97bb0531756c34c,1,0,5232325836976384581,7172422899355977572,Thrower-v0,biped,static,"(44,)",300,W25,75,-0.025355382920641243,1.331564987113251,1.0752956733762582,1.3318063711925112,-4.283841609954834,4.867938041687012,0.0,0.0
thrower__biped__static__seed_001,/home/rowanli.tangalin/tpr/tpr/results/hpc_rq1/nominal/thrower/biped/static/seed_001,56d325f4247b166a1111cce9b3cb6388bd6985374535603edb434169283f1030,8fb588ff156d7c73328dd0a7bd51554da7aa3ab362e0b82bd97bb0531756c34c,1,0,5232325836976384581,7172422899355977572,Thrower-v0,biped,static,"(44,)",300,W50,150,-0.025355382920641243,1.331564987113251,1.0752956733762582,1.3318063711925112,-4.283841609954834,4.867938041687012,0.0,0.0
thrower__biped__static__seed_001,/home/rowanli.tangalin/tpr/tpr/results/hpc_rq1/nominal/thrower/biped/static/seed_001,56d325f4247b166a1111cce9b3cb6388bd6985374535603edb434169283f1030,8fb588ff156d7c73328dd0a7bd51554da7aa3ab362e0b82bd97bb0531756c34c,1,0,5232325836976384581,7172422899355977572,Thrower-v0,biped,static,"(44,)",300,W75,225,-0.025355382920641243,1.331564987113251,1.0752956733762582,1.3318063711925112,-4.283841609954834,4.867938041687012,0.0,0.0
thrower__biped__static__seed_001,/home/rowanli.tangalin/tpr/tpr/results/hpc_rq1/nominal/thrower/biped/static/seed_001,56d325f4247b166a1111cce9b3cb6388bd6985374535603edb434169283f1030,8fb588ff156d7c73328dd0a7bd51554da7aa3ab362e0b82bd97bb0531756c34c,1,0,5232325836976384581,7172422899355977572,Thrower-v0,biped,static,"(44,)",300,Wfinal,300,-0.025355382920641243,1.331564987113251,1.0752956733762582,1.3318063711925112,-4.283841609954834,4.867938041687012,0.0,0.0
thrower__biped__static__seed_001,/home/rowanli.tangalin/tpr/tpr/results/hpc_rq1/nominal/thrower/biped/static/seed_001,56d325f4247b166a1111cce9b3cb6388bd6985374535603edb434169283f1030,8fb588ff156d7c73328dd0a7bd51554da7aa3ab362e0b82bd97bb0531756c34c,1,1,3184075494390970209,9147161066225580108,Thrower-v0,biped,static,"(44,)",300,W0,0,-0.025355382920641243,1.331564987113251,1.0752956733762582,1.3318063711925112,-4.283841609954834,4.867938041687012,0.0,0.0
thrower__biped__static__seed_001,/home/rowanli.tangalin/tpr/tpr/results/hpc_rq1/nominal/thrower/biped/static/seed_001,56d325f4247b166a1111cce9b3cb6388bd6985374535603edb434169283f1030,8fb588ff156d7c73328dd0a7bd51554da7aa3ab362e0b82bd97bb0531756c34c,1,1,3184075494390970209,9147161066225580108,Thrower-v0,biped,static,"(44,)",300,W25,75,-0.025355382920641243,1.331564987113251,1.0752956733762582,1.3318063711925112,-4.283841609954834,4.867938041687012,0.0,0.0
thrower__biped__static__seed_001,/home/rowanli.tangalin/tpr/tpr/results/hpc_rq1/nominal/thrower/biped/static/seed_001,56d325f4247b166a1111cce9b3cb6388bd6985374535603edb434169283f1030,8fb588ff156d7c73328dd0a7bd51554da7aa3ab362e0b82bd97bb0531756c34c,1,1,3184075494390970209,9147161066225580108,Thrower-v0,biped,static,"(44,)",300,W50,150,-0.025355382920641243,1.331564987113251,1.0752956733762582,1.3318063711925112,-4.283841609954834,4.867938041687012,0.0,0.0
thrower__biped__static__seed_001,/home/rowanli.tangalin/tpr/tpr/results/hpc_rq1/nominal/thrower/biped/static/seed_001,56d325f4247b166a1111cce9b3cb6388bd6985374535603edb434169283f1030,8fb588ff156d7c73328dd0a7bd51554da7aa3ab362e0b82bd97bb0531756c34c,1,1,3184075494390970209,9147161066225580108,Thrower-v0,biped,static,"(44,)",300,W75,225,-0.025355382920641243,1.331564987113251,1.0752956733762582,1.3318063711925112,-4.283841609954834,4.867938041687012,0.0,0.0
thrower__biped__static__seed_001,/home/rowanli.tangalin/tpr/tpr/results/hpc_rq1/nominal/thrower/biped/static/seed_001,56d325f4247b166a1111cce9b3cb6388bd6985374535603edb434169283f1030,8fb588ff156d7c73328dd0a7bd51554da7aa3ab362e0b82bd97bb0531756c34c,1,1,3184075494390970209,9147161066225580108,Thrower-v0,biped,static,"(44,)",300,Wfinal,300,-0.025355382920641243,1.331564987113251,1.0752956733762582,1.3318063711925112,-4.283841609954834,4.867938041687012,0.0,0.0
thrower__biped__static__seed_001,/home/rowanli.tangalin/tpr/tpr/results/hpc_rq1/nominal/thrower/biped/static/seed_001,56d325f4247b166a1111cce9b3cb6388bd6985374535603edb434169283f1030,8fb588ff156d7c73328dd0a7bd51554da7aa3ab362e0b82bd97bb0531756c34c,1,2,6337936886056088,9019669384804417704,Thrower-v0,biped,static,"(44,)",300,W0,0,-0.025355382920641243,1.331564987113251,1.0752956733762582,1.3318063711925112,-4.283841609954834,4.867938041687012,0.0,0.0
thrower__biped__static__seed_001,/home/rowanli.tangalin/tpr/tpr/results/hpc_rq1/nominal/thrower/biped/static/seed_001,56d325f4247b166a1111cce9b3cb6388bd6985374535603edb434169283f1030,8fb588ff156d7c73328dd0a7bd51554da7aa3ab362e0b82bd97bb0531756c34c,1,2,6337936886056088,9019669384804417704,Thrower-v0,biped,static,"(44,)",300,W25,75,-0.025355382920641243,1.331564987113251,1.0752956733762582,1.3318063711925112,-4.283841609954834,4.867938041687012,0.0,0.0
thrower__biped__static__seed_001,/home/rowanli.tangalin/tpr/tpr/results/hpc_rq1/nominal/thrower/biped/static/seed_001,56d325f4247b166a1111cce9b3cb6388bd6985374535603edb434169283f1030,8fb588ff156d7c73328dd0a7bd51554da7aa3ab362e0b82bd97bb0531756c34c,1,2,6337936886056088,9019669384804417704,Thrower-v0,biped,static,"(44,)",300,W50,150,-0.025355382920641243,1.331564987113251,1.0752956733762582,1.3318063711925112,-4.283841609954834,4.867938041687012,0.0,0.0
thrower__biped__static__seed_001,/home/rowanli.tangalin/tpr/tpr/results/hpc_rq1/nominal/thrower/biped/static/seed_001,56d325f4247b166a1111cce9b3cb6388bd6985374535603edb434169283f1030,8fb588ff156d7c73328dd0a7bd51554da7aa3ab362e0b82bd97bb0531756c34c,1,2,6337936886056088,9019669384804417704,Thrower-v0,biped,static,"(44,)",300,W75,225,-0.025355382920641243,1.331564987113251,1.0752956733762582,1.3318063711925112,-4.283841609954834,4.867938041687012,0.0,0.0
thrower__biped__static__seed_001,/home/rowanli.tangalin/tpr/tpr/results/hpc_rq1/nominal/thrower/biped/static/seed_001,56d325f4247b166a1111cce9b3cb6388bd6985374535603edb434169283f1030,8fb588ff156d7c73328dd0a7bd51554da7aa3ab362e0b82bd97bb0531756c34c,1,2,6337936886056088,9019669384804417704,Thrower-v0,biped,static,"(44,)",300,Wfinal,300,-0.025355382920641243,1.331564987113251,1.0752956733762582,1.3318063711925112,-4.283841609954834,4.867938041687012,0.0,0.0
thrower__biped__static__seed_002,/home/rowanli.tangalin/tpr/tpr/results/hpc_rq1/nominal/thrower/biped/static/seed_002,a47338b42245b2e1d801c79ef9779ad89c321a626bb0fe5a50750b956257e969,a659a570f7efd6b09c810fa85a3cec1a3e5b8e6bfe5ee9bea861b5a792eecf35,2,0,4709125304908105630,1244304497912131803,Thrower-v0,biped,static,"(44,)",300,W0,0,-0.006916894427586857,1.1845436432971108,0.9448086768823653,1.184563838002881,-4.001902103424072,4.487739562988281,0.0,0.0
thrower__biped__static__seed_002,/home/rowanli.tangalin/tpr/tpr/results/hpc_rq1/nominal/thrower/biped/static/seed_002,a47338b42245b2e1d801c79ef9779ad89c321a626bb0fe5a50750b956257e969,a659a570f7efd6b09c810fa85a3cec1a3e5b8e6bfe5ee9bea861b5a792eecf35,2,0,4709125304908105630,1244304497912131803,Thrower-v0,biped,static,"(44,)",300,W25,75,-0.006916894427586857,1.1845436432971108,0.9448086768823653,1.184563838002881,-4.001902103424072,4.487739562988281,0.0,0.0
thrower__biped__static__seed_002,/home/rowanli.tangalin/tpr/tpr/results/hpc_rq1/nominal/thrower/biped/static/seed_002,a47338b42245b2e1d801c79ef9779ad89c321a626bb0fe5a50750b956257e969,a659a570f7efd6b09c810fa85a3cec1a3e5b8e6bfe5ee9bea861b5a792eecf35,2,0,4709125304908105630,1244304497912131803,Thrower-v0,biped,static,"(44,)",300,W50,150,-0.006916894427586857,1.1845436432971108,0.9448086768823653,1.184563838002881,-4.001902103424072,4.487739562988281,0.0,0.0
thrower__biped__static__seed_002,/home/rowanli.tangalin/tpr/tpr/results/hpc_rq1/nominal/thrower/biped/static/seed_002,a47338b42245b2e1d801c79ef9779ad89c321a626bb0fe5a50750b956257e969,a659a570f7efd6b09c810fa85a3cec1a3e5b8e6bfe5ee9bea861b5a792eecf35,2,0,4709125304908105630,1244304497912131803,Thrower-v0,biped,static,"(44,)",300,W75,225,-0.006916894427586857,1.1845436432971108,0.9448086768823653,1.184563838002881,-4.001902103424072,4.487739562988281,0.0,0.0
thrower__biped__static__seed_002,/home/rowanli.tangalin/tpr/tpr/results/hpc_rq1/nominal/thrower/biped/static/seed_002,a47338b42245b2e1d801c79ef9779ad89c321a626bb0fe5a50750b956257e969,a659a570f7efd6b09c810fa85a3cec1a3e5b8e6bfe5ee9bea861b5a792eecf35,2,0,4709125304908105630,1244304497912131803,Thrower-v0,biped,static,"(44,)",300,Wfinal,300,-0.006916894427586857,1.1845436432971108,0.9448086768823653,1.184563838002881,-4.001902103424072,4.487739562988281,0.0,0.0
thrower__biped__static__seed_002,/home/rowanli.tangalin/tpr/tpr/results/hpc_rq1/nominal/thrower/biped/static/seed_002,a47338b42245b2e1d801c79ef9779ad89c321a626bb0fe5a50750b956257e969,a659a570f7efd6b09c810fa85a3cec1a3e5b8e6bfe5ee9bea861b5a792eecf35,2,1,6789895730674132307,2935584579999248951,Thrower-v0,biped,static,"(44,)",300,W0,0,-0.006916894427586857,1.1845436432971108,0.9448086768823653,1.184563838002881,-4.001902103424072,4.487739562988281,0.0,0.0
thrower__biped__static__seed_002,/home/rowanli.tangalin/tpr/tpr/results/hpc_rq1/nominal/thrower/biped/static/seed_002,a47338b42245b2e1d801c79ef9779ad89c321a626bb0fe5a50750b956257e969,a659a570f7efd6b09c810fa85a3cec1a3e5b8e6bfe5ee9bea861b5a792eecf35,2,1,6789895730674132307,2935584579999248951,Thrower-v0,biped,static,"(44,)",300,W25,75,-0.006916894427586857,1.1845436432971108,0.9448086768823653,1.184563838002881,-4.001902103424072,4.487739562988281,0.0,0.0
thrower__biped__static__seed_002,/home/rowanli.tangalin/tpr/tpr/results/hpc_rq1/nominal/thrower/biped/static/seed_002,a47338b42245b2e1d801c79ef9779ad89c321a626bb0fe5a50750b956257e969,a659a570f7efd6b09c810fa85a3cec1a3e5b8e6bfe5ee9bea861b5a792eecf35,2,1,6789895730674132307,2935584579999248951,Thrower-v0,biped,static,"(44,)",300,W50,150,-0.006916894427586857,1.1845436432971108,0.9448086768823653,1.184563838002881,-4.001902103424072,4.487739562988281,0.0,0.0
thrower__biped__static__seed_002,/home/rowanli.tangalin/tpr/tpr/results/hpc_rq1/nominal/thrower/biped/static/seed_002,a47338b42245b2e1d801c79ef9779ad89c321a626bb0fe5a50750b956257e969,a659a570f7efd6b09c810fa85a3cec1a3e5b8e6bfe5ee9bea861b5a792eecf35,2,1,6789895730674132307,2935584579999248951,Thrower-v0,biped,static,"(44,)",300,W75,225,-0.006916894427586857,1.1845436432971108,0.9448086768823653,1.184563838002881,-4.001902103424072,4.487739562988281,0.0,0.0
thrower__biped__static__seed_002,/home/rowanli.tangalin/tpr/tpr/results/hpc_rq1/nominal/thrower/biped/static/seed_002,a47338b42245b2e1d801c79ef9779ad89c321a626bb0fe5a50750b956257e969,a659a570f7efd6b09c810fa85a3cec1a3e5b8e6bfe5ee9bea861b5a792eecf35,2,1,6789895730674132307,2935584579999248951,Thrower-v0,biped,static,"(44,)",300,Wfinal,300,-0.006916894427586857,1.1845436432971108,0.9448086768823653,1.184563838002881,-4.001902103424072,4.487739562988281,0.0,0.0
thrower__biped__static__seed_002,/home/rowanli.tangalin/tpr/tpr/results/hpc_rq1/nominal/thrower/biped/static/seed_002,a47338b42245b2e1d801c79ef9779ad89c321a626bb0fe5a50750b956257e969,a659a570f7efd6b09c810fa85a3cec1a3e5b8e6bfe5ee9bea861b5a792eecf35,2,2,2298876442789069326,7237655472595637189,Thrower-v0,biped,static,"(44,)",300,W0,0,-0.006916894427586857,1.1845436432971108,0.9448086768823653,1.184563838002881,-4.001902103424072,4.487739562988281,0.0,0.0
thrower__biped__static__seed_002,/home/rowanli.tangalin/tpr/tpr/results/hpc_rq1/nominal/thrower/biped/static/seed_002,a47338b42245b2e1d801c79ef9779ad89c321a626bb0fe5a50750b956257e969,a659a570f7efd6b09c810fa85a3cec1a3e5b8e6bfe5ee9bea861b5a792eecf35,2,2,2298876442789069326,7237655472595637189,Thrower-v0,biped,static,"(44,)",300,W25,75,-0.006916894427586857,1.1845436432971108,0.9448086768823653,1.184563838002881,-4.001902103424072,4.487739562988281,0.0,0.0
thrower__biped__static__seed_002,/home/rowanli.tangalin/tpr/tpr/results/hpc_rq1/nominal/thrower/biped/static/seed_002,a47338b42245b2e1d801c79ef9779ad89c321a626bb0fe5a50750b956257e969,a659a570f7efd6b09c810fa85a3cec1a3e5b8e6bfe5ee9bea861b5a792eecf35,2,2,2298876442789069326,7237655472595637189,Thrower-v0,biped,static,"(44,)",300,W50,150,-0.006916894427586857,1.1845436432971108,0.9448086768823653,1.184563838002881,-4.001902103424072,4.487739562988281,0.0,0.0
thrower__biped__static__seed_002,/home/rowanli.tangalin/tpr/tpr/results/hpc_rq1/nominal/thrower/biped/static/seed_002,a47338b42245b2e1d801c79ef9779ad89c321a626bb0fe5a50750b956257e969,a659a570f7efd6b09c810fa85a3cec1a3e5b8e6bfe5ee9bea861b5a792eecf35,2,2,2298876442789069326,7237655472595637189,Thrower-v0,biped,static,"(44,)",300,W75,225,-0.006916894427586857,1.1845436432971108,0.9448086768823653,1.184563838002881,-4.001902103424072,4.487739562988281,0.0,0.0
thrower__biped__static__seed_002,/home/rowanli.tangalin/tpr/tpr/results/hpc_rq1/nominal/thrower/biped/static/seed_002,a47338b42245b2e1d801c79ef9779ad89c321a626bb0fe5a50750b956257e969,a659a570f7efd6b09c810fa85a3cec1a3e5b8e6bfe5ee9bea861b5a792eecf35,2,2,2298876442789069326,7237655472595637189,Thrower-v0,biped,static,"(44,)",300,Wfinal,300,-0.006916894427586857,1.1845436432971108,0.9448086768823653,1.184563838002881,-4.001902103424072,4.487739562988281,0.0,0.0
thrower__biped__static__seed_003,/home/rowanli.tangalin/tpr/tpr/results/hpc_rq1/nominal/thrower/biped/static/seed_003,45677c35932cdd2f142a7dba736086917b039cb20516c56187b57f0dc14b3180,d7b4a5622b06b8e33952ec0193cf9375f8606e538cba6d2ed20755d97610d51c,3,0,6875887065855152501,8328361779180904825,Thrower-v0,biped,static,"(44,)",300,W0,0,-0.0069735576572555885,1.317167959250918,1.0524641145827311,1.3171864193741245,-4.728998184204102,4.443349838256836,0.0,0.0
thrower__biped__static__seed_003,/home/rowanli.tangalin/tpr/tpr/results/hpc_rq1/nominal/thrower/biped/static/seed_003,45677c35932cdd2f142a7dba736086917b039cb20516c56187b57f0dc14b3180,d7b4a5622b06b8e33952ec0193cf9375f8606e538cba6d2ed20755d97610d51c,3,0,6875887065855152501,8328361779180904825,Thrower-v0,biped,static,"(44,)",300,W25,75,-0.0069735576572555885,1.317167959250918,1.0524641145827311,1.3171864193741245,-4.728998184204102,4.443349838256836,0.0,0.0
thrower__biped__static__seed_003,/home/rowanli.tangalin/tpr/tpr/results/hpc_rq1/nominal/thrower/biped/static/seed_003,45677c35932cdd2f142a7dba736086917b039cb20516c56187b57f0dc14b3180,d7b4a5622b06b8e33952ec0193cf9375f8606e538cba6d2ed20755d97610d51c,3,0,6875887065855152501,8328361779180904825,Thrower-v0,biped,static,"(44,)",300,W50,150,-0.0069735576572555885,1.317167959250918,1.0524641145827311,1.3171864193741245,-4.728998184204102,4.443349838256836,0.0,0.0
thrower__biped__static__seed_003,/home/rowanli.tangalin/tpr/tpr/results/hpc_rq1/nominal/thrower/biped/static/seed_003,45677c35932cdd2f142a7dba736086917b039cb20516c56187b57f0dc14b3180,d7b4a5622b06b8e33952ec0193cf9375f8606e538cba6d2ed20755d97610d51c,3,0,6875887065855152501,8328361779180904825,Thrower-v0,biped,static,"(44,)",300,W75,225,-0.0069735576572555885,1.317167959250918,1.0524641145827311,1.3171864193741245,-4.728998184204102,4.443349838256836,0.0,0.0
thrower__biped__static__seed_003,/home/rowanli.tangalin/tpr/tpr/results/hpc_rq1/nominal/thrower/biped/static/seed_003,45677c35932cdd2f142a7dba736086917b039cb20516c56187b57f0dc14b3180,d7b4a5622b06b8e33952ec0193cf9375f8606e538cba6d2ed20755d97610d51c,3,0,6875887065855152501,8328361779180904825,Thrower-v0,biped,static,"(44,)",300,Wfinal,300,-0.0069735576572555885,1.317167959250918,1.0524641145827311,1.3171864193741245,-4.728998184204102,4.443349838256836,0.0,0.0
thrower__biped__static__seed_003,/home/rowanli.tangalin/tpr/tpr/results/hpc_rq1/nominal/thrower/biped/static/seed_003,45677c35932cdd2f142a7dba736086917b039cb20516c56187b57f0dc14b3180,d7b4a5622b06b8e33952ec0193cf9375f8606e538cba6d2ed20755d97610d51c,3,1,2344851983452959862,6171704884853545157,Thrower-v0,biped,static,"(44,)",300,W0,0,-0.0069735576572555885,1.317167959250918,1.0524641145827311,1.3171864193741245,-4.728998184204102,4.443349838256836,0.0,0.0
thrower__biped__static__seed_003,/home/rowanli.tangalin/tpr/tpr/results/hpc_rq1/nominal/thrower/biped/static/seed_003,45677c35932cdd2f142a7dba736086917b039cb20516c56187b57f0dc14b3180,d7b4a5622b06b8e33952ec0193cf9375f8606e538cba6d2ed20755d97610d51c,3,1,2344851983452959862,6171704884853545157,Thrower-v0,biped,static,"(44,)",300,W25,75,-0.0069735576572555885,1.317167959250918,1.0524641145827311,1.3171864193741245,-4.728998184204102,4.443349838256836,0.0,0.0
thrower__biped__static__seed_003,/home/rowanli.tangalin/tpr/tpr/results/hpc_rq1/nominal/thrower/biped/static/seed_003,45677c35932cdd2f142a7dba736086917b039cb20516c56187b57f0dc14b3180,d7b4a5622b06b8e33952ec0193cf9375f8606e538cba6d2ed20755d97610d51c,3,1,2344851983452959862,6171704884853545157,Thrower-v0,biped,static,"(44,)",300,W50,150,-0.0069735576572555885,1.317167959250918,1.0524641145827311,1.3171864193741245,-4.728998184204102,4.443349838256836,0.0,0.0
thrower__biped__static__seed_003,/home/rowanli.tangalin/tpr/tpr/results/hpc_rq1/nominal/thrower/biped/static/seed_003,45677c35932cdd2f142a7dba736086917b039cb20516c56187b57f0dc14b3180,d7b4a5622b06b8e33952ec0193cf9375f8606e538cba6d2ed20755d97610d51c,3,1,2344851983452959862,6171704884853545157,Thrower-v0,biped,static,"(44,)",300,W75,225,-0.0069735576572555885,1.317167959250918,1.0524641145827311,1.3171864193741245,-4.728998184204102,4.443349838256836,0.0,0.0
thrower__biped__static__seed_003,/home/rowanli.tangalin/tpr/tpr/results/hpc_rq1/nominal/thrower/biped/static/seed_003,45677c35932cdd2f142a7dba736086917b039cb20516c56187b57f0dc14b3180,d7b4a5622b06b8e33952ec0193cf9375f8606e538cba6d2ed20755d97610d51c,3,1,2344851983452959862,6171704884853545157,Thrower-v0,biped,static,"(44,)",300,Wfinal,300,-0.0069735576572555885,1.317167959250918,1.0524641145827311,1.3171864193741245,-4.728998184204102,4.443349838256836,0.0,0.0
thrower__biped__static__seed_003,/home/rowanli.tangalin/tpr/tpr/results/hpc_rq1/nominal/thrower/biped/static/seed_003,45677c35932cdd2f142a7dba736086917b039cb20516c56187b57f0dc14b3180,d7b4a5622b06b8e33952ec0193cf9375f8606e538cba6d2ed20755d97610d51c,3,2,3189270387817152734,2268335290108042879,Thrower-v0,biped,static,"(44,)",300,W0,0,-0.0069735576572555885,1.317167959250918,1.0524641145827311,1.3171864193741245,-4.728998184204102,4.443349838256836,0.0,0.0
thrower__biped__static__seed_003,/home/rowanli.tangalin/tpr/tpr/results/hpc_rq1/nominal/thrower/biped/static/seed_003,45677c35932cdd2f142a7dba736086917b039cb20516c56187b57f0dc14b3180,d7b4a5622b06b8e33952ec0193cf9375f8606e538cba6d2ed20755d97610d51c,3,2,3189270387817152734,2268335290108042879,Thrower-v0,biped,static,"(44,)",300,W25,75,-0.0069735576572555885,1.317167959250918,1.0524641145827311,1.3171864193741245,-4.728998184204102,4.443349838256836,0.0,0.0
thrower__biped__static__seed_003,/home/rowanli.tangalin/tpr/tpr/results/hpc_rq1/nominal/thrower/biped/static/seed_003,45677c35932cdd2f142a7dba736086917b039cb20516c56187b57f0dc14b3180,d7b4a5622b06b8e33952ec0193cf9375f8606e538cba6d2ed20755d97610d51c,3,2,3189270387817152734,2268335290108042879,Thrower-v0,biped,static,"(44,)",300,W50,150,-0.0069735576572555885,1.317167959250918,1.0524641145827311,1.3171864193741245,-4.728998184204102,4.443349838256836,0.0,0.0
thrower__biped__static__seed_003,/home/rowanli.tangalin/tpr/tpr/results/hpc_rq1/nominal/thrower/biped/static/seed_003,45677c35932cdd2f142a7dba736086917b039cb20516c56187b57f0dc14b3180,d7b4a5622b06b8e33952ec0193cf9375f8606e538cba6d2ed20755d97610d51c,3,2,3189270387817152734,2268335290108042879,Thrower-v0,biped,static,"(44,)",300,W75,225,-0.0069735576572555885,1.317167959250918,1.0524641145827311,1.3171864193741245,-4.728998184204102,4.443349838256836,0.0,0.0
thrower__biped__static__seed_003,/home/rowanli.tangalin/tpr/tpr/results/hpc_rq1/nominal/thrower/biped/static/seed_003,45677c35932cdd2f142a7dba736086917b039cb20516c56187b57f0dc14b3180,d7b4a5622b06b8e33952ec0193cf9375f8606e538cba6d2ed20755d97610d51c,3,2,3189270387817152734,2268335290108042879,Thrower-v0,biped,static,"(44,)",300,Wfinal,300,-0.0069735576572555885,1.317167959250918,1.0524641145827311,1.3171864193741245,-4.728998184204102,4.443349838256836,0.0,0.0
thrower__biped__static__seed_004,/home/rowanli.tangalin/tpr/tpr/results/hpc_rq1/nominal/thrower/biped/static/seed_004,639520971878746dc252ea35664e6a0e7f0d74355ec633115e9aa9b0fbc1dc67,3bc3eeb43f157e8f5ba0a1f050fe9360d5ec38549b8a4283f2cba013d8932993,4,0,4675618027918977294,6264005447694142635,Thrower-v0,biped,static,"(44,)",300,W0,0,0.016559723050901795,1.119758439460452,0.8922490268841694,1.119880880795109,-3.7934131622314453,4.360265731811523,0.0,0.0
thrower__biped__static__seed_004,/home/rowanli.tangalin/tpr/tpr/results/hpc_rq1/nominal/thrower/biped/static/seed_004,639520971878746dc252ea35664e6a0e7f0d74355ec633115e9aa9b0fbc1dc67,3bc3eeb43f157e8f5ba0a1f050fe9360d5ec38549b8a4283f2cba013d8932993,4,0,4675618027918977294,6264005447694142635,Thrower-v0,biped,static,"(44,)",300,W25,75,0.016559723050901795,1.119758439460452,0.8922490268841694,1.119880880795109,-3.7934131622314453,4.360265731811523,0.0,0.0
thrower__biped__static__seed_004,/home/rowanli.tangalin/tpr/tpr/results/hpc_rq1/nominal/thrower/biped/static/seed_004,639520971878746dc252ea35664e6a0e7f0d74355ec633115e9aa9b0fbc1dc67,3bc3eeb43f157e8f5ba0a1f050fe9360d5ec38549b8a4283f2cba013d8932993,4,0,4675618027918977294,6264005447694142635,Thrower-v0,biped,static,"(44,)",300,W50,150,0.016559723050901795,1.119758439460452,0.8922490268841694,1.119880880795109,-3.7934131622314453,4.360265731811523,0.0,0.0
thrower__biped__static__seed_004,/home/rowanli.tangalin/tpr/tpr/results/hpc_rq1/nominal/thrower/biped/static/seed_004,639520971878746dc252ea35664e6a0e7f0d74355ec633115e9aa9b0fbc1dc67,3bc3eeb43f157e8f5ba0a1f050fe9360d5ec38549b8a4283f2cba013d8932993,4,0,4675618027918977294,6264005447694142635,Thrower-v0,biped,static,"(44,)",300,W75,225,0.016559723050901795,1.119758439460452,0.8922490268841694,1.119880880795109,-3.7934131622314453,4.360265731811523,0.0,0.0
thrower__biped__static__seed_004,/home/rowanli.tangalin/tpr/tpr/results/hpc_rq1/nominal/thrower/biped/static/seed_004,639520971878746dc252ea35664e6a0e7f0d74355ec633115e9aa9b0fbc1dc67,3bc3eeb43f157e8f5ba0a1f050fe9360d5ec38549b8a4283f2cba013d8932993,4,0,4675618027918977294,6264005447694142635,Thrower-v0,biped,static,"(44,)",300,Wfinal,300,0.016559723050901795,1.119758439460452,0.8922490268841694,1.119880880795109,-3.7934131622314453,4.360265731811523,0.0,0.0
thrower__biped__static__seed_004,/home/rowanli.tangalin/tpr/tpr/results/hpc_rq1/nominal/thrower/biped/static/seed_004,639520971878746dc252ea35664e6a0e7f0d74355ec633115e9aa9b0fbc1dc67,3bc3eeb43f157e8f5ba0a1f050fe9360d5ec38549b8a4283f2cba013d8932993,4,1,1776748932738538903,3330744174114140836,Thrower-v0,biped,static,"(44,)",300,W0,0,0.016559723050901795,1.119758439460452,0.8922490268841694,1.119880880795109,-3.7934131622314453,4.360265731811523,0.0,0.0
thrower__biped__static__seed_004,/home/rowanli.tangalin/tpr/tpr/results/hpc_rq1/nominal/thrower/biped/static/seed_004,639520971878746dc252ea35664e6a0e7f0d74355ec633115e9aa9b0fbc1dc67,3bc3eeb43f157e8f5ba0a1f050fe9360d5ec38549b8a4283f2cba013d8932993,4,1,1776748932738538903,3330744174114140836,Thrower-v0,biped,static,"(44,)",300,W25,75,0.016559723050901795,1.119758439460452,0.8922490268841694,1.119880880795109,-3.7934131622314453,4.360265731811523,0.0,0.0
thrower__biped__static__seed_004,/home/rowanli.tangalin/tpr/tpr/results/hpc_rq1/nominal/thrower/biped/static/seed_004,639520971878746dc252ea35664e6a0e7f0d74355ec633115e9aa9b0fbc1dc67,3bc3eeb43f157e8f5ba0a1f050fe9360d5ec38549b8a4283f2cba013d8932993,4,1,1776748932738538903,3330744174114140836,Thrower-v0,biped,static,"(44,)",300,W50,150,0.016559723050901795,1.119758439460452,0.8922490268841694,1.119880880795109,-3.7934131622314453,4.360265731811523,0.0,0.0
thrower__biped__static__seed_004,/home/rowanli.tangalin/tpr/tpr/results/hpc_rq1/nominal/thrower/biped/static/seed_004,639520971878746dc252ea35664e6a0e7f0d74355ec633115e9aa9b0fbc1dc67,3bc3eeb43f157e8f5ba0a1f050fe9360d5ec38549b8a4283f2cba013d8932993,4,1,1776748932738538903,3330744174114140836,Thrower-v0,biped,static,"(44,)",300,W75,225,0.016559723050901795,1.119758439460452,0.8922490268841694,1.119880880795109,-3.7934131622314453,4.360265731811523,0.0,0.0
thrower__biped__static__seed_004,/home/rowanli.tangalin/tpr/tpr/results/hpc_rq1/nominal/thrower/biped/static/seed_004,639520971878746dc252ea35664e6a0e7f0d74355ec633115e9aa9b0fbc1dc67,3bc3eeb43f157e8f5ba0a1f050fe9360d5ec38549b8a4283f2cba013d8932993,4,1,1776748932738538903,3330744174114140836,Thrower-v0,biped,static,"(44,)",300,Wfinal,300,0.016559723050901795,1.119758439460452,0.8922490268841694,1.119880880795109,-3.7934131622314453,4.360265731811523,0.0,0.0
thrower__biped__static__seed_004,/home/rowanli.tangalin/tpr/tpr/results/hpc_rq1/nominal/thrower/biped/static/seed_004,639520971878746dc252ea35664e6a0e7f0d74355ec633115e9aa9b0fbc1dc67,3bc3eeb43f157e8f5ba0a1f050fe9360d5ec38549b8a4283f2cba013d8932993,4,2,1844154726293175647,4425154243183907800,Thrower-v0,biped,static,"(44,)",300,W0,0,0.016559723050901795,1.119758439460452,0.8922490268841694,1.119880880795109,-3.7934131622314453,4.360265731811523,0.0,0.0
thrower__biped__static__seed_004,/home/rowanli.tangalin/tpr/tpr/results/hpc_rq1/nominal/thrower/biped/static/seed_004,639520971878746dc252ea35664e6a0e7f0d74355ec633115e9aa9b0fbc1dc67,3bc3eeb43f157e8f5ba0a1f050fe9360d5ec38549b8a4283f2cba013d8932993,4,2,1844154726293175647,4425154243183907800,Thrower-v0,biped,static,"(44,)",300,W25,75,0.016559723050901795,1.119758439460452,0.8922490268841694,1.119880880795109,-3.7934131622314453,4.360265731811523,0.0,0.0
thrower__biped__static__seed_004,/home/rowanli.tangalin/tpr/tpr/results/hpc_rq1/nominal/thrower/biped/static/seed_004,639520971878746dc252ea35664e6a0e7f0d74355ec633115e9aa9b0fbc1dc67,3bc3eeb43f157e8f5ba0a1f050fe9360d5ec38549b8a4283f2cba013d8932993,4,2,1844154726293175647,4425154243183907800,Thrower-v0,biped,static,"(44,)",300,W50,150,0.016559723050901795,1.119758439460452,0.8922490268841694,1.119880880795109,-3.7934131622314453,4.360265731811523,0.0,0.0
thrower__biped__static__seed_004,/home/rowanli.tangalin/tpr/tpr/results/hpc_rq1/nominal/thrower/biped/static/seed_004,639520971878746dc252ea35664e6a0e7f0d74355ec633115e9aa9b0fbc1dc67,3bc3eeb43f157e8f5ba0a1f050fe9360d5ec38549b8a4283f2cba013d8932993,4,2,1844154726293175647,4425154243183907800,Thrower-v0,biped,static,"(44,)",300,W75,225,0.016559723050901795,1.119758439460452,0.8922490268841694,1.119880880795109,-3.7934131622314453,4.360265731811523,0.0,0.0
thrower__biped__static__seed_004,/home/rowanli.tangalin/tpr/tpr/results/hpc_rq1/nominal/thrower/biped/static/seed_004,639520971878746dc252ea35664e6a0e7f0d74355ec633115e9aa9b0fbc1dc67,3bc3eeb43f157e8f5ba0a1f050fe9360d5ec38549b8a4283f2cba013d8932993,4,2,1844154726293175647,4425154243183907800,Thrower-v0,biped,static,"(44,)",300,Wfinal,300,0.016559723050901795,1.119758439460452,0.8922490268841694,1.119880880795109,-3.7934131622314453,4.360265731811523,0.0,0.0
thrower__biped__static__seed_005,/home/rowanli.tangalin/tpr/tpr/results/hpc_rq1/nominal/thrower/biped/static/seed_005,8ca533c2b9dd90ef51b17faeee0d5fbd8affdc2df88496bdf301779da7d120be,04429dd92889a1e63df3979f3f52e63a39db1f83c821ca1845ff88f25152e90a,5,0,6537336262564968459,5568806234066008283,Thrower-v0,biped,static,"(44,)",300,W0,0,-0.011292919801674104,1.0518376927786426,0.8408282711522963,1.0518983135206297,-3.213408946990967,3.6603009700775146,0.0,0.0
thrower__biped__static__seed_005,/home/rowanli.tangalin/tpr/tpr/results/hpc_rq1/nominal/thrower/biped/static/seed_005,8ca533c2b9dd90ef51b17faeee0d5fbd8affdc2df88496bdf301779da7d120be,04429dd92889a1e63df3979f3f52e63a39db1f83c821ca1845ff88f25152e90a,5,0,6537336262564968459,5568806234066008283,Thrower-v0,biped,static,"(44,)",300,W25,75,-0.011292919801674104,1.0518376927786426,0.8408282711522963,1.0518983135206297,-3.213408946990967,3.6603009700775146,0.0,0.0
thrower__biped__static__seed_005,/home/rowanli.tangalin/tpr/tpr/results/hpc_rq1/nominal/thrower/biped/static/seed_005,8ca533c2b9dd90ef51b17faeee0d5fbd8affdc2df88496bdf301779da7d120be,04429dd92889a1e63df3979f3f52e63a39db1f83c821ca1845ff88f25152e90a,5,0,6537336262564968459,5568806234066008283,Thrower-v0,biped,static,"(44,)",300,W50,150,-0.011292919801674104,1.0518376927786426,0.8408282711522963,1.0518983135206297,-3.213408946990967,3.6603009700775146,0.0,0.0
thrower__biped__static__seed_005,/home/rowanli.tangalin/tpr/tpr/results/hpc_rq1/nominal/thrower/biped/static/seed_005,8ca533c2b9dd90ef51b17faeee0d5fbd8affdc2df88496bdf301779da7d120be,04429dd92889a1e63df3979f3f52e63a39db1f83c821ca1845ff88f25152e90a,5,0,6537336262564968459,5568806234066008283,Thrower-v0,biped,static,"(44,)",300,W75,225,-0.011292919801674104,1.0518376927786426,0.8408282711522963,1.0518983135206297,-3.213408946990967,3.6603009700775146,0.0,0.0
thrower__biped__static__seed_005,/home/rowanli.tangalin/tpr/tpr/results/hpc_rq1/nominal/thrower/biped/static/seed_005,8ca533c2b9dd90ef51b17faeee0d5fbd8affdc2df88496bdf301779da7d120be,04429dd92889a1e63df3979f3f52e63a39db1f83c821ca1845ff88f25152e90a,5,0,6537336262564968459,5568806234066008283,Thrower-v0,biped,static,"(44,)",300,Wfinal,300,-0.011292919801674104,1.0518376927786426,0.8408282711522963,1.0518983135206297,-3.213408946990967,3.6603009700775146,0.0,0.0
thrower__biped__static__seed_005,/home/rowanli.tangalin/tpr/tpr/results/hpc_rq1/nominal/thrower/biped/static/seed_005,8ca533c2b9dd90ef51b17faeee0d5fbd8affdc2df88496bdf301779da7d120be,04429dd92889a1e63df3979f3f52e63a39db1f83c821ca1845ff88f25152e90a,5,1,7847246716821455116,5175985587420486963,Thrower-v0,biped,static,"(44,)",300,W0,0,-0.011292919801674104,1.0518376927786426,0.8408282711522963,1.0518983135206297,-3.213408946990967,3.6603009700775146,0.0,0.0
thrower__biped__static__seed_005,/home/rowanli.tangalin/tpr/tpr/results/hpc_rq1/nominal/thrower/biped/static/seed_005,8ca533c2b9dd90ef51b17faeee0d5fbd8affdc2df88496bdf301779da7d120be,04429dd92889a1e63df3979f3f52e63a39db1f83c821ca1845ff88f25152e90a,5,1,7847246716821455116,5175985587420486963,Thrower-v0,biped,static,"(44,)",300,W25,75,-0.011292919801674104,1.0518376927786426,0.8408282711522963,1.0518983135206297,-3.213408946990967,3.6603009700775146,0.0,0.0
thrower__biped__static__seed_005,/home/rowanli.tangalin/tpr/tpr/results/hpc_rq1/nominal/thrower/biped/static/seed_005,8ca533c2b9dd90ef51b17faeee0d5fbd8affdc2df88496bdf301779da7d120be,04429dd92889a1e63df3979f3f52e63a39db1f83c821ca1845ff88f25152e90a,5,1,7847246716821455116,5175985587420486963,Thrower-v0,biped,static,"(44,)",300,W50,150,-0.011292919801674104,1.0518376927786426,0.8408282711522963,1.0518983135206297,-3.213408946990967,3.6603009700775146,0.0,0.0
thrower__biped__static__seed_005,/home/rowanli.tangalin/tpr/tpr/results/hpc_rq1/nominal/thrower/biped/static/seed_005,8ca533c2b9dd90ef51b17faeee0d5fbd8affdc2df88496bdf301779da7d120be,04429dd92889a1e63df3979f3f52e63a39db1f83c821ca1845ff88f25152e90a,5,1,7847246716821455116,5175985587420486963,Thrower-v0,biped,static,"(44,)",300,W75,225,-0.011292919801674104,1.0518376927786426,0.8408282711522963,1.0518983135206297,-3.213408946990967,3.6603009700775146,0.0,0.0
thrower__biped__static__seed_005,/home/rowanli.tangalin/tpr/tpr/results/hpc_rq1/nominal/thrower/biped/static/seed_005,8ca533c2b9dd90ef51b17faeee0d5fbd8affdc2df88496bdf301779da7d120be,04429dd92889a1e63df3979f3f52e63a39db1f83c821ca1845ff88f25152e90a,5,1,7847246716821455116,5175985587420486963,Thrower-v0,biped,static,"(44,)",300,Wfinal,300,-0.011292919801674104,1.0518376927786426,0.8408282711522963,1.0518983135206297,-3.213408946990967,3.6603009700775146,0.0,0.0
thrower__biped__static__seed_005,/home/rowanli.tangalin/tpr/tpr/results/hpc_rq1/nominal/thrower/biped/static/seed_005,8ca533c2b9dd90ef51b17faeee0d5fbd8affdc2df88496bdf301779da7d120be,04429dd92889a1e63df3979f3f52e63a39db1f83c821ca1845ff88f25152e90a,5,2,8874890859321386193,4629262467755900572,Thrower-v0,biped,static,"(44,)",300,W0,0,-0.011292919801674104,1.0518376927786426,0.8408282711522963,1.0518983135206297,-3.213408946990967,3.6603009700775146,0.0,0.0
thrower__biped__static__seed_005,/home/rowanli.tangalin/tpr/tpr/results/hpc_rq1/nominal/thrower/biped/static/seed_005,8ca533c2b9dd90ef51b17faeee0d5fbd8affdc2df88496bdf301779da7d120be,04429dd92889a1e63df3979f3f52e63a39db1f83c821ca1845ff88f25152e90a,5,2,8874890859321386193,4629262467755900572,Thrower-v0,biped,static,"(44,)",300,W25,75,-0.011292919801674104,1.0518376927786426,0.8408282711522963,1.0518983135206297,-3.213408946990967,3.6603009700775146,0.0,0.0
thrower__biped__static__seed_005,/home/rowanli.tangalin/tpr/tpr/results/hpc_rq1/nominal/thrower/biped/static/seed_005,8ca533c2b9dd90ef51b17faeee0d5fbd8affdc2df88496bdf301779da7d120be,04429dd92889a1e63df3979f3f52e63a39db1f83c821ca1845ff88f25152e90a,5,2,8874890859321386193,4629262467755900572,Thrower-v0,biped,static,"(44,)",300,W50,150,-0.011292919801674104,1.0518376927786426,0.8408282711522963,1.0518983135206297,-3.213408946990967,3.6603009700775146,0.0,0.0
thrower__biped__static__seed_005,/home/rowanli.tangalin/tpr/tpr/results/hpc_rq1/nominal/thrower/biped/static/seed_005,8ca533c2b9dd90ef51b17faeee0d5fbd8affdc2df88496bdf301779da7d120be,04429dd92889a1e63df3979f3f52e63a39db1f83c821ca1845ff88f25152e90a,5,2,8874890859321386193,4629262467755900572,Thrower-v0,biped,static,"(44,)",300,W75,225,-0.011292919801674104,1.0518376927786426,0.8408282711522963,1.0518983135206297,-3.213408946990967,3.6603009700775146,0.0,0.0
thrower__biped__static__seed_005,/home/rowanli.tangalin/tpr/tpr/results/hpc_rq1/nominal/thrower/biped/static/seed_005,8ca533c2b9dd90ef51b17faeee0d5fbd8affdc2df88496bdf301779da7d120be,04429dd92889a1e63df3979f3f52e63a39db1f83c821ca1845ff88f25152e90a,5,2,8874890859321386193,4629262467755900572,Thrower-v0,biped,static,"(44,)",300,Wfinal,300,-0.011292919801674104,1.0518376927786426,0.8408282711522963,1.0518983135206297,-3.213408946990967,3.6603009700775146,0.0,0.0
thrower__biped__static__seed_006,/home/rowanli.tangalin/tpr/tpr/results/hpc_rq1/nominal/thrower/biped/static/seed_006,3654bd4877d0e846ff933749c9a90b950a81123c5a74ac12dca5a0eca5c1883a,22cf2ad5777f747795b331e974c4cac301888a1dba7ff997959cb1a754bdfc08,6,0,4697810511805331226,1837341966890607914,Thrower-v0,biped,static,"(44,)",300,W0,0,0.05587215700667206,1.2934111936439798,1.0298269805402511,1.294617400536592,-4.528336048126221,5.189459800720215,0.0,0.0
thrower__biped__static__seed_006,/home/rowanli.tangalin/tpr/tpr/results/hpc_rq1/nominal/thrower/biped/static/seed_006,3654bd4877d0e846ff933749c9a90b950a81123c5a74ac12dca5a0eca5c1883a,22cf2ad5777f747795b331e974c4cac301888a1dba7ff997959cb1a754bdfc08,6,0,4697810511805331226,1837341966890607914,Thrower-v0,biped,static,"(44,)",300,W25,75,0.05587215700667206,1.2934111936439798,1.0298269805402511,1.294617400536592,-4.528336048126221,5.189459800720215,0.0,0.0
thrower__biped__static__seed_006,/home/rowanli.tangalin/tpr/tpr/results/hpc_rq1/nominal/thrower/biped/static/seed_006,3654bd4877d0e846ff933749c9a90b950a81123c5a74ac12dca5a0eca5c1883a,22cf2ad5777f747795b331e974c4cac301888a1dba7ff997959cb1a754bdfc08,6,0,4697810511805331226,1837341966890607914,Thrower-v0,biped,static,"(44,)",300,W50,150,0.05587215700667206,1.2934111936439798,1.0298269805402511,1.294617400536592,-4.528336048126221,5.189459800720215,0.0,0.0
thrower__biped__static__seed_006,/home/rowanli.tangalin/tpr/tpr/results/hpc_rq1/nominal/thrower/biped/static/seed_006,3654bd4877d0e846ff933749c9a90b950a81123c5a74ac12dca5a0eca5c1883a,22cf2ad5777f747795b331e974c4cac301888a1dba7ff997959cb1a754bdfc08,6,0,4697810511805331226,1837341966890607914,Thrower-v0,biped,static,"(44,)",300,W75,225,0.05587215700667206,1.2934111936439798,1.0298269805402511,1.294617400536592,-4.528336048126221,5.189459800720215,0.0,0.0
thrower__biped__static__seed_006,/home/rowanli.tangalin/tpr/tpr/results/hpc_rq1/nominal/thrower/biped/static/seed_006,3654bd4877d0e846ff933749c9a90b950a81123c5a74ac12dca5a0eca5c1883a,22cf2ad5777f747795b331e974c4cac301888a1dba7ff997959cb1a754bdfc08,6,0,4697810511805331226,1837341966890607914,Thrower-v0,biped,static,"(44,)",300,Wfinal,300,0.05587215700667206,1.2934111936439798,1.0298269805402511,1.294617400536592,-4.528336048126221,5.189459800720215,0.0,0.0
thrower__biped__static__seed_006,/home/rowanli.tangalin/tpr/tpr/results/hpc_rq1/nominal/thrower/biped/static/seed_006,3654bd4877d0e846ff933749c9a90b950a81123c5a74ac12dca5a0eca5c1883a,22cf2ad5777f747795b331e974c4cac301888a1dba7ff997959cb1a754bdfc08,6,1,212357942801270703,7001556810303355477,Thrower-v0,biped,static,"(44,)",300,W0,0,0.05587215700667206,1.2934111936439798,1.0298269805402511,1.294617400536592,-4.528336048126221,5.189459800720215,0.0,0.0
thrower__biped__static__seed_006,/home/rowanli.tangalin/tpr/tpr/results/hpc_rq1/nominal/thrower/biped/static/seed_006,3654bd4877d0e846ff933749c9a90b950a81123c5a74ac12dca5a0eca5c1883a,22cf2ad5777f747795b331e974c4cac301888a1dba7ff997959cb1a754bdfc08,6,1,212357942801270703,7001556810303355477,Thrower-v0,biped,static,"(44,)",300,W25,75,0.05587215700667206,1.2934111936439798,1.0298269805402511,1.294617400536592,-4.528336048126221,5.189459800720215,0.0,0.0
thrower__biped__static__seed_006,/home/rowanli.tangalin/tpr/tpr/results/hpc_rq1/nominal/thrower/biped/static/seed_006,3654bd4877d0e846ff933749c9a90b950a81123c5a74ac12dca5a0eca5c1883a,22cf2ad5777f747795b331e974c4cac301888a1dba7ff997959cb1a754bdfc08,6,1,212357942801270703,7001556810303355477,Thrower-v0,biped,static,"(44,)",300,W50,150,0.05587215700667206,1.2934111936439798,1.0298269805402511,1.294617400536592,-4.528336048126221,5.189459800720215,0.0,0.0
thrower__biped__static__seed_006,/home/rowanli.tangalin/tpr/tpr/results/hpc_rq1/nominal/thrower/biped/static/seed_006,3654bd4877d0e846ff933749c9a90b950a81123c5a74ac12dca5a0eca5c1883a,22cf2ad5777f747795b331e974c4cac301888a1dba7ff997959cb1a754bdfc08,6,1,212357942801270703,7001556810303355477,Thrower-v0,biped,static,"(44,)",300,W75,225,0.05587215700667206,1.2934111936439798,1.0298269805402511,1.294617400536592,-4.528336048126221,5.189459800720215,0.0,0.0
thrower__biped__static__seed_006,/home/rowanli.tangalin/tpr/tpr/results/hpc_rq1/nominal/thrower/biped/static/seed_006,3654bd4877d0e846ff933749c9a90b950a81123c5a74ac12dca5a0eca5c1883a,22cf2ad5777f747795b331e974c4cac301888a1dba7ff997959cb1a754bdfc08,6,1,212357942801270703,7001556810303355477,Thrower-v0,biped,static,"(44,)",300,Wfinal,300,0.05587215700667206,1.2934111936439798,1.0298269805402511,1.294617400536592,-4.528336048126221,5.189459800720215,0.0,0.0
thrower__biped__static__seed_006,/home/rowanli.tangalin/tpr/tpr/results/hpc_rq1/nominal/thrower/biped/static/seed_006,3654bd4877d0e846ff933749c9a90b950a81123c5a74ac12dca5a0eca5c1883a,22cf2ad5777f747795b331e974c4cac301888a1dba7ff997959cb1a754bdfc08,6,2,9197516287707139064,7789448062882196537,Thrower-v0,biped,static,"(44,)",300,W0,0,0.05587215700667206,1.2934111936439798,1.0298269805402511,1.294617400536592,-4.528336048126221,5.189459800720215,0.0,0.0
thrower__biped__static__seed_006,/home/rowanli.tangalin/tpr/tpr/results/hpc_rq1/nominal/thrower/biped/static/seed_006,3654bd4877d0e846ff933749c9a90b950a81123c5a74ac12dca5a0eca5c1883a,22cf2ad5777f747795b331e974c4cac301888a1dba7ff997959cb1a754bdfc08,6,2,9197516287707139064,7789448062882196537,Thrower-v0,biped,static,"(44,)",300,W25,75,0.05587215700667206,1.2934111936439798,1.0298269805402511,1.294617400536592,-4.528336048126221,5.189459800720215,0.0,0.0
thrower__biped__static__seed_006,/home/rowanli.tangalin/tpr/tpr/results/hpc_rq1/nominal/thrower/biped/static/seed_006,3654bd4877d0e846ff933749c9a90b950a81123c5a74ac12dca5a0eca5c1883a,22cf2ad5777f747795b331e974c4cac301888a1dba7ff997959cb1a754bdfc08,6,2,9197516287707139064,7789448062882196537,Thrower-v0,biped,static,"(44,)",300,W50,150,0.05587215700667206,1.2934111936439798,1.0298269805402511,1.294617400536592,-4.528336048126221,5.189459800720215,0.0,0.0
thrower__biped__static__seed_006,/home/rowanli.tangalin/tpr/tpr/results/hpc_rq1/nominal/thrower/biped/static/seed_006,3654bd4877d0e846ff933749c9a90b950a81123c5a74ac12dca5a0eca5c1883a,22cf2ad5777f747795b331e974c4cac301888a1dba7ff997959cb1a754bdfc08,6,2,9197516287707139064,7789448062882196537,Thrower-v0,biped,static,"(44,)",300,W75,225,0.05587215700667206,1.2934111936439798,1.0298269805402511,1.294617400536592,-4.528336048126221,5.189459800720215,0.0,0.0
thrower__biped__static__seed_006,/home/rowanli.tangalin/tpr/tpr/results/hpc_rq1/nominal/thrower/biped/static/seed_006,3654bd4877d0e846ff933749c9a90b950a81123c5a74ac12dca5a0eca5c1883a,22cf2ad5777f747795b331e974c4cac301888a1dba7ff997959cb1a754bdfc08,6,2,9197516287707139064,7789448062882196537,Thrower-v0,biped,static,"(44,)",300,Wfinal,300,0.05587215700667206,1.2934111936439798,1.0298269805402511,1.294617400536592,-4.528336048126221,5.189459800720215,0.0,0.0
thrower__biped__static__seed_007,/home/rowanli.tangalin/tpr/tpr/results/hpc_rq1/nominal/thrower/biped/static/seed_007,2459838292d8d8e81a4bf62bba2f1e681585662bab081477a368695d631a57d9,d32a025c0ffd31e406531e12f2e16ac431a33bb70cfab762448b0efd2f1fa028,7,0,7273538705011962834,3327181185902024434,Thrower-v0,biped,static,"(44,)",300,W0,0,-0.01956743940862036,1.1504678582730485,0.9169539853583873,1.150634250143974,-4.067540645599365,3.55478835105896,0.0,0.0
thrower__biped__static__seed_007,/home/rowanli.tangalin/tpr/tpr/results/hpc_rq1/nominal/thrower/biped/static/seed_007,2459838292d8d8e81a4bf62bba2f1e681585662bab081477a368695d631a57d9,d32a025c0ffd31e406531e12f2e16ac431a33bb70cfab762448b0efd2f1fa028,7,0,7273538705011962834,3327181185902024434,Thrower-v0,biped,static,"(44,)",300,W25,75,-0.01956743940862036,1.1504678582730485,0.9169539853583873,1.150634250143974,-4.067540645599365,3.55478835105896,0.0,0.0
thrower__biped__static__seed_007,/home/rowanli.tangalin/tpr/tpr/results/hpc_rq1/nominal/thrower/biped/static/seed_007,2459838292d8d8e81a4bf62bba2f1e681585662bab081477a368695d631a57d9,d32a025c0ffd31e406531e12f2e16ac431a33bb70cfab762448b0efd2f1fa028,7,0,7273538705011962834,3327181185902024434,Thrower-v0,biped,static,"(44,)",300,W50,150,-0.01956743940862036,1.1504678582730485,0.9169539853583873,1.150634250143974,-4.067540645599365,3.55478835105896,0.0,0.0
thrower__biped__static__seed_007,/home/rowanli.tangalin/tpr/tpr/results/hpc_rq1/nominal/thrower/biped/static/seed_007,2459838292d8d8e81a4bf62bba2f1e681585662bab081477a368695d631a57d9,d32a025c0ffd31e406531e12f2e16ac431a33bb70cfab762448b0efd2f1fa028,7,0,7273538705011962834,3327181185902024434,Thrower-v0,biped,static,"(44,)",300,W75,225,-0.01956743940862036,1.1504678582730485,0.9169539853583873,1.150634250143974,-4.067540645599365,3.55478835105896,0.0,0.0
thrower__biped__static__seed_007,/home/rowanli.tangalin/tpr/tpr/results/hpc_rq1/nominal/thrower/biped/static/seed_007,2459838292d8d8e81a4bf62bba2f1e681585662bab081477a368695d631a57d9,d32a025c0ffd31e406531e12f2e16ac431a33bb70cfab762448b0efd2f1fa028,7,0,7273538705011962834,3327181185902024434,Thrower-v0,biped,static,"(44,)",300,Wfinal,300,-0.01956743940862036,1.1504678582730485,0.9169539853583873,1.150634250143974,-4.067540645599365,3.55478835105896,0.0,0.0
thrower__biped__static__seed_007,/home/rowanli.tangalin/tpr/tpr/results/hpc_rq1/nominal/thrower/biped/static/seed_007,2459838292d8d8e81a4bf62bba2f1e681585662bab081477a368695d631a57d9,d32a025c0ffd31e406531e12f2e16ac431a33bb70cfab762448b0efd2f1fa028,7,1,219581318861383269,6126904072154767176,Thrower-v0,biped,static,"(44,)",300,W0,0,-0.01956743940862036,1.1504678582730485,0.9169539853583873,1.150634250143974,-4.067540645599365,3.55478835105896,0.0,0.0
thrower__biped__static__seed_007,/home/rowanli.tangalin/tpr/tpr/results/hpc_rq1/nominal/thrower/biped/static/seed_007,2459838292d8d8e81a4bf62bba2f1e681585662bab081477a368695d631a57d9,d32a025c0ffd31e406531e12f2e16ac431a33bb70cfab762448b0efd2f1fa028,7,1,219581318861383269,6126904072154767176,Thrower-v0,biped,static,"(44,)",300,W25,75,-0.01956743940862036,1.1504678582730485,0.9169539853583873,1.150634250143974,-4.067540645599365,3.55478835105896,0.0,0.0
thrower__biped__static__seed_007,/home/rowanli.tangalin/tpr/tpr/results/hpc_rq1/nominal/thrower/biped/static/seed_007,2459838292d8d8e81a4bf62bba2f1e681585662bab081477a368695d631a57d9,d32a025c0ffd31e406531e12f2e16ac431a33bb70cfab762448b0efd2f1fa028,7,1,219581318861383269,6126904072154767176,Thrower-v0,biped,static,"(44,)",300,W50,150,-0.01956743940862036,1.1504678582730485,0.9169539853583873,1.150634250143974,-4.067540645599365,3.55478835105896,0.0,0.0
thrower__biped__static__seed_007,/home/rowanli.tangalin/tpr/tpr/results/hpc_rq1/nominal/thrower/biped/static/seed_007,2459838292d8d8e81a4bf62bba2f1e681585662bab081477a368695d631a57d9,d32a025c0ffd31e406531e12f2e16ac431a33bb70cfab762448b0efd2f1fa028,7,1,219581318861383269,6126904072154767176,Thrower-v0,biped,static,"(44,)",300,W75,225,-0.01956743940862036,1.1504678582730485,0.9169539853583873,1.150634250143974,-4.067540645599365,3.55478835105896,0.0,0.0
thrower__biped__static__seed_007,/home/rowanli.tangalin/tpr/tpr/results/hpc_rq1/nominal/thrower/biped/static/seed_007,2459838292d8d8e81a4bf62bba2f1e681585662bab081477a368695d631a57d9,d32a025c0ffd31e406531e12f2e16ac431a33bb70cfab762448b0efd2f1fa028,7,1,219581318861383269,6126904072154767176,Thrower-v0,biped,static,"(44,)",300,Wfinal,300,-0.01956743940862036,1.1504678582730485,0.9169539853583873,1.150634250143974,-4.067540645599365,3.55478835105896,0.0,0.0
thrower__biped__static__seed_007,/home/rowanli.tangalin/tpr/tpr/results/hpc_rq1/nominal/thrower/biped/static/seed_007,2459838292d8d8e81a4bf62bba2f1e681585662bab081477a368695d631a57d9,d32a025c0ffd31e406531e12f2e16ac431a33bb70cfab762448b0efd2f1fa028,7,2,7655123995385766933,8050610523573754527,Thrower-v0,biped,static,"(44,)",300,W0,0,-0.01956743940862036,1.1504678582730485,0.9169539853583873,1.150634250143974,-4.067540645599365,3.55478835105896,0.0,0.0
thrower__biped__static__seed_007,/home/rowanli.tangalin/tpr/tpr/results/hpc_rq1/nominal/thrower/biped/static/seed_007,2459838292d8d8e81a4bf62bba2f1e681585662bab081477a368695d631a57d9,d32a025c0ffd31e406531e12f2e16ac431a33bb70cfab762448b0efd2f1fa028,7,2,7655123995385766933,8050610523573754527,Thrower-v0,biped,static,"(44,)",300,W25,75,-0.01956743940862036,1.1504678582730485,0.9169539853583873,1.150634250143974,-4.067540645599365,3.55478835105896,0.0,0.0
thrower__biped__static__seed_007,/home/rowanli.tangalin/tpr/tpr/results/hpc_rq1/nominal/thrower/biped/static/seed_007,2459838292d8d8e81a4bf62bba2f1e681585662bab081477a368695d631a57d9,d32a025c0ffd31e406531e12f2e16ac431a33bb70cfab762448b0efd2f1fa028,7,2,7655123995385766933,8050610523573754527,Thrower-v0,biped,static,"(44,)",300,W50,150,-0.01956743940862036,1.1504678582730485,0.9169539853583873,1.150634250143974,-4.067540645599365,3.55478835105896,0.0,0.0
thrower__biped__static__seed_007,/home/rowanli.tangalin/tpr/tpr/results/hpc_rq1/nominal/thrower/biped/static/seed_007,2459838292d8d8e81a4bf62bba2f1e681585662bab081477a368695d631a57d9,d32a025c0ffd31e406531e12f2e16ac431a33bb70cfab762448b0efd2f1fa028,7,2,7655123995385766933,8050610523573754527,Thrower-v0,biped,static,"(44,)",300,W75,225,-0.01956743940862036,1.1504678582730485,0.9169539853583873,1.150634250143974,-4.067540645599365,3.55478835105896,0.0,0.0
thrower__biped__static__seed_007,/home/rowanli.tangalin/tpr/tpr/results/hpc_rq1/nominal/thrower/biped/static/seed_007,2459838292d8d8e81a4bf62bba2f1e681585662bab081477a368695d631a57d9,d32a025c0ffd31e406531e12f2e16ac431a33bb70cfab762448b0efd2f1fa028,7,2,7655123995385766933,8050610523573754527,Thrower-v0,biped,static,"(44,)",300,Wfinal,300,-0.01956743940862036,1.1504678582730485,0.9169539853583873,1.150634250143974,-4.067540645599365,3.55478835105896,0.0,0.0
thrower__biped__static__seed_008,/home/rowanli.tangalin/tpr/tpr/results/hpc_rq1/nominal/thrower/biped/static/seed_008,0b8338fd4331b9e7ef63b16e424c3baf6cda56155c67873eac2ff91b97d9d490,4b4f0684ef6d12c6fdd36b8bda2754927aa5eec0f5e3ffc32fd08cfcf180dcfa,8,0,4480449054597749916,4714160801966532834,Thrower-v0,biped,static,"(44,)",300,W0,0,-0.0227335457240986,0.9030021354496724,0.7224614765669379,0.9032882545056469,-3.1473867893218994,3.04714298248291,0.0,0.0
thrower__biped__static__seed_008,/home/rowanli.tangalin/tpr/tpr/results/hpc_rq1/nominal/thrower/biped/static/seed_008,0b8338fd4331b9e7ef63b16e424c3baf6cda56155c67873eac2ff91b97d9d490,4b4f0684ef6d12c6fdd36b8bda2754927aa5eec0f5e3ffc32fd08cfcf180dcfa,8,0,4480449054597749916,4714160801966532834,Thrower-v0,biped,static,"(44,)",300,W25,75,-0.0227335457240986,0.9030021354496724,0.7224614765669379,0.9032882545056469,-3.1473867893218994,3.04714298248291,0.0,0.0
thrower__biped__static__seed_008,/home/rowanli.tangalin/tpr/tpr/results/hpc_rq1/nominal/thrower/biped/static/seed_008,0b8338fd4331b9e7ef63b16e424c3baf6cda56155c67873eac2ff91b97d9d490,4b4f0684ef6d12c6fdd36b8bda2754927aa5eec0f5e3ffc32fd08cfcf180dcfa,8,0,4480449054597749916,4714160801966532834,Thrower-v0,biped,static,"(44,)",300,W50,150,-0.0227335457240986,0.9030021354496724,0.7224614765669379,0.9032882545056469,-3.1473867893218994,3.04714298248291,0.0,0.0
thrower__biped__static__seed_008,/home/rowanli.tangalin/tpr/tpr/results/hpc_rq1/nominal/thrower/biped/static/seed_008,0b8338fd4331b9e7ef63b16e424c3baf6cda56155c67873eac2ff91b97d9d490,4b4f0684ef6d12c6fdd36b8bda2754927aa5eec0f5e3ffc32fd08cfcf180dcfa,8,0,4480449054597749916,4714160801966532834,Thrower-v0,biped,static,"(44,)",300,W75,225,-0.0227335457240986,0.9030021354496724,0.7224614765669379,0.9032882545056469,-3.1473867893218994,3.04714298248291,0.0,0.0
thrower__biped__static__seed_008,/home/rowanli.tangalin/tpr/tpr/results/hpc_rq1/nominal/thrower/biped/static/seed_008,0b8338fd4331b9e7ef63b16e424c3baf6cda56155c67873eac2ff91b97d9d490,4b4f0684ef6d12c6fdd36b8bda2754927aa5eec0f5e3ffc32fd08cfcf180dcfa,8,0,4480449054597749916,4714160801966532834,Thrower-v0,biped,static,"(44,)",300,Wfinal,300,-0.0227335457240986,0.9030021354496724,0.7224614765669379,0.9032882545056469,-3.1473867893218994,3.04714298248291,0.0,0.0
thrower__biped__static__seed_008,/home/rowanli.tangalin/tpr/tpr/results/hpc_rq1/nominal/thrower/biped/static/seed_008,0b8338fd4331b9e7ef63b16e424c3baf6cda56155c67873eac2ff91b97d9d490,4b4f0684ef6d12c6fdd36b8bda2754927aa5eec0f5e3ffc32fd08cfcf180dcfa,8,1,8169066096088904802,2410012360361453569,Thrower-v0,biped,static,"(44,)",300,W0,0,-0.0227335457240986,0.9030021354496724,0.7224614765669379,0.9032882545056469,-3.1473867893218994,3.04714298248291,0.0,0.0
thrower__biped__static__seed_008,/home/rowanli.tangalin/tpr/tpr/results/hpc_rq1/nominal/thrower/biped/static/seed_008,0b8338fd4331b9e7ef63b16e424c3baf6cda56155c67873eac2ff91b97d9d490,4b4f0684ef6d12c6fdd36b8bda2754927aa5eec0f5e3ffc32fd08cfcf180dcfa,8,1,8169066096088904802,2410012360361453569,Thrower-v0,biped,static,"(44,)",300,W25,75,-0.0227335457240986,0.9030021354496724,0.7224614765669379,0.9032882545056469,-3.1473867893218994,3.04714298248291,0.0,0.0
thrower__biped__static__seed_008,/home/rowanli.tangalin/tpr/tpr/results/hpc_rq1/nominal/thrower/biped/static/seed_008,0b8338fd4331b9e7ef63b16e424c3baf6cda56155c67873eac2ff91b97d9d490,4b4f0684ef6d12c6fdd36b8bda2754927aa5eec0f5e3ffc32fd08cfcf180dcfa,8,1,8169066096088904802,2410012360361453569,Thrower-v0,biped,static,"(44,)",300,W50,150,-0.0227335457240986,0.9030021354496724,0.7224614765669379,0.9032882545056469,-3.1473867893218994,3.04714298248291,0.0,0.0
thrower__biped__static__seed_008,/home/rowanli.tangalin/tpr/tpr/results/hpc_rq1/nominal/thrower/biped/static/seed_008,0b8338fd4331b9e7ef63b16e424c3baf6cda56155c67873eac2ff91b97d9d490,4b4f0684ef6d12c6fdd36b8bda2754927aa5eec0f5e3ffc32fd08cfcf180dcfa,8,1,8169066096088904802,2410012360361453569,Thrower-v0,biped,static,"(44,)",300,W75,225,-0.0227335457240986,0.9030021354496724,0.7224614765669379,0.9032882545056469,-3.1473867893218994,3.04714298248291,0.0,0.0
thrower__biped__static__seed_008,/home/rowanli.tangalin/tpr/tpr/results/hpc_rq1/nominal/thrower/biped/static/seed_008,0b8338fd4331b9e7ef63b16e424c3baf6cda56155c67873eac2ff91b97d9d490,4b4f0684ef6d12c6fdd36b8bda2754927aa5eec0f5e3ffc32fd08cfcf180dcfa,8,1,8169066096088904802,2410012360361453569,Thrower-v0,biped,static,"(44,)",300,Wfinal,300,-0.0227335457240986,0.9030021354496724,0.7224614765669379,0.9032882545056469,-3.1473867893218994,3.04714298248291,0.0,0.0
thrower__biped__static__seed_008,/home/rowanli.tangalin/tpr/tpr/results/hpc_rq1/nominal/thrower/biped/static/seed_008,0b8338fd4331b9e7ef63b16e424c3baf6cda56155c67873eac2ff91b97d9d490,4b4f0684ef6d12c6fdd36b8bda2754927aa5eec0f5e3ffc32fd08cfcf180dcfa,8,2,1688151127694054410,5098444150450504360,Thrower-v0,biped,static,"(44,)",300,W0,0,-0.0227335457240986,0.9030021354496724,0.7224614765669379,0.9032882545056469,-3.1473867893218994,3.04714298248291,0.0,0.0
thrower__biped__static__seed_008,/home/rowanli.tangalin/tpr/tpr/results/hpc_rq1/nominal/thrower/biped/static/seed_008,0b8338fd4331b9e7ef63b16e424c3baf6cda56155c67873eac2ff91b97d9d490,4b4f0684ef6d12c6fdd36b8bda2754927aa5eec0f5e3ffc32fd08cfcf180dcfa,8,2,1688151127694054410,5098444150450504360,Thrower-v0,biped,static,"(44,)",300,W25,75,-0.0227335457240986,0.9030021354496724,0.7224614765669379,0.9032882545056469,-3.1473867893218994,3.04714298248291,0.0,0.0
thrower__biped__static__seed_008,/home/rowanli.tangalin/tpr/tpr/results/hpc_rq1/nominal/thrower/biped/static/seed_008,0b8338fd4331b9e7ef63b16e424c3baf6cda56155c67873eac2ff91b97d9d490,4b4f0684ef6d12c6fdd36b8bda2754927aa5eec0f5e3ffc32fd08cfcf180dcfa,8,2,1688151127694054410,5098444150450504360,Thrower-v0,biped,static,"(44,)",300,W50,150,-0.0227335457240986,0.9030021354496724,0.7224614765669379,0.9032882545056469,-3.1473867893218994,3.04714298248291,0.0,0.0
thrower__biped__static__seed_008,/home/rowanli.tangalin/tpr/tpr/results/hpc_rq1/nominal/thrower/biped/static/seed_008,0b8338fd4331b9e7ef63b16e424c3baf6cda56155c67873eac2ff91b97d9d490,4b4f0684ef6d12c6fdd36b8bda2754927aa5eec0f5e3ffc32fd08cfcf180dcfa,8,2,1688151127694054410,5098444150450504360,Thrower-v0,biped,static,"(44,)",300,W75,225,-0.0227335457240986,0.9030021354496724,0.7224614765669379,0.9032882545056469,-3.1473867893218994,3.04714298248291,0.0,0.0
thrower__biped__static__seed_008,/home/rowanli.tangalin/tpr/tpr/results/hpc_rq1/nominal/thrower/biped/static/seed_008,0b8338fd4331b9e7ef63b16e424c3baf6cda56155c67873eac2ff91b97d9d490,4b4f0684ef6d12c6fdd36b8bda2754927aa5eec0f5e3ffc32fd08cfcf180dcfa,8,2,1688151127694054410,5098444150450504360,Thrower-v0,biped,static,"(44,)",300,Wfinal,300,-0.0227335457240986,0.9030021354496724,0.7224614765669379,0.9032882545056469,-3.1473867893218994,3.04714298248291,0.0,0.0
thrower__biped__static__seed_009,/home/rowanli.tangalin/tpr/tpr/results/hpc_rq1/nominal/thrower/biped/static/seed_009,fe8905cf5c4889f9a938d0c23a6b01b6882b6df97b9c2d1ade7e1abb81bb3f5c,5200209f240a94a3717b7de8236ef7706413fc6de1c19715871efc3f314ce080,9,0,8469251633518957484,5579477484601834272,Thrower-v0,biped,static,"(44,)",300,W0,0,-0.01450868162102391,1.1421788411028955,0.9061149309998454,1.142270986633878,-3.710374355316162,3.9190943241119385,0.0,0.0
thrower__biped__static__seed_009,/home/rowanli.tangalin/tpr/tpr/results/hpc_rq1/nominal/thrower/biped/static/seed_009,fe8905cf5c4889f9a938d0c23a6b01b6882b6df97b9c2d1ade7e1abb81bb3f5c,5200209f240a94a3717b7de8236ef7706413fc6de1c19715871efc3f314ce080,9,0,8469251633518957484,5579477484601834272,Thrower-v0,biped,static,"(44,)",300,W25,75,-0.01450868162102391,1.1421788411028955,0.9061149309998454,1.142270986633878,-3.710374355316162,3.9190943241119385,0.0,0.0
thrower__biped__static__seed_009,/home/rowanli.tangalin/tpr/tpr/results/hpc_rq1/nominal/thrower/biped/static/seed_009,fe8905cf5c4889f9a938d0c23a6b01b6882b6df97b9c2d1ade7e1abb81bb3f5c,5200209f240a94a3717b7de8236ef7706413fc6de1c19715871efc3f314ce080,9,0,8469251633518957484,5579477484601834272,Thrower-v0,biped,static,"(44,)",300,W50,150,-0.01450868162102391,1.1421788411028955,0.9061149309998454,1.142270986633878,-3.710374355316162,3.9190943241119385,0.0,0.0
thrower__biped__static__seed_009,/home/rowanli.tangalin/tpr/tpr/results/hpc_rq1/nominal/thrower/biped/static/seed_009,fe8905cf5c4889f9a938d0c23a6b01b6882b6df97b9c2d1ade7e1abb81bb3f5c,5200209f240a94a3717b7de8236ef7706413fc6de1c19715871efc3f314ce080,9,0,8469251633518957484,5579477484601834272,Thrower-v0,biped,static,"(44,)",300,W75,225,-0.01450868162102391,1.1421788411028955,0.9061149309998454,1.142270986633878,-3.710374355316162,3.9190943241119385,0.0,0.0
thrower__biped__static__seed_009,/home/rowanli.tangalin/tpr/tpr/results/hpc_rq1/nominal/thrower/biped/static/seed_009,fe8905cf5c4889f9a938d0c23a6b01b6882b6df97b9c2d1ade7e1abb81bb3f5c,5200209f240a94a3717b7de8236ef7706413fc6de1c19715871efc3f314ce080,9,0,8469251633518957484,5579477484601834272,Thrower-v0,biped,static,"(44,)",300,Wfinal,300,-0.01450868162102391,1.1421788411028955,0.9061149309998454,1.142270986633878,-3.710374355316162,3.9190943241119385,0.0,0.0
thrower__biped__static__seed_009,/home/rowanli.tangalin/tpr/tpr/results/hpc_rq1/nominal/thrower/biped/static/seed_009,fe8905cf5c4889f9a938d0c23a6b01b6882b6df97b9c2d1ade7e1abb81bb3f5c,5200209f240a94a3717b7de8236ef7706413fc6de1c19715871efc3f314ce080,9,1,5415548583552718452,3538497439875268043,Thrower-v0,biped,static,"(44,)",300,W0,0,-0.01450868162102391,1.1421788411028955,0.9061149309998454,1.142270986633878,-3.710374355316162,3.9190943241119385,0.0,0.0
thrower__biped__static__seed_009,/home/rowanli.tangalin/tpr/tpr/results/hpc_rq1/nominal/thrower/biped/static/seed_009,fe8905cf5c4889f9a938d0c23a6b01b6882b6df97b9c2d1ade7e1abb81bb3f5c,5200209f240a94a3717b7de8236ef7706413fc6de1c19715871efc3f314ce080,9,1,5415548583552718452,3538497439875268043,Thrower-v0,biped,static,"(44,)",300,W25,75,-0.01450868162102391,1.1421788411028955,0.9061149309998454,1.142270986633878,-3.710374355316162,3.9190943241119385,0.0,0.0
thrower__biped__static__seed_009,/home/rowanli.tangalin/tpr/tpr/results/hpc_rq1/nominal/thrower/biped/static/seed_009,fe8905cf5c4889f9a938d0c23a6b01b6882b6df97b9c2d1ade7e1abb81bb3f5c,5200209f240a94a3717b7de8236ef7706413fc6de1c19715871efc3f314ce080,9,1,5415548583552718452,3538497439875268043,Thrower-v0,biped,static,"(44,)",300,W50,150,-0.01450868162102391,1.1421788411028955,0.9061149309998454,1.142270986633878,-3.710374355316162,3.9190943241119385,0.0,0.0
thrower__biped__static__seed_009,/home/rowanli.tangalin/tpr/tpr/results/hpc_rq1/nominal/thrower/biped/static/seed_009,fe8905cf5c4889f9a938d0c23a6b01b6882b6df97b9c2d1ade7e1abb81bb3f5c,5200209f240a94a3717b7de8236ef7706413fc6de1c19715871efc3f314ce080,9,1,5415548583552718452,3538497439875268043,Thrower-v0,biped,static,"(44,)",300,W75,225,-0.01450868162102391,1.1421788411028955,0.9061149309998454,1.142270986633878,-3.710374355316162,3.9190943241119385,0.0,0.0
thrower__biped__static__seed_009,/home/rowanli.tangalin/tpr/tpr/results/hpc_rq1/nominal/thrower/biped/static/seed_009,fe8905cf5c4889f9a938d0c23a6b01b6882b6df97b9c2d1ade7e1abb81bb3f5c,5200209f240a94a3717b7de8236ef7706413fc6de1c19715871efc3f314ce080,9,1,5415548583552718452,3538497439875268043,Thrower-v0,biped,static,"(44,)",300,Wfinal,300,-0.01450868162102391,1.1421788411028955,0.9061149309998454,1.142270986633878,-3.710374355316162,3.9190943241119385,0.0,0.0
thrower__biped__static__seed_009,/home/rowanli.tangalin/tpr/tpr/results/hpc_rq1/nominal/thrower/biped/static/seed_009,fe8905cf5c4889f9a938d0c23a6b01b6882b6df97b9c2d1ade7e1abb81bb3f5c,5200209f240a94a3717b7de8236ef7706413fc6de1c19715871efc3f314ce080,9,2,6075971192560964690,5235945277139461518,Thrower-v0,biped,static,"(44,)",300,W0,0,-0.01450868162102391,1.1421788411028955,0.9061149309998454,1.142270986633878,-3.710374355316162,3.9190943241119385,0.0,0.0
thrower__biped__static__seed_009,/home/rowanli.tangalin/tpr/tpr/results/hpc_rq1/nominal/thrower/biped/static/seed_009,fe8905cf5c4889f9a938d0c23a6b01b6882b6df97b9c2d1ade7e1abb81bb3f5c,5200209f240a94a3717b7de8236ef7706413fc6de1c19715871efc3f314ce080,9,2,6075971192560964690,5235945277139461518,Thrower-v0,biped,static,"(44,)",300,W25,75,-0.01450868162102391,1.1421788411028955,0.9061149309998454,1.142270986633878,-3.710374355316162,3.9190943241119385,0.0,0.0
thrower__biped__static__seed_009,/home/rowanli.tangalin/tpr/tpr/results/hpc_rq1/nominal/thrower/biped/static/seed_009,fe8905cf5c4889f9a938d0c23a6b01b6882b6df97b9c2d1ade7e1abb81bb3f5c,5200209f240a94a3717b7de8236ef7706413fc6de1c19715871efc3f314ce080,9,2,6075971192560964690,5235945277139461518,Thrower-v0,biped,static,"(44,)",300,W50,150,-0.01450868162102391,1.1421788411028955,0.9061149309998454,1.142270986633878,-3.710374355316162,3.9190943241119385,0.0,0.0
thrower__biped__static__seed_009,/home/rowanli.tangalin/tpr/tpr/results/hpc_rq1/nominal/thrower/biped/static/seed_009,fe8905cf5c4889f9a938d0c23a6b01b6882b6df97b9c2d1ade7e1abb81bb3f5c,5200209f240a94a3717b7de8236ef7706413fc6de1c19715871efc3f314ce080,9,2,6075971192560964690,5235945277139461518,Thrower-v0,biped,static,"(44,)",300,W75,225,-0.01450868162102391,1.1421788411028955,0.9061149309998454,1.142270986633878,-3.710374355316162,3.9190943241119385,0.0,0.0
thrower__biped__static__seed_009,/home/rowanli.tangalin/tpr/tpr/results/hpc_rq1/nominal/thrower/biped/static/seed_009,fe8905cf5c4889f9a938d0c23a6b01b6882b6df97b9c2d1ade7e1abb81bb3f5c,5200209f240a94a3717b7de8236ef7706413fc6de1c19715871efc3f314ce080,9,2,6075971192560964690,5235945277139461518,Thrower-v0,biped,static,"(44,)",300,Wfinal,300,-0.01450868162102391,1.1421788411028955,0.9061149309998454,1.142270986633878,-3.710374355316162,3.9190943241119385,0.0,0.0
thrower__biped__nchl__seed_000,/home/rowanli.tangalin/tpr/tpr/results/hpc_rq1/nominal/thrower/biped/nchl/seed_000,85f126dee04b2643fd0a4d9b2ef470847203371bbbe8b42ed6421f202795e987,19ffbe01742184a854d5e4e241414b5bad39e11efffecec5f032e04b9c191ab2,0,0,4940322620982477041,3023897764847979143,Thrower-v0,biped,nchl,"(44,)",300,W0,0,-0.0011018490735394508,0.05664234695897252,0.04880049702564275,0.05665306293927525,-0.0999501496553421,0.09995333850383759,0.18435924873401088,0.12357290378185876
thrower__biped__nchl__seed_000,/home/rowanli.tangalin/tpr/tpr/results/hpc_rq1/nominal/thrower/biped/nchl/seed_000,85f126dee04b2643fd0a4d9b2ef470847203371bbbe8b42ed6421f202795e987,19ffbe01742184a854d5e4e241414b5bad39e11efffecec5f032e04b9c191ab2,0,0,4940322620982477041,3023897764847979143,Thrower-v0,biped,nchl,"(44,)",300,W25,75,-0.28959081131701153,9.252296718043368,5.6360796526753365,9.256827609754614,-55.996334075927734,39.214290618896484,0.18435924873401088,0.12357290378185876
thrower__biped__nchl__seed_000,/home/rowanli.tangalin/tpr/tpr/results/hpc_rq1/nominal/thrower/biped/nchl/seed_000,85f126dee04b2643fd0a4d9b2ef470847203371bbbe8b42ed6421f202795e987,19ffbe01742184a854d5e4e241414b5bad39e11efffecec5f032e04b9c191ab2,0,0,4940322620982477041,3023897764847979143,Thrower-v0,biped,nchl,"(44,)",300,W50,150,-2.2765709454270238,18.031130346105723,10.165235562887453,18.17427954081859,-123.97345733642578,78.42753601074219,0.18435924873401088,0.12357290378185876
thrower__biped__nchl__seed_000,/home/rowanli.tangalin/tpr/tpr/results/hpc_rq1/nominal/thrower/biped/nchl/seed_000,85f126dee04b2643fd0a4d9b2ef470847203371bbbe8b42ed6421f202795e987,19ffbe01742184a854d5e4e241414b5bad39e11efffecec5f032e04b9c191ab2,0,0,4940322620982477041,3023897764847979143,Thrower-v0,biped,nchl,"(44,)",300,W75,225,-2.9298822641782984,23.821637946031906,14.889780285510957,24.001138400371214,-136.2808837890625,116.43389129638672,0.18435924873401088,0.12357290378185876
thrower__biped__nchl__seed_000,/home/rowanli.tangalin/tpr/tpr/results/hpc_rq1/nominal/thrower/biped/nchl/seed_000,85f126dee04b2643fd0a4d9b2ef470847203371bbbe8b42ed6421f202795e987,19ffbe01742184a854d5e4e241414b5bad39e11efffecec5f032e04b9c191ab2,0,0,4940322620982477041,3023897764847979143,Thrower-v0,biped,nchl,"(44,)",300,Wfinal,300,-3.798909819329164,31.302586499822716,20.870886354255358,31.53226343595206,-187.89109802246094,154.44508361816406,0.18435924873401088,0.12357290378185876
thrower__biped__nchl__seed_000,/home/rowanli.tangalin/tpr/tpr/results/hpc_rq1/nominal/thrower/biped/nchl/seed_000,85f126dee04b2643fd0a4d9b2ef470847203371bbbe8b42ed6421f202795e987,19ffbe01742184a854d5e4e241414b5bad39e11efffecec5f032e04b9c191ab2,0,1,530078296572617688,6966882572876332860,Thrower-v0,biped,nchl,"(44,)",300,W0,0,-0.00029224157648358114,0.05708848211032349,0.04927935012450518,0.05708923011216521,-0.0999893769621849,0.09998205304145813,0.19205912088305852,0.12695823806344617
thrower__biped__nchl__seed_000,/home/rowanli.tangalin/tpr/tpr/results/hpc_rq1/nominal/thrower/biped/nchl/seed_000,85f126dee04b2643fd0a4d9b2ef470847203371bbbe8b42ed6421f202795e987,19ffbe01742184a854d5e4e241414b5bad39e11efffecec5f032e04b9c191ab2,0,1,530078296572617688,6966882572876332860,Thrower-v0,biped,nchl,"(44,)",300,W25,75,-0.6601503134543936,9.9194990257213,5.681670332383658,9.941441513062369,-74.75198364257812,39.4288330078125,0.19205912088305852,0.12695823806344617
thrower__biped__nchl__seed_000,/home/rowanli.tangalin/tpr/tpr/results/hpc_rq1/nominal/thrower/biped/nchl/seed_000,85f126dee04b2643fd0a4d9b2ef470847203371bbbe8b42ed6421f202795e987,19ffbe01742184a854d5e4e241414b5bad39e11efffecec5f032e04b9c191ab2,0,1,530078296572617688,6966882572876332860,Thrower-v0,biped,nchl,"(44,)",300,W50,150,-2.436722331056762,22.499151998130706,13.86190721381397,22.630719307031747,-174.7073211669922,85.65689086914062,0.19205912088305852,0.12695823806344617
thrower__biped__nchl__seed_000,/home/rowanli.tangalin/tpr/tpr/results/hpc_rq1/nominal/thrower/biped/nchl/seed_000,85f126dee04b2643fd0a4d9b2ef470847203371bbbe8b42ed6421f202795e987,19ffbe01742184a854d5e4e241414b5bad39e11efffecec5f032e04b9c191ab2,0,1,530078296572617688,6966882572876332860,Thrower-v0,biped,nchl,"(44,)",300,W75,225,-4.79389261109901,27.459140743893315,17.327787131478953,27.874465317915814,-185.36390686035156,117.88175201416016,0.19205912088305852,0.12695823806344617
thrower__biped__nchl__seed_000,/home/rowanli.tangalin/tpr/tpr/results/hpc_rq1/nominal/thrower/biped/nchl/seed_000,85f126dee04b2643fd0a4d9b2ef470847203371bbbe8b42ed6421f202795e987,19ffbe01742184a854d5e4e241414b5bad39e11efffecec5f032e04b9c191ab2,0,1,530078296572617688,6966882572876332860,Thrower-v0,biped,nchl,"(44,)",300,Wfinal,300,-6.88507669327017,34.33050976898272,22.4861710752516,35.01411404091827,-243.2390594482422,155.76785278320312,0.19205912088305852,0.12695823806344617
thrower__biped__nchl__seed_000,/home/rowanli.tangalin/tpr/tpr/results/hpc_rq1/nominal/thrower/biped/nchl/seed_000,85f126dee04b2643fd0a4d9b2ef470847203371bbbe8b42ed6421f202795e987,19ffbe01742184a854d5e4e241414b5bad39e11efffecec5f032e04b9c191ab2,0,2,7210830791768759910,3424438756091539107,Thrower-v0,biped,nchl,"(44,)",300,W0,0,0.0011794922809783132,0.05715948672307985,0.04925036225713356,0.05717165490421656,-0.0999600738286972,0.09992298483848572,0.1968644338290382,0.1280097699223235
thrower__biped__nchl__seed_000,/home/rowanli.tangalin/tpr/tpr/results/hpc_rq1/nominal/thrower/biped/nchl/seed_000,85f126dee04b2643fd0a4d9b2ef470847203371bbbe8b42ed6421f202795e987,19ffbe01742184a854d5e4e241414b5bad39e11efffecec5f032e04b9c191ab2,0,2,7210830791768759910,3424438756091539107,Thrower-v0,biped,nchl,"(44,)",300,W25,75,-0.6241173940141672,9.876087184906917,5.6908550972287495,9.895788023467038,-73.71668243408203,39.419456481933594,0.1968644338290382,0.1280097699223235
thrower__biped__nchl__seed_000,/home/rowanli.tangalin/tpr/tpr/results/hpc_rq1/nominal/thrower/biped/nchl/seed_000,85f126dee04b2643fd0a4d9b2ef470847203371bbbe8b42ed6421f202795e987,19ffbe01742184a854d5e4e241414b5bad39e11efffecec5f032e04b9c191ab2,0,2,7210830791768759910,3424438756091539107,Thrower-v0,biped,nchl,"(44,)",300,W50,150,-2.7574092591754518,22.484524798867536,13.092505609131438,22.652972459557617,-185.27989196777344,83.37115478515625,0.1968644338290382,0.1280097699223235
thrower__biped__nchl__seed_000,/home/rowanli.tangalin/tpr/tpr/results/hpc_rq1/nominal/thrower/biped/nchl/seed_000,85f126dee04b2643fd0a4d9b2ef470847203371bbbe8b42ed6421f202795e987,19ffbe01742184a854d5e4e241414b5bad39e11efffecec5f032e04b9c191ab2,0,2,7210830791768759910,3424438756091539107,Thrower-v0,biped,nchl,"(44,)",300,W75,225,-4.593200354827112,27.17769513105913,16.5913492771341,27.563102186371896,-189.68118286132812,117.94294738769531,0.1968644338290382,0.1280097699223235
thrower__biped__nchl__seed_000,/home/rowanli.tangalin/tpr/tpr/results/hpc_rq1/nominal/thrower/biped/nchl/seed_000,85f126dee04b2643fd0a4d9b2ef470847203371bbbe8b42ed6421f202795e987,19ffbe01742184a854d5e4e241414b5bad39e11efffecec5f032e04b9c191ab2,0,2,7210830791768759910,3424438756091539107,Thrower-v0,biped,nchl,"(44,)",300,Wfinal,300,-6.742427472508727,34.54741014313692,22.288228602521446,35.19920277250836,-261.65521240234375,155.83969116210938,0.1968644338290382,0.1280097699223235
thrower__biped__nchl__seed_001,/home/rowanli.tangalin/tpr/tpr/results/hpc_rq1/nominal/thrower/biped/nchl/seed_001,61c08966474b56dd6b98017a698cbb37b8b727f4a69ae24d377b42e027741555,61505cf928bce783417d7c4951c786c27ba556fbbd92e472fd3223a1ebc3ce1d,1,0,5232325836976384581,7172422899355977572,Thrower-v0,biped,nchl,"(44,)",300,W0,0,-0.0018995214086666796,0.057757862102407936,0.050125984182340565,0.05778908907590388,-0.09996207058429718,0.09991510212421417,0.25537481565834,0.16907518240295355
thrower__biped__nchl__seed_001,/home/rowanli.tangalin/tpr/tpr/results/hpc_rq1/nominal/thrower/biped/nchl/seed_001,61c08966474b56dd6b98017a698cbb37b8b727f4a69ae24d377b42e027741555,61505cf928bce783417d7c4951c786c27ba556fbbd92e472fd3223a1ebc3ce1d,1,0,5232325836976384581,7172422899355977572,Thrower-v0,biped,nchl,"(44,)",300,W25,75,-1.1789272084344347,13.076537326648912,8.701855095101042,13.129573405790048,-69.89065551757812,83.33000946044922,0.25537481565834,0.16907518240295355
thrower__biped__nchl__seed_001,/home/rowanli.tangalin/tpr/tpr/results/hpc_rq1/nominal/thrower/biped/nchl/seed_001,61c08966474b56dd6b98017a698cbb37b8b727f4a69ae24d377b42e027741555,61505cf928bce783417d7c4951c786c27ba556fbbd92e472fd3223a1ebc3ce1d,1,0,5232325836976384581,7172422899355977572,Thrower-v0,biped,nchl,"(44,)",300,W50,150,-3.067215953051549,27.189036831721236,17.899263958065685,27.36149735557884,-158.03700256347656,161.81919860839844,0.25537481565834,0.16907518240295355
thrower__biped__nchl__seed_001,/home/rowanli.tangalin/tpr/tpr/results/hpc_rq1/nominal/thrower/biped/nchl/seed_001,61c08966474b56dd6b98017a698cbb37b8b727f4a69ae24d377b42e027741555,61505cf928bce783417d7c4951c786c27ba556fbbd92e472fd3223a1ebc3ce1d,1,0,5232325836976384581,7172422899355977572,Thrower-v0,biped,nchl,"(44,)",300,W75,225,-1.7334042173448845,40.423888870043996,27.705142321685408,40.46103658531719,-203.4088897705078,245.5482177734375,0.25537481565834,0.16907518240295355
thrower__biped__nchl__seed_001,/home/rowanli.tangalin/tpr/tpr/results/hpc_rq1/nominal/thrower/biped/nchl/seed_001,61c08966474b56dd6b98017a698cbb37b8b727f4a69ae24d377b42e027741555,61505cf928bce783417d7c4951c786c27ba556fbbd92e472fd3223a1ebc3ce1d,1,0,5232325836976384581,7172422899355977572,Thrower-v0,biped,nchl,"(44,)",300,Wfinal,300,-0.5646558996579786,54.98284974005477,38.3727570733697,54.985749079397465,-270.7215270996094,334.7439880371094,0.25537481565834,0.16907518240295355
thrower__biped__nchl__seed_001,/home/rowanli.tangalin/tpr/tpr/results/hpc_rq1/nominal/thrower/biped/nchl/seed_001,61c08966474b56dd6b98017a698cbb37b8b727f4a69ae24d377b42e027741555,61505cf928bce783417d7c4951c786c27ba556fbbd92e472fd3223a1ebc3ce1d,1,1,3184075494390970209,9147161066225580108,Thrower-v0,biped,nchl,"(44,)",300,W0,0,0.001744605971650147,0.057791269154609456,0.05011612970173911,0.05781759628778104,-0.09997173398733139,0.09993826597929001,0.2522527153530531,0.16858540202920247
thrower__biped__nchl__seed_001,/home/rowanli.tangalin/tpr/tpr/results/hpc_rq1/nominal/thrower/biped/nchl/seed_001,61c08966474b56dd6b98017a698cbb37b8b727f4a69ae24d377b42e027741555,61505cf928bce783417d7c4951c786c27ba556fbbd92e472fd3223a1ebc3ce1d,1,1,3184075494390970209,9147161066225580108,Thrower-v0,biped,nchl,"(44,)",300,W25,75,-1.0280890816283719,13.068496360630729,8.683797355268274,13.108873494224518,-70.09033203125,83.388427734375,0.2522527153530531,0.16858540202920247
thrower__biped__nchl__seed_001,/home/rowanli.tangalin/tpr/tpr/results/hpc_rq1/nominal/thrower/biped/nchl/seed_001,61c08966474b56dd6b98017a698cbb37b8b727f4a69ae24d377b42e027741555,61505cf928bce783417d7c4951c786c27ba556fbbd92e472fd3223a1ebc3ce1d,1,1,3184075494390970209,9147161066225580108,Thrower-v0,biped,nchl,"(44,)",300,W50,150,-4.309676786839076,26.225743705257056,17.613071382302998,26.577489477015124,-138.39109802246094,164.16993713378906,0.2522527153530531,0.16858540202920247
thrower__biped__nchl__seed_001,/home/rowanli.tangalin/tpr/tpr/results/hpc_rq1/nominal/thrower/biped/nchl/seed_001,61c08966474b56dd6b98017a698cbb37b8b727f4a69ae24d377b42e027741555,61505cf928bce783417d7c4951c786c27ba556fbbd92e472fd3223a1ebc3ce1d,1,1,3184075494390970209,9147161066225580108,Thrower-v0,biped,nchl,"(44,)",300,W75,225,-4.3027467371666335,37.6617591149415,24.777744818263088,37.9067504425805,-204.15167236328125,244.6883544921875,0.2522527153530531,0.16858540202920247
thrower__biped__nchl__seed_001,/home/rowanli.tangalin/tpr/tpr/results/hpc_rq1/nominal/thrower/biped/nchl/seed_001,61c08966474b56dd6b98017a698cbb37b8b727f4a69ae24d377b42e027741555,61505cf928bce783417d7c4951c786c27ba556fbbd92e472fd3223a1ebc3ce1d,1,1,3184075494390970209,9147161066225580108,Thrower-v0,biped,nchl,"(44,)",300,Wfinal,300,-3.3199487972639865,49.83775124034511,32.80850973851666,49.94820826326981,-271.4332580566406,324.42547607421875,0.2522527153530531,0.16858540202920247
thrower__biped__nchl__seed_001,/home/rowanli.tangalin/tpr/tpr/results/hpc_rq1/nominal/thrower/biped/nchl/seed_001,61c08966474b56dd6b98017a698cbb37b8b727f4a69ae24d377b42e027741555,61505cf928bce783417d7c4951c786c27ba556fbbd92e472fd3223a1ebc3ce1d,1,2,6337936886056088,9019669384804417704,Thrower-v0,biped,nchl,"(44,)",300,W0,0,0.000970027611958256,0.05731897504403922,0.04980801743181632,0.05732718250243206,-0.09978632628917694,0.09996291995048523,0.25373602973373155,0.1685259742633307
thrower__biped__nchl__seed_001,/home/rowanli.tangalin/tpr/tpr/results/hpc_rq1/nominal/thrower/biped/nchl/seed_001,61c08966474b56dd6b98017a698cbb37b8b727f4a69ae24d377b42e027741555,61505cf928bce783417d7c4951c786c27ba556fbbd92e472fd3223a1ebc3ce1d,1,2,6337936886056088,9019669384804417704,Thrower-v0,biped,nchl,"(44,)",300,W25,75,-1.2478645497727878,13.047758429152202,8.66614018791759,13.107294379851702,-69.7740478515625,83.19422912597656,0.25373602973373155,0.1685259742633307
thrower__biped__nchl__seed_001,/home/rowanli.tangalin/tpr/tpr/results/hpc_rq1/nominal/thrower/biped/nchl/seed_001,61c08966474b56dd6b98017a698cbb37b8b727f4a69ae24d377b42e027741555,61505cf928bce783417d7c4951c786c27ba556fbbd92e472fd3223a1ebc3ce1d,1,2,6337936886056088,9019669384804417704,Thrower-v0,biped,nchl,"(44,)",300,W50,150,-2.805291144695895,27.122078250561746,17.832629350452827,27.266770748222157,-159.64183044433594,161.71951293945312,0.25373602973373155,0.1685259742633307
thrower__biped__nchl__seed_001,/home/rowanli.tangalin/tpr/tpr/results/hpc_rq1/nominal/thrower/biped/nchl/seed_001,61c08966474b56dd6b98017a698cbb37b8b727f4a69ae24d377b42e027741555,61505cf928bce783417d7c4951c786c27ba556fbbd92e472fd3223a1ebc3ce1d,1,2,6337936886056088,9019669384804417704,Thrower-v0,biped,nchl,"(44,)",300,W75,225,-1.5890052126186502,40.438261359939126,27.7706199093572,40.469468978236854,-203.27664184570312,246.09088134765625,0.25373602973373155,0.1685259742633307
thrower__biped__nchl__seed_001,/home/rowanli.tangalin/tpr/tpr/results/hpc_rq1/nominal/thrower/biped/nchl/seed_001,61c08966474b56dd6b98017a698cbb37b8b727f4a69ae24d377b42e027741555,61505cf928bce783417d7c4951c786c27ba556fbbd92e472fd3223a1ebc3ce1d,1,2,6337936886056088,9019669384804417704,Thrower-v0,biped,nchl,"(44,)",300,Wfinal,300,-0.4831315507091439,55.008728602888304,38.43127278379943,55.01085018977177,-270.5915832519531,336.3636169433594,0.25373602973373155,0.1685259742633307
thrower__biped__nchl__seed_002,/home/rowanli.tangalin/tpr/tpr/results/hpc_rq1/nominal/thrower/biped/nchl/seed_002,d80ec06808ec47fdf5b72777017b12eafdb3c945892b323b16599af5b95527ee,42a85fc52e98b2a33fbe6d61ca13ee32688f9b4feabcd30f24fd5815168d5308,2,0,4709125304908105630,1244304497912131803,Thrower-v0,biped,nchl,"(44,)",300,W0,0,0.0005153024215064602,0.056966592024734225,0.04925031760525745,0.05696892261135121,-0.09996066987514496,0.09981396794319153,0.18594548287811077,0.13453200054332573
thrower__biped__nchl__seed_002,/home/rowanli.tangalin/tpr/tpr/results/hpc_rq1/nominal/thrower/biped/nchl/seed_002,d80ec06808ec47fdf5b72777017b12eafdb3c945892b323b16599af5b95527ee,42a85fc52e98b2a33fbe6d61ca13ee32688f9b4feabcd30f24fd5815168d5308,2,0,4709125304908105630,1244304497912131803,Thrower-v0,biped,nchl,"(44,)",300,W25,75,-0.261332467990281,9.840437902585037,6.441769649457615,9.843907393584018,-94.3728256225586,36.05271530151367,0.18594548287811077,0.13453200054332573
thrower__biped__nchl__seed_002,/home/rowanli.tangalin/tpr/tpr/results/hpc_rq1/nominal/thrower/biped/nchl/seed_002,d80ec06808ec47fdf5b72777017b12eafdb3c945892b323b16599af5b95527ee,42a85fc52e98b2a33fbe6d61ca13ee32688f9b4feabcd30f24fd5815168d5308,2,0,4709125304908105630,1244304497912131803,Thrower-v0,biped,nchl,"(44,)",300,W50,150,-0.10276774037792184,19.41721633648406,13.322967339834602,19.417488289330468,-154.3367919921875,71.85875701904297,0.18594548287811077,0.13453200054332573
thrower__biped__nchl__seed_002,/home/rowanli.tangalin/tpr/tpr/results/hpc_rq1/nominal/thrower/biped/nchl/seed_002,d80ec06808ec47fdf5b72777017b12eafdb3c945892b323b16599af5b95527ee,42a85fc52e98b2a33fbe6d61ca13ee32688f9b4feabcd30f24fd5815168d5308,2,0,4709125304908105630,1244304497912131803,Thrower-v0,biped,nchl,"(44,)",300,W75,225,1.6533363426374468,28.05522432752557,19.453884090682806,28.103898895521034,-146.96258544921875,113.81735229492188,0.18594548287811077,0.13453200054332573
thrower__biped__nchl__seed_002,/home/rowanli.tangalin/tpr/tpr/results/hpc_rq1/nominal/thrower/biped/nchl/seed_002,d80ec06808ec47fdf5b72777017b12eafdb3c945892b323b16599af5b95527ee,42a85fc52e98b2a33fbe6d61ca13ee32688f9b4feabcd30f24fd5815168d5308,2,0,4709125304908105630,1244304497912131803,Thrower-v0,biped,nchl,"(44,)",300,Wfinal,300,3.7902817965657745,37.878748667971415,26.782490907469764,38.06791085348294,-145.95729064941406,158.03790283203125,0.18594548287811077,0.13453200054332573
thrower__biped__nchl__seed_002,/home/rowanli.tangalin/tpr/tpr/results/hpc_rq1/nominal/thrower/biped/nchl/seed_002,d80ec06808ec47fdf5b72777017b12eafdb3c945892b323b16599af5b95527ee,42a85fc52e98b2a33fbe6d61ca13ee32688f9b4feabcd30f24fd5815168d5308,2,1,6789895730674132307,2935584579999248951,Thrower-v0,biped,nchl,"(44,)",300,W0,0,0.0011795878168737533,0.058222892095497455,0.050732158837052566,0.058234840013360184,-0.09997812658548355,0.09996149688959122,0.18068984406029842,0.13330874698736644
thrower__biped__nchl__seed_002,/home/rowanli.tangalin/tpr/tpr/results/hpc_rq1/nominal/thrower/biped/nchl/seed_002,d80ec06808ec47fdf5b72777017b12eafdb3c945892b323b16599af5b95527ee,42a85fc52e98b2a33fbe6d61ca13ee32688f9b4feabcd30f24fd5815168d5308,2,1,6789895730674132307,2935584579999248951,Thrower-v0,biped,nchl,"(44,)",300,W25,75,-0.41144909861805307,9.806011433542022,6.497993843307983,9.814639605992186,-85.05191040039062,35.646141052246094,0.18068984406029842,0.13330874698736644
thrower__biped__nchl__seed_002,/home/rowanli.tangalin/tpr/tpr/results/hpc_rq1/nominal/thrower/biped/nchl/seed_002,d80ec06808ec47fdf5b72777017b12eafdb3c945892b323b16599af5b95527ee,42a85fc52e98b2a33fbe6d61ca13ee32688f9b4feabcd30f24fd5815168d5308,2,1,6789895730674132307,2935584579999248951,Thrower-v0,biped,nchl,"(44,)",300,W50,150,-0.4308958254185492,18.711943503830145,12.766861970474134,18.716904148466817,-133.54562377929688,70.12936401367188,0.18068984406029842,0.13330874698736644
thrower__biped__nchl__seed_002,/home/rowanli.tangalin/tpr/tpr/results/hpc_rq1/nominal/thrower/biped/nchl/seed_002,d80ec06808ec47fdf5b72777017b12eafdb3c945892b323b16599af5b95527ee,42a85fc52e98b2a33fbe6d61ca13ee32688f9b4feabcd30f24fd5815168d5308,2,1,6789895730674132307,2935584579999248951,Thrower-v0,biped,nchl,"(44,)",300,W75,225,2.1815998989574195,27.95856933088114,19.718541347043967,28.043555001975385,-122.90377044677734,119.64451599121094,0.18068984406029842,0.13330874698736644
thrower__biped__nchl__seed_002,/home/rowanli.tangalin/tpr/tpr/results/hpc_rq1/nominal/thrower/biped/nchl/seed_002,d80ec06808ec47fdf5b72777017b12eafdb3c945892b323b16599af5b95527ee,42a85fc52e98b2a33fbe6d61ca13ee32688f9b4feabcd30f24fd5815168d5308,2,1,6789895730674132307,2935584579999248951,Thrower-v0,biped,nchl,"(44,)",300,Wfinal,300,4.097142351247041,38.42086375732317,27.646010848268187,38.6387027125028,-148.10508728027344,176.6396026611328,0.18068984406029842,0.13330874698736644
thrower__biped__nchl__seed_002,/home/rowanli.tangalin/tpr/tpr/results/hpc_rq1/nominal/thrower/biped/nchl/seed_002,d80ec06808ec47fdf5b72777017b12eafdb3c945892b323b16599af5b95527ee,42a85fc52e98b2a33fbe6d61ca13ee32688f9b4feabcd30f24fd5815168d5308,2,2,2298876442789069326,7237655472595637189,Thrower-v0,biped,nchl,"(44,)",300,W0,0,-0.0006505601036573913,0.05715441909716657,0.04911455163897966,0.05715812147703097,-0.09991399198770523,0.09996185451745987,0.18379982538226286,0.13340733010610992
thrower__biped__nchl__seed_002,/home/rowanli.tangalin/tpr/tpr/results/hpc_rq1/nominal/thrower/biped/nchl/seed_002,d80ec06808ec47fdf5b72777017b12eafdb3c945892b323b16599af5b95527ee,42a85fc52e98b2a33fbe6d61ca13ee32688f9b4feabcd30f24fd5815168d5308,2,2,2298876442789069326,7237655472595637189,Thrower-v0,biped,nchl,"(44,)",300,W25,75,-0.4964937386204736,9.880368404919018,6.424853025183776,9.89283507642836,-96.21754455566406,36.04282760620117,0.18379982538226286,0.13340733010610992
thrower__biped__nchl__seed_002,/home/rowanli.tangalin/tpr/tpr/results/hpc_rq1/nominal/thrower/biped/nchl/seed_002,d80ec06808ec47fdf5b72777017b12eafdb3c945892b323b16599af5b95527ee,42a85fc52e98b2a33fbe6d61ca13ee32688f9b4feabcd30f24fd5815168d5308,2,2,2298876442789069326,7237655472595637189,Thrower-v0,biped,nchl,"(44,)",300,W50,150,-1.2611579025209836,18.793137630705335,12.561690352108148,18.835406586047565,-154.36094665527344,71.90238952636719,0.18379982538226286,0.13340733010610992
thrower__biped__nchl__seed_002,/home/rowanli.tangalin/tpr/tpr/results/hpc_rq1/nominal/thrower/biped/nchl/seed_002,d80ec06808ec47fdf5b72777017b12eafdb3c945892b323b16599af5b95527ee,42a85fc52e98b2a33fbe6d61ca13ee32688f9b4feabcd30f24fd5815168d5308,2,2,2298876442789069326,7237655472595637189,Thrower-v0,biped,nchl,"(44,)",300,W75,225,1.6994327339191084,27.8600341635051,19.57135155319722,27.91181784135149,-143.88304138183594,114.03487396240234,0.18379982538226286,0.13340733010610992
thrower__biped__nchl__seed_002,/home/rowanli.tangalin/tpr/tpr/results/hpc_rq1/nominal/thrower/biped/nchl/seed_002,d80ec06808ec47fdf5b72777017b12eafdb3c945892b323b16599af5b95527ee,42a85fc52e98b2a33fbe6d61ca13ee32688f9b4feabcd30f24fd5815168d5308,2,2,2298876442789069326,7237655472595637189,Thrower-v0,biped,nchl,"(44,)",300,Wfinal,300,3.9303861223714804,37.936429071104804,27.215484220081926,38.1394885353474,-145.94537353515625,157.2733612060547,0.18379982538226286,0.13340733010610992
thrower__biped__nchl__seed_003,/home/rowanli.tangalin/tpr/tpr/results/hpc_rq1/nominal/thrower/biped/nchl/seed_003,57ac6a2fa248a33477e504320336e3b55e66ca312ca9c8c0f68fcf09dad7fbae,381f2f706a69dfec32e067ad8852652d36f152a59a3a162ce0bb6526d10834b9,3,0,6875887065855152501,8328361779180904825,Thrower-v0,biped,nchl,"(44,)",300,W0,0,0.0020852086874235403,0.05796062978626468,0.050197084191710824,0.05799812669811447,-0.09991977363824844,0.0998677909374237,0.3275846574718929,0.23699359946584433
thrower__biped__nchl__seed_003,/home/rowanli.tangalin/tpr/tpr/results/hpc_rq1/nominal/thrower/biped/nchl/seed_003,57ac6a2fa248a33477e504320336e3b55e66ca312ca9c8c0f68fcf09dad7fbae,381f2f706a69dfec32e067ad8852652d36f152a59a3a162ce0bb6526d10834b9,3,0,6875887065855152501,8328361779180904825,Thrower-v0,biped,nchl,"(44,)",300,W25,75,1.0032088606743714,20.36899653407802,14.691861938922079,20.393686469675313,-105.19105529785156,120.76164245605469,0.3275846574718929,0.23699359946584433
thrower__biped__nchl__seed_003,/home/rowanli.tangalin/tpr/tpr/results/hpc_rq1/nominal/thrower/biped/nchl/seed_003,57ac6a2fa248a33477e504320336e3b55e66ca312ca9c8c0f68fcf09dad7fbae,381f2f706a69dfec32e067ad8852652d36f152a59a3a162ce0bb6526d10834b9,3,0,6875887065855152501,8328361779180904825,Thrower-v0,biped,nchl,"(44,)",300,W50,150,3.460784919582343,42.044717755115535,29.926391893578124,42.18690938391832,-207.0549774169922,246.5791015625,0.3275846574718929,0.23699359946584433
thrower__biped__nchl__seed_003,/home/rowanli.tangalin/tpr/tpr/results/hpc_rq1/nominal/thrower/biped/nchl/seed_003,57ac6a2fa248a33477e504320336e3b55e66ca312ca9c8c0f68fcf09dad7fbae,381f2f706a69dfec32e067ad8852652d36f152a59a3a162ce0bb6526d10834b9,3,0,6875887065855152501,8328361779180904825,Thrower-v0,biped,nchl,"(44,)",300,W75,225,5.730402761371806,61.55499810756378,43.969072542701994,61.82115582735185,-308.8024597167969,372.3955383300781,0.3275846574718929,0.23699359946584433
thrower__biped__nchl__seed_003,/home/rowanli.tangalin/tpr/tpr/results/hpc_rq1/nominal/thrower/biped/nchl/seed_003,57ac6a2fa248a33477e504320336e3b55e66ca312ca9c8c0f68fcf09dad7fbae,381f2f706a69dfec32e067ad8852652d36f152a59a3a162ce0bb6526d10834b9,3,0,6875887065855152501,8328361779180904825,Thrower-v0,biped,nchl,"(44,)",300,Wfinal,300,7.427399531106133,82.05415666187729,58.40367082923071,82.3896285298494,-410.661865234375,498.2118835449219,0.3275846574718929,0.23699359946584433
thrower__biped__nchl__seed_003,/home/rowanli.tangalin/tpr/tpr/results/hpc_rq1/nominal/thrower/biped/nchl/seed_003,57ac6a2fa248a33477e504320336e3b55e66ca312ca9c8c0f68fcf09dad7fbae,381f2f706a69dfec32e067ad8852652d36f152a59a3a162ce0bb6526d10834b9,3,1,2344851983452959862,6171704884853545157,Thrower-v0,biped,nchl,"(44,)",300,W0,0,0.00038091825321463004,0.0576571237615433,0.049846337965933483,0.05765838203738944,-0.09999573230743408,0.0999051183462143,0.3255825386535448,0.23697035421332108
thrower__biped__nchl__seed_003,/home/rowanli.tangalin/tpr/tpr/results/hpc_rq1/nominal/thrower/biped/nchl/seed_003,57ac6a2fa248a33477e504320336e3b55e66ca312ca9c8c0f68fcf09dad7fbae,381f2f706a69dfec32e067ad8852652d36f152a59a3a162ce0bb6526d10834b9,3,1,2344851983452959862,6171704884853545157,Thrower-v0,biped,nchl,"(44,)",300,W25,75,1.0383578973361927,20.241525755448812,14.598361072203566,20.268141306776457,-105.2802734375,120.72201538085938,0.3255825386535448,0.23697035421332108
thrower__biped__nchl__seed_003,/home/rowanli.tangalin/tpr/tpr/results/hpc_rq1/nominal/thrower/biped/nchl/seed_003,57ac6a2fa248a33477e504320336e3b55e66ca312ca9c8c0f68fcf09dad7fbae,381f2f706a69dfec32e067ad8852652d36f152a59a3a162ce0bb6526d10834b9,3,1,2344851983452959862,6171704884853545157,Thrower-v0,biped,nchl,"(44,)",300,W50,150,2.884602212030408,42.48191425466451,30.883930712317156,42.579736596910955,-207.16073608398438,246.5394744873047,0.3255825386535448,0.23697035421332108
thrower__biped__nchl__seed_003,/home/rowanli.tangalin/tpr/tpr/results/hpc_rq1/nominal/thrower/biped/nchl/seed_003,57ac6a2fa248a33477e504320336e3b55e66ca312ca9c8c0f68fcf09dad7fbae,381f2f706a69dfec32e067ad8852652d36f152a59a3a162ce0bb6526d10834b9,3,1,2344851983452959862,6171704884853545157,Thrower-v0,biped,nchl,"(44,)",300,W75,225,4.963388755635873,61.89544338853902,44.673539867046635,62.09413128632537,-308.8606872558594,372.35589599609375,0.3255825386535448,0.23697035421332108
thrower__biped__nchl__seed_003,/home/rowanli.tangalin/tpr/tpr/results/hpc_rq1/nominal/thrower/biped/nchl/seed_003,57ac6a2fa248a33477e504320336e3b55e66ca312ca9c8c0f68fcf09dad7fbae,381f2f706a69dfec32e067ad8852652d36f152a59a3a162ce0bb6526d10834b9,3,1,2344851983452959862,6171704884853545157,Thrower-v0,biped,nchl,"(44,)",300,Wfinal,300,6.290644252216899,82.42530616698298,59.13805484879189,82.66500651320867,-410.68109130859375,498.1722412109375,0.3255825386535448,0.23697035421332108
thrower__biped__nchl__seed_003,/home/rowanli.tangalin/tpr/tpr/results/hpc_rq1/nominal/thrower/biped/nchl/seed_003,57ac6a2fa248a33477e504320336e3b55e66ca312ca9c8c0f68fcf09dad7fbae,381f2f706a69dfec32e067ad8852652d36f152a59a3a162ce0bb6526d10834b9,3,2,3189270387817152734,2268335290108042879,Thrower-v0,biped,nchl,"(44,)",300,W0,0,-0.002144857411556879,0.05757192171969636,0.04969463761512934,0.05761186148541597,-0.09995664656162262,0.09995342791080475,0.3258642196201921,0.2368750631743246
thrower__biped__nchl__seed_003,/home/rowanli.tangalin/tpr/tpr/results/hpc_rq1/nominal/thrower/biped/nchl/seed_003,57ac6a2fa248a33477e504320336e3b55e66ca312ca9c8c0f68fcf09dad7fbae,381f2f706a69dfec32e067ad8852652d36f152a59a3a162ce0bb6526d10834b9,3,2,3189270387817152734,2268335290108042879,Thrower-v0,biped,nchl,"(44,)",300,W25,75,1.0671158193926478,20.293722110653224,14.63544679597717,20.321759108807818,-105.2565689086914,120.80540466308594,0.3258642196201921,0.2368750631743246
thrower__biped__nchl__seed_003,/home/rowanli.tangalin/tpr/tpr/results/hpc_rq1/nominal/thrower/biped/nchl/seed_003,57ac6a2fa248a33477e504320336e3b55e66ca312ca9c8c0f68fcf09dad7fbae,381f2f706a69dfec32e067ad8852652d36f152a59a3a162ce0bb6526d10834b9,3,2,3189270387817152734,2268335290108042879,Thrower-v0,biped,nchl,"(44,)",300,W50,150,3.0780992526153974,42.68668152749905,30.937594686646236,42.79751715741323,-207.12205505371094,246.62286376953125,0.3258642196201921,0.2368750631743246
thrower__biped__nchl__seed_003,/home/rowanli.tangalin/tpr/tpr/results/hpc_rq1/nominal/thrower/biped/nchl/seed_003,57ac6a2fa248a33477e504320336e3b55e66ca312ca9c8c0f68fcf09dad7fbae,381f2f706a69dfec32e067ad8852652d36f152a59a3a162ce0bb6526d10834b9,3,2,3189270387817152734,2268335290108042879,Thrower-v0,biped,nchl,"(44,)",300,W75,225,5.212792081071285,61.99339609746741,44.654414391708464,62.212172128756016,-308.82275390625,372.4393005371094,0.3258642196201921,0.2368750631743246
thrower__biped__nchl__seed_003,/home/rowanli.tangalin/tpr/tpr/results/hpc_rq1/nominal/thrower/biped/nchl/seed_003,57ac6a2fa248a33477e504320336e3b55e66ca312ca9c8c0f68fcf09dad7fbae,381f2f706a69dfec32e067ad8852652d36f152a59a3a162ce0bb6526d10834b9,3,2,3189270387817152734,2268335290108042879,Thrower-v0,biped,nchl,"(44,)",300,Wfinal,300,6.5669012446041135,82.4153018775495,58.990744204739094,82.67651525992127,-410.6404113769531,498.2556457519531,0.3258642196201921,0.2368750631743246
thrower__biped__nchl__seed_004,/home/rowanli.tangalin/tpr/tpr/results/hpc_rq1/nominal/thrower/biped/nchl/seed_004,49d045e37cb26992b0baf20938b565e78c5cd47cb678ec5007a6d626bd4b858f,3475f76ccfa8cd8f58053686172b8761fe4b927e16f7660324843de664cd2b53,4,0,4675618027918977294,6264005447694142635,Thrower-v0,biped,nchl,"(44,)",300,W0,0,0.0009082336933331065,0.056958983228230994,0.049096836154977466,0.05696622384216462,-0.09992870688438416,0.09999668598175049,0.2675786367978775,0.17185503885685513
thrower__biped__nchl__seed_004,/home/rowanli.tangalin/tpr/tpr/results/hpc_rq1/nominal/thrower/biped/nchl/seed_004,49d045e37cb26992b0baf20938b565e78c5cd47cb678ec5007a6d626bd4b858f,3475f76ccfa8cd8f58053686172b8761fe4b927e16f7660324843de664cd2b53,4,0,4675618027918977294,6264005447694142635,Thrower-v0,biped,nchl,"(44,)",300,W25,75,1.7882391330297593,17.605207700656706,9.24588359289288,17.69579434159883,-106.17613220214844,166.41775512695312,0.2675786367978775,0.17185503885685513
thrower__biped__nchl__seed_004,/home/rowanli.tangalin/tpr/tpr/results/hpc_rq1/nominal/thrower/biped/nchl/seed_004,49d045e37cb26992b0baf20938b565e78c5cd47cb678ec5007a6d626bd4b858f,3475f76ccfa8cd8f58053686172b8761fe4b927e16f7660324843de664cd2b53,4,0,4675618027918977294,6264005447694142635,Thrower-v0,biped,nchl,"(44,)",300,W50,150,4.000815100276719,31.51803055664917,17.57462899592604,31.77094225289003,-200.1963653564453,266.2979736328125,0.2675786367978775,0.17185503885685513
thrower__biped__nchl__seed_004,/home/rowanli.tangalin/tpr/tpr/results/hpc_rq1/nominal/thrower/biped/nchl/seed_004,49d045e37cb26992b0baf20938b565e78c5cd47cb678ec5007a6d626bd4b858f,3475f76ccfa8cd8f58053686172b8761fe4b927e16f7660324843de664cd2b53,4,0,4675618027918977294,6264005447694142635,Thrower-v0,biped,nchl,"(44,)",300,W75,225,6.031284119324088,43.65449426317681,26.575852416715442,44.069164474740695,-297.8817138671875,381.2929382324219,0.2675786367978775,0.17185503885685513
thrower__biped__nchl__seed_004,/home/rowanli.tangalin/tpr/tpr/results/hpc_rq1/nominal/thrower/biped/nchl/seed_004,49d045e37cb26992b0baf20938b565e78c5cd47cb678ec5007a6d626bd4b858f,3475f76ccfa8cd8f58053686172b8761fe4b927e16f7660324843de664cd2b53,4,0,4675618027918977294,6264005447694142635,Thrower-v0,biped,nchl,"(44,)",300,Wfinal,300,8.048201675321646,57.50821625591873,37.222818598499636,58.06865322309589,-397.02313232421875,515.1222534179688,0.2675786367978775,0.17185503885685513
thrower__biped__nchl__seed_004,/home/rowanli.tangalin/tpr/tpr/results/hpc_rq1/nominal/thrower/biped/nchl/seed_004,49d045e37cb26992b0baf20938b565e78c5cd47cb678ec5007a6d626bd4b858f,3475f76ccfa8cd8f58053686172b8761fe4b927e16f7660324843de664cd2b53,4,1,1776748932738538903,3330744174114140836,Thrower-v0,biped,nchl,"(44,)",300,W0,0,-0.0013469618637051875,0.057733043179161954,0.050160555854096595,0.057748753934515805,-0.0999869704246521,0.0997551679611206,0.26585721576655935,0.17115045743535803
thrower__biped__nchl__seed_004,/home/rowanli.tangalin/tpr/tpr/results/hpc_rq1/nominal/thrower/biped/nchl/seed_004,49d045e37cb26992b0baf20938b565e78c5cd47cb678ec5007a6d626bd4b858f,3475f76ccfa8cd8f58053686172b8761fe4b927e16f7660324843de664cd2b53,4,1,1776748932738538903,3330744174114140836,Thrower-v0,biped,nchl,"(44,)",300,W25,75,1.6360043017014574,17.250206243641063,9.22306409928381,17.327611650869223,-106.13455200195312,161.13279724121094,0.26585721576655935,0.17115045743535803
thrower__biped__nchl__seed_004,/home/rowanli.tangalin/tpr/tpr/results/hpc_rq1/nominal/thrower/biped/nchl/seed_004,49d045e37cb26992b0baf20938b565e78c5cd47cb678ec5007a6d626bd4b858f,3475f76ccfa8cd8f58053686172b8761fe4b927e16f7660324843de664cd2b53,4,1,1776748932738538903,3330744174114140836,Thrower-v0,biped,nchl,"(44,)",300,W50,150,4.0406155597082325,32.02462859940954,17.74903337182876,32.27852863795801,-199.6826629638672,272.5284423828125,0.26585721576655935,0.17115045743535803
thrower__biped__nchl__seed_004,/home/rowanli.tangalin/tpr/tpr/results/hpc_rq1/nominal/thrower/biped/nchl/seed_004,49d045e37cb26992b0baf20938b565e78c5cd47cb678ec5007a6d626bd4b858f,3475f76ccfa8cd8f58053686172b8761fe4b927e16f7660324843de664cd2b53,4,1,1776748932738538903,3330744174114140836,Thrower-v0,biped,nchl,"(44,)",300,W75,225,5.97329026023968,43.85341891244255,26.889628667400668,44.25836132126051,-297.04022216796875,379.6170349121094,0.26585721576655935,0.17115045743535803
thrower__biped__nchl__seed_004,/home/rowanli.tangalin/tpr/tpr/results/hpc_rq1/nominal/thrower/biped/nchl/seed_004,49d045e37cb26992b0baf20938b565e78c5cd47cb678ec5007a6d626bd4b858f,3475f76ccfa8cd8f58053686172b8761fe4b927e16f7660324843de664cd2b53,4,1,1776748932738538903,3330744174114140836,Thrower-v0,biped,nchl,"(44,)",300,Wfinal,300,8.014363497052784,57.85694516516041,37.73068558995228,58.40938388741377,-395.91656494140625,513.7459716796875,0.26585721576655935,0.17115045743535803
thrower__biped__nchl__seed_004,/home/rowanli.tangalin/tpr/tpr/results/hpc_rq1/nominal/thrower/biped/nchl/seed_004,49d045e37cb26992b0baf20938b565e78c5cd47cb678ec5007a6d626bd4b858f,3475f76ccfa8cd8f58053686172b8761fe4b927e16f7660324843de664cd2b53,4,2,1844154726293175647,4425154243183907800,Thrower-v0,biped,nchl,"(44,)",300,W0,0,-0.0004181568699172922,0.05805388850811148,0.05037628935949916,0.05805539446149769,-0.0999416708946228,0.09996934980154037,0.26039690310008856,0.1693631905762212
thrower__biped__nchl__seed_004,/home/rowanli.tangalin/tpr/tpr/results/hpc_rq1/nominal/thrower/biped/nchl/seed_004,49d045e37cb26992b0baf20938b565e78c5cd47cb678ec5007a6d626bd4b858f,3475f76ccfa8cd8f58053686172b8761fe4b927e16f7660324843de664cd2b53,4,2,1844154726293175647,4425154243183907800,Thrower-v0,biped,nchl,"(44,)",300,W25,75,1.4910182641815863,16.56267558777366,8.975722329679655,16.629652975632315,-107.49761199951172,150.77935791015625,0.26039690310008856,0.1693631905762212
thrower__biped__nchl__seed_004,/home/rowanli.tangalin/tpr/tpr/results/hpc_rq1/nominal/thrower/biped/nchl/seed_004,49d045e37cb26992b0baf20938b565e78c5cd47cb678ec5007a6d626bd4b858f,3475f76ccfa8cd8f58053686172b8761fe4b927e16f7660324843de664cd2b53,4,2,1844154726293175647,4425154243183907800,Thrower-v0,biped,nchl,"(44,)",300,W50,150,4.003567557819383,31.872884043547383,17.87624311461309,32.12334494481298,-199.82540893554688,276.4046936035156,0.26039690310008856,0.1693631905762212
thrower__biped__nchl__seed_004,/home/rowanli.tangalin/tpr/tpr/results/hpc_rq1/nominal/thrower/biped/nchl/seed_004,49d045e37cb26992b0baf20938b565e78c5cd47cb678ec5007a6d626bd4b858f,3475f76ccfa8cd8f58053686172b8761fe4b927e16f7660324843de664cd2b53,4,2,1844154726293175647,4425154243183907800,Thrower-v0,biped,nchl,"(44,)",300,W75,225,5.232421022667256,43.94772914686409,27.001752855760937,44.25811933334468,-297.1791076660156,377.5987243652344,0.26039690310008856,0.1693631905762212
thrower__biped__nchl__seed_004,/home/rowanli.tangalin/tpr/tpr/results/hpc_rq1/nominal/thrower/biped/nchl/seed_004,49d045e37cb26992b0baf20938b565e78c5cd47cb678ec5007a6d626bd4b858f,3475f76ccfa8cd8f58053686172b8761fe4b927e16f7660324843de664cd2b53,4,2,1844154726293175647,4425154243183907800,Thrower-v0,biped,nchl,"(44,)",300,Wfinal,300,6.847307684060375,57.80076690928415,37.33595041910079,58.20493344916382,-395.50421142578125,512.3501586914062,0.26039690310008856,0.1693631905762212
thrower__biped__nchl__seed_005,/home/rowanli.tangalin/tpr/tpr/results/hpc_rq1/nominal/thrower/biped/nchl/seed_005,55f9470589187f844cbca3c99c1228d620e3cd3b9f48f2d30134c47f9a10f22c,fb9a66f945c3bf19dc87f23c33324dfc92ede9618acd8e8da3dc1809eb3efb44,5,0,6537336262564968459,5568806234066008283,Thrower-v0,biped,nchl,"(44,)",300,W0,0,-0.0020260950011561363,0.05752166000081047,0.04983293609325301,0.0575573316807038,-0.09982481598854065,0.09971348196268082,0.19764410310130728,0.13749002610595512
thrower__biped__nchl__seed_005,/home/rowanli.tangalin/tpr/tpr/results/hpc_rq1/nominal/thrower/biped/nchl/seed_005,55f9470589187f844cbca3c99c1228d620e3cd3b9f48f2d30134c47f9a10f22c,fb9a66f945c3bf19dc87f23c33324dfc92ede9618acd8e8da3dc1809eb3efb44,5,0,6537336262564968459,5568806234066008283,Thrower-v0,biped,nchl,"(44,)",300,W25,75,0.3418165046002853,9.808746642798138,7.029512068465551,9.814700669170756,-50.407474517822266,51.89899444580078,0.19764410310130728,0.13749002610595512
thrower__biped__nchl__seed_005,/home/rowanli.tangalin/tpr/tpr/results/hpc_rq1/nominal/thrower/biped/nchl/seed_005,55f9470589187f844cbca3c99c1228d620e3cd3b9f48f2d30134c47f9a10f22c,fb9a66f945c3bf19dc87f23c33324dfc92ede9618acd8e8da3dc1809eb3efb44,5,0,6537336262564968459,5568806234066008283,Thrower-v0,biped,nchl,"(44,)",300,W50,150,0.41502040930432627,20.146980732245446,14.199951994885328,20.151254912923125,-104.93190002441406,123.55413818359375,0.19764410310130728,0.13749002610595512
thrower__biped__nchl__seed_005,/home/rowanli.tangalin/tpr/tpr/results/hpc_rq1/nominal/thrower/biped/nchl/seed_005,55f9470589187f844cbca3c99c1228d620e3cd3b9f48f2d30134c47f9a10f22c,fb9a66f945c3bf19dc87f23c33324dfc92ede9618acd8e8da3dc1809eb3efb44,5,0,6537336262564968459,5568806234066008283,Thrower-v0,biped,nchl,"(44,)",300,W75,225,-1.615540060290409,30.25464771988725,21.629869667429745,30.29775038416024,-130.78514099121094,169.79656982421875,0.19764410310130728,0.13749002610595512
thrower__biped__nchl__seed_005,/home/rowanli.tangalin/tpr/tpr/results/hpc_rq1/nominal/thrower/biped/nchl/seed_005,55f9470589187f844cbca3c99c1228d620e3cd3b9f48f2d30134c47f9a10f22c,fb9a66f945c3bf19dc87f23c33324dfc92ede9618acd8e8da3dc1809eb3efb44,5,0,6537336262564968459,5568806234066008283,Thrower-v0,biped,nchl,"(44,)",300,Wfinal,300,-2.451789130095288,41.12720376119175,29.866884003891577,41.20022037748146,-175.1844940185547,221.4967803955078,0.19764410310130728,0.13749002610595512
thrower__biped__nchl__seed_005,/home/rowanli.tangalin/tpr/tpr/results/hpc_rq1/nominal/thrower/biped/nchl/seed_005,55f9470589187f844cbca3c99c1228d620e3cd3b9f48f2d30134c47f9a10f22c,fb9a66f945c3bf19dc87f23c33324dfc92ede9618acd8e8da3dc1809eb3efb44,5,1,7847246716821455116,5175985587420486963,Thrower-v0,biped,nchl,"(44,)",300,W0,0,0.0006727255150425746,0.056968916289734516,0.049602188904147394,0.056972888138529264,-0.09999550133943558,0.09978260099887848,0.19725741110130238,0.13727886054293062
thrower__biped__nchl__seed_005,/home/rowanli.tangalin/tpr/tpr/results/hpc_rq1/nominal/thrower/biped/nchl/seed_005,55f9470589187f844cbca3c99c1228d620e3cd3b9f48f2d30134c47f9a10f22c,fb9a66f945c3bf19dc87f23c33324dfc92ede9618acd8e8da3dc1809eb3efb44,5,1,7847246716821455116,5175985587420486963,Thrower-v0,biped,nchl,"(44,)",300,W25,75,0.35814099834085655,9.78052268618371,7.021901801889567,9.787077653193869,-49.483428955078125,51.39823913574219,0.19725741110130238,0.13727886054293062
thrower__biped__nchl__seed_005,/home/rowanli.tangalin/tpr/tpr/results/hpc_rq1/nominal/thrower/biped/nchl/seed_005,55f9470589187f844cbca3c99c1228d620e3cd3b9f48f2d30134c47f9a10f22c,fb9a66f945c3bf19dc87f23c33324dfc92ede9618acd8e8da3dc1809eb3efb44,5,1,7847246716821455116,5175985587420486963,Thrower-v0,biped,nchl,"(44,)",300,W50,150,0.8904559283376463,20.026206400500005,14.221651742557613,20.045993478890964,-102.93758392333984,121.18901824951172,0.19725741110130238,0.13727886054293062
thrower__biped__nchl__seed_005,/home/rowanli.tangalin/tpr/tpr/results/hpc_rq1/nominal/thrower/biped/nchl/seed_005,55f9470589187f844cbca3c99c1228d620e3cd3b9f48f2d30134c47f9a10f22c,fb9a66f945c3bf19dc87f23c33324dfc92ede9618acd8e8da3dc1809eb3efb44,5,1,7847246716821455116,5175985587420486963,Thrower-v0,biped,nchl,"(44,)",300,W75,225,0.09525682116570472,30.031377852283654,21.216622960886028,30.031528924925084,-127.38155364990234,171.35789489746094,0.19725741110130238,0.13727886054293062
thrower__biped__nchl__seed_005,/home/rowanli.tangalin/tpr/tpr/results/hpc_rq1/nominal/thrower/biped/nchl/seed_005,55f9470589187f844cbca3c99c1228d620e3cd3b9f48f2d30134c47f9a10f22c,fb9a66f945c3bf19dc87f23c33324dfc92ede9618acd8e8da3dc1809eb3efb44,5,1,7847246716821455116,5175985587420486963,Thrower-v0,biped,nchl,"(44,)",300,Wfinal,300,0.25958140401846985,41.05613990057628,29.48564861912502,41.05696050660598,-176.86163330078125,221.56089782714844,0.19725741110130238,0.13727886054293062
thrower__biped__nchl__seed_005,/home/rowanli.tangalin/tpr/tpr/results/hpc_rq1/nominal/thrower/biped/nchl/seed_005,55f9470589187f844cbca3c99c1228d620e3cd3b9f48f2d30134c47f9a10f22c,fb9a66f945c3bf19dc87f23c33324dfc92ede9618acd8e8da3dc1809eb3efb44,5,2,8874890859321386193,4629262467755900572,Thrower-v0,biped,nchl,"(44,)",300,W0,0,0.0013496796262608348,0.05672596601179285,0.04902830048606527,0.056742020188433724,-0.09986261278390884,0.09997736662626266,0.20117298641611595,0.1383087576692413
thrower__biped__nchl__seed_005,/home/rowanli.tangalin/tpr/tpr/results/hpc_rq1/nominal/thrower/biped/nchl/seed_005,55f9470589187f844cbca3c99c1228d620e3cd3b9f48f2d30134c47f9a10f22c,fb9a66f945c3bf19dc87f23c33324dfc92ede9618acd8e8da3dc1809eb3efb44,5,2,8874890859321386193,4629262467755900572,Thrower-v0,biped,nchl,"(44,)",300,W25,75,0.3166316830014999,9.810839466102102,7.029862035496137,9.815947567724013,-50.313018798828125,51.812042236328125,0.20117298641611595,0.1383087576692413
thrower__biped__nchl__seed_005,/home/rowanli.tangalin/tpr/tpr/results/hpc_rq1/nominal/thrower/biped/nchl/seed_005,55f9470589187f844cbca3c99c1228d620e3cd3b9f48f2d30134c47f9a10f22c,fb9a66f945c3bf19dc87f23c33324dfc92ede9618acd8e8da3dc1809eb3efb44,5,2,8874890859321386193,4629262467755900572,Thrower-v0,biped,nchl,"(44,)",300,W50,150,0.8618506731577804,20.439892200070393,14.525696766979575,20.45805415315252,-109.78409576416016,126.30442810058594,0.20117298641611595,0.1383087576692413
thrower__biped__nchl__seed_005,/home/rowanli.tangalin/tpr/tpr/results/hpc_rq1/nominal/thrower/biped/nchl/seed_005,55f9470589187f844cbca3c99c1228d620e3cd3b9f48f2d30134c47f9a10f22c,fb9a66f945c3bf19dc87f23c33324dfc92ede9618acd8e8da3dc1809eb3efb44,5,2,8874890859321386193,4629262467755900572,Thrower-v0,biped,nchl,"(44,)",300,W75,225,0.2159595513550265,31.021213582131615,21.7620520135111,31.02196529293476,-147.65155029296875,188.72377014160156,0.20117298641611595,0.1383087576692413
thrower__biped__nchl__seed_005,/home/rowanli.tangalin/tpr/tpr/results/hpc_rq1/nominal/thrower/biped/nchl/seed_005,55f9470589187f844cbca3c99c1228d620e3cd3b9f48f2d30134c47f9a10f22c,fb9a66f945c3bf19dc87f23c33324dfc92ede9618acd8e8da3dc1809eb3efb44,5,2,8874890859321386193,4629262467755900572,Thrower-v0,biped,nchl,"(44,)",300,Wfinal,300,0.3441448781897405,42.04660202805331,29.825472265609353,42.04801039053668,-171.5849609375,239.26791381835938,0.20117298641611595,0.1383087576692413
thrower__biped__nchl__seed_006,/home/rowanli.tangalin/tpr/tpr/results/hpc_rq1/nominal/thrower/biped/nchl/seed_006,fc393af65600376e2f98ff47e06159dc842b6adfc5910101c29da53f1f9725b5,1f9e662b86242969180f7109e257dcee56c669ef7c3bf9db01b660f336514a01,6,0,4697810511805331226,1837341966890607914,Thrower-v0,biped,nchl,"(44,)",300,W0,0,-0.0014278136134659382,0.05795220524396506,0.05055998673433021,0.05796979165352805,-0.0999845564365387,0.0999346524477005,0.22841409266818882,0.148844408620256
thrower__biped__nchl__seed_006,/home/rowanli.tangalin/tpr/tpr/results/hpc_rq1/nominal/thrower/biped/nchl/seed_006,fc393af65600376e2f98ff47e06159dc842b6adfc5910101c29da53f1f9725b5,1f9e662b86242969180f7109e257dcee56c669ef7c3bf9db01b660f336514a01,6,0,4697810511805331226,1837341966890607914,Thrower-v0,biped,nchl,"(44,)",300,W25,75,0.3233331153193697,11.198240161297598,7.115730089671955,11.202907078680987,-41.364253997802734,68.84790802001953,0.22841409266818882,0.148844408620256
thrower__biped__nchl__seed_006,/home/rowanli.tangalin/tpr/tpr/results/hpc_rq1/nominal/thrower/biped/nchl/seed_006,fc393af65600376e2f98ff47e06159dc842b6adfc5910101c29da53f1f9725b5,1f9e662b86242969180f7109e257dcee56c669ef7c3bf9db01b660f336514a01,6,0,4697810511805331226,1837341966890607914,Thrower-v0,biped,nchl,"(44,)",300,W50,150,1.5344775778394506,24.766398270720043,15.7596500561641,24.81388935134548,-82.40316772460938,159.159423828125,0.22841409266818882,0.148844408620256
thrower__biped__nchl__seed_006,/home/rowanli.tangalin/tpr/tpr/results/hpc_rq1/nominal/thrower/biped/nchl/seed_006,fc393af65600376e2f98ff47e06159dc842b6adfc5910101c29da53f1f9725b5,1f9e662b86242969180f7109e257dcee56c669ef7c3bf9db01b660f336514a01,6,0,4697810511805331226,1837341966890607914,Thrower-v0,biped,nchl,"(44,)",300,W75,225,2.3082409069587033,32.24228398250418,21.02556225538473,32.32480243548293,-127.9021224975586,189.0670166015625,0.22841409266818882,0.148844408620256
thrower__biped__nchl__seed_006,/home/rowanli.tangalin/tpr/tpr/results/hpc_rq1/nominal/thrower/biped/nchl/seed_006,fc393af65600376e2f98ff47e06159dc842b6adfc5910101c29da53f1f9725b5,1f9e662b86242969180f7109e257dcee56c669ef7c3bf9db01b660f336514a01,6,0,4697810511805331226,1837341966890607914,Thrower-v0,biped,nchl,"(44,)",300,Wfinal,300,4.933335556816375,40.56250173306726,27.493183634978216,40.86140411881649,-166.8490753173828,217.77320861816406,0.22841409266818882,0.148844408620256
thrower__biped__nchl__seed_006,/home/rowanli.tangalin/tpr/tpr/results/hpc_rq1/nominal/thrower/biped/nchl/seed_006,fc393af65600376e2f98ff47e06159dc842b6adfc5910101c29da53f1f9725b5,1f9e662b86242969180f7109e257dcee56c669ef7c3bf9db01b660f336514a01,6,1,212357942801270703,7001556810303355477,Thrower-v0,biped,nchl,"(44,)",300,W0,0,-1.7557376778612407e-05,0.0575964886096408,0.04999315214816821,0.05759649128568477,-0.0999126061797142,0.099990613758564,0.22516817096880903,0.14866207749438717
thrower__biped__nchl__seed_006,/home/rowanli.tangalin/tpr/tpr/results/hpc_rq1/nominal/thrower/biped/nchl/seed_006,fc393af65600376e2f98ff47e06159dc842b6adfc5910101c29da53f1f9725b5,1f9e662b86242969180f7109e257dcee56c669ef7c3bf9db01b660f336514a01,6,1,212357942801270703,7001556810303355477,Thrower-v0,biped,nchl,"(44,)",300,W25,75,0.37046202364494907,11.052823328207307,7.051587458095884,11.059030049490177,-41.26713180541992,67.06590270996094,0.22516817096880903,0.14866207749438717
thrower__biped__nchl__seed_006,/home/rowanli.tangalin/tpr/tpr/results/hpc_rq1/nominal/thrower/biped/nchl/seed_006,fc393af65600376e2f98ff47e06159dc842b6adfc5910101c29da53f1f9725b5,1f9e662b86242969180f7109e257dcee56c669ef7c3bf9db01b660f336514a01,6,1,212357942801270703,7001556810303355477,Thrower-v0,biped,nchl,"(44,)",300,W50,150,1.3982101669982792,21.529913456823568,13.834506969769498,21.575267440507194,-82.75306701660156,126.36238861083984,0.22516817096880903,0.14866207749438717
thrower__biped__nchl__seed_006,/home/rowanli.tangalin/tpr/tpr/results/hpc_rq1/nominal/thrower/biped/nchl/seed_006,fc393af65600376e2f98ff47e06159dc842b6adfc5910101c29da53f1f9725b5,1f9e662b86242969180f7109e257dcee56c669ef7c3bf9db01b660f336514a01,6,1,212357942801270703,7001556810303355477,Thrower-v0,biped,nchl,"(44,)",300,W75,225,1.7840420734234987,31.10435809846904,20.165586789031156,31.15547943520596,-131.3673553466797,156.81748962402344,0.22516817096880903,0.14866207749438717
thrower__biped__nchl__seed_006,/home/rowanli.tangalin/tpr/tpr/results/hpc_rq1/nominal/thrower/biped/nchl/seed_006,fc393af65600376e2f98ff47e06159dc842b6adfc5910101c29da53f1f9725b5,1f9e662b86242969180f7109e257dcee56c669ef7c3bf9db01b660f336514a01,6,1,212357942801270703,7001556810303355477,Thrower-v0,biped,nchl,"(44,)",300,Wfinal,300,2.684034369731244,39.7577163932382,26.52986158335002,39.84821267388363,-175.7753143310547,205.702880859375,0.22516817096880903,0.14866207749438717
thrower__biped__nchl__seed_006,/home/rowanli.tangalin/tpr/tpr/results/hpc_rq1/nominal/thrower/biped/nchl/seed_006,fc393af65600376e2f98ff47e06159dc842b6adfc5910101c29da53f1f9725b5,1f9e662b86242969180f7109e257dcee56c669ef7c3bf9db01b660f336514a01,6,2,9197516287707139064,7789448062882196537,Thrower-v0,biped,nchl,"(44,)",300,W0,0,0.00155748841096552,0.057763482330156324,0.050193755425809866,0.05778447595208054,-0.09999804198741913,0.09999632090330124,0.23798075226592488,0.15308275807637708
thrower__biped__nchl__seed_006,/home/rowanli.tangalin/tpr/tpr/results/hpc_rq1/nominal/thrower/biped/nchl/seed_006,fc393af65600376e2f98ff47e06159dc842b6adfc5910101c29da53f1f9725b5,1f9e662b86242969180f7109e257dcee56c669ef7c3bf9db01b660f336514a01,6,2,9197516287707139064,7789448062882196537,Thrower-v0,biped,nchl,"(44,)",300,W25,75,0.393280122451113,11.057139260175012,7.0671517128569326,11.064131139570732,-41.119384765625,66.69808197021484,0.23798075226592488,0.15308275807637708
thrower__biped__nchl__seed_006,/home/rowanli.tangalin/tpr/tpr/results/hpc_rq1/nominal/thrower/biped/nchl/seed_006,fc393af65600376e2f98ff47e06159dc842b6adfc5910101c29da53f1f9725b5,1f9e662b86242969180f7109e257dcee56c669ef7c3bf9db01b660f336514a01,6,2,9197516287707139064,7789448062882196537,Thrower-v0,biped,nchl,"(44,)",300,W50,150,0.5197624859141212,23.328411256376473,15.590127588302659,23.33420075315193,-80.57412719726562,146.9877471923828,0.23798075226592488,0.15308275807637708
thrower__biped__nchl__seed_006,/home/rowanli.tangalin/tpr/tpr/results/hpc_rq1/nominal/thrower/biped/nchl/seed_006,fc393af65600376e2f98ff47e06159dc842b6adfc5910101c29da53f1f9725b5,1f9e662b86242969180f7109e257dcee56c669ef7c3bf9db01b660f336514a01,6,2,9197516287707139064,7789448062882196537,Thrower-v0,biped,nchl,"(44,)",300,W75,225,-0.8110549533902505,35.38396770559094,24.1497059946756,35.39326179836667,-128.66737365722656,186.83187866210938,0.23798075226592488,0.15308275807637708
thrower__biped__nchl__seed_006,/home/rowanli.tangalin/tpr/tpr/results/hpc_rq1/nominal/thrower/biped/nchl/seed_006,fc393af65600376e2f98ff47e06159dc842b6adfc5910101c29da53f1f9725b5,1f9e662b86242969180f7109e257dcee56c669ef7c3bf9db01b660f336514a01,6,2,9197516287707139064,7789448062882196537,Thrower-v0,biped,nchl,"(44,)",300,Wfinal,300,0.2362657982930932,42.513748977399,28.682669468613184,42.51440548379734,-174.8272705078125,214.2877655029297,0.23798075226592488,0.15308275807637708
thrower__biped__nchl__seed_007,/home/rowanli.tangalin/tpr/tpr/results/hpc_rq1/nominal/thrower/biped/nchl/seed_007,16cbc6c4b3eb41025ec2c1e0622e099ad6e12a8dab950cbb6e0e239ec33c78e2,9293d8be8770fb8b2f01c1c431d968d24d892f8348c6b6cfe91e3e694fe26430,7,0,7273538705011962834,3327181185902024434,Thrower-v0,biped,nchl,"(44,)",300,W0,0,0.0026644077214664766,0.057089650846210906,0.04922468307935126,0.05715179176761197,-0.09998038411140442,0.09995929896831512,0.20192270978138652,0.14140448707427444
thrower__biped__nchl__seed_007,/home/rowanli.tangalin/tpr/tpr/results/hpc_rq1/nominal/thrower/biped/nchl/seed_007,16cbc6c4b3eb41025ec2c1e0622e099ad6e12a8dab950cbb6e0e239ec33c78e2,9293d8be8770fb8b2f01c1c431d968d24d892f8348c6b6cfe91e3e694fe26430,7,0,7273538705011962834,3327181185902024434,Thrower-v0,biped,nchl,"(44,)",300,W25,75,-0.19414886920810578,12.103451547149422,7.493380421590242,12.105008597172022,-102.40301513671875,89.11119842529297,0.20192270978138652,0.14140448707427444
thrower__biped__nchl__seed_007,/home/rowanli.tangalin/tpr/tpr/results/hpc_rq1/nominal/thrower/biped/nchl/seed_007,16cbc6c4b3eb41025ec2c1e0622e099ad6e12a8dab950cbb6e0e239ec33c78e2,9293d8be8770fb8b2f01c1c431d968d24d892f8348c6b6cfe91e3e694fe26430,7,0,7273538705011962834,3327181185902024434,Thrower-v0,biped,nchl,"(44,)",300,W50,150,-0.6323137900538065,25.03342009550203,16.208997481502593,25.041404561385473,-204.24574279785156,180.9869842529297,0.20192270978138652,0.14140448707427444
thrower__biped__nchl__seed_007,/home/rowanli.tangalin/tpr/tpr/results/hpc_rq1/nominal/thrower/biped/nchl/seed_007,16cbc6c4b3eb41025ec2c1e0622e099ad6e12a8dab950cbb6e0e239ec33c78e2,9293d8be8770fb8b2f01c1c431d968d24d892f8348c6b6cfe91e3e694fe26430,7,0,7273538705011962834,3327181185902024434,Thrower-v0,biped,nchl,"(44,)",300,W75,225,-2.5261374027973003,36.537847488154725,24.238914548364058,36.62506886335459,-304.91156005859375,274.7139587402344,0.20192270978138652,0.14140448707427444
thrower__biped__nchl__seed_007,/home/rowanli.tangalin/tpr/tpr/results/hpc_rq1/nominal/thrower/biped/nchl/seed_007,16cbc6c4b3eb41025ec2c1e0622e099ad6e12a8dab950cbb6e0e239ec33c78e2,9293d8be8770fb8b2f01c1c431d968d24d892f8348c6b6cfe91e3e694fe26430,7,0,7273538705011962834,3327181185902024434,Thrower-v0,biped,nchl,"(44,)",300,Wfinal,300,-2.881609157813791,50.001512449825064,33.926887639614236,50.08447782106155,-405.1846923828125,369.1247253417969,0.20192270978138652,0.14140448707427444
thrower__biped__nchl__seed_007,/home/rowanli.tangalin/tpr/tpr/results/hpc_rq1/nominal/thrower/biped/nchl/seed_007,16cbc6c4b3eb41025ec2c1e0622e099ad6e12a8dab950cbb6e0e239ec33c78e2,9293d8be8770fb8b2f01c1c431d968d24d892f8348c6b6cfe91e3e694fe26430,7,1,219581318861383269,6126904072154767176,Thrower-v0,biped,nchl,"(44,)",300,W0,0,0.0009880192173836423,0.05768965917313039,0.049773396578199756,0.05769811918499482,-0.09986057877540588,0.09997615218162537,0.21713208059266279,0.14734350366432197
thrower__biped__nchl__seed_007,/home/rowanli.tangalin/tpr/tpr/results/hpc_rq1/nominal/thrower/biped/nchl/seed_007,16cbc6c4b3eb41025ec2c1e0622e099ad6e12a8dab950cbb6e0e239ec33c78e2,9293d8be8770fb8b2f01c1c431d968d24d892f8348c6b6cfe91e3e694fe26430,7,1,219581318861383269,6126904072154767176,Thrower-v0,biped,nchl,"(44,)",300,W25,75,-0.3263831829108376,12.057736730949044,7.472187382756843,12.062153251180519,-102.5640640258789,88.96747589111328,0.21713208059266279,0.14734350366432197
thrower__biped__nchl__seed_007,/home/rowanli.tangalin/tpr/tpr/results/hpc_rq1/nominal/thrower/biped/nchl/seed_007,16cbc6c4b3eb41025ec2c1e0622e099ad6e12a8dab950cbb6e0e239ec33c78e2,9293d8be8770fb8b2f01c1c431d968d24d892f8348c6b6cfe91e3e694fe26430,7,1,219581318861383269,6126904072154767176,Thrower-v0,biped,nchl,"(44,)",300,W50,150,-0.9110747688739737,22.848990845690132,14.056234200200118,22.86714761182317,-205.53836059570312,178.0178985595703,0.21713208059266279,0.14734350366432197
thrower__biped__nchl__seed_007,/home/rowanli.tangalin/tpr/tpr/results/hpc_rq1/nominal/thrower/biped/nchl/seed_007,16cbc6c4b3eb41025ec2c1e0622e099ad6e12a8dab950cbb6e0e239ec33c78e2,9293d8be8770fb8b2f01c1c431d968d24d892f8348c6b6cfe91e3e694fe26430,7,1,219581318861383269,6126904072154767176,Thrower-v0,biped,nchl,"(44,)",300,W75,225,-1.1363033947324823,34.394821495837284,21.442790878064756,34.41358643232918,-306.7412414550781,267.1908264160156,0.21713208059266279,0.14734350366432197
thrower__biped__nchl__seed_007,/home/rowanli.tangalin/tpr/tpr/results/hpc_rq1/nominal/thrower/biped/nchl/seed_007,16cbc6c4b3eb41025ec2c1e0622e099ad6e12a8dab950cbb6e0e239ec33c78e2,9293d8be8770fb8b2f01c1c431d968d24d892f8348c6b6cfe91e3e694fe26430,7,1,219581318861383269,6126904072154767176,Thrower-v0,biped,nchl,"(44,)",300,Wfinal,300,-0.7374089657706762,47.58065866965005,30.6794315198,47.586372539000514,-407.4346618652344,357.80322265625,0.21713208059266279,0.14734350366432197
thrower__biped__nchl__seed_007,/home/rowanli.tangalin/tpr/tpr/results/hpc_rq1/nominal/thrower/biped/nchl/seed_007,16cbc6c4b3eb41025ec2c1e0622e099ad6e12a8dab950cbb6e0e239ec33c78e2,9293d8be8770fb8b2f01c1c431d968d24d892f8348c6b6cfe91e3e694fe26430,7,2,7655123995385766933,8050610523573754527,Thrower-v0,biped,nchl,"(44,)",300,W0,0,-0.0006398403720802228,0.05764111608348823,0.04964007091876687,0.05764466722127823,-0.09972783923149109,0.09993335604667664,0.2031053750945894,0.14202379608519575
thrower__biped__nchl__seed_007,/home/rowanli.tangalin/tpr/tpr/results/hpc_rq1/nominal/thrower/biped/nchl/seed_007,16cbc6c4b3eb41025ec2c1e0622e099ad6e12a8dab950cbb6e0e239ec33c78e2,9293d8be8770fb8b2f01c1c431d968d24d892f8348c6b6cfe91e3e694fe26430,7,2,7655123995385766933,8050610523573754527,Thrower-v0,biped,nchl,"(44,)",300,W25,75,-0.36458493726103325,12.114196436724395,7.5158263434993,12.11968141017014,-102.4676513671875,89.0374984741211,0.2031053750945894,0.14202379608519575
thrower__biped__nchl__seed_007,/home/rowanli.tangalin/tpr/tpr/results/hpc_rq1/nominal/thrower/biped/nchl/seed_007,16cbc6c4b3eb41025ec2c1e0622e099ad6e12a8dab950cbb6e0e239ec33c78e2,9293d8be8770fb8b2f01c1c431d968d24d892f8348c6b6cfe91e3e694fe26430,7,2,7655123995385766933,8050610523573754527,Thrower-v0,biped,nchl,"(44,)",300,W50,150,-1.383555444212259,25.00046698070385,16.300137961933785,25.03872151130071,-203.4159393310547,181.2303009033203,0.2031053750945894,0.14202379608519575
thrower__biped__nchl__seed_007,/home/rowanli.tangalin/tpr/tpr/results/hpc_rq1/nominal/thrower/biped/nchl/seed_007,16cbc6c4b3eb41025ec2c1e0622e099ad6e12a8dab950cbb6e0e239ec33c78e2,9293d8be8770fb8b2f01c1c431d968d24d892f8348c6b6cfe91e3e694fe26430,7,2,7655123995385766933,8050610523573754527,Thrower-v0,biped,nchl,"(44,)",300,W75,225,-2.6005251962216116,36.361830683495924,24.24034774628748,36.45470424995119,-304.33673095703125,271.456787109375,0.2031053750945894,0.14202379608519575
thrower__biped__nchl__seed_007,/home/rowanli.tangalin/tpr/tpr/results/hpc_rq1/nominal/thrower/biped/nchl/seed_007,16cbc6c4b3eb41025ec2c1e0622e099ad6e12a8dab950cbb6e0e239ec33c78e2,9293d8be8770fb8b2f01c1c431d968d24d892f8348c6b6cfe91e3e694fe26430,7,2,7655123995385766933,8050610523573754527,Thrower-v0,biped,nchl,"(44,)",300,Wfinal,300,-3.2022056597174258,49.68884641981705,33.74518314603117,49.7919228351275,-404.60986328125,366.2364807128906,0.2031053750945894,0.14202379608519575
thrower__biped__nchl__seed_008,/home/rowanli.tangalin/tpr/tpr/results/hpc_rq1/nominal/thrower/biped/nchl/seed_008,89479f2c5e55b30dfa240041e89c07044bd88e4c380d9b52a4635807282e3882,386750d4853f3e81c5d0c5ce5b6b12dd50a5f3693530c5141c707aebce78e149,8,0,4480449054597749916,4714160801966532834,Thrower-v0,biped,nchl,"(44,)",300,W0,0,-0.0028249101193049703,0.05713996534998231,0.04936407221338369,0.057209752292588456,-0.09992612898349762,0.09999813139438629,0.22919452459600176,0.15482730353057958
thrower__biped__nchl__seed_008,/home/rowanli.tangalin/tpr/tpr/results/hpc_rq1/nominal/thrower/biped/nchl/seed_008,89479f2c5e55b30dfa240041e89c07044bd88e4c380d9b52a4635807282e3882,386750d4853f3e81c5d0c5ce5b6b12dd50a5f3693530c5141c707aebce78e149,8,0,4480449054597749916,4714160801966532834,Thrower-v0,biped,nchl,"(44,)",300,W25,75,-0.5222142227812201,12.74802191413728,8.632723928068136,12.758713509511814,-54.716163635253906,55.74613571166992,0.22919452459600176,0.15482730353057958
thrower__biped__nchl__seed_008,/home/rowanli.tangalin/tpr/tpr/results/hpc_rq1/nominal/thrower/biped/nchl/seed_008,89479f2c5e55b30dfa240041e89c07044bd88e4c380d9b52a4635807282e3882,386750d4853f3e81c5d0c5ce5b6b12dd50a5f3693530c5141c707aebce78e149,8,0,4480449054597749916,4714160801966532834,Thrower-v0,biped,nchl,"(44,)",300,W50,150,-2.391495907842833,26.608552699431108,18.048756377114522,26.715806733760285,-158.406982421875,111.63670349121094,0.22919452459600176,0.15482730353057958
thrower__biped__nchl__seed_008,/home/rowanli.tangalin/tpr/tpr/results/hpc_rq1/nominal/thrower/biped/nchl/seed_008,89479f2c5e55b30dfa240041e89c07044bd88e4c380d9b52a4635807282e3882,386750d4853f3e81c5d0c5ce5b6b12dd50a5f3693530c5141c707aebce78e149,8,0,4480449054597749916,4714160801966532834,Thrower-v0,biped,nchl,"(44,)",300,W75,225,-0.6524918904125859,37.54067148017279,25.146593434870457,37.54634151084913,-162.7680206298828,158.50401306152344,0.22919452459600176,0.15482730353057958
thrower__biped__nchl__seed_008,/home/rowanli.tangalin/tpr/tpr/results/hpc_rq1/nominal/thrower/biped/nchl/seed_008,89479f2c5e55b30dfa240041e89c07044bd88e4c380d9b52a4635807282e3882,386750d4853f3e81c5d0c5ce5b6b12dd50a5f3693530c5141c707aebce78e149,8,0,4480449054597749916,4714160801966532834,Thrower-v0,biped,nchl,"(44,)",300,Wfinal,300,-0.9028686413547949,50.594015844602616,34.469871224330774,50.60207121321658,-217.7502899169922,211.49476623535156,0.22919452459600176,0.15482730353057958
thrower__biped__nchl__seed_008,/home/rowanli.tangalin/tpr/tpr/results/hpc_rq1/nominal/thrower/biped/nchl/seed_008,89479f2c5e55b30dfa240041e89c07044bd88e4c380d9b52a4635807282e3882,386750d4853f3e81c5d0c5ce5b6b12dd50a5f3693530c5141c707aebce78e149,8,1,8169066096088904802,2410012360361453569,Thrower-v0,biped,nchl,"(44,)",300,W0,0,-0.001257962248470452,0.056743164133950086,0.048960232085856197,0.056757106559011415,-0.09980226308107376,0.09956207871437073,0.23005576152360793,0.1553261413230831
thrower__biped__nchl__seed_008,/home/rowanli.tangalin/tpr/tpr/results/hpc_rq1/nominal/thrower/biped/nchl/seed_008,89479f2c5e55b30dfa240041e89c07044bd88e4c380d9b52a4635807282e3882,386750d4853f3e81c5d0c5ce5b6b12dd50a5f3693530c5141c707aebce78e149,8,1,8169066096088904802,2410012360361453569,Thrower-v0,biped,nchl,"(44,)",300,W25,75,-0.432229384648047,12.726011742645277,8.58680428404172,12.73334979944,-54.539817810058594,55.29643249511719,0.23005576152360793,0.1553261413230831
thrower__biped__nchl__seed_008,/home/rowanli.tangalin/tpr/tpr/results/hpc_rq1/nominal/thrower/biped/nchl/seed_008,89479f2c5e55b30dfa240041e89c07044bd88e4c380d9b52a4635807282e3882,386750d4853f3e81c5d0c5ce5b6b12dd50a5f3693530c5141c707aebce78e149,8,1,8169066096088904802,2410012360361453569,Thrower-v0,biped,nchl,"(44,)",300,W50,150,-2.283284885317113,26.459340691591475,17.824308533908578,26.557674967911364,-160.05958557128906,110.63660430908203,0.23005576152360793,0.1553261413230831
thrower__biped__nchl__seed_008,/home/rowanli.tangalin/tpr/tpr/results/hpc_rq1/nominal/thrower/biped/nchl/seed_008,89479f2c5e55b30dfa240041e89c07044bd88e4c380d9b52a4635807282e3882,386750d4853f3e81c5d0c5ce5b6b12dd50a5f3693530c5141c707aebce78e149,8,1,8169066096088904802,2410012360361453569,Thrower-v0,biped,nchl,"(44,)",300,W75,225,-0.043818753610781906,37.550612095767825,24.854749555739417,37.550637662361915,-163.58621215820312,163.00279235839844,0.23005576152360793,0.1553261413230831
thrower__biped__nchl__seed_008,/home/rowanli.tangalin/tpr/tpr/results/hpc_rq1/nominal/thrower/biped/nchl/seed_008,89479f2c5e55b30dfa240041e89c07044bd88e4c380d9b52a4635807282e3882,386750d4853f3e81c5d0c5ce5b6b12dd50a5f3693530c5141c707aebce78e149,8,1,8169066096088904802,2410012360361453569,Thrower-v0,biped,nchl,"(44,)",300,Wfinal,300,-0.2104982139332663,50.8385614034496,34.33484922117192,50.83899718789096,-218.64016723632812,218.5279541015625,0.23005576152360793,0.1553261413230831
thrower__biped__nchl__seed_008,/home/rowanli.tangalin/tpr/tpr/results/hpc_rq1/nominal/thrower/biped/nchl/seed_008,89479f2c5e55b30dfa240041e89c07044bd88e4c380d9b52a4635807282e3882,386750d4853f3e81c5d0c5ce5b6b12dd50a5f3693530c5141c707aebce78e149,8,2,1688151127694054410,5098444150450504360,Thrower-v0,biped,nchl,"(44,)",300,W0,0,3.97123704107951e-06,0.05807681943400795,0.050170091339174286,0.05807681956978263,-0.0999714806675911,0.09996657818555832,0.23436038687838145,0.15680778210572857
thrower__biped__nchl__seed_008,/home/rowanli.tangalin/tpr/tpr/results/hpc_rq1/nominal/thrower/biped/nchl/seed_008,89479f2c5e55b30dfa240041e89c07044bd88e4c380d9b52a4635807282e3882,386750d4853f3e81c5d0c5ce5b6b12dd50a5f3693530c5141c707aebce78e149,8,2,1688151127694054410,5098444150450504360,Thrower-v0,biped,nchl,"(44,)",300,W25,75,-0.49661442806205053,12.959047834128633,8.80499699819667,12.968559929976552,-55.55873489379883,54.03064727783203,0.23436038687838145,0.15680778210572857
thrower__biped__nchl__seed_008,/home/rowanli.tangalin/tpr/tpr/results/hpc_rq1/nominal/thrower/biped/nchl/seed_008,89479f2c5e55b30dfa240041e89c07044bd88e4c380d9b52a4635807282e3882,386750d4853f3e81c5d0c5ce5b6b12dd50a5f3693530c5141c707aebce78e149,8,2,1688151127694054410,5098444150450504360,Thrower-v0,biped,nchl,"(44,)",300,W50,150,-2.5547523617492485,26.93427510469761,18.188121326785687,27.055164664910038,-166.13401794433594,111.60359191894531,0.23436038687838145,0.15680778210572857
thrower__biped__nchl__seed_008,/home/rowanli.tangalin/tpr/tpr/results/hpc_rq1/nominal/thrower/biped/nchl/seed_008,89479f2c5e55b30dfa240041e89c07044bd88e4c380d9b52a4635807282e3882,386750d4853f3e81c5d0c5ce5b6b12dd50a5f3693530c5141c707aebce78e149,8,2,1688151127694054410,5098444150450504360,Thrower-v0,biped,nchl,"(44,)",300,W75,225,-1.244765500484321,39.54452881975157,26.60865791530635,39.56411506311443,-173.9971160888672,165.66470336914062,0.23436038687838145,0.15680778210572857
thrower__biped__nchl__seed_008,/home/rowanli.tangalin/tpr/tpr/results/hpc_rq1/nominal/thrower/biped/nchl/seed_008,89479f2c5e55b30dfa240041e89c07044bd88e4c380d9b52a4635807282e3882,386750d4853f3e81c5d0c5ce5b6b12dd50a5f3693530c5141c707aebce78e149,8,2,1688151127694054410,5098444150450504360,Thrower-v0,biped,nchl,"(44,)",300,Wfinal,300,-0.6775570033206458,53.19048114427269,36.132162466698766,53.1947964358543,-237.82789611816406,220.92404174804688,0.23436038687838145,0.15680778210572857
thrower__biped__nchl__seed_009,/home/rowanli.tangalin/tpr/tpr/results/hpc_rq1/nominal/thrower/biped/nchl/seed_009,98722ce097a22114dfda873eacbddad1a417b8e2e5716ed9a13401116eaf3ce4,654b258558320dba36c760d416d12588b713ad9152e48e38ab31a6384bc49ec4,9,0,8469251633518957484,5579477484601834272,Thrower-v0,biped,nchl,"(44,)",300,W0,0,-0.00033266268236240227,0.05696118533043301,0.04900552932475704,0.05696215672451468,-0.09997273981571198,0.09995336085557938,0.3059264980320314,0.20758740277140947
thrower__biped__nchl__seed_009,/home/rowanli.tangalin/tpr/tpr/results/hpc_rq1/nominal/thrower/biped/nchl/seed_009,98722ce097a22114dfda873eacbddad1a417b8e2e5716ed9a13401116eaf3ce4,654b258558320dba36c760d416d12588b713ad9152e48e38ab31a6384bc49ec4,9,0,8469251633518957484,5579477484601834272,Thrower-v0,biped,nchl,"(44,)",300,W25,75,0.19545845876055465,14.904199488600009,10.983842955701546,14.905481085999398,-82.5816421508789,81.74932861328125,0.3059264980320314,0.20758740277140947
thrower__biped__nchl__seed_009,/home/rowanli.tangalin/tpr/tpr/results/hpc_rq1/nominal/thrower/biped/nchl/seed_009,98722ce097a22114dfda873eacbddad1a417b8e2e5716ed9a13401116eaf3ce4,654b258558320dba36c760d416d12588b713ad9152e48e38ab31a6384bc49ec4,9,0,8469251633518957484,5579477484601834272,Thrower-v0,biped,nchl,"(44,)",300,W50,150,3.291831028543517,30.644091545789426,21.753851906253168,30.820390947994234,-179.74758911132812,182.3953094482422,0.3059264980320314,0.20758740277140947
thrower__biped__nchl__seed_009,/home/rowanli.tangalin/tpr/tpr/results/hpc_rq1/nominal/thrower/biped/nchl/seed_009,98722ce097a22114dfda873eacbddad1a417b8e2e5716ed9a13401116eaf3ce4,654b258558320dba36c760d416d12588b713ad9152e48e38ab31a6384bc49ec4,9,0,8469251633518957484,5579477484601834272,Thrower-v0,biped,nchl,"(44,)",300,W75,225,3.705590325415825,43.20055299135512,30.245501765660563,43.35918793541568,-250.1669464111328,254.948486328125,0.3059264980320314,0.20758740277140947
thrower__biped__nchl__seed_009,/home/rowanli.tangalin/tpr/tpr/results/hpc_rq1/nominal/thrower/biped/nchl/seed_009,98722ce097a22114dfda873eacbddad1a417b8e2e5716ed9a13401116eaf3ce4,654b258558320dba36c760d416d12588b713ad9152e48e38ab31a6384bc49ec4,9,0,8469251633518957484,5579477484601834272,Thrower-v0,biped,nchl,"(44,)",300,Wfinal,300,5.39128515421465,58.29403833670661,41.12043801506402,58.54281220795149,-332.3306884765625,341.40966796875,0.3059264980320314,0.20758740277140947
thrower__biped__nchl__seed_009,/home/rowanli.tangalin/tpr/tpr/results/hpc_rq1/nominal/thrower/biped/nchl/seed_009,98722ce097a22114dfda873eacbddad1a417b8e2e5716ed9a13401116eaf3ce4,654b258558320dba36c760d416d12588b713ad9152e48e38ab31a6384bc49ec4,9,1,5415548583552718452,3538497439875268043,Thrower-v0,biped,nchl,"(44,)",300,W0,0,0.0010922161716248443,0.05684337230258434,0.048740638196448825,0.05685386452032765,-0.09988770633935928,0.09989757835865021,0.28091091387318906,0.19764181975286135
thrower__biped__nchl__seed_009,/home/rowanli.tangalin/tpr/tpr/results/hpc_rq1/nominal/thrower/biped/nchl/seed_009,98722ce097a22114dfda873eacbddad1a417b8e2e5716ed9a13401116eaf3ce4,654b258558320dba36c760d416d12588b713ad9152e48e38ab31a6384bc49ec4,9,1,5415548583552718452,3538497439875268043,Thrower-v0,biped,nchl,"(44,)",300,W25,75,0.30991228344936533,14.714210777275827,10.783105898423404,14.717474118255922,-82.69548797607422,81.73636627197266,0.28091091387318906,0.19764181975286135
thrower__biped__nchl__seed_009,/home/rowanli.tangalin/tpr/tpr/results/hpc_rq1/nominal/thrower/biped/nchl/seed_009,98722ce097a22114dfda873eacbddad1a417b8e2e5716ed9a13401116eaf3ce4,654b258558320dba36c760d416d12588b713ad9152e48e38ab31a6384bc49ec4,9,1,5415548583552718452,3538497439875268043,Thrower-v0,biped,nchl,"(44,)",300,W50,150,1.2457234838788587,27.334835217177073,19.444709926651516,27.36320601370591,-159.0380859375,164.76730346679688,0.28091091387318906,0.19764181975286135
thrower__biped__nchl__seed_009,/home/rowanli.tangalin/tpr/tpr/results/hpc_rq1/nominal/thrower/biped/nchl/seed_009,98722ce097a22114dfda873eacbddad1a417b8e2e5716ed9a13401116eaf3ce4,654b258558320dba36c760d416d12588b713ad9152e48e38ab31a6384bc49ec4,9,1,5415548583552718452,3538497439875268043,Thrower-v0,biped,nchl,"(44,)",300,W75,225,0.9702436536097886,40.177325380208124,28.368123715311953,40.189038896874436,-244.02821350097656,251.38893127441406,0.28091091387318906,0.19764181975286135
thrower__biped__nchl__seed_009,/home/rowanli.tangalin/tpr/tpr/results/hpc_rq1/nominal/thrower/biped/nchl/seed_009,98722ce097a22114dfda873eacbddad1a417b8e2e5716ed9a13401116eaf3ce4,654b258558320dba36c760d416d12588b713ad9152e48e38ab31a6384bc49ec4,9,1,5415548583552718452,3538497439875268043,Thrower-v0,biped,nchl,"(44,)",300,Wfinal,300,1.0905451919945361,54.62593310576616,39.11550718043944,54.636817774202605,-331.8946228027344,339.99609375,0.28091091387318906,0.19764181975286135
thrower__biped__nchl__seed_009,/home/rowanli.tangalin/tpr/tpr/results/hpc_rq1/nominal/thrower/biped/nchl/seed_009,98722ce097a22114dfda873eacbddad1a417b8e2e5716ed9a13401116eaf3ce4,654b258558320dba36c760d416d12588b713ad9152e48e38ab31a6384bc49ec4,9,2,6075971192560964690,5235945277139461518,Thrower-v0,biped,nchl,"(44,)",300,W0,0,-0.00018197931808254316,0.05728819367265746,0.04948731423198958,0.05728848270593419,-0.099821075797081,0.09993649274110794,0.2816039239522741,0.19781508503468784
thrower__biped__nchl__seed_009,/home/rowanli.tangalin/tpr/tpr/results/hpc_rq1/nominal/thrower/biped/nchl/seed_009,98722ce097a22114dfda873eacbddad1a417b8e2e5716ed9a13401116eaf3ce4,654b258558320dba36c760d416d12588b713ad9152e48e38ab31a6384bc49ec4,9,2,6075971192560964690,5235945277139461518,Thrower-v0,biped,nchl,"(44,)",300,W25,75,0.24104099066348394,14.793308035741537,10.83866545765244,14.79527165683399,-82.6223373413086,81.73811340332031,0.2816039239522741,0.19781508503468784
thrower__biped__nchl__seed_009,/home/rowanli.tangalin/tpr/tpr/results/hpc_rq1/nominal/thrower/biped/nchl/seed_009,98722ce097a22114dfda873eacbddad1a417b8e2e5716ed9a13401116eaf3ce4,654b258558320dba36c760d416d12588b713ad9152e48e38ab31a6384bc49ec4,9,2,6075971192560964690,5235945277139461518,Thrower-v0,biped,nchl,"(44,)",300,W50,150,1.7435369776102707,29.786180957330867,21.46804711733085,29.837166373755306,-168.64141845703125,168.8836212158203,0.2816039239522741,0.19781508503468784
thrower__biped__nchl__seed_009,/home/rowanli.tangalin/tpr/tpr/results/hpc_rq1/nominal/thrower/biped/nchl/seed_009,98722ce097a22114dfda873eacbddad1a417b8e2e5716ed9a13401116eaf3ce4,654b258558320dba36c760d416d12588b713ad9152e48e38ab31a6384bc49ec4,9,2,6075971192560964690,5235945277139461518,Thrower-v0,biped,nchl,"(44,)",300,W75,225,-0.14972988219029706,42.12889922530287,29.573655629593233,42.12916530117046,-257.3020935058594,257.942626953125,0.2816039239522741,0.19781508503468784
thrower__biped__nchl__seed_009,/home/rowanli.tangalin/tpr/tpr/results/hpc_rq1/nominal/thrower/biped/nchl/seed_009,98722ce097a22114dfda873eacbddad1a417b8e2e5716ed9a13401116eaf3ce4,654b258558320dba36c760d416d12588b713ad9152e48e38ab31a6384bc49ec4,9,2,6075971192560964690,5235945277139461518,Thrower-v0,biped,nchl,"(44,)",300,Wfinal,300,-0.30800889797144004,56.564223097284696,40.35641835777779,56.56506169077008,-345.6240234375,346.95758056640625,0.2816039239522741,0.19781508503468784
thrower__thrower_arm__static__seed_000,/home/rowanli.tangalin/tpr/tpr/results/hpc_rq1/nominal/thrower/thrower_arm/static/seed_000,6ece6d25342b6b98baf4ceb7df4ee0fb1adca2cc73c300e75f5fc41b611155cb,4d3b64686933db996f2ab4d6f024fff188151116f56aa090fe5e57ea6935954f,0,0,4940322620982477041,3023897764847979143,Thrower-v0,thrower_arm,static,"(92,)",300,W0,0,-0.015291945820264463,1.343038722438047,1.0641556663695988,1.3431257772729222,-4.637187957763672,5.282159805297852,0.0,0.0
thrower__thrower_arm__static__seed_000,/home/rowanli.tangalin/tpr/tpr/results/hpc_rq1/nominal/thrower/thrower_arm/static/seed_000,6ece6d25342b6b98baf4ceb7df4ee0fb1adca2cc73c300e75f5fc41b611155cb,4d3b64686933db996f2ab4d6f024fff188151116f56aa090fe5e57ea6935954f,0,0,4940322620982477041,3023897764847979143,Thrower-v0,thrower_arm,static,"(92,)",300,W25,75,-0.015291945820264463,1.343038722438047,1.0641556663695988,1.3431257772729222,-4.637187957763672,5.282159805297852,0.0,0.0
thrower__thrower_arm__static__seed_000,/home/rowanli.tangalin/tpr/tpr/results/hpc_rq1/nominal/thrower/thrower_arm/static/seed_000,6ece6d25342b6b98baf4ceb7df4ee0fb1adca2cc73c300e75f5fc41b611155cb,4d3b64686933db996f2ab4d6f024fff188151116f56aa090fe5e57ea6935954f,0,0,4940322620982477041,3023897764847979143,Thrower-v0,thrower_arm,static,"(92,)",300,W50,150,-0.015291945820264463,1.343038722438047,1.0641556663695988,1.3431257772729222,-4.637187957763672,5.282159805297852,0.0,0.0
thrower__thrower_arm__static__seed_000,/home/rowanli.tangalin/tpr/tpr/results/hpc_rq1/nominal/thrower/thrower_arm/static/seed_000,6ece6d25342b6b98baf4ceb7df4ee0fb1adca2cc73c300e75f5fc41b611155cb,4d3b64686933db996f2ab4d6f024fff188151116f56aa090fe5e57ea6935954f,0,0,4940322620982477041,3023897764847979143,Thrower-v0,thrower_arm,static,"(92,)",300,W75,225,-0.015291945820264463,1.343038722438047,1.0641556663695988,1.3431257772729222,-4.637187957763672,5.282159805297852,0.0,0.0
thrower__thrower_arm__static__seed_000,/home/rowanli.tangalin/tpr/tpr/results/hpc_rq1/nominal/thrower/thrower_arm/static/seed_000,6ece6d25342b6b98baf4ceb7df4ee0fb1adca2cc73c300e75f5fc41b611155cb,4d3b64686933db996f2ab4d6f024fff188151116f56aa090fe5e57ea6935954f,0,0,4940322620982477041,3023897764847979143,Thrower-v0,thrower_arm,static,"(92,)",300,Wfinal,300,-0.015291945820264463,1.343038722438047,1.0641556663695988,1.3431257772729222,-4.637187957763672,5.282159805297852,0.0,0.0
thrower__thrower_arm__static__seed_000,/home/rowanli.tangalin/tpr/tpr/results/hpc_rq1/nominal/thrower/thrower_arm/static/seed_000,6ece6d25342b6b98baf4ceb7df4ee0fb1adca2cc73c300e75f5fc41b611155cb,4d3b64686933db996f2ab4d6f024fff188151116f56aa090fe5e57ea6935954f,0,1,530078296572617688,6966882572876332860,Thrower-v0,thrower_arm,static,"(92,)",300,W0,0,-0.015291945820264463,1.343038722438047,1.0641556663695988,1.3431257772729222,-4.637187957763672,5.282159805297852,0.0,0.0
thrower__thrower_arm__static__seed_000,/home/rowanli.tangalin/tpr/tpr/results/hpc_rq1/nominal/thrower/thrower_arm/static/seed_000,6ece6d25342b6b98baf4ceb7df4ee0fb1adca2cc73c300e75f5fc41b611155cb,4d3b64686933db996f2ab4d6f024fff188151116f56aa090fe5e57ea6935954f,0,1,530078296572617688,6966882572876332860,Thrower-v0,thrower_arm,static,"(92,)",300,W25,75,-0.015291945820264463,1.343038722438047,1.0641556663695988,1.3431257772729222,-4.637187957763672,5.282159805297852,0.0,0.0
thrower__thrower_arm__static__seed_000,/home/rowanli.tangalin/tpr/tpr/results/hpc_rq1/nominal/thrower/thrower_arm/static/seed_000,6ece6d25342b6b98baf4ceb7df4ee0fb1adca2cc73c300e75f5fc41b611155cb,4d3b64686933db996f2ab4d6f024fff188151116f56aa090fe5e57ea6935954f,0,1,530078296572617688,6966882572876332860,Thrower-v0,thrower_arm,static,"(92,)",300,W50,150,-0.015291945820264463,1.343038722438047,1.0641556663695988,1.3431257772729222,-4.637187957763672,5.282159805297852,0.0,0.0
thrower__thrower_arm__static__seed_000,/home/rowanli.tangalin/tpr/tpr/results/hpc_rq1/nominal/thrower/thrower_arm/static/seed_000,6ece6d25342b6b98baf4ceb7df4ee0fb1adca2cc73c300e75f5fc41b611155cb,4d3b64686933db996f2ab4d6f024fff188151116f56aa090fe5e57ea6935954f,0,1,530078296572617688,6966882572876332860,Thrower-v0,thrower_arm,static,"(92,)",300,W75,225,-0.015291945820264463,1.343038722438047,1.0641556663695988,1.3431257772729222,-4.637187957763672,5.282159805297852,0.0,0.0
thrower__thrower_arm__static__seed_000,/home/rowanli.tangalin/tpr/tpr/results/hpc_rq1/nominal/thrower/thrower_arm/static/seed_000,6ece6d25342b6b98baf4ceb7df4ee0fb1adca2cc73c300e75f5fc41b611155cb,4d3b64686933db996f2ab4d6f024fff188151116f56aa090fe5e57ea6935954f,0,1,530078296572617688,6966882572876332860,Thrower-v0,thrower_arm,static,"(92,)",300,Wfinal,300,-0.015291945820264463,1.343038722438047,1.0641556663695988,1.3431257772729222,-4.637187957763672,5.282159805297852,0.0,0.0
thrower__thrower_arm__static__seed_000,/home/rowanli.tangalin/tpr/tpr/results/hpc_rq1/nominal/thrower/thrower_arm/static/seed_000,6ece6d25342b6b98baf4ceb7df4ee0fb1adca2cc73c300e75f5fc41b611155cb,4d3b64686933db996f2ab4d6f024fff188151116f56aa090fe5e57ea6935954f,0,2,7210830791768759910,3424438756091539107,Thrower-v0,thrower_arm,static,"(92,)",300,W0,0,-0.015291945820264463,1.343038722438047,1.0641556663695988,1.3431257772729222,-4.637187957763672,5.282159805297852,0.0,0.0
thrower__thrower_arm__static__seed_000,/home/rowanli.tangalin/tpr/tpr/results/hpc_rq1/nominal/thrower/thrower_arm/static/seed_000,6ece6d25342b6b98baf4ceb7df4ee0fb1adca2cc73c300e75f5fc41b611155cb,4d3b64686933db996f2ab4d6f024fff188151116f56aa090fe5e57ea6935954f,0,2,7210830791768759910,3424438756091539107,Thrower-v0,thrower_arm,static,"(92,)",300,W25,75,-0.015291945820264463,1.343038722438047,1.0641556663695988,1.3431257772729222,-4.637187957763672,5.282159805297852,0.0,0.0
thrower__thrower_arm__static__seed_000,/home/rowanli.tangalin/tpr/tpr/results/hpc_rq1/nominal/thrower/thrower_arm/static/seed_000,6ece6d25342b6b98baf4ceb7df4ee0fb1adca2cc73c300e75f5fc41b611155cb,4d3b64686933db996f2ab4d6f024fff188151116f56aa090fe5e57ea6935954f,0,2,7210830791768759910,3424438756091539107,Thrower-v0,thrower_arm,static,"(92,)",300,W50,150,-0.015291945820264463,1.343038722438047,1.0641556663695988,1.3431257772729222,-4.637187957763672,5.282159805297852,0.0,0.0
thrower__thrower_arm__static__seed_000,/home/rowanli.tangalin/tpr/tpr/results/hpc_rq1/nominal/thrower/thrower_arm/static/seed_000,6ece6d25342b6b98baf4ceb7df4ee0fb1adca2cc73c300e75f5fc41b611155cb,4d3b64686933db996f2ab4d6f024fff188151116f56aa090fe5e57ea6935954f,0,2,7210830791768759910,3424438756091539107,Thrower-v0,thrower_arm,static,"(92,)",300,W75,225,-0.015291945820264463,1.343038722438047,1.0641556663695988,1.3431257772729222,-4.637187957763672,5.282159805297852,0.0,0.0
thrower__thrower_arm__static__seed_000,/home/rowanli.tangalin/tpr/tpr/results/hpc_rq1/nominal/thrower/thrower_arm/static/seed_000,6ece6d25342b6b98baf4ceb7df4ee0fb1adca2cc73c300e75f5fc41b611155cb,4d3b64686933db996f2ab4d6f024fff188151116f56aa090fe5e57ea6935954f,0,2,7210830791768759910,3424438756091539107,Thrower-v0,thrower_arm,static,"(92,)",300,Wfinal,300,-0.015291945820264463,1.343038722438047,1.0641556663695988,1.3431257772729222,-4.637187957763672,5.282159805297852,0.0,0.0
thrower__thrower_arm__static__seed_001,/home/rowanli.tangalin/tpr/tpr/results/hpc_rq1/nominal/thrower/thrower_arm/static/seed_001,46e767f4e37f17b200b32ec4ad88ebc2ce50020bd4e4a456e9b9b8f8dad12a2c,d2eef728c57a39829c197dc115d8758d3c10e2a8c417d9d870680884df782194,1,0,5232325836976384581,7172422899355977572,Thrower-v0,thrower_arm,static,"(92,)",300,W0,0,0.004853208004595358,0.7405865319806822,0.59177583543958,0.7406024338193266,-2.577422618865967,2.8270082473754883,0.0,0.0
thrower__thrower_arm__static__seed_001,/home/rowanli.tangalin/tpr/tpr/results/hpc_rq1/nominal/thrower/thrower_arm/static/seed_001,46e767f4e37f17b200b32ec4ad88ebc2ce50020bd4e4a456e9b9b8f8dad12a2c,d2eef728c57a39829c197dc115d8758d3c10e2a8c417d9d870680884df782194,1,0,5232325836976384581,7172422899355977572,Thrower-v0,thrower_arm,static,"(92,)",300,W25,75,0.004853208004595358,0.7405865319806822,0.59177583543958,0.7406024338193266,-2.577422618865967,2.8270082473754883,0.0,0.0
thrower__thrower_arm__static__seed_001,/home/rowanli.tangalin/tpr/tpr/results/hpc_rq1/nominal/thrower/thrower_arm/static/seed_001,46e767f4e37f17b200b32ec4ad88ebc2ce50020bd4e4a456e9b9b8f8dad12a2c,d2eef728c57a39829c197dc115d8758d3c10e2a8c417d9d870680884df782194,1,0,5232325836976384581,7172422899355977572,Thrower-v0,thrower_arm,static,"(92,)",300,W50,150,0.004853208004595358,0.7405865319806822,0.59177583543958,0.7406024338193266,-2.577422618865967,2.8270082473754883,0.0,0.0
thrower__thrower_arm__static__seed_001,/home/rowanli.tangalin/tpr/tpr/results/hpc_rq1/nominal/thrower/thrower_arm/static/seed_001,46e767f4e37f17b200b32ec4ad88ebc2ce50020bd4e4a456e9b9b8f8dad12a2c,d2eef728c57a39829c197dc115d8758d3c10e2a8c417d9d870680884df782194,1,0,5232325836976384581,7172422899355977572,Thrower-v0,thrower_arm,static,"(92,)",300,W75,225,0.004853208004595358,0.7405865319806822,0.59177583543958,0.7406024338193266,-2.577422618865967,2.8270082473754883,0.0,0.0
thrower__thrower_arm__static__seed_001,/home/rowanli.tangalin/tpr/tpr/results/hpc_rq1/nominal/thrower/thrower_arm/static/seed_001,46e767f4e37f17b200b32ec4ad88ebc2ce50020bd4e4a456e9b9b8f8dad12a2c,d2eef728c57a39829c197dc115d8758d3c10e2a8c417d9d870680884df782194,1,0,5232325836976384581,7172422899355977572,Thrower-v0,thrower_arm,static,"(92,)",300,Wfinal,300,0.004853208004595358,0.7405865319806822,0.59177583543958,0.7406024338193266,-2.577422618865967,2.8270082473754883,0.0,0.0
thrower__thrower_arm__static__seed_001,/home/rowanli.tangalin/tpr/tpr/results/hpc_rq1/nominal/thrower/thrower_arm/static/seed_001,46e767f4e37f17b200b32ec4ad88ebc2ce50020bd4e4a456e9b9b8f8dad12a2c,d2eef728c57a39829c197dc115d8758d3c10e2a8c417d9d870680884df782194,1,1,3184075494390970209,9147161066225580108,Thrower-v0,thrower_arm,static,"(92,)",300,W0,0,0.004853208004595358,0.7405865319806822,0.59177583543958,0.7406024338193266,-2.577422618865967,2.8270082473754883,0.0,0.0
thrower__thrower_arm__static__seed_001,/home/rowanli.tangalin/tpr/tpr/results/hpc_rq1/nominal/thrower/thrower_arm/static/seed_001,46e767f4e37f17b200b32ec4ad88ebc2ce50020bd4e4a456e9b9b8f8dad12a2c,d2eef728c57a39829c197dc115d8758d3c10e2a8c417d9d870680884df782194,1,1,3184075494390970209,9147161066225580108,Thrower-v0,thrower_arm,static,"(92,)",300,W25,75,0.004853208004595358,0.7405865319806822,0.59177583543958,0.7406024338193266,-2.577422618865967,2.8270082473754883,0.0,0.0
thrower__thrower_arm__static__seed_001,/home/rowanli.tangalin/tpr/tpr/results/hpc_rq1/nominal/thrower/thrower_arm/static/seed_001,46e767f4e37f17b200b32ec4ad88ebc2ce50020bd4e4a456e9b9b8f8dad12a2c,d2eef728c57a39829c197dc115d8758d3c10e2a8c417d9d870680884df782194,1,1,3184075494390970209,9147161066225580108,Thrower-v0,thrower_arm,static,"(92,)",300,W50,150,0.004853208004595358,0.7405865319806822,0.59177583543958,0.7406024338193266,-2.577422618865967,2.8270082473754883,0.0,0.0
thrower__thrower_arm__static__seed_001,/home/rowanli.tangalin/tpr/tpr/results/hpc_rq1/nominal/thrower/thrower_arm/static/seed_001,46e767f4e37f17b200b32ec4ad88ebc2ce50020bd4e4a456e9b9b8f8dad12a2c,d2eef728c57a39829c197dc115d8758d3c10e2a8c417d9d870680884df782194,1,1,3184075494390970209,9147161066225580108,Thrower-v0,thrower_arm,static,"(92,)",300,W75,225,0.004853208004595358,0.7405865319806822,0.59177583543958,0.7406024338193266,-2.577422618865967,2.8270082473754883,0.0,0.0
thrower__thrower_arm__static__seed_001,/home/rowanli.tangalin/tpr/tpr/results/hpc_rq1/nominal/thrower/thrower_arm/static/seed_001,46e767f4e37f17b200b32ec4ad88ebc2ce50020bd4e4a456e9b9b8f8dad12a2c,d2eef728c57a39829c197dc115d8758d3c10e2a8c417d9d870680884df782194,1,1,3184075494390970209,9147161066225580108,Thrower-v0,thrower_arm,static,"(92,)",300,Wfinal,300,0.004853208004595358,0.7405865319806822,0.59177583543958,0.7406024338193266,-2.577422618865967,2.8270082473754883,0.0,0.0
thrower__thrower_arm__static__seed_001,/home/rowanli.tangalin/tpr/tpr/results/hpc_rq1/nominal/thrower/thrower_arm/static/seed_001,46e767f4e37f17b200b32ec4ad88ebc2ce50020bd4e4a456e9b9b8f8dad12a2c,d2eef728c57a39829c197dc115d8758d3c10e2a8c417d9d870680884df782194,1,2,6337936886056088,9019669384804417704,Thrower-v0,thrower_arm,static,"(92,)",300,W0,0,0.004853208004595358,0.7405865319806822,0.59177583543958,0.7406024338193266,-2.577422618865967,2.8270082473754883,0.0,0.0
thrower__thrower_arm__static__seed_001,/home/rowanli.tangalin/tpr/tpr/results/hpc_rq1/nominal/thrower/thrower_arm/static/seed_001,46e767f4e37f17b200b32ec4ad88ebc2ce50020bd4e4a456e9b9b8f8dad12a2c,d2eef728c57a39829c197dc115d8758d3c10e2a8c417d9d870680884df782194,1,2,6337936886056088,9019669384804417704,Thrower-v0,thrower_arm,static,"(92,)",300,W25,75,0.004853208004595358,0.7405865319806822,0.59177583543958,0.7406024338193266,-2.577422618865967,2.8270082473754883,0.0,0.0
thrower__thrower_arm__static__seed_001,/home/rowanli.tangalin/tpr/tpr/results/hpc_rq1/nominal/thrower/thrower_arm/static/seed_001,46e767f4e37f17b200b32ec4ad88ebc2ce50020bd4e4a456e9b9b8f8dad12a2c,d2eef728c57a39829c197dc115d8758d3c10e2a8c417d9d870680884df782194,1,2,6337936886056088,9019669384804417704,Thrower-v0,thrower_arm,static,"(92,)",300,W50,150,0.004853208004595358,0.7405865319806822,0.59177583543958,0.7406024338193266,-2.577422618865967,2.8270082473754883,0.0,0.0
thrower__thrower_arm__static__seed_001,/home/rowanli.tangalin/tpr/tpr/results/hpc_rq1/nominal/thrower/thrower_arm/static/seed_001,46e767f4e37f17b200b32ec4ad88ebc2ce50020bd4e4a456e9b9b8f8dad12a2c,d2eef728c57a39829c197dc115d8758d3c10e2a8c417d9d870680884df782194,1,2,6337936886056088,9019669384804417704,Thrower-v0,thrower_arm,static,"(92,)",300,W75,225,0.004853208004595358,0.7405865319806822,0.59177583543958,0.7406024338193266,-2.577422618865967,2.8270082473754883,0.0,0.0
thrower__thrower_arm__static__seed_001,/home/rowanli.tangalin/tpr/tpr/results/hpc_rq1/nominal/thrower/thrower_arm/static/seed_001,46e767f4e37f17b200b32ec4ad88ebc2ce50020bd4e4a456e9b9b8f8dad12a2c,d2eef728c57a39829c197dc115d8758d3c10e2a8c417d9d870680884df782194,1,2,6337936886056088,9019669384804417704,Thrower-v0,thrower_arm,static,"(92,)",300,Wfinal,300,0.004853208004595358,0.7405865319806822,0.59177583543958,0.7406024338193266,-2.577422618865967,2.8270082473754883,0.0,0.0
thrower__thrower_arm__static__seed_002,/home/rowanli.tangalin/tpr/tpr/results/hpc_rq1/nominal/thrower/thrower_arm/static/seed_002,1df60a7c62887d6eee069f8bfab8f2c47c9bcea99bdb8b5155e45b8ba7400be8,5587af88328578ecd8bebcb869113db1acdbcd264c6208dbd0aeb591e3479b4f,2,0,4709125304908105630,1244304497912131803,Thrower-v0,thrower_arm,static,"(92,)",300,W0,0,0.0010863289848244877,1.0978324726260313,0.8748762053504039,1.097833010098917,-4.014432907104492,3.986706018447876,0.0,0.0
thrower__thrower_arm__static__seed_002,/home/rowanli.tangalin/tpr/tpr/results/hpc_rq1/nominal/thrower/thrower_arm/static/seed_002,1df60a7c62887d6eee069f8bfab8f2c47c9bcea99bdb8b5155e45b8ba7400be8,5587af88328578ecd8bebcb869113db1acdbcd264c6208dbd0aeb591e3479b4f,2,0,4709125304908105630,1244304497912131803,Thrower-v0,thrower_arm,static,"(92,)",300,W25,75,0.0010863289848244877,1.0978324726260313,0.8748762053504039,1.097833010098917,-4.014432907104492,3.986706018447876,0.0,0.0
thrower__thrower_arm__static__seed_002,/home/rowanli.tangalin/tpr/tpr/results/hpc_rq1/nominal/thrower/thrower_arm/static/seed_002,1df60a7c62887d6eee069f8bfab8f2c47c9bcea99bdb8b5155e45b8ba7400be8,5587af88328578ecd8bebcb869113db1acdbcd264c6208dbd0aeb591e3479b4f,2,0,4709125304908105630,1244304497912131803,Thrower-v0,thrower_arm,static,"(92,)",300,W50,150,0.0010863289848244877,1.0978324726260313,0.8748762053504039,1.097833010098917,-4.014432907104492,3.986706018447876,0.0,0.0
thrower__thrower_arm__static__seed_002,/home/rowanli.tangalin/tpr/tpr/results/hpc_rq1/nominal/thrower/thrower_arm/static/seed_002,1df60a7c62887d6eee069f8bfab8f2c47c9bcea99bdb8b5155e45b8ba7400be8,5587af88328578ecd8bebcb869113db1acdbcd264c6208dbd0aeb591e3479b4f,2,0,4709125304908105630,1244304497912131803,Thrower-v0,thrower_arm,static,"(92,)",300,W75,225,0.0010863289848244877,1.0978324726260313,0.8748762053504039,1.097833010098917,-4.014432907104492,3.986706018447876,0.0,0.0
thrower__thrower_arm__static__seed_002,/home/rowanli.tangalin/tpr/tpr/results/hpc_rq1/nominal/thrower/thrower_arm/static/seed_002,1df60a7c62887d6eee069f8bfab8f2c47c9bcea99bdb8b5155e45b8ba7400be8,5587af88328578ecd8bebcb869113db1acdbcd264c6208dbd0aeb591e3479b4f,2,0,4709125304908105630,1244304497912131803,Thrower-v0,thrower_arm,static,"(92,)",300,Wfinal,300,0.0010863289848244877,1.0978324726260313,0.8748762053504039,1.097833010098917,-4.014432907104492,3.986706018447876,0.0,0.0
thrower__thrower_arm__static__seed_002,/home/rowanli.tangalin/tpr/tpr/results/hpc_rq1/nominal/thrower/thrower_arm/static/seed_002,1df60a7c62887d6eee069f8bfab8f2c47c9bcea99bdb8b5155e45b8ba7400be8,5587af88328578ecd8bebcb869113db1acdbcd264c6208dbd0aeb591e3479b4f,2,1,6789895730674132307,2935584579999248951,Thrower-v0,thrower_arm,static,"(92,)",300,W0,0,0.0010863289848244877,1.0978324726260313,0.8748762053504039,1.097833010098917,-4.014432907104492,3.986706018447876,0.0,0.0
thrower__thrower_arm__static__seed_002,/home/rowanli.tangalin/tpr/tpr/results/hpc_rq1/nominal/thrower/thrower_arm/static/seed_002,1df60a7c62887d6eee069f8bfab8f2c47c9bcea99bdb8b5155e45b8ba7400be8,5587af88328578ecd8bebcb869113db1acdbcd264c6208dbd0aeb591e3479b4f,2,1,6789895730674132307,2935584579999248951,Thrower-v0,thrower_arm,static,"(92,)",300,W25,75,0.0010863289848244877,1.0978324726260313,0.8748762053504039,1.097833010098917,-4.014432907104492,3.986706018447876,0.0,0.0
thrower__thrower_arm__static__seed_002,/home/rowanli.tangalin/tpr/tpr/results/hpc_rq1/nominal/thrower/thrower_arm/static/seed_002,1df60a7c62887d6eee069f8bfab8f2c47c9bcea99bdb8b5155e45b8ba7400be8,5587af88328578ecd8bebcb869113db1acdbcd264c6208dbd0aeb591e3479b4f,2,1,6789895730674132307,2935584579999248951,Thrower-v0,thrower_arm,static,"(92,)",300,W50,150,0.0010863289848244877,1.0978324726260313,0.8748762053504039,1.097833010098917,-4.014432907104492,3.986706018447876,0.0,0.0
thrower__thrower_arm__static__seed_002,/home/rowanli.tangalin/tpr/tpr/results/hpc_rq1/nominal/thrower/thrower_arm/static/seed_002,1df60a7c62887d6eee069f8bfab8f2c47c9bcea99bdb8b5155e45b8ba7400be8,5587af88328578ecd8bebcb869113db1acdbcd264c6208dbd0aeb591e3479b4f,2,1,6789895730674132307,2935584579999248951,Thrower-v0,thrower_arm,static,"(92,)",300,W75,225,0.0010863289848244877,1.0978324726260313,0.8748762053504039,1.097833010098917,-4.014432907104492,3.986706018447876,0.0,0.0
thrower__thrower_arm__static__seed_002,/home/rowanli.tangalin/tpr/tpr/results/hpc_rq1/nominal/thrower/thrower_arm/static/seed_002,1df60a7c62887d6eee069f8bfab8f2c47c9bcea99bdb8b5155e45b8ba7400be8,5587af88328578ecd8bebcb869113db1acdbcd264c6208dbd0aeb591e3479b4f,2,1,6789895730674132307,2935584579999248951,Thrower-v0,thrower_arm,static,"(92,)",300,Wfinal,300,0.0010863289848244877,1.0978324726260313,0.8748762053504039,1.097833010098917,-4.014432907104492,3.986706018447876,0.0,0.0
thrower__thrower_arm__static__seed_002,/home/rowanli.tangalin/tpr/tpr/results/hpc_rq1/nominal/thrower/thrower_arm/static/seed_002,1df60a7c62887d6eee069f8bfab8f2c47c9bcea99bdb8b5155e45b8ba7400be8,5587af88328578ecd8bebcb869113db1acdbcd264c6208dbd0aeb591e3479b4f,2,2,2298876442789069326,7237655472595637189,Thrower-v0,thrower_arm,static,"(92,)",300,W0,0,0.0010863289848244877,1.0978324726260313,0.8748762053504039,1.097833010098917,-4.014432907104492,3.986706018447876,0.0,0.0
thrower__thrower_arm__static__seed_002,/home/rowanli.tangalin/tpr/tpr/results/hpc_rq1/nominal/thrower/thrower_arm/static/seed_002,1df60a7c62887d6eee069f8bfab8f2c47c9bcea99bdb8b5155e45b8ba7400be8,5587af88328578ecd8bebcb869113db1acdbcd264c6208dbd0aeb591e3479b4f,2,2,2298876442789069326,7237655472595637189,Thrower-v0,thrower_arm,static,"(92,)",300,W25,75,0.0010863289848244877,1.0978324726260313,0.8748762053504039,1.097833010098917,-4.014432907104492,3.986706018447876,0.0,0.0
thrower__thrower_arm__static__seed_002,/home/rowanli.tangalin/tpr/tpr/results/hpc_rq1/nominal/thrower/thrower_arm/static/seed_002,1df60a7c62887d6eee069f8bfab8f2c47c9bcea99bdb8b5155e45b8ba7400be8,5587af88328578ecd8bebcb869113db1acdbcd264c6208dbd0aeb591e3479b4f,2,2,2298876442789069326,7237655472595637189,Thrower-v0,thrower_arm,static,"(92,)",300,W50,150,0.0010863289848244877,1.0978324726260313,0.8748762053504039,1.097833010098917,-4.014432907104492,3.986706018447876,0.0,0.0
thrower__thrower_arm__static__seed_002,/home/rowanli.tangalin/tpr/tpr/results/hpc_rq1/nominal/thrower/thrower_arm/static/seed_002,1df60a7c62887d6eee069f8bfab8f2c47c9bcea99bdb8b5155e45b8ba7400be8,5587af88328578ecd8bebcb869113db1acdbcd264c6208dbd0aeb591e3479b4f,2,2,2298876442789069326,7237655472595637189,Thrower-v0,thrower_arm,static,"(92,)",300,W75,225,0.0010863289848244877,1.0978324726260313,0.8748762053504039,1.097833010098917,-4.014432907104492,3.986706018447876,0.0,0.0
thrower__thrower_arm__static__seed_002,/home/rowanli.tangalin/tpr/tpr/results/hpc_rq1/nominal/thrower/thrower_arm/static/seed_002,1df60a7c62887d6eee069f8bfab8f2c47c9bcea99bdb8b5155e45b8ba7400be8,5587af88328578ecd8bebcb869113db1acdbcd264c6208dbd0aeb591e3479b4f,2,2,2298876442789069326,7237655472595637189,Thrower-v0,thrower_arm,static,"(92,)",300,Wfinal,300,0.0010863289848244877,1.0978324726260313,0.8748762053504039,1.097833010098917,-4.014432907104492,3.986706018447876,0.0,0.0
thrower__thrower_arm__static__seed_003,/home/rowanli.tangalin/tpr/tpr/results/hpc_rq1/nominal/thrower/thrower_arm/static/seed_003,c95209fe44a5983bdc5726497bb9b6962eed5764ed119cd29bef7c4deaea1b1e,cc04d531a5b8882085dd5c2fd75b85c8ba3af6b1e68ce14da7af2fca11fbe31a,3,0,6875887065855152501,8328361779180904825,Thrower-v0,thrower_arm,static,"(92,)",300,W0,0,0.003704105219554721,1.1545116449935218,0.923142786877264,1.1545175870557907,-4.636040210723877,4.767555236816406,0.0,0.0
thrower__thrower_arm__static__seed_003,/home/rowanli.tangalin/tpr/tpr/results/hpc_rq1/nominal/thrower/thrower_arm/static/seed_003,c95209fe44a5983bdc5726497bb9b6962eed5764ed119cd29bef7c4deaea1b1e,cc04d531a5b8882085dd5c2fd75b85c8ba3af6b1e68ce14da7af2fca11fbe31a,3,0,6875887065855152501,8328361779180904825,Thrower-v0,thrower_arm,static,"(92,)",300,W25,75,0.003704105219554721,1.1545116449935218,0.923142786877264,1.1545175870557907,-4.636040210723877,4.767555236816406,0.0,0.0
thrower__thrower_arm__static__seed_003,/home/rowanli.tangalin/tpr/tpr/results/hpc_rq1/nominal/thrower/thrower_arm/static/seed_003,c95209fe44a5983bdc5726497bb9b6962eed5764ed119cd29bef7c4deaea1b1e,cc04d531a5b8882085dd5c2fd75b85c8ba3af6b1e68ce14da7af2fca11fbe31a,3,0,6875887065855152501,8328361779180904825,Thrower-v0,thrower_arm,static,"(92,)",300,W50,150,0.003704105219554721,1.1545116449935218,0.923142786877264,1.1545175870557907,-4.636040210723877,4.767555236816406,0.0,0.0
thrower__thrower_arm__static__seed_003,/home/rowanli.tangalin/tpr/tpr/results/hpc_rq1/nominal/thrower/thrower_arm/static/seed_003,c95209fe44a5983bdc5726497bb9b6962eed5764ed119cd29bef7c4deaea1b1e,cc04d531a5b8882085dd5c2fd75b85c8ba3af6b1e68ce14da7af2fca11fbe31a,3,0,6875887065855152501,8328361779180904825,Thrower-v0,thrower_arm,static,"(92,)",300,W75,225,0.003704105219554721,1.1545116449935218,0.923142786877264,1.1545175870557907,-4.636040210723877,4.767555236816406,0.0,0.0
thrower__thrower_arm__static__seed_003,/home/rowanli.tangalin/tpr/tpr/results/hpc_rq1/nominal/thrower/thrower_arm/static/seed_003,c95209fe44a5983bdc5726497bb9b6962eed5764ed119cd29bef7c4deaea1b1e,cc04d531a5b8882085dd5c2fd75b85c8ba3af6b1e68ce14da7af2fca11fbe31a,3,0,6875887065855152501,8328361779180904825,Thrower-v0,thrower_arm,static,"(92,)",300,Wfinal,300,0.003704105219554721,1.1545116449935218,0.923142786877264,1.1545175870557907,-4.636040210723877,4.767555236816406,0.0,0.0
thrower__thrower_arm__static__seed_003,/home/rowanli.tangalin/tpr/tpr/results/hpc_rq1/nominal/thrower/thrower_arm/static/seed_003,c95209fe44a5983bdc5726497bb9b6962eed5764ed119cd29bef7c4deaea1b1e,cc04d531a5b8882085dd5c2fd75b85c8ba3af6b1e68ce14da7af2fca11fbe31a,3,1,2344851983452959862,6171704884853545157,Thrower-v0,thrower_arm,static,"(92,)",300,W0,0,0.003704105219554721,1.1545116449935218,0.923142786877264,1.1545175870557907,-4.636040210723877,4.767555236816406,0.0,0.0
thrower__thrower_arm__static__seed_003,/home/rowanli.tangalin/tpr/tpr/results/hpc_rq1/nominal/thrower/thrower_arm/static/seed_003,c95209fe44a5983bdc5726497bb9b6962eed5764ed119cd29bef7c4deaea1b1e,cc04d531a5b8882085dd5c2fd75b85c8ba3af6b1e68ce14da7af2fca11fbe31a,3,1,2344851983452959862,6171704884853545157,Thrower-v0,thrower_arm,static,"(92,)",300,W25,75,0.003704105219554721,1.1545116449935218,0.923142786877264,1.1545175870557907,-4.636040210723877,4.767555236816406,0.0,0.0
thrower__thrower_arm__static__seed_003,/home/rowanli.tangalin/tpr/tpr/results/hpc_rq1/nominal/thrower/thrower_arm/static/seed_003,c95209fe44a5983bdc5726497bb9b6962eed5764ed119cd29bef7c4deaea1b1e,cc04d531a5b8882085dd5c2fd75b85c8ba3af6b1e68ce14da7af2fca11fbe31a,3,1,2344851983452959862,6171704884853545157,Thrower-v0,thrower_arm,static,"(92,)",300,W50,150,0.003704105219554721,1.1545116449935218,0.923142786877264,1.1545175870557907,-4.636040210723877,4.767555236816406,0.0,0.0
thrower__thrower_arm__static__seed_003,/home/rowanli.tangalin/tpr/tpr/results/hpc_rq1/nominal/thrower/thrower_arm/static/seed_003,c95209fe44a5983bdc5726497bb9b6962eed5764ed119cd29bef7c4deaea1b1e,cc04d531a5b8882085dd5c2fd75b85c8ba3af6b1e68ce14da7af2fca11fbe31a,3,1,2344851983452959862,6171704884853545157,Thrower-v0,thrower_arm,static,"(92,)",300,W75,225,0.003704105219554721,1.1545116449935218,0.923142786877264,1.1545175870557907,-4.636040210723877,4.767555236816406,0.0,0.0
thrower__thrower_arm__static__seed_003,/home/rowanli.tangalin/tpr/tpr/results/hpc_rq1/nominal/thrower/thrower_arm/static/seed_003,c95209fe44a5983bdc5726497bb9b6962eed5764ed119cd29bef7c4deaea1b1e,cc04d531a5b8882085dd5c2fd75b85c8ba3af6b1e68ce14da7af2fca11fbe31a,3,1,2344851983452959862,6171704884853545157,Thrower-v0,thrower_arm,static,"(92,)",300,Wfinal,300,0.003704105219554721,1.1545116449935218,0.923142786877264,1.1545175870557907,-4.636040210723877,4.767555236816406,0.0,0.0
thrower__thrower_arm__static__seed_003,/home/rowanli.tangalin/tpr/tpr/results/hpc_rq1/nominal/thrower/thrower_arm/static/seed_003,c95209fe44a5983bdc5726497bb9b6962eed5764ed119cd29bef7c4deaea1b1e,cc04d531a5b8882085dd5c2fd75b85c8ba3af6b1e68ce14da7af2fca11fbe31a,3,2,3189270387817152734,2268335290108042879,Thrower-v0,thrower_arm,static,"(92,)",300,W0,0,0.003704105219554721,1.1545116449935218,0.923142786877264,1.1545175870557907,-4.636040210723877,4.767555236816406,0.0,0.0
thrower__thrower_arm__static__seed_003,/home/rowanli.tangalin/tpr/tpr/results/hpc_rq1/nominal/thrower/thrower_arm/static/seed_003,c95209fe44a5983bdc5726497bb9b6962eed5764ed119cd29bef7c4deaea1b1e,cc04d531a5b8882085dd5c2fd75b85c8ba3af6b1e68ce14da7af2fca11fbe31a,3,2,3189270387817152734,2268335290108042879,Thrower-v0,thrower_arm,static,"(92,)",300,W25,75,0.003704105219554721,1.1545116449935218,0.923142786877264,1.1545175870557907,-4.636040210723877,4.767555236816406,0.0,0.0
thrower__thrower_arm__static__seed_003,/home/rowanli.tangalin/tpr/tpr/results/hpc_rq1/nominal/thrower/thrower_arm/static/seed_003,c95209fe44a5983bdc5726497bb9b6962eed5764ed119cd29bef7c4deaea1b1e,cc04d531a5b8882085dd5c2fd75b85c8ba3af6b1e68ce14da7af2fca11fbe31a,3,2,3189270387817152734,2268335290108042879,Thrower-v0,thrower_arm,static,"(92,)",300,W50,150,0.003704105219554721,1.1545116449935218,0.923142786877264,1.1545175870557907,-4.636040210723877,4.767555236816406,0.0,0.0
thrower__thrower_arm__static__seed_003,/home/rowanli.tangalin/tpr/tpr/results/hpc_rq1/nominal/thrower/thrower_arm/static/seed_003,c95209fe44a5983bdc5726497bb9b6962eed5764ed119cd29bef7c4deaea1b1e,cc04d531a5b8882085dd5c2fd75b85c8ba3af6b1e68ce14da7af2fca11fbe31a,3,2,3189270387817152734,2268335290108042879,Thrower-v0,thrower_arm,static,"(92,)",300,W75,225,0.003704105219554721,1.1545116449935218,0.923142786877264,1.1545175870557907,-4.636040210723877,4.767555236816406,0.0,0.0
thrower__thrower_arm__static__seed_003,/home/rowanli.tangalin/tpr/tpr/results/hpc_rq1/nominal/thrower/thrower_arm/static/seed_003,c95209fe44a5983bdc5726497bb9b6962eed5764ed119cd29bef7c4deaea1b1e,cc04d531a5b8882085dd5c2fd75b85c8ba3af6b1e68ce14da7af2fca11fbe31a,3,2,3189270387817152734,2268335290108042879,Thrower-v0,thrower_arm,static,"(92,)",300,Wfinal,300,0.003704105219554721,1.1545116449935218,0.923142786877264,1.1545175870557907,-4.636040210723877,4.767555236816406,0.0,0.0
thrower__thrower_arm__static__seed_004,/home/rowanli.tangalin/tpr/tpr/results/hpc_rq1/nominal/thrower/thrower_arm/static/seed_004,b06f28efcacfec3b07cdba209fba942ea3cab7698aa073dcdc8d05184f97c944,f39a7265e863e24386d1c17176fb05e4d3ab20329e3ba66e8bb38ed11b05528e,4,0,4675618027918977294,6264005447694142635,Thrower-v0,thrower_arm,static,"(92,)",300,W0,0,0.011131211524968364,0.9086406432687879,0.7244633632139846,0.908708821608952,-3.595665216445923,3.1877944469451904,0.0,0.0
thrower__thrower_arm__static__seed_004,/home/rowanli.tangalin/tpr/tpr/results/hpc_rq1/nominal/thrower/thrower_arm/static/seed_004,b06f28efcacfec3b07cdba209fba942ea3cab7698aa073dcdc8d05184f97c944,f39a7265e863e24386d1c17176fb05e4d3ab20329e3ba66e8bb38ed11b05528e,4,0,4675618027918977294,6264005447694142635,Thrower-v0,thrower_arm,static,"(92,)",300,W25,75,0.011131211524968364,0.9086406432687879,0.7244633632139846,0.908708821608952,-3.595665216445923,3.1877944469451904,0.0,0.0
thrower__thrower_arm__static__seed_004,/home/rowanli.tangalin/tpr/tpr/results/hpc_rq1/nominal/thrower/thrower_arm/static/seed_004,b06f28efcacfec3b07cdba209fba942ea3cab7698aa073dcdc8d05184f97c944,f39a7265e863e24386d1c17176fb05e4d3ab20329e3ba66e8bb38ed11b05528e,4,0,4675618027918977294,6264005447694142635,Thrower-v0,thrower_arm,static,"(92,)",300,W50,150,0.011131211524968364,0.9086406432687879,0.7244633632139846,0.908708821608952,-3.595665216445923,3.1877944469451904,0.0,0.0
thrower__thrower_arm__static__seed_004,/home/rowanli.tangalin/tpr/tpr/results/hpc_rq1/nominal/thrower/thrower_arm/static/seed_004,b06f28efcacfec3b07cdba209fba942ea3cab7698aa073dcdc8d05184f97c944,f39a7265e863e24386d1c17176fb05e4d3ab20329e3ba66e8bb38ed11b05528e,4,0,4675618027918977294,6264005447694142635,Thrower-v0,thrower_arm,static,"(92,)",300,W75,225,0.011131211524968364,0.9086406432687879,0.7244633632139846,0.908708821608952,-3.595665216445923,3.1877944469451904,0.0,0.0
thrower__thrower_arm__static__seed_004,/home/rowanli.tangalin/tpr/tpr/results/hpc_rq1/nominal/thrower/thrower_arm/static/seed_004,b06f28efcacfec3b07cdba209fba942ea3cab7698aa073dcdc8d05184f97c944,f39a7265e863e24386d1c17176fb05e4d3ab20329e3ba66e8bb38ed11b05528e,4,0,4675618027918977294,6264005447694142635,Thrower-v0,thrower_arm,static,"(92,)",300,Wfinal,300,0.011131211524968364,0.9086406432687879,0.7244633632139846,0.908708821608952,-3.595665216445923,3.1877944469451904,0.0,0.0
thrower__thrower_arm__static__seed_004,/home/rowanli.tangalin/tpr/tpr/results/hpc_rq1/nominal/thrower/thrower_arm/static/seed_004,b06f28efcacfec3b07cdba209fba942ea3cab7698aa073dcdc8d05184f97c944,f39a7265e863e24386d1c17176fb05e4d3ab20329e3ba66e8bb38ed11b05528e,4,1,1776748932738538903,3330744174114140836,Thrower-v0,thrower_arm,static,"(92,)",300,W0,0,0.011131211524968364,0.9086406432687879,0.7244633632139846,0.908708821608952,-3.595665216445923,3.1877944469451904,0.0,0.0
thrower__thrower_arm__static__seed_004,/home/rowanli.tangalin/tpr/tpr/results/hpc_rq1/nominal/thrower/thrower_arm/static/seed_004,b06f28efcacfec3b07cdba209fba942ea3cab7698aa073dcdc8d05184f97c944,f39a7265e863e24386d1c17176fb05e4d3ab20329e3ba66e8bb38ed11b05528e,4,1,1776748932738538903,3330744174114140836,Thrower-v0,thrower_arm,static,"(92,)",300,W25,75,0.011131211524968364,0.9086406432687879,0.7244633632139846,0.908708821608952,-3.595665216445923,3.1877944469451904,0.0,0.0
thrower__thrower_arm__static__seed_004,/home/rowanli.tangalin/tpr/tpr/results/hpc_rq1/nominal/thrower/thrower_arm/static/seed_004,b06f28efcacfec3b07cdba209fba942ea3cab7698aa073dcdc8d05184f97c944,f39a7265e863e24386d1c17176fb05e4d3ab20329e3ba66e8bb38ed11b05528e,4,1,1776748932738538903,3330744174114140836,Thrower-v0,thrower_arm,static,"(92,)",300,W50,150,0.011131211524968364,0.9086406432687879,0.7244633632139846,0.908708821608952,-3.595665216445923,3.1877944469451904,0.0,0.0
thrower__thrower_arm__static__seed_004,/home/rowanli.tangalin/tpr/tpr/results/hpc_rq1/nominal/thrower/thrower_arm/static/seed_004,b06f28efcacfec3b07cdba209fba942ea3cab7698aa073dcdc8d05184f97c944,f39a7265e863e24386d1c17176fb05e4d3ab20329e3ba66e8bb38ed11b05528e,4,1,1776748932738538903,3330744174114140836,Thrower-v0,thrower_arm,static,"(92,)",300,W75,225,0.011131211524968364,0.9086406432687879,0.7244633632139846,0.908708821608952,-3.595665216445923,3.1877944469451904,0.0,0.0
thrower__thrower_arm__static__seed_004,/home/rowanli.tangalin/tpr/tpr/results/hpc_rq1/nominal/thrower/thrower_arm/static/seed_004,b06f28efcacfec3b07cdba209fba942ea3cab7698aa073dcdc8d05184f97c944,f39a7265e863e24386d1c17176fb05e4d3ab20329e3ba66e8bb38ed11b05528e,4,1,1776748932738538903,3330744174114140836,Thrower-v0,thrower_arm,static,"(92,)",300,Wfinal,300,0.011131211524968364,0.9086406432687879,0.7244633632139846,0.908708821608952,-3.595665216445923,3.1877944469451904,0.0,0.0
thrower__thrower_arm__static__seed_004,/home/rowanli.tangalin/tpr/tpr/results/hpc_rq1/nominal/thrower/thrower_arm/static/seed_004,b06f28efcacfec3b07cdba209fba942ea3cab7698aa073dcdc8d05184f97c944,f39a7265e863e24386d1c17176fb05e4d3ab20329e3ba66e8bb38ed11b05528e,4,2,1844154726293175647,4425154243183907800,Thrower-v0,thrower_arm,static,"(92,)",300,W0,0,0.011131211524968364,0.9086406432687879,0.7244633632139846,0.908708821608952,-3.595665216445923,3.1877944469451904,0.0,0.0
thrower__thrower_arm__static__seed_004,/home/rowanli.tangalin/tpr/tpr/results/hpc_rq1/nominal/thrower/thrower_arm/static/seed_004,b06f28efcacfec3b07cdba209fba942ea3cab7698aa073dcdc8d05184f97c944,f39a7265e863e24386d1c17176fb05e4d3ab20329e3ba66e8bb38ed11b05528e,4,2,1844154726293175647,4425154243183907800,Thrower-v0,thrower_arm,static,"(92,)",300,W25,75,0.011131211524968364,0.9086406432687879,0.7244633632139846,0.908708821608952,-3.595665216445923,3.1877944469451904,0.0,0.0
thrower__thrower_arm__static__seed_004,/home/rowanli.tangalin/tpr/tpr/results/hpc_rq1/nominal/thrower/thrower_arm/static/seed_004,b06f28efcacfec3b07cdba209fba942ea3cab7698aa073dcdc8d05184f97c944,f39a7265e863e24386d1c17176fb05e4d3ab20329e3ba66e8bb38ed11b05528e,4,2,1844154726293175647,4425154243183907800,Thrower-v0,thrower_arm,static,"(92,)",300,W50,150,0.011131211524968364,0.9086406432687879,0.7244633632139846,0.908708821608952,-3.595665216445923,3.1877944469451904,0.0,0.0
thrower__thrower_arm__static__seed_004,/home/rowanli.tangalin/tpr/tpr/results/hpc_rq1/nominal/thrower/thrower_arm/static/seed_004,b06f28efcacfec3b07cdba209fba942ea3cab7698aa073dcdc8d05184f97c944,f39a7265e863e24386d1c17176fb05e4d3ab20329e3ba66e8bb38ed11b05528e,4,2,1844154726293175647,4425154243183907800,Thrower-v0,thrower_arm,static,"(92,)",300,W75,225,0.011131211524968364,0.9086406432687879,0.7244633632139846,0.908708821608952,-3.595665216445923,3.1877944469451904,0.0,0.0
thrower__thrower_arm__static__seed_004,/home/rowanli.tangalin/tpr/tpr/results/hpc_rq1/nominal/thrower/thrower_arm/static/seed_004,b06f28efcacfec3b07cdba209fba942ea3cab7698aa073dcdc8d05184f97c944,f39a7265e863e24386d1c17176fb05e4d3ab20329e3ba66e8bb38ed11b05528e,4,2,1844154726293175647,4425154243183907800,Thrower-v0,thrower_arm,static,"(92,)",300,Wfinal,300,0.011131211524968364,0.9086406432687879,0.7244633632139846,0.908708821608952,-3.595665216445923,3.1877944469451904,0.0,0.0
thrower__thrower_arm__static__seed_005,/home/rowanli.tangalin/tpr/tpr/results/hpc_rq1/nominal/thrower/thrower_arm/static/seed_005,0064e07613b39b0530b3642f86795ded55f91ce48b9556495aaaaac138946111,ee971b67a3757e1dc702c3483e2fd332d2a77ba13677924cc85af438907a5cc6,5,0,6537336262564968459,5568806234066008283,Thrower-v0,thrower_arm,static,"(92,)",300,W0,0,-0.015684686366119027,1.0658323703252615,0.8519305020871909,1.065947771243774,-4.00029182434082,3.990269422531128,0.0,0.0
thrower__thrower_arm__static__seed_005,/home/rowanli.tangalin/tpr/tpr/results/hpc_rq1/nominal/thrower/thrower_arm/static/seed_005,0064e07613b39b0530b3642f86795ded55f91ce48b9556495aaaaac138946111,ee971b67a3757e1dc702c3483e2fd332d2a77ba13677924cc85af438907a5cc6,5,0,6537336262564968459,5568806234066008283,Thrower-v0,thrower_arm,static,"(92,)",300,W25,75,-0.015684686366119027,1.0658323703252615,0.8519305020871909,1.065947771243774,-4.00029182434082,3.990269422531128,0.0,0.0
thrower__thrower_arm__static__seed_005,/home/rowanli.tangalin/tpr/tpr/results/hpc_rq1/nominal/thrower/thrower_arm/static/seed_005,0064e07613b39b0530b3642f86795ded55f91ce48b9556495aaaaac138946111,ee971b67a3757e1dc702c3483e2fd332d2a77ba13677924cc85af438907a5cc6,5,0,6537336262564968459,5568806234066008283,Thrower-v0,thrower_arm,static,"(92,)",300,W50,150,-0.015684686366119027,1.0658323703252615,0.8519305020871909,1.065947771243774,-4.00029182434082,3.990269422531128,0.0,0.0
thrower__thrower_arm__static__seed_005,/home/rowanli.tangalin/tpr/tpr/results/hpc_rq1/nominal/thrower/thrower_arm/static/seed_005,0064e07613b39b0530b3642f86795ded55f91ce48b9556495aaaaac138946111,ee971b67a3757e1dc702c3483e2fd332d2a77ba13677924cc85af438907a5cc6,5,0,6537336262564968459,5568806234066008283,Thrower-v0,thrower_arm,static,"(92,)",300,W75,225,-0.015684686366119027,1.0658323703252615,0.8519305020871909,1.065947771243774,-4.00029182434082,3.990269422531128,0.0,0.0
thrower__thrower_arm__static__seed_005,/home/rowanli.tangalin/tpr/tpr/results/hpc_rq1/nominal/thrower/thrower_arm/static/seed_005,0064e07613b39b0530b3642f86795ded55f91ce48b9556495aaaaac138946111,ee971b67a3757e1dc702c3483e2fd332d2a77ba13677924cc85af438907a5cc6,5,0,6537336262564968459,5568806234066008283,Thrower-v0,thrower_arm,static,"(92,)",300,Wfinal,300,-0.015684686366119027,1.0658323703252615,0.8519305020871909,1.065947771243774,-4.00029182434082,3.990269422531128,0.0,0.0
thrower__thrower_arm__static__seed_005,/home/rowanli.tangalin/tpr/tpr/results/hpc_rq1/nominal/thrower/thrower_arm/static/seed_005,0064e07613b39b0530b3642f86795ded55f91ce48b9556495aaaaac138946111,ee971b67a3757e1dc702c3483e2fd332d2a77ba13677924cc85af438907a5cc6,5,1,7847246716821455116,5175985587420486963,Thrower-v0,thrower_arm,static,"(92,)",300,W0,0,-0.015684686366119027,1.0658323703252615,0.8519305020871909,1.065947771243774,-4.00029182434082,3.990269422531128,0.0,0.0
thrower__thrower_arm__static__seed_005,/home/rowanli.tangalin/tpr/tpr/results/hpc_rq1/nominal/thrower/thrower_arm/static/seed_005,0064e07613b39b0530b3642f86795ded55f91ce48b9556495aaaaac138946111,ee971b67a3757e1dc702c3483e2fd332d2a77ba13677924cc85af438907a5cc6,5,1,7847246716821455116,5175985587420486963,Thrower-v0,thrower_arm,static,"(92,)",300,W25,75,-0.015684686366119027,1.0658323703252615,0.8519305020871909,1.065947771243774,-4.00029182434082,3.990269422531128,0.0,0.0
thrower__thrower_arm__static__seed_005,/home/rowanli.tangalin/tpr/tpr/results/hpc_rq1/nominal/thrower/thrower_arm/static/seed_005,0064e07613b39b0530b3642f86795ded55f91ce48b9556495aaaaac138946111,ee971b67a3757e1dc702c3483e2fd332d2a77ba13677924cc85af438907a5cc6,5,1,7847246716821455116,5175985587420486963,Thrower-v0,thrower_arm,static,"(92,)",300,W50,150,-0.015684686366119027,1.0658323703252615,0.8519305020871909,1.065947771243774,-4.00029182434082,3.990269422531128,0.0,0.0
thrower__thrower_arm__static__seed_005,/home/rowanli.tangalin/tpr/tpr/results/hpc_rq1/nominal/thrower/thrower_arm/static/seed_005,0064e07613b39b0530b3642f86795ded55f91ce48b9556495aaaaac138946111,ee971b67a3757e1dc702c3483e2fd332d2a77ba13677924cc85af438907a5cc6,5,1,7847246716821455116,5175985587420486963,Thrower-v0,thrower_arm,static,"(92,)",300,W75,225,-0.015684686366119027,1.0658323703252615,0.8519305020871909,1.065947771243774,-4.00029182434082,3.990269422531128,0.0,0.0
thrower__thrower_arm__static__seed_005,/home/rowanli.tangalin/tpr/tpr/results/hpc_rq1/nominal/thrower/thrower_arm/static/seed_005,0064e07613b39b0530b3642f86795ded55f91ce48b9556495aaaaac138946111,ee971b67a3757e1dc702c3483e2fd332d2a77ba13677924cc85af438907a5cc6,5,1,7847246716821455116,5175985587420486963,Thrower-v0,thrower_arm,static,"(92,)",300,Wfinal,300,-0.015684686366119027,1.0658323703252615,0.8519305020871909,1.065947771243774,-4.00029182434082,3.990269422531128,0.0,0.0
thrower__thrower_arm__static__seed_005,/home/rowanli.tangalin/tpr/tpr/results/hpc_rq1/nominal/thrower/thrower_arm/static/seed_005,0064e07613b39b0530b3642f86795ded55f91ce48b9556495aaaaac138946111,ee971b67a3757e1dc702c3483e2fd332d2a77ba13677924cc85af438907a5cc6,5,2,8874890859321386193,4629262467755900572,Thrower-v0,thrower_arm,static,"(92,)",300,W0,0,-0.015684686366119027,1.0658323703252615,0.8519305020871909,1.065947771243774,-4.00029182434082,3.990269422531128,0.0,0.0
thrower__thrower_arm__static__seed_005,/home/rowanli.tangalin/tpr/tpr/results/hpc_rq1/nominal/thrower/thrower_arm/static/seed_005,0064e07613b39b0530b3642f86795ded55f91ce48b9556495aaaaac138946111,ee971b67a3757e1dc702c3483e2fd332d2a77ba13677924cc85af438907a5cc6,5,2,8874890859321386193,4629262467755900572,Thrower-v0,thrower_arm,static,"(92,)",300,W25,75,-0.015684686366119027,1.0658323703252615,0.8519305020871909,1.065947771243774,-4.00029182434082,3.990269422531128,0.0,0.0
thrower__thrower_arm__static__seed_005,/home/rowanli.tangalin/tpr/tpr/results/hpc_rq1/nominal/thrower/thrower_arm/static/seed_005,0064e07613b39b0530b3642f86795ded55f91ce48b9556495aaaaac138946111,ee971b67a3757e1dc702c3483e2fd332d2a77ba13677924cc85af438907a5cc6,5,2,8874890859321386193,4629262467755900572,Thrower-v0,thrower_arm,static,"(92,)",300,W50,150,-0.015684686366119027,1.0658323703252615,0.8519305020871909,1.065947771243774,-4.00029182434082,3.990269422531128,0.0,0.0
thrower__thrower_arm__static__seed_005,/home/rowanli.tangalin/tpr/tpr/results/hpc_rq1/nominal/thrower/thrower_arm/static/seed_005,0064e07613b39b0530b3642f86795ded55f91ce48b9556495aaaaac138946111,ee971b67a3757e1dc702c3483e2fd332d2a77ba13677924cc85af438907a5cc6,5,2,8874890859321386193,4629262467755900572,Thrower-v0,thrower_arm,static,"(92,)",300,W75,225,-0.015684686366119027,1.0658323703252615,0.8519305020871909,1.065947771243774,-4.00029182434082,3.990269422531128,0.0,0.0
thrower__thrower_arm__static__seed_005,/home/rowanli.tangalin/tpr/tpr/results/hpc_rq1/nominal/thrower/thrower_arm/static/seed_005,0064e07613b39b0530b3642f86795ded55f91ce48b9556495aaaaac138946111,ee971b67a3757e1dc702c3483e2fd332d2a77ba13677924cc85af438907a5cc6,5,2,8874890859321386193,4629262467755900572,Thrower-v0,thrower_arm,static,"(92,)",300,Wfinal,300,-0.015684686366119027,1.0658323703252615,0.8519305020871909,1.065947771243774,-4.00029182434082,3.990269422531128,0.0,0.0
thrower__thrower_arm__static__seed_006,/home/rowanli.tangalin/tpr/tpr/results/hpc_rq1/nominal/thrower/thrower_arm/static/seed_006,bc316b167c5f36fda1a0a24a6a99c16322d9a7aadfc000014e7dfaa729d79a3e,2b69e0f18d090166aaa99ae085e2e2b006a81061b538c8f7bcd14f9522a04f3d,6,0,4697810511805331226,1837341966890607914,Thrower-v0,thrower_arm,static,"(92,)",300,W0,0,-0.0015070546262531126,1.3270732849306395,1.0558739260046448,1.3270741406531306,-5.474872589111328,5.044205188751221,0.0,0.0
thrower__thrower_arm__static__seed_006,/home/rowanli.tangalin/tpr/tpr/results/hpc_rq1/nominal/thrower/thrower_arm/static/seed_006,bc316b167c5f36fda1a0a24a6a99c16322d9a7aadfc000014e7dfaa729d79a3e,2b69e0f18d090166aaa99ae085e2e2b006a81061b538c8f7bcd14f9522a04f3d,6,0,4697810511805331226,1837341966890607914,Thrower-v0,thrower_arm,static,"(92,)",300,W25,75,-0.0015070546262531126,1.3270732849306395,1.0558739260046448,1.3270741406531306,-5.474872589111328,5.044205188751221,0.0,0.0
thrower__thrower_arm__static__seed_006,/home/rowanli.tangalin/tpr/tpr/results/hpc_rq1/nominal/thrower/thrower_arm/static/seed_006,bc316b167c5f36fda1a0a24a6a99c16322d9a7aadfc000014e7dfaa729d79a3e,2b69e0f18d090166aaa99ae085e2e2b006a81061b538c8f7bcd14f9522a04f3d,6,0,4697810511805331226,1837341966890607914,Thrower-v0,thrower_arm,static,"(92,)",300,W50,150,-0.0015070546262531126,1.3270732849306395,1.0558739260046448,1.3270741406531306,-5.474872589111328,5.044205188751221,0.0,0.0
thrower__thrower_arm__static__seed_006,/home/rowanli.tangalin/tpr/tpr/results/hpc_rq1/nominal/thrower/thrower_arm/static/seed_006,bc316b167c5f36fda1a0a24a6a99c16322d9a7aadfc000014e7dfaa729d79a3e,2b69e0f18d090166aaa99ae085e2e2b006a81061b538c8f7bcd14f9522a04f3d,6,0,4697810511805331226,1837341966890607914,Thrower-v0,thrower_arm,static,"(92,)",300,W75,225,-0.0015070546262531126,1.3270732849306395,1.0558739260046448,1.3270741406531306,-5.474872589111328,5.044205188751221,0.0,0.0
thrower__thrower_arm__static__seed_006,/home/rowanli.tangalin/tpr/tpr/results/hpc_rq1/nominal/thrower/thrower_arm/static/seed_006,bc316b167c5f36fda1a0a24a6a99c16322d9a7aadfc000014e7dfaa729d79a3e,2b69e0f18d090166aaa99ae085e2e2b006a81061b538c8f7bcd14f9522a04f3d,6,0,4697810511805331226,1837341966890607914,Thrower-v0,thrower_arm,static,"(92,)",300,Wfinal,300,-0.0015070546262531126,1.3270732849306395,1.0558739260046448,1.3270741406531306,-5.474872589111328,5.044205188751221,0.0,0.0
thrower__thrower_arm__static__seed_006,/home/rowanli.tangalin/tpr/tpr/results/hpc_rq1/nominal/thrower/thrower_arm/static/seed_006,bc316b167c5f36fda1a0a24a6a99c16322d9a7aadfc000014e7dfaa729d79a3e,2b69e0f18d090166aaa99ae085e2e2b006a81061b538c8f7bcd14f9522a04f3d,6,1,212357942801270703,7001556810303355477,Thrower-v0,thrower_arm,static,"(92,)",300,W0,0,-0.0015070546262531126,1.3270732849306395,1.0558739260046448,1.3270741406531306,-5.474872589111328,5.044205188751221,0.0,0.0
thrower__thrower_arm__static__seed_006,/home/rowanli.tangalin/tpr/tpr/results/hpc_rq1/nominal/thrower/thrower_arm/static/seed_006,bc316b167c5f36fda1a0a24a6a99c16322d9a7aadfc000014e7dfaa729d79a3e,2b69e0f18d090166aaa99ae085e2e2b006a81061b538c8f7bcd14f9522a04f3d,6,1,212357942801270703,7001556810303355477,Thrower-v0,thrower_arm,static,"(92,)",300,W25,75,-0.0015070546262531126,1.3270732849306395,1.0558739260046448,1.3270741406531306,-5.474872589111328,5.044205188751221,0.0,0.0
thrower__thrower_arm__static__seed_006,/home/rowanli.tangalin/tpr/tpr/results/hpc_rq1/nominal/thrower/thrower_arm/static/seed_006,bc316b167c5f36fda1a0a24a6a99c16322d9a7aadfc000014e7dfaa729d79a3e,2b69e0f18d090166aaa99ae085e2e2b006a81061b538c8f7bcd14f9522a04f3d,6,1,212357942801270703,7001556810303355477,Thrower-v0,thrower_arm,static,"(92,)",300,W50,150,-0.0015070546262531126,1.3270732849306395,1.0558739260046448,1.3270741406531306,-5.474872589111328,5.044205188751221,0.0,0.0
thrower__thrower_arm__static__seed_006,/home/rowanli.tangalin/tpr/tpr/results/hpc_rq1/nominal/thrower/thrower_arm/static/seed_006,bc316b167c5f36fda1a0a24a6a99c16322d9a7aadfc000014e7dfaa729d79a3e,2b69e0f18d090166aaa99ae085e2e2b006a81061b538c8f7bcd14f9522a04f3d,6,1,212357942801270703,7001556810303355477,Thrower-v0,thrower_arm,static,"(92,)",300,W75,225,-0.0015070546262531126,1.3270732849306395,1.0558739260046448,1.3270741406531306,-5.474872589111328,5.044205188751221,0.0,0.0
thrower__thrower_arm__static__seed_006,/home/rowanli.tangalin/tpr/tpr/results/hpc_rq1/nominal/thrower/thrower_arm/static/seed_006,bc316b167c5f36fda1a0a24a6a99c16322d9a7aadfc000014e7dfaa729d79a3e,2b69e0f18d090166aaa99ae085e2e2b006a81061b538c8f7bcd14f9522a04f3d,6,1,212357942801270703,7001556810303355477,Thrower-v0,thrower_arm,static,"(92,)",300,Wfinal,300,-0.0015070546262531126,1.3270732849306395,1.0558739260046448,1.3270741406531306,-5.474872589111328,5.044205188751221,0.0,0.0
thrower__thrower_arm__static__seed_006,/home/rowanli.tangalin/tpr/tpr/results/hpc_rq1/nominal/thrower/thrower_arm/static/seed_006,bc316b167c5f36fda1a0a24a6a99c16322d9a7aadfc000014e7dfaa729d79a3e,2b69e0f18d090166aaa99ae085e2e2b006a81061b538c8f7bcd14f9522a04f3d,6,2,9197516287707139064,7789448062882196537,Thrower-v0,thrower_arm,static,"(92,)",300,W0,0,-0.0015070546262531126,1.3270732849306395,1.0558739260046448,1.3270741406531306,-5.474872589111328,5.044205188751221,0.0,0.0
thrower__thrower_arm__static__seed_006,/home/rowanli.tangalin/tpr/tpr/results/hpc_rq1/nominal/thrower/thrower_arm/static/seed_006,bc316b167c5f36fda1a0a24a6a99c16322d9a7aadfc000014e7dfaa729d79a3e,2b69e0f18d090166aaa99ae085e2e2b006a81061b538c8f7bcd14f9522a04f3d,6,2,9197516287707139064,7789448062882196537,Thrower-v0,thrower_arm,static,"(92,)",300,W25,75,-0.0015070546262531126,1.3270732849306395,1.0558739260046448,1.3270741406531306,-5.474872589111328,5.044205188751221,0.0,0.0
thrower__thrower_arm__static__seed_006,/home/rowanli.tangalin/tpr/tpr/results/hpc_rq1/nominal/thrower/thrower_arm/static/seed_006,bc316b167c5f36fda1a0a24a6a99c16322d9a7aadfc000014e7dfaa729d79a3e,2b69e0f18d090166aaa99ae085e2e2b006a81061b538c8f7bcd14f9522a04f3d,6,2,9197516287707139064,7789448062882196537,Thrower-v0,thrower_arm,static,"(92,)",300,W50,150,-0.0015070546262531126,1.3270732849306395,1.0558739260046448,1.3270741406531306,-5.474872589111328,5.044205188751221,0.0,0.0
thrower__thrower_arm__static__seed_006,/home/rowanli.tangalin/tpr/tpr/results/hpc_rq1/nominal/thrower/thrower_arm/static/seed_006,bc316b167c5f36fda1a0a24a6a99c16322d9a7aadfc000014e7dfaa729d79a3e,2b69e0f18d090166aaa99ae085e2e2b006a81061b538c8f7bcd14f9522a04f3d,6,2,9197516287707139064,7789448062882196537,Thrower-v0,thrower_arm,static,"(92,)",300,W75,225,-0.0015070546262531126,1.3270732849306395,1.0558739260046448,1.3270741406531306,-5.474872589111328,5.044205188751221,0.0,0.0
thrower__thrower_arm__static__seed_006,/home/rowanli.tangalin/tpr/tpr/results/hpc_rq1/nominal/thrower/thrower_arm/static/seed_006,bc316b167c5f36fda1a0a24a6a99c16322d9a7aadfc000014e7dfaa729d79a3e,2b69e0f18d090166aaa99ae085e2e2b006a81061b538c8f7bcd14f9522a04f3d,6,2,9197516287707139064,7789448062882196537,Thrower-v0,thrower_arm,static,"(92,)",300,Wfinal,300,-0.0015070546262531126,1.3270732849306395,1.0558739260046448,1.3270741406531306,-5.474872589111328,5.044205188751221,0.0,0.0
thrower__thrower_arm__static__seed_007,/home/rowanli.tangalin/tpr/tpr/results/hpc_rq1/nominal/thrower/thrower_arm/static/seed_007,8e7330b99b404d7b495394d15dbcf66d01526a3d5a2e805279242cde8f3f82fc,ae6406c0940ced745919fafba1898f15647bc26a633fd4ac8e5d432fb75b0242,7,0,7273538705011962834,3327181185902024434,Thrower-v0,thrower_arm,static,"(92,)",300,W0,0,-0.005187500191036756,0.9209140757340037,0.7349774459462314,0.9209286861876149,-3.709059238433838,3.6280252933502197,0.0,0.0
thrower__thrower_arm__static__seed_007,/home/rowanli.tangalin/tpr/tpr/results/hpc_rq1/nominal/thrower/thrower_arm/static/seed_007,8e7330b99b404d7b495394d15dbcf66d01526a3d5a2e805279242cde8f3f82fc,ae6406c0940ced745919fafba1898f15647bc26a633fd4ac8e5d432fb75b0242,7,0,7273538705011962834,3327181185902024434,Thrower-v0,thrower_arm,static,"(92,)",300,W25,75,-0.005187500191036756,0.9209140757340037,0.7349774459462314,0.9209286861876149,-3.709059238433838,3.6280252933502197,0.0,0.0
thrower__thrower_arm__static__seed_007,/home/rowanli.tangalin/tpr/tpr/results/hpc_rq1/nominal/thrower/thrower_arm/static/seed_007,8e7330b99b404d7b495394d15dbcf66d01526a3d5a2e805279242cde8f3f82fc,ae6406c0940ced745919fafba1898f15647bc26a633fd4ac8e5d432fb75b0242,7,0,7273538705011962834,3327181185902024434,Thrower-v0,thrower_arm,static,"(92,)",300,W50,150,-0.005187500191036756,0.9209140757340037,0.7349774459462314,0.9209286861876149,-3.709059238433838,3.6280252933502197,0.0,0.0
thrower__thrower_arm__static__seed_007,/home/rowanli.tangalin/tpr/tpr/results/hpc_rq1/nominal/thrower/thrower_arm/static/seed_007,8e7330b99b404d7b495394d15dbcf66d01526a3d5a2e805279242cde8f3f82fc,ae6406c0940ced745919fafba1898f15647bc26a633fd4ac8e5d432fb75b0242,7,0,7273538705011962834,3327181185902024434,Thrower-v0,thrower_arm,static,"(92,)",300,W75,225,-0.005187500191036756,0.9209140757340037,0.7349774459462314,0.9209286861876149,-3.709059238433838,3.6280252933502197,0.0,0.0
thrower__thrower_arm__static__seed_007,/home/rowanli.tangalin/tpr/tpr/results/hpc_rq1/nominal/thrower/thrower_arm/static/seed_007,8e7330b99b404d7b495394d15dbcf66d01526a3d5a2e805279242cde8f3f82fc,ae6406c0940ced745919fafba1898f15647bc26a633fd4ac8e5d432fb75b0242,7,0,7273538705011962834,3327181185902024434,Thrower-v0,thrower_arm,static,"(92,)",300,Wfinal,300,-0.005187500191036756,0.9209140757340037,0.7349774459462314,0.9209286861876149,-3.709059238433838,3.6280252933502197,0.0,0.0
thrower__thrower_arm__static__seed_007,/home/rowanli.tangalin/tpr/tpr/results/hpc_rq1/nominal/thrower/thrower_arm/static/seed_007,8e7330b99b404d7b495394d15dbcf66d01526a3d5a2e805279242cde8f3f82fc,ae6406c0940ced745919fafba1898f15647bc26a633fd4ac8e5d432fb75b0242,7,1,219581318861383269,6126904072154767176,Thrower-v0,thrower_arm,static,"(92,)",300,W0,0,-0.005187500191036756,0.9209140757340037,0.7349774459462314,0.9209286861876149,-3.709059238433838,3.6280252933502197,0.0,0.0
thrower__thrower_arm__static__seed_007,/home/rowanli.tangalin/tpr/tpr/results/hpc_rq1/nominal/thrower/thrower_arm/static/seed_007,8e7330b99b404d7b495394d15dbcf66d01526a3d5a2e805279242cde8f3f82fc,ae6406c0940ced745919fafba1898f15647bc26a633fd4ac8e5d432fb75b0242,7,1,219581318861383269,6126904072154767176,Thrower-v0,thrower_arm,static,"(92,)",300,W25,75,-0.005187500191036756,0.9209140757340037,0.7349774459462314,0.9209286861876149,-3.709059238433838,3.6280252933502197,0.0,0.0
thrower__thrower_arm__static__seed_007,/home/rowanli.tangalin/tpr/tpr/results/hpc_rq1/nominal/thrower/thrower_arm/static/seed_007,8e7330b99b404d7b495394d15dbcf66d01526a3d5a2e805279242cde8f3f82fc,ae6406c0940ced745919fafba1898f15647bc26a633fd4ac8e5d432fb75b0242,7,1,219581318861383269,6126904072154767176,Thrower-v0,thrower_arm,static,"(92,)",300,W50,150,-0.005187500191036756,0.9209140757340037,0.7349774459462314,0.9209286861876149,-3.709059238433838,3.6280252933502197,0.0,0.0
thrower__thrower_arm__static__seed_007,/home/rowanli.tangalin/tpr/tpr/results/hpc_rq1/nominal/thrower/thrower_arm/static/seed_007,8e7330b99b404d7b495394d15dbcf66d01526a3d5a2e805279242cde8f3f82fc,ae6406c0940ced745919fafba1898f15647bc26a633fd4ac8e5d432fb75b0242,7,1,219581318861383269,6126904072154767176,Thrower-v0,thrower_arm,static,"(92,)",300,W75,225,-0.005187500191036756,0.9209140757340037,0.7349774459462314,0.9209286861876149,-3.709059238433838,3.6280252933502197,0.0,0.0
thrower__thrower_arm__static__seed_007,/home/rowanli.tangalin/tpr/tpr/results/hpc_rq1/nominal/thrower/thrower_arm/static/seed_007,8e7330b99b404d7b495394d15dbcf66d01526a3d5a2e805279242cde8f3f82fc,ae6406c0940ced745919fafba1898f15647bc26a633fd4ac8e5d432fb75b0242,7,1,219581318861383269,6126904072154767176,Thrower-v0,thrower_arm,static,"(92,)",300,Wfinal,300,-0.005187500191036756,0.9209140757340037,0.7349774459462314,0.9209286861876149,-3.709059238433838,3.6280252933502197,0.0,0.0
thrower__thrower_arm__static__seed_007,/home/rowanli.tangalin/tpr/tpr/results/hpc_rq1/nominal/thrower/thrower_arm/static/seed_007,8e7330b99b404d7b495394d15dbcf66d01526a3d5a2e805279242cde8f3f82fc,ae6406c0940ced745919fafba1898f15647bc26a633fd4ac8e5d432fb75b0242,7,2,7655123995385766933,8050610523573754527,Thrower-v0,thrower_arm,static,"(92,)",300,W0,0,-0.005187500191036756,0.9209140757340037,0.7349774459462314,0.9209286861876149,-3.709059238433838,3.6280252933502197,0.0,0.0
thrower__thrower_arm__static__seed_007,/home/rowanli.tangalin/tpr/tpr/results/hpc_rq1/nominal/thrower/thrower_arm/static/seed_007,8e7330b99b404d7b495394d15dbcf66d01526a3d5a2e805279242cde8f3f82fc,ae6406c0940ced745919fafba1898f15647bc26a633fd4ac8e5d432fb75b0242,7,2,7655123995385766933,8050610523573754527,Thrower-v0,thrower_arm,static,"(92,)",300,W25,75,-0.005187500191036756,0.9209140757340037,0.7349774459462314,0.9209286861876149,-3.709059238433838,3.6280252933502197,0.0,0.0
thrower__thrower_arm__static__seed_007,/home/rowanli.tangalin/tpr/tpr/results/hpc_rq1/nominal/thrower/thrower_arm/static/seed_007,8e7330b99b404d7b495394d15dbcf66d01526a3d5a2e805279242cde8f3f82fc,ae6406c0940ced745919fafba1898f15647bc26a633fd4ac8e5d432fb75b0242,7,2,7655123995385766933,8050610523573754527,Thrower-v0,thrower_arm,static,"(92,)",300,W50,150,-0.005187500191036756,0.9209140757340037,0.7349774459462314,0.9209286861876149,-3.709059238433838,3.6280252933502197,0.0,0.0
thrower__thrower_arm__static__seed_007,/home/rowanli.tangalin/tpr/tpr/results/hpc_rq1/nominal/thrower/thrower_arm/static/seed_007,8e7330b99b404d7b495394d15dbcf66d01526a3d5a2e805279242cde8f3f82fc,ae6406c0940ced745919fafba1898f15647bc26a633fd4ac8e5d432fb75b0242,7,2,7655123995385766933,8050610523573754527,Thrower-v0,thrower_arm,static,"(92,)",300,W75,225,-0.005187500191036756,0.9209140757340037,0.7349774459462314,0.9209286861876149,-3.709059238433838,3.6280252933502197,0.0,0.0
thrower__thrower_arm__static__seed_007,/home/rowanli.tangalin/tpr/tpr/results/hpc_rq1/nominal/thrower/thrower_arm/static/seed_007,8e7330b99b404d7b495394d15dbcf66d01526a3d5a2e805279242cde8f3f82fc,ae6406c0940ced745919fafba1898f15647bc26a633fd4ac8e5d432fb75b0242,7,2,7655123995385766933,8050610523573754527,Thrower-v0,thrower_arm,static,"(92,)",300,Wfinal,300,-0.005187500191036756,0.9209140757340037,0.7349774459462314,0.9209286861876149,-3.709059238433838,3.6280252933502197,0.0,0.0
thrower__thrower_arm__static__seed_008,/home/rowanli.tangalin/tpr/tpr/results/hpc_rq1/nominal/thrower/thrower_arm/static/seed_008,458a7d7d8c4a385f29200375549ec758d80103986b2f8c128bfa589f608dbaeb,ea9cc0e762e30a79369f3c6361dc70a704286960ad40528039d1d054e1434b58,8,0,4480449054597749916,4714160801966532834,Thrower-v0,thrower_arm,static,"(92,)",300,W0,0,0.0030540719930709508,1.0002671790993813,0.7969605840183032,1.00027184152068,-4.235284805297852,3.867318630218506,0.0,0.0
thrower__thrower_arm__static__seed_008,/home/rowanli.tangalin/tpr/tpr/results/hpc_rq1/nominal/thrower/thrower_arm/static/seed_008,458a7d7d8c4a385f29200375549ec758d80103986b2f8c128bfa589f608dbaeb,ea9cc0e762e30a79369f3c6361dc70a704286960ad40528039d1d054e1434b58,8,0,4480449054597749916,4714160801966532834,Thrower-v0,thrower_arm,static,"(92,)",300,W25,75,0.0030540719930709508,1.0002671790993813,0.7969605840183032,1.00027184152068,-4.235284805297852,3.867318630218506,0.0,0.0
thrower__thrower_arm__static__seed_008,/home/rowanli.tangalin/tpr/tpr/results/hpc_rq1/nominal/thrower/thrower_arm/static/seed_008,458a7d7d8c4a385f29200375549ec758d80103986b2f8c128bfa589f608dbaeb,ea9cc0e762e30a79369f3c6361dc70a704286960ad40528039d1d054e1434b58,8,0,4480449054597749916,4714160801966532834,Thrower-v0,thrower_arm,static,"(92,)",300,W50,150,0.0030540719930709508,1.0002671790993813,0.7969605840183032,1.00027184152068,-4.235284805297852,3.867318630218506,0.0,0.0
thrower__thrower_arm__static__seed_008,/home/rowanli.tangalin/tpr/tpr/results/hpc_rq1/nominal/thrower/thrower_arm/static/seed_008,458a7d7d8c4a385f29200375549ec758d80103986b2f8c128bfa589f608dbaeb,ea9cc0e762e30a79369f3c6361dc70a704286960ad40528039d1d054e1434b58,8,0,4480449054597749916,4714160801966532834,Thrower-v0,thrower_arm,static,"(92,)",300,W75,225,0.0030540719930709508,1.0002671790993813,0.7969605840183032,1.00027184152068,-4.235284805297852,3.867318630218506,0.0,0.0
thrower__thrower_arm__static__seed_008,/home/rowanli.tangalin/tpr/tpr/results/hpc_rq1/nominal/thrower/thrower_arm/static/seed_008,458a7d7d8c4a385f29200375549ec758d80103986b2f8c128bfa589f608dbaeb,ea9cc0e762e30a79369f3c6361dc70a704286960ad40528039d1d054e1434b58,8,0,4480449054597749916,4714160801966532834,Thrower-v0,thrower_arm,static,"(92,)",300,Wfinal,300,0.0030540719930709508,1.0002671790993813,0.7969605840183032,1.00027184152068,-4.235284805297852,3.867318630218506,0.0,0.0
thrower__thrower_arm__static__seed_008,/home/rowanli.tangalin/tpr/tpr/results/hpc_rq1/nominal/thrower/thrower_arm/static/seed_008,458a7d7d8c4a385f29200375549ec758d80103986b2f8c128bfa589f608dbaeb,ea9cc0e762e30a79369f3c6361dc70a704286960ad40528039d1d054e1434b58,8,1,8169066096088904802,2410012360361453569,Thrower-v0,thrower_arm,static,"(92,)",300,W0,0,0.0030540719930709508,1.0002671790993813,0.7969605840183032,1.00027184152068,-4.235284805297852,3.867318630218506,0.0,0.0
thrower__thrower_arm__static__seed_008,/home/rowanli.tangalin/tpr/tpr/results/hpc_rq1/nominal/thrower/thrower_arm/static/seed_008,458a7d7d8c4a385f29200375549ec758d80103986b2f8c128bfa589f608dbaeb,ea9cc0e762e30a79369f3c6361dc70a704286960ad40528039d1d054e1434b58,8,1,8169066096088904802,2410012360361453569,Thrower-v0,thrower_arm,static,"(92,)",300,W25,75,0.0030540719930709508,1.0002671790993813,0.7969605840183032,1.00027184152068,-4.235284805297852,3.867318630218506,0.0,0.0
thrower__thrower_arm__static__seed_008,/home/rowanli.tangalin/tpr/tpr/results/hpc_rq1/nominal/thrower/thrower_arm/static/seed_008,458a7d7d8c4a385f29200375549ec758d80103986b2f8c128bfa589f608dbaeb,ea9cc0e762e30a79369f3c6361dc70a704286960ad40528039d1d054e1434b58,8,1,8169066096088904802,2410012360361453569,Thrower-v0,thrower_arm,static,"(92,)",300,W50,150,0.0030540719930709508,1.0002671790993813,0.7969605840183032,1.00027184152068,-4.235284805297852,3.867318630218506,0.0,0.0
thrower__thrower_arm__static__seed_008,/home/rowanli.tangalin/tpr/tpr/results/hpc_rq1/nominal/thrower/thrower_arm/static/seed_008,458a7d7d8c4a385f29200375549ec758d80103986b2f8c128bfa589f608dbaeb,ea9cc0e762e30a79369f3c6361dc70a704286960ad40528039d1d054e1434b58,8,1,8169066096088904802,2410012360361453569,Thrower-v0,thrower_arm,static,"(92,)",300,W75,225,0.0030540719930709508,1.0002671790993813,0.7969605840183032,1.00027184152068,-4.235284805297852,3.867318630218506,0.0,0.0
thrower__thrower_arm__static__seed_008,/home/rowanli.tangalin/tpr/tpr/results/hpc_rq1/nominal/thrower/thrower_arm/static/seed_008,458a7d7d8c4a385f29200375549ec758d80103986b2f8c128bfa589f608dbaeb,ea9cc0e762e30a79369f3c6361dc70a704286960ad40528039d1d054e1434b58,8,1,8169066096088904802,2410012360361453569,Thrower-v0,thrower_arm,static,"(92,)",300,Wfinal,300,0.0030540719930709508,1.0002671790993813,0.7969605840183032,1.00027184152068,-4.235284805297852,3.867318630218506,0.0,0.0
thrower__thrower_arm__static__seed_008,/home/rowanli.tangalin/tpr/tpr/results/hpc_rq1/nominal/thrower/thrower_arm/static/seed_008,458a7d7d8c4a385f29200375549ec758d80103986b2f8c128bfa589f608dbaeb,ea9cc0e762e30a79369f3c6361dc70a704286960ad40528039d1d054e1434b58,8,2,1688151127694054410,5098444150450504360,Thrower-v0,thrower_arm,static,"(92,)",300,W0,0,0.0030540719930709508,1.0002671790993813,0.7969605840183032,1.00027184152068,-4.235284805297852,3.867318630218506,0.0,0.0
thrower__thrower_arm__static__seed_008,/home/rowanli.tangalin/tpr/tpr/results/hpc_rq1/nominal/thrower/thrower_arm/static/seed_008,458a7d7d8c4a385f29200375549ec758d80103986b2f8c128bfa589f608dbaeb,ea9cc0e762e30a79369f3c6361dc70a704286960ad40528039d1d054e1434b58,8,2,1688151127694054410,5098444150450504360,Thrower-v0,thrower_arm,static,"(92,)",300,W25,75,0.0030540719930709508,1.0002671790993813,0.7969605840183032,1.00027184152068,-4.235284805297852,3.867318630218506,0.0,0.0
thrower__thrower_arm__static__seed_008,/home/rowanli.tangalin/tpr/tpr/results/hpc_rq1/nominal/thrower/thrower_arm/static/seed_008,458a7d7d8c4a385f29200375549ec758d80103986b2f8c128bfa589f608dbaeb,ea9cc0e762e30a79369f3c6361dc70a704286960ad40528039d1d054e1434b58,8,2,1688151127694054410,5098444150450504360,Thrower-v0,thrower_arm,static,"(92,)",300,W50,150,0.0030540719930709508,1.0002671790993813,0.7969605840183032,1.00027184152068,-4.235284805297852,3.867318630218506,0.0,0.0
thrower__thrower_arm__static__seed_008,/home/rowanli.tangalin/tpr/tpr/results/hpc_rq1/nominal/thrower/thrower_arm/static/seed_008,458a7d7d8c4a385f29200375549ec758d80103986b2f8c128bfa589f608dbaeb,ea9cc0e762e30a79369f3c6361dc70a704286960ad40528039d1d054e1434b58,8,2,1688151127694054410,5098444150450504360,Thrower-v0,thrower_arm,static,"(92,)",300,W75,225,0.0030540719930709508,1.0002671790993813,0.7969605840183032,1.00027184152068,-4.235284805297852,3.867318630218506,0.0,0.0
thrower__thrower_arm__static__seed_008,/home/rowanli.tangalin/tpr/tpr/results/hpc_rq1/nominal/thrower/thrower_arm/static/seed_008,458a7d7d8c4a385f29200375549ec758d80103986b2f8c128bfa589f608dbaeb,ea9cc0e762e30a79369f3c6361dc70a704286960ad40528039d1d054e1434b58,8,2,1688151127694054410,5098444150450504360,Thrower-v0,thrower_arm,static,"(92,)",300,Wfinal,300,0.0030540719930709508,1.0002671790993813,0.7969605840183032,1.00027184152068,-4.235284805297852,3.867318630218506,0.0,0.0
thrower__thrower_arm__static__seed_009,/home/rowanli.tangalin/tpr/tpr/results/hpc_rq1/nominal/thrower/thrower_arm/static/seed_009,1397c892eb06862c0f0ee6a1b1e24e5df29eda7740d7e3d746eeb6d5d63e44c5,c4b755ca275c2b184c082e30407a268354dd16080baefbb6a378c3f2822bbc66,9,0,8469251633518957484,5579477484601834272,Thrower-v0,thrower_arm,static,"(92,)",300,W0,0,-0.002666373005233672,1.246845235503448,0.9974004530623674,1.2468480865136105,-5.174932956695557,4.719515323638916,0.0,0.0
thrower__thrower_arm__static__seed_009,/home/rowanli.tangalin/tpr/tpr/results/hpc_rq1/nominal/thrower/thrower_arm/static/seed_009,1397c892eb06862c0f0ee6a1b1e24e5df29eda7740d7e3d746eeb6d5d63e44c5,c4b755ca275c2b184c082e30407a268354dd16080baefbb6a378c3f2822bbc66,9,0,8469251633518957484,5579477484601834272,Thrower-v0,thrower_arm,static,"(92,)",300,W25,75,-0.002666373005233672,1.246845235503448,0.9974004530623674,1.2468480865136105,-5.174932956695557,4.719515323638916,0.0,0.0
thrower__thrower_arm__static__seed_009,/home/rowanli.tangalin/tpr/tpr/results/hpc_rq1/nominal/thrower/thrower_arm/static/seed_009,1397c892eb06862c0f0ee6a1b1e24e5df29eda7740d7e3d746eeb6d5d63e44c5,c4b755ca275c2b184c082e30407a268354dd16080baefbb6a378c3f2822bbc66,9,0,8469251633518957484,5579477484601834272,Thrower-v0,thrower_arm,static,"(92,)",300,W50,150,-0.002666373005233672,1.246845235503448,0.9974004530623674,1.2468480865136105,-5.174932956695557,4.719515323638916,0.0,0.0
thrower__thrower_arm__static__seed_009,/home/rowanli.tangalin/tpr/tpr/results/hpc_rq1/nominal/thrower/thrower_arm/static/seed_009,1397c892eb06862c0f0ee6a1b1e24e5df29eda7740d7e3d746eeb6d5d63e44c5,c4b755ca275c2b184c082e30407a268354dd16080baefbb6a378c3f2822bbc66,9,0,8469251633518957484,5579477484601834272,Thrower-v0,thrower_arm,static,"(92,)",300,W75,225,-0.002666373005233672,1.246845235503448,0.9974004530623674,1.2468480865136105,-5.174932956695557,4.719515323638916,0.0,0.0
thrower__thrower_arm__static__seed_009,/home/rowanli.tangalin/tpr/tpr/results/hpc_rq1/nominal/thrower/thrower_arm/static/seed_009,1397c892eb06862c0f0ee6a1b1e24e5df29eda7740d7e3d746eeb6d5d63e44c5,c4b755ca275c2b184c082e30407a268354dd16080baefbb6a378c3f2822bbc66,9,0,8469251633518957484,5579477484601834272,Thrower-v0,thrower_arm,static,"(92,)",300,Wfinal,300,-0.002666373005233672,1.246845235503448,0.9974004530623674,1.2468480865136105,-5.174932956695557,4.719515323638916,0.0,0.0
thrower__thrower_arm__static__seed_009,/home/rowanli.tangalin/tpr/tpr/results/hpc_rq1/nominal/thrower/thrower_arm/static/seed_009,1397c892eb06862c0f0ee6a1b1e24e5df29eda7740d7e3d746eeb6d5d63e44c5,c4b755ca275c2b184c082e30407a268354dd16080baefbb6a378c3f2822bbc66,9,1,5415548583552718452,3538497439875268043,Thrower-v0,thrower_arm,static,"(92,)",300,W0,0,-0.002666373005233672,1.246845235503448,0.9974004530623674,1.2468480865136105,-5.174932956695557,4.719515323638916,0.0,0.0
thrower__thrower_arm__static__seed_009,/home/rowanli.tangalin/tpr/tpr/results/hpc_rq1/nominal/thrower/thrower_arm/static/seed_009,1397c892eb06862c0f0ee6a1b1e24e5df29eda7740d7e3d746eeb6d5d63e44c5,c4b755ca275c2b184c082e30407a268354dd16080baefbb6a378c3f2822bbc66,9,1,5415548583552718452,3538497439875268043,Thrower-v0,thrower_arm,static,"(92,)",300,W25,75,-0.002666373005233672,1.246845235503448,0.9974004530623674,1.2468480865136105,-5.174932956695557,4.719515323638916,0.0,0.0
thrower__thrower_arm__static__seed_009,/home/rowanli.tangalin/tpr/tpr/results/hpc_rq1/nominal/thrower/thrower_arm/static/seed_009,1397c892eb06862c0f0ee6a1b1e24e5df29eda7740d7e3d746eeb6d5d63e44c5,c4b755ca275c2b184c082e30407a268354dd16080baefbb6a378c3f2822bbc66,9,1,5415548583552718452,3538497439875268043,Thrower-v0,thrower_arm,static,"(92,)",300,W50,150,-0.002666373005233672,1.246845235503448,0.9974004530623674,1.2468480865136105,-5.174932956695557,4.719515323638916,0.0,0.0
thrower__thrower_arm__static__seed_009,/home/rowanli.tangalin/tpr/tpr/results/hpc_rq1/nominal/thrower/thrower_arm/static/seed_009,1397c892eb06862c0f0ee6a1b1e24e5df29eda7740d7e3d746eeb6d5d63e44c5,c4b755ca275c2b184c082e30407a268354dd16080baefbb6a378c3f2822bbc66,9,1,5415548583552718452,3538497439875268043,Thrower-v0,thrower_arm,static,"(92,)",300,W75,225,-0.002666373005233672,1.246845235503448,0.9974004530623674,1.2468480865136105,-5.174932956695557,4.719515323638916,0.0,0.0
thrower__thrower_arm__static__seed_009,/home/rowanli.tangalin/tpr/tpr/results/hpc_rq1/nominal/thrower/thrower_arm/static/seed_009,1397c892eb06862c0f0ee6a1b1e24e5df29eda7740d7e3d746eeb6d5d63e44c5,c4b755ca275c2b184c082e30407a268354dd16080baefbb6a378c3f2822bbc66,9,1,5415548583552718452,3538497439875268043,Thrower-v0,thrower_arm,static,"(92,)",300,Wfinal,300,-0.002666373005233672,1.246845235503448,0.9974004530623674,1.2468480865136105,-5.174932956695557,4.719515323638916,0.0,0.0
thrower__thrower_arm__static__seed_009,/home/rowanli.tangalin/tpr/tpr/results/hpc_rq1/nominal/thrower/thrower_arm/static/seed_009,1397c892eb06862c0f0ee6a1b1e24e5df29eda7740d7e3d746eeb6d5d63e44c5,c4b755ca275c2b184c082e30407a268354dd16080baefbb6a378c3f2822bbc66,9,2,6075971192560964690,5235945277139461518,Thrower-v0,thrower_arm,static,"(92,)",300,W0,0,-0.002666373005233672,1.246845235503448,0.9974004530623674,1.2468480865136105,-5.174932956695557,4.719515323638916,0.0,0.0
thrower__thrower_arm__static__seed_009,/home/rowanli.tangalin/tpr/tpr/results/hpc_rq1/nominal/thrower/thrower_arm/static/seed_009,1397c892eb06862c0f0ee6a1b1e24e5df29eda7740d7e3d746eeb6d5d63e44c5,c4b755ca275c2b184c082e30407a268354dd16080baefbb6a378c3f2822bbc66,9,2,6075971192560964690,5235945277139461518,Thrower-v0,thrower_arm,static,"(92,)",300,W25,75,-0.002666373005233672,1.246845235503448,0.9974004530623674,1.2468480865136105,-5.174932956695557,4.719515323638916,0.0,0.0
thrower__thrower_arm__static__seed_009,/home/rowanli.tangalin/tpr/tpr/results/hpc_rq1/nominal/thrower/thrower_arm/static/seed_009,1397c892eb06862c0f0ee6a1b1e24e5df29eda7740d7e3d746eeb6d5d63e44c5,c4b755ca275c2b184c082e30407a268354dd16080baefbb6a378c3f2822bbc66,9,2,6075971192560964690,5235945277139461518,Thrower-v0,thrower_arm,static,"(92,)",300,W50,150,-0.002666373005233672,1.246845235503448,0.9974004530623674,1.2468480865136105,-5.174932956695557,4.719515323638916,0.0,0.0
thrower__thrower_arm__static__seed_009,/home/rowanli.tangalin/tpr/tpr/results/hpc_rq1/nominal/thrower/thrower_arm/static/seed_009,1397c892eb06862c0f0ee6a1b1e24e5df29eda7740d7e3d746eeb6d5d63e44c5,c4b755ca275c2b184c082e30407a268354dd16080baefbb6a378c3f2822bbc66,9,2,6075971192560964690,5235945277139461518,Thrower-v0,thrower_arm,static,"(92,)",300,W75,225,-0.002666373005233672,1.246845235503448,0.9974004530623674,1.2468480865136105,-5.174932956695557,4.719515323638916,0.0,0.0
thrower__thrower_arm__static__seed_009,/home/rowanli.tangalin/tpr/tpr/results/hpc_rq1/nominal/thrower/thrower_arm/static/seed_009,1397c892eb06862c0f0ee6a1b1e24e5df29eda7740d7e3d746eeb6d5d63e44c5,c4b755ca275c2b184c082e30407a268354dd16080baefbb6a378c3f2822bbc66,9,2,6075971192560964690,5235945277139461518,Thrower-v0,thrower_arm,static,"(92,)",300,Wfinal,300,-0.002666373005233672,1.246845235503448,0.9974004530623674,1.2468480865136105,-5.174932956695557,4.719515323638916,0.0,0.0
thrower__thrower_arm__nchl__seed_000,/home/rowanli.tangalin/tpr/tpr/results/hpc_rq1/nominal/thrower/thrower_arm/nchl/seed_000,fc922ac142f7558d012c1f4fa556dbe2f5f0a6ce1a26bc38380c596e3b55d056,b30bae82a6d922fbd0a09b345d6213d72112e43deac1ae15c3d289801b24b7d3,0,0,4940322620982477041,3023897764847979143,Thrower-v0,thrower_arm,nchl,"(92,)",300,W0,0,-5.385969058199418e-05,0.057438713405681484,0.04961557965189238,0.05743873865751478,-0.0999947264790535,0.09999803453683853,0.3091599195717569,0.1848521634265904
thrower__thrower_arm__nchl__seed_000,/home/rowanli.tangalin/tpr/tpr/results/hpc_rq1/nominal/thrower/thrower_arm/nchl/seed_000,fc922ac142f7558d012c1f4fa556dbe2f5f0a6ce1a26bc38380c596e3b55d056,b30bae82a6d922fbd0a09b345d6213d72112e43deac1ae15c3d289801b24b7d3,0,0,4940322620982477041,3023897764847979143,Thrower-v0,thrower_arm,nchl,"(92,)",300,W25,75,0.1366368102419011,16.951449627990954,9.485564910896091,16.95200029814263,-372.31036376953125,166.5130615234375,0.3091599195717569,0.1848521634265904
thrower__thrower_arm__nchl__seed_000,/home/rowanli.tangalin/tpr/tpr/results/hpc_rq1/nominal/thrower/thrower_arm/nchl/seed_000,fc922ac142f7558d012c1f4fa556dbe2f5f0a6ce1a26bc38380c596e3b55d056,b30bae82a6d922fbd0a09b345d6213d72112e43deac1ae15c3d289801b24b7d3,0,0,4940322620982477041,3023897764847979143,Thrower-v0,thrower_arm,nchl,"(92,)",300,W50,150,0.029961858879515076,35.91106054237876,20.691150143523867,35.911073041492095,-867.1419067382812,385.88201904296875,0.3091599195717569,0.1848521634265904
thrower__thrower_arm__nchl__seed_000,/home/rowanli.tangalin/tpr/tpr/results/hpc_rq1/nominal/thrower/thrower_arm/nchl/seed_000,fc922ac142f7558d012c1f4fa556dbe2f5f0a6ce1a26bc38380c596e3b55d056,b30bae82a6d922fbd0a09b345d6213d72112e43deac1ae15c3d289801b24b7d3,0,0,4940322620982477041,3023897764847979143,Thrower-v0,thrower_arm,nchl,"(92,)",300,W75,225,-0.7704233019485052,47.29914673639548,28.57874973961876,47.3054207681874,-981.778564453125,445.9941711425781,0.3091599195717569,0.1848521634265904
thrower__thrower_arm__nchl__seed_000,/home/rowanli.tangalin/tpr/tpr/results/hpc_rq1/nominal/thrower/thrower_arm/nchl/seed_000,fc922ac142f7558d012c1f4fa556dbe2f5f0a6ce1a26bc38380c596e3b55d056,b30bae82a6d922fbd0a09b345d6213d72112e43deac1ae15c3d289801b24b7d3,0,0,4940322620982477041,3023897764847979143,Thrower-v0,thrower_arm,nchl,"(92,)",300,Wfinal,300,-1.255474758674812,58.530063635844314,36.55887632149309,58.54352710663797,-1003.3782958984375,552.322509765625,0.3091599195717569,0.1848521634265904
thrower__thrower_arm__nchl__seed_000,/home/rowanli.tangalin/tpr/tpr/results/hpc_rq1/nominal/thrower/thrower_arm/nchl/seed_000,fc922ac142f7558d012c1f4fa556dbe2f5f0a6ce1a26bc38380c596e3b55d056,b30bae82a6d922fbd0a09b345d6213d72112e43deac1ae15c3d289801b24b7d3,0,1,530078296572617688,6966882572876332860,Thrower-v0,thrower_arm,nchl,"(92,)",300,W0,0,-5.600028039640461e-07,0.05742726083786828,0.04963748351981471,0.057427260840598716,-0.0999893769621849,0.09998205304145813,0.3208716710023887,0.18671871303940407
thrower__thrower_arm__nchl__seed_000,/home/rowanli.tangalin/tpr/tpr/results/hpc_rq1/nominal/thrower/thrower_arm/nchl/seed_000,fc922ac142f7558d012c1f4fa556dbe2f5f0a6ce1a26bc38380c596e3b55d056,b30bae82a6d922fbd0a09b345d6213d72112e43deac1ae15c3d289801b24b7d3,0,1,530078296572617688,6966882572876332860,Thrower-v0,thrower_arm,nchl,"(92,)",300,W25,75,0.208330001216017,17.29808165867375,9.61857575810975,17.29933612771172,-383.3809509277344,171.00022888183594,0.3208716710023887,0.18671871303940407
thrower__thrower_arm__nchl__seed_000,/home/rowanli.tangalin/tpr/tpr/results/hpc_rq1/nominal/thrower/thrower_arm/nchl/seed_000,fc922ac142f7558d012c1f4fa556dbe2f5f0a6ce1a26bc38380c596e3b55d056,b30bae82a6d922fbd0a09b345d6213d72112e43deac1ae15c3d289801b24b7d3,0,1,530078296572617688,6966882572876332860,Thrower-v0,thrower_arm,nchl,"(92,)",300,W50,150,-0.2570907994633292,37.27533710414819,20.73167606287846,37.27622368088077,-955.8023071289062,424.3186340332031,0.3208716710023887,0.18671871303940407
thrower__thrower_arm__nchl__seed_000,/home/rowanli.tangalin/tpr/tpr/results/hpc_rq1/nominal/thrower/thrower_arm/nchl/seed_000,fc922ac142f7558d012c1f4fa556dbe2f5f0a6ce1a26bc38380c596e3b55d056,b30bae82a6d922fbd0a09b345d6213d72112e43deac1ae15c3d289801b24b7d3,0,1,530078296572617688,6966882572876332860,Thrower-v0,thrower_arm,nchl,"(92,)",300,W75,225,-0.955866101476602,47.242408321853745,27.423649504279176,47.25207745753309,-1024.9351806640625,488.5126037597656,0.3208716710023887,0.18671871303940407
thrower__thrower_arm__nchl__seed_000,/home/rowanli.tangalin/tpr/tpr/results/hpc_rq1/nominal/thrower/thrower_arm/nchl/seed_000,fc922ac142f7558d012c1f4fa556dbe2f5f0a6ce1a26bc38380c596e3b55d056,b30bae82a6d922fbd0a09b345d6213d72112e43deac1ae15c3d289801b24b7d3,0,1,530078296572617688,6966882572876332860,Thrower-v0,thrower_arm,nchl,"(92,)",300,Wfinal,300,-0.8296413661759234,58.598191013114516,36.51462841650203,58.604063807947014,-1034.07861328125,537.1505737304688,0.3208716710023887,0.18671871303940407
thrower__thrower_arm__nchl__seed_000,/home/rowanli.tangalin/tpr/tpr/results/hpc_rq1/nominal/thrower/thrower_arm/nchl/seed_000,fc922ac142f7558d012c1f4fa556dbe2f5f0a6ce1a26bc38380c596e3b55d056,b30bae82a6d922fbd0a09b345d6213d72112e43deac1ae15c3d289801b24b7d3,0,2,7210830791768759910,3424438756091539107,Thrower-v0,thrower_arm,nchl,"(92,)",300,W0,0,0.0011425250179981452,0.05706260070025574,0.049236505927673334,0.057074037548552475,-0.0999600738286972,0.09999299049377441,0.3156997063950406,0.1857854388155678
thrower__thrower_arm__nchl__seed_000,/home/rowanli.tangalin/tpr/tpr/results/hpc_rq1/nominal/thrower/thrower_arm/nchl/seed_000,fc922ac142f7558d012c1f4fa556dbe2f5f0a6ce1a26bc38380c596e3b55d056,b30bae82a6d922fbd0a09b345d6213d72112e43deac1ae15c3d289801b24b7d3,0,2,7210830791768759910,3424438756091539107,Thrower-v0,thrower_arm,nchl,"(92,)",300,W25,75,0.2536293854989853,16.768837884378957,9.465262196755786,16.770755852309446,-338.29803466796875,169.49496459960938,0.3156997063950406,0.1857854388155678
thrower__thrower_arm__nchl__seed_000,/home/rowanli.tangalin/tpr/tpr/results/hpc_rq1/nominal/thrower/thrower_arm/nchl/seed_000,fc922ac142f7558d012c1f4fa556dbe2f5f0a6ce1a26bc38380c596e3b55d056,b30bae82a6d922fbd0a09b345d6213d72112e43deac1ae15c3d289801b24b7d3,0,2,7210830791768759910,3424438756091539107,Thrower-v0,thrower_arm,nchl,"(92,)",300,W50,150,0.23154846817914204,34.41902029744281,20.118027037874253,34.41979914132122,-785.9431762695312,351.03704833984375,0.3156997063950406,0.1857854388155678
thrower__thrower_arm__nchl__seed_000,/home/rowanli.tangalin/tpr/tpr/results/hpc_rq1/nominal/thrower/thrower_arm/nchl/seed_000,fc922ac142f7558d012c1f4fa556dbe2f5f0a6ce1a26bc38380c596e3b55d056,b30bae82a6d922fbd0a09b345d6213d72112e43deac1ae15c3d289801b24b7d3,0,2,7210830791768759910,3424438756091539107,Thrower-v0,thrower_arm,nchl,"(92,)",300,W75,225,0.045824318467590136,45.696320817195954,27.841323654566075,45.696343793527504,-899.5218505859375,414.1610412597656,0.3156997063950406,0.1857854388155678
thrower__thrower_arm__nchl__seed_000,/home/rowanli.tangalin/tpr/tpr/results/hpc_rq1/nominal/thrower/thrower_arm/nchl/seed_000,fc922ac142f7558d012c1f4fa556dbe2f5f0a6ce1a26bc38380c596e3b55d056,b30bae82a6d922fbd0a09b345d6213d72112e43deac1ae15c3d289801b24b7d3,0,2,7210830791768759910,3424438756091539107,Thrower-v0,thrower_arm,nchl,"(92,)",300,Wfinal,300,-0.004205773984725178,57.51533475309273,36.15014773676638,57.51533490686506,-906.5403442382812,544.4415893554688,0.3156997063950406,0.1857854388155678
thrower__thrower_arm__nchl__seed_001,/home/rowanli.tangalin/tpr/tpr/results/hpc_rq1/nominal/thrower/thrower_arm/nchl/seed_001,ad8a66363c20bb385a6a9364528f0810583350313bfc874a6ae9af5427f03e68,a5438cd639fd30ef49268f438281e3e1abf7da3c55b60d869f956bc636932115,1,0,5232325836976384581,7172422899355977572,Thrower-v0,thrower_arm,nchl,"(92,)",300,W0,0,-0.0005563180633218098,0.05723871932339572,0.04954547758556344,0.05724142275983409,-0.09998249262571335,0.09998483210802078,0.340444499821602,0.22497242966716116
thrower__thrower_arm__nchl__seed_001,/home/rowanli.tangalin/tpr/tpr/results/hpc_rq1/nominal/thrower/thrower_arm/nchl/seed_001,ad8a66363c20bb385a6a9364528f0810583350313bfc874a6ae9af5427f03e68,a5438cd639fd30ef49268f438281e3e1abf7da3c55b60d869f956bc636932115,1,0,5232325836976384581,7172422899355977572,Thrower-v0,thrower_arm,nchl,"(92,)",300,W25,75,-2.392566591835115,24.123469757867877,14.612251023717514,24.24182682998811,-263.0228576660156,101.6795883178711,0.340444499821602,0.22497242966716116
thrower__thrower_arm__nchl__seed_001,/home/rowanli.tangalin/tpr/tpr/results/hpc_rq1/nominal/thrower/thrower_arm/nchl/seed_001,ad8a66363c20bb385a6a9364528f0810583350313bfc874a6ae9af5427f03e68,a5438cd639fd30ef49268f438281e3e1abf7da3c55b60d869f956bc636932115,1,0,5232325836976384581,7172422899355977572,Thrower-v0,thrower_arm,nchl,"(92,)",300,W50,150,-4.5412346110229596,49.49590959385159,30.23421901195362,49.70380144732476,-547.2813720703125,194.98797607421875,0.340444499821602,0.22497242966716116
thrower__thrower_arm__nchl__seed_001,/home/rowanli.tangalin/tpr/tpr/results/hpc_rq1/nominal/thrower/thrower_arm/nchl/seed_001,ad8a66363c20bb385a6a9364528f0810583350313bfc874a6ae9af5427f03e68,a5438cd639fd30ef49268f438281e3e1abf7da3c55b60d869f956bc636932115,1,0,5232325836976384581,7172422899355977572,Thrower-v0,thrower_arm,nchl,"(92,)",300,W75,225,-6.007960654173924,67.8715110659546,44.69908252845256,68.13690340482242,-648.1013793945312,298.19903564453125,0.340444499821602,0.22497242966716116
thrower__thrower_arm__nchl__seed_001,/home/rowanli.tangalin/tpr/tpr/results/hpc_rq1/nominal/thrower/thrower_arm/nchl/seed_001,ad8a66363c20bb385a6a9364528f0810583350313bfc874a6ae9af5427f03e68,a5438cd639fd30ef49268f438281e3e1abf7da3c55b60d869f956bc636932115,1,0,5232325836976384581,7172422899355977572,Thrower-v0,thrower_arm,nchl,"(92,)",300,Wfinal,300,-11.055882774581246,79.66663188742595,53.25045381645284,80.43012358694916,-666.9020385742188,399.48663330078125,0.340444499821602,0.22497242966716116
thrower__thrower_arm__nchl__seed_001,/home/rowanli.tangalin/tpr/tpr/results/hpc_rq1/nominal/thrower/thrower_arm/nchl/seed_001,ad8a66363c20bb385a6a9364528f0810583350313bfc874a6ae9af5427f03e68,a5438cd639fd30ef49268f438281e3e1abf7da3c55b60d869f956bc636932115,1,1,3184075494390970209,9147161066225580108,Thrower-v0,thrower_arm,nchl,"(92,)",300,W0,0,0.0007663586556279498,0.05774909466655248,0.05003836147702552,0.05775417941928961,-0.0999961569905281,0.09999801218509674,0.34259552231100104,0.22635471723284545
thrower__thrower_arm__nchl__seed_001,/home/rowanli.tangalin/tpr/tpr/results/hpc_rq1/nominal/thrower/thrower_arm/nchl/seed_001,ad8a66363c20bb385a6a9364528f0810583350313bfc874a6ae9af5427f03e68,a5438cd639fd30ef49268f438281e3e1abf7da3c55b60d869f956bc636932115,1,1,3184075494390970209,9147161066225580108,Thrower-v0,thrower_arm,nchl,"(92,)",300,W25,75,-2.4137465358314882,24.039114747283456,14.544360916428648,24.159991932372396,-263.26580810546875,101.68143463134766,0.34259552231100104,0.22635471723284545
thrower__thrower_arm__nchl__seed_001,/home/rowanli.tangalin/tpr/tpr/results/hpc_rq1/nominal/thrower/thrower_arm/nchl/seed_001,ad8a66363c20bb385a6a9364528f0810583350313bfc874a6ae9af5427f03e68,a5438cd639fd30ef49268f438281e3e1abf7da3c55b60d869f956bc636932115,1,1,3184075494390970209,9147161066225580108,Thrower-v0,thrower_arm,nchl,"(92,)",300,W50,150,-4.472650110559209,48.26521092110607,30.035542931171257,48.47200412888188,-518.0040893554688,194.80923461914062,0.34259552231100104,0.22635471723284545
thrower__thrower_arm__nchl__seed_001,/home/rowanli.tangalin/tpr/tpr/results/hpc_rq1/nominal/thrower/thrower_arm/nchl/seed_001,ad8a66363c20bb385a6a9364528f0810583350313bfc874a6ae9af5427f03e68,a5438cd639fd30ef49268f438281e3e1abf7da3c55b60d869f956bc636932115,1,1,3184075494390970209,9147161066225580108,Thrower-v0,thrower_arm,nchl,"(92,)",300,W75,225,-5.726097068078327,69.16316615932674,45.109398333648535,69.39979640327263,-676.7322998046875,299.2414245605469,0.34259552231100104,0.22635471723284545
thrower__thrower_arm__nchl__seed_001,/home/rowanli.tangalin/tpr/tpr/results/hpc_rq1/nominal/thrower/thrower_arm/nchl/seed_001,ad8a66363c20bb385a6a9364528f0810583350313bfc874a6ae9af5427f03e68,a5438cd639fd30ef49268f438281e3e1abf7da3c55b60d869f956bc636932115,1,1,3184075494390970209,9147161066225580108,Thrower-v0,thrower_arm,nchl,"(92,)",300,Wfinal,300,-7.383820559713651,79.46114330449221,51.88880905049334,79.80347173723143,-681.7051391601562,387.2655029296875,0.34259552231100104,0.22635471723284545
thrower__thrower_arm__nchl__seed_001,/home/rowanli.tangalin/tpr/tpr/results/hpc_rq1/nominal/thrower/thrower_arm/nchl/seed_001,ad8a66363c20bb385a6a9364528f0810583350313bfc874a6ae9af5427f03e68,a5438cd639fd30ef49268f438281e3e1abf7da3c55b60d869f956bc636932115,1,2,6337936886056088,9019669384804417704,Thrower-v0,thrower_arm,nchl,"(92,)",300,W0,0,-0.00022504804848285436,0.057121736944341674,0.04942432685903799,0.057122180264435767,-0.09997555613517761,0.09999273717403412,0.35846857317915826,0.22782801275414968
thrower__thrower_arm__nchl__seed_001,/home/rowanli.tangalin/tpr/tpr/results/hpc_rq1/nominal/thrower/thrower_arm/nchl/seed_001,ad8a66363c20bb385a6a9364528f0810583350313bfc874a6ae9af5427f03e68,a5438cd639fd30ef49268f438281e3e1abf7da3c55b60d869f956bc636932115,1,2,6337936886056088,9019669384804417704,Thrower-v0,thrower_arm,nchl,"(92,)",300,W25,75,-2.6957558008308746,26.726332354374538,15.163932482291955,26.861942231607163,-327.1377258300781,99.62806701660156,0.35846857317915826,0.22782801275414968
thrower__thrower_arm__nchl__seed_001,/home/rowanli.tangalin/tpr/tpr/results/hpc_rq1/nominal/thrower/thrower_arm/nchl/seed_001,ad8a66363c20bb385a6a9364528f0810583350313bfc874a6ae9af5427f03e68,a5438cd639fd30ef49268f438281e3e1abf7da3c55b60d869f956bc636932115,1,2,6337936886056088,9019669384804417704,Thrower-v0,thrower_arm,nchl,"(92,)",300,W50,150,-5.370646532785835,54.12062748757995,30.428335626148524,54.38645202464966,-680.2769775390625,196.3152618408203,0.35846857317915826,0.22782801275414968
thrower__thrower_arm__nchl__seed_001,/home/rowanli.tangalin/tpr/tpr/results/hpc_rq1/nominal/thrower/thrower_arm/nchl/seed_001,ad8a66363c20bb385a6a9364528f0810583350313bfc874a6ae9af5427f03e68,a5438cd639fd30ef49268f438281e3e1abf7da3c55b60d869f956bc636932115,1,2,6337936886056088,9019669384804417704,Thrower-v0,thrower_arm,nchl,"(92,)",300,W75,225,-9.184256772012487,64.4474499806216,38.90687722580088,65.09857434275331,-668.2850952148438,297.4945068359375,0.35846857317915826,0.22782801275414968
thrower__thrower_arm__nchl__seed_001,/home/rowanli.tangalin/tpr/tpr/results/hpc_rq1/nominal/thrower/thrower_arm/nchl/seed_001,ad8a66363c20bb385a6a9364528f0810583350313bfc874a6ae9af5427f03e68,a5438cd639fd30ef49268f438281e3e1abf7da3c55b60d869f956bc636932115,1,2,6337936886056088,9019669384804417704,Thrower-v0,thrower_arm,nchl,"(92,)",300,Wfinal,300,-12.650308785250733,78.9476188936904,51.09906798017825,79.95471744272237,-680.0775756835938,405.32464599609375,0.35846857317915826,0.22782801275414968
thrower__thrower_arm__nchl__seed_002,/home/rowanli.tangalin/tpr/tpr/results/hpc_rq1/nominal/thrower/thrower_arm/nchl/seed_002,c0fe4c66e1739f91e800330d9e044e63dc94d647b7892238bca5ee91edd392a3,5f17647971ebd99153bfd433fd20da394c8e49ed86aff82efe3690357b5fd6f3,2,0,4709125304908105630,1244304497912131803,Thrower-v0,thrower_arm,nchl,"(92,)",300,W0,0,0.0009418085484061863,0.057648168884670614,0.04996780389984382,0.05765586161959039,-0.09998214244842529,0.09993711113929749,0.14578335143106366,0.10856981970435248
thrower__thrower_arm__nchl__seed_002,/home/rowanli.tangalin/tpr/tpr/results/hpc_rq1/nominal/thrower/thrower_arm/nchl/seed_002,c0fe4c66e1739f91e800330d9e044e63dc94d647b7892238bca5ee91edd392a3,5f17647971ebd99153bfd433fd20da394c8e49ed86aff82efe3690357b5fd6f3,2,0,4709125304908105630,1244304497912131803,Thrower-v0,thrower_arm,nchl,"(92,)",300,W25,75,0.22288350053067285,8.119178418420725,5.852360038856513,8.12223708376933,-52.46662902832031,52.25377655029297,0.14578335143106366,0.10856981970435248
thrower__thrower_arm__nchl__seed_002,/home/rowanli.tangalin/tpr/tpr/results/hpc_rq1/nominal/thrower/thrower_arm/nchl/seed_002,c0fe4c66e1739f91e800330d9e044e63dc94d647b7892238bca5ee91edd392a3,5f17647971ebd99153bfd433fd20da394c8e49ed86aff82efe3690357b5fd6f3,2,0,4709125304908105630,1244304497912131803,Thrower-v0,thrower_arm,nchl,"(92,)",300,W50,150,0.844890372109823,15.986445211040518,11.328922503816345,16.008756048690486,-105.95539093017578,124.27415466308594,0.14578335143106366,0.10856981970435248
thrower__thrower_arm__nchl__seed_002,/home/rowanli.tangalin/tpr/tpr/results/hpc_rq1/nominal/thrower/thrower_arm/nchl/seed_002,c0fe4c66e1739f91e800330d9e044e63dc94d647b7892238bca5ee91edd392a3,5f17647971ebd99153bfd433fd20da394c8e49ed86aff82efe3690357b5fd6f3,2,0,4709125304908105630,1244304497912131803,Thrower-v0,thrower_arm,nchl,"(92,)",300,W75,225,0.9560971820624483,23.2919809347841,16.016579570470153,23.311595777378553,-159.59237670898438,200.547119140625,0.14578335143106366,0.10856981970435248
thrower__thrower_arm__nchl__seed_002,/home/rowanli.tangalin/tpr/tpr/results/hpc_rq1/nominal/thrower/thrower_arm/nchl/seed_002,c0fe4c66e1739f91e800330d9e044e63dc94d647b7892238bca5ee91edd392a3,5f17647971ebd99153bfd433fd20da394c8e49ed86aff82efe3690357b5fd6f3,2,0,4709125304908105630,1244304497912131803,Thrower-v0,thrower_arm,nchl,"(92,)",300,Wfinal,300,1.1733004924221255,31.140475194206658,21.635999443445883,31.162570968495498,-212.61642456054688,228.5798797607422,0.14578335143106366,0.10856981970435248
thrower__thrower_arm__nchl__seed_002,/home/rowanli.tangalin/tpr/tpr/results/hpc_rq1/nominal/thrower/thrower_arm/nchl/seed_002,c0fe4c66e1739f91e800330d9e044e63dc94d647b7892238bca5ee91edd392a3,5f17647971ebd99153bfd433fd20da394c8e49ed86aff82efe3690357b5fd6f3,2,1,6789895730674132307,2935584579999248951,Thrower-v0,thrower_arm,nchl,"(92,)",300,W0,0,0.0005874975891661481,0.0579092178321324,0.05017785118300899,0.057912197880469335,-0.09999696165323257,0.09996149688959122,0.14450645650132987,0.10821445864033521
thrower__thrower_arm__nchl__seed_002,/home/rowanli.tangalin/tpr/tpr/results/hpc_rq1/nominal/thrower/thrower_arm/nchl/seed_002,c0fe4c66e1739f91e800330d9e044e63dc94d647b7892238bca5ee91edd392a3,5f17647971ebd99153bfd433fd20da394c8e49ed86aff82efe3690357b5fd6f3,2,1,6789895730674132307,2935584579999248951,Thrower-v0,thrower_arm,nchl,"(92,)",300,W25,75,0.35998310418646307,8.027546212095956,5.685532790624299,8.035613605857106,-52.39876174926758,49.99449157714844,0.14450645650132987,0.10821445864033521
thrower__thrower_arm__nchl__seed_002,/home/rowanli.tangalin/tpr/tpr/results/hpc_rq1/nominal/thrower/thrower_arm/nchl/seed_002,c0fe4c66e1739f91e800330d9e044e63dc94d647b7892238bca5ee91edd392a3,5f17647971ebd99153bfd433fd20da394c8e49ed86aff82efe3690357b5fd6f3,2,1,6789895730674132307,2935584579999248951,Thrower-v0,thrower_arm,nchl,"(92,)",300,W50,150,0.7432480431677094,15.75658648378077,10.955818795255315,15.774106481019313,-105.62037658691406,127.39606475830078,0.14450645650132987,0.10821445864033521
thrower__thrower_arm__nchl__seed_002,/home/rowanli.tangalin/tpr/tpr/results/hpc_rq1/nominal/thrower/thrower_arm/nchl/seed_002,c0fe4c66e1739f91e800330d9e044e63dc94d647b7892238bca5ee91edd392a3,5f17647971ebd99153bfd433fd20da394c8e49ed86aff82efe3690357b5fd6f3,2,1,6789895730674132307,2935584579999248951,Thrower-v0,thrower_arm,nchl,"(92,)",300,W75,225,0.9853499318985396,24.15207019550932,16.921271119083166,24.172161864779536,-154.66384887695312,192.0578155517578,0.14450645650132987,0.10821445864033521
thrower__thrower_arm__nchl__seed_002,/home/rowanli.tangalin/tpr/tpr/results/hpc_rq1/nominal/thrower/thrower_arm/nchl/seed_002,c0fe4c66e1739f91e800330d9e044e63dc94d647b7892238bca5ee91edd392a3,5f17647971ebd99153bfd433fd20da394c8e49ed86aff82efe3690357b5fd6f3,2,1,6789895730674132307,2935584579999248951,Thrower-v0,thrower_arm,nchl,"(92,)",300,Wfinal,300,0.9548758880618837,32.07314730418843,22.538399992089065,32.087358351191384,-207.5009002685547,219.09898376464844,0.14450645650132987,0.10821445864033521
thrower__thrower_arm__nchl__seed_002,/home/rowanli.tangalin/tpr/tpr/results/hpc_rq1/nominal/thrower/thrower_arm/nchl/seed_002,c0fe4c66e1739f91e800330d9e044e63dc94d647b7892238bca5ee91edd392a3,5f17647971ebd99153bfd433fd20da394c8e49ed86aff82efe3690357b5fd6f3,2,2,2298876442789069326,7237655472595637189,Thrower-v0,thrower_arm,nchl,"(92,)",300,W0,0,-0.0009666233794027278,0.057457578211031216,0.04959757783212145,0.05746570851067945,-0.09999740868806839,0.09996185451745987,0.14704693501827137,0.10880994282054508
thrower__thrower_arm__nchl__seed_002,/home/rowanli.tangalin/tpr/tpr/results/hpc_rq1/nominal/thrower/thrower_arm/nchl/seed_002,c0fe4c66e1739f91e800330d9e044e63dc94d647b7892238bca5ee91edd392a3,5f17647971ebd99153bfd433fd20da394c8e49ed86aff82efe3690357b5fd6f3,2,2,2298876442789069326,7237655472595637189,Thrower-v0,thrower_arm,nchl,"(92,)",300,W25,75,0.28197779696724473,8.101397335843648,5.826127958802483,8.106303119868949,-52.9949836730957,50.803470611572266,0.14704693501827137,0.10880994282054508
thrower__thrower_arm__nchl__seed_002,/home/rowanli.tangalin/tpr/tpr/results/hpc_rq1/nominal/thrower/thrower_arm/nchl/seed_002,c0fe4c66e1739f91e800330d9e044e63dc94d647b7892238bca5ee91edd392a3,5f17647971ebd99153bfd433fd20da394c8e49ed86aff82efe3690357b5fd6f3,2,2,2298876442789069326,7237655472595637189,Thrower-v0,thrower_arm,nchl,"(92,)",300,W50,150,0.5114326449651001,15.79600991356367,11.075712719954087,15.80428715696275,-104.17924499511719,115.0084457397461,0.14704693501827137,0.10880994282054508
thrower__thrower_arm__nchl__seed_002,/home/rowanli.tangalin/tpr/tpr/results/hpc_rq1/nominal/thrower/thrower_arm/nchl/seed_002,c0fe4c66e1739f91e800330d9e044e63dc94d647b7892238bca5ee91edd392a3,5f17647971ebd99153bfd433fd20da394c8e49ed86aff82efe3690357b5fd6f3,2,2,2298876442789069326,7237655472595637189,Thrower-v0,thrower_arm,nchl,"(92,)",300,W75,225,0.31185945263825565,24.310092463971394,16.658499048843133,24.312092709699808,-154.3318328857422,203.14236450195312,0.14704693501827137,0.10880994282054508
thrower__thrower_arm__nchl__seed_002,/home/rowanli.tangalin/tpr/tpr/results/hpc_rq1/nominal/thrower/thrower_arm/nchl/seed_002,c0fe4c66e1739f91e800330d9e044e63dc94d647b7892238bca5ee91edd392a3,5f17647971ebd99153bfd433fd20da394c8e49ed86aff82efe3690357b5fd6f3,2,2,2298876442789069326,7237655472595637189,Thrower-v0,thrower_arm,nchl,"(92,)",300,Wfinal,300,0.24892676069575942,31.990990270765664,21.816634210487052,31.991958724598494,-207.31788635253906,246.3492889404297,0.14704693501827137,0.10880994282054508
thrower__thrower_arm__nchl__seed_003,/home/rowanli.tangalin/tpr/tpr/results/hpc_rq1/nominal/thrower/thrower_arm/nchl/seed_003,0d1a38b7c1b7fbd84b87338d3134b3959c99f77cd6ee0dd022a8d860732cf540,bbe1da0aa5354bfc65069abfece3cd019f7a72d58889df1e611504cd148fd200,3,0,6875887065855152501,8328361779180904825,Thrower-v0,thrower_arm,nchl,"(92,)",300,W0,0,0.0007249533467012812,0.05741575275904648,0.04966583050621361,0.05742032934634603,-0.09994930028915405,0.09996955096721649,0.26308251773250435,0.17390447923843255
thrower__thrower_arm__nchl__seed_003,/home/rowanli.tangalin/tpr/tpr/results/hpc_rq1/nominal/thrower/thrower_arm/nchl/seed_003,0d1a38b7c1b7fbd84b87338d3134b3959c99f77cd6ee0dd022a8d860732cf540,bbe1da0aa5354bfc65069abfece3cd019f7a72d58889df1e611504cd148fd200,3,0,6875887065855152501,8328361779180904825,Thrower-v0,thrower_arm,nchl,"(92,)",300,W25,75,1.3280934763315713,15.8985521995729,10.464846340493258,15.953927238282702,-208.7078399658203,256.98358154296875,0.26308251773250435,0.17390447923843255
thrower__thrower_arm__nchl__seed_003,/home/rowanli.tangalin/tpr/tpr/results/hpc_rq1/nominal/thrower/thrower_arm/nchl/seed_003,0d1a38b7c1b7fbd84b87338d3134b3959c99f77cd6ee0dd022a8d860732cf540,bbe1da0aa5354bfc65069abfece3cd019f7a72d58889df1e611504cd148fd200,3,0,6875887065855152501,8328361779180904825,Thrower-v0,thrower_arm,nchl,"(92,)",300,W50,150,2.420601936024561,30.395133802032117,19.881830203256257,30.491367181156722,-407.08758544921875,487.6204833984375,0.26308251773250435,0.17390447923843255
thrower__thrower_arm__nchl__seed_003,/home/rowanli.tangalin/tpr/tpr/results/hpc_rq1/nominal/thrower/thrower_arm/nchl/seed_003,0d1a38b7c1b7fbd84b87338d3134b3959c99f77cd6ee0dd022a8d860732cf540,bbe1da0aa5354bfc65069abfece3cd019f7a72d58889df1e611504cd148fd200,3,0,6875887065855152501,8328361779180904825,Thrower-v0,thrower_arm,nchl,"(92,)",300,W75,225,2.5923743011717457,44.36853168632953,29.622057105154973,44.44420106738564,-549.5139770507812,635.5872802734375,0.26308251773250435,0.17390447923843255
thrower__thrower_arm__nchl__seed_003,/home/rowanli.tangalin/tpr/tpr/results/hpc_rq1/nominal/thrower/thrower_arm/nchl/seed_003,0d1a38b7c1b7fbd84b87338d3134b3959c99f77cd6ee0dd022a8d860732cf540,bbe1da0aa5354bfc65069abfece3cd019f7a72d58889df1e611504cd148fd200,3,0,6875887065855152501,8328361779180904825,Thrower-v0,thrower_arm,nchl,"(92,)",300,Wfinal,300,1.871697601825134,56.2933513718372,38.856955299805904,56.32445881307518,-602.5390625,668.0025634765625,0.26308251773250435,0.17390447923843255
thrower__thrower_arm__nchl__seed_003,/home/rowanli.tangalin/tpr/tpr/results/hpc_rq1/nominal/thrower/thrower_arm/nchl/seed_003,0d1a38b7c1b7fbd84b87338d3134b3959c99f77cd6ee0dd022a8d860732cf540,bbe1da0aa5354bfc65069abfece3cd019f7a72d58889df1e611504cd148fd200,3,1,2344851983452959862,6171704884853545157,Thrower-v0,thrower_arm,nchl,"(92,)",300,W0,0,0.000381755694467592,0.05762737856201567,0.04995849606001129,0.05762864302879361,-0.09999573230743408,0.09999848902225494,0.25535583131704814,0.17117140663718114
thrower__thrower_arm__nchl__seed_003,/home/rowanli.tangalin/tpr/tpr/results/hpc_rq1/nominal/thrower/thrower_arm/nchl/seed_003,0d1a38b7c1b7fbd84b87338d3134b3959c99f77cd6ee0dd022a8d860732cf540,bbe1da0aa5354bfc65069abfece3cd019f7a72d58889df1e611504cd148fd200,3,1,2344851983452959862,6171704884853545157,Thrower-v0,thrower_arm,nchl,"(92,)",300,W25,75,0.9884173239489313,15.78056843742248,10.442466338589613,15.811492940720587,-200.5520782470703,240.45257568359375,0.25535583131704814,0.17117140663718114
thrower__thrower_arm__nchl__seed_003,/home/rowanli.tangalin/tpr/tpr/results/hpc_rq1/nominal/thrower/thrower_arm/nchl/seed_003,0d1a38b7c1b7fbd84b87338d3134b3959c99f77cd6ee0dd022a8d860732cf540,bbe1da0aa5354bfc65069abfece3cd019f7a72d58889df1e611504cd148fd200,3,1,2344851983452959862,6171704884853545157,Thrower-v0,thrower_arm,nchl,"(92,)",300,W50,150,1.6687211055232702,29.38026523327142,18.93635874512305,29.42761654136121,-416.9071350097656,511.67608642578125,0.25535583131704814,0.17117140663718114
thrower__thrower_arm__nchl__seed_003,/home/rowanli.tangalin/tpr/tpr/results/hpc_rq1/nominal/thrower/thrower_arm/nchl/seed_003,0d1a38b7c1b7fbd84b87338d3134b3959c99f77cd6ee0dd022a8d860732cf540,bbe1da0aa5354bfc65069abfece3cd019f7a72d58889df1e611504cd148fd200,3,1,2344851983452959862,6171704884853545157,Thrower-v0,thrower_arm,nchl,"(92,)",300,W75,225,1.3380989710761317,41.80858881594488,27.693724943427068,41.829996505344646,-510.7884826660156,605.0877075195312,0.25535583131704814,0.17117140663718114
thrower__thrower_arm__nchl__seed_003,/home/rowanli.tangalin/tpr/tpr/results/hpc_rq1/nominal/thrower/thrower_arm/nchl/seed_003,0d1a38b7c1b7fbd84b87338d3134b3959c99f77cd6ee0dd022a8d860732cf540,bbe1da0aa5354bfc65069abfece3cd019f7a72d58889df1e611504cd148fd200,3,1,2344851983452959862,6171704884853545157,Thrower-v0,thrower_arm,nchl,"(92,)",300,Wfinal,300,1.0367107479118067,54.203689240163804,36.50075491313223,54.213602503606836,-570.4888305664062,630.5366821289062,0.25535583131704814,0.17117140663718114
thrower__thrower_arm__nchl__seed_003,/home/rowanli.tangalin/tpr/tpr/results/hpc_rq1/nominal/thrower/thrower_arm/nchl/seed_003,0d1a38b7c1b7fbd84b87338d3134b3959c99f77cd6ee0dd022a8d860732cf540,bbe1da0aa5354bfc65069abfece3cd019f7a72d58889df1e611504cd148fd200,3,2,3189270387817152734,2268335290108042879,Thrower-v0,thrower_arm,nchl,"(92,)",300,W0,0,-0.00011934369406622483,0.05802900217884646,0.05032929259227639,0.05802912490112082,-0.09997870773077011,0.09998249262571335,0.2663979512950553,0.17152596684583316
thrower__thrower_arm__nchl__seed_003,/home/rowanli.tangalin/tpr/tpr/results/hpc_rq1/nominal/thrower/thrower_arm/nchl/seed_003,0d1a38b7c1b7fbd84b87338d3134b3959c99f77cd6ee0dd022a8d860732cf540,bbe1da0aa5354bfc65069abfece3cd019f7a72d58889df1e611504cd148fd200,3,2,3189270387817152734,2268335290108042879,Thrower-v0,thrower_arm,nchl,"(92,)",300,W25,75,1.092851983777368,15.90414006425614,10.449864109271562,15.941643473679974,-203.782958984375,243.62472534179688,0.2663979512950553,0.17152596684583316
thrower__thrower_arm__nchl__seed_003,/home/rowanli.tangalin/tpr/tpr/results/hpc_rq1/nominal/thrower/thrower_arm/nchl/seed_003,0d1a38b7c1b7fbd84b87338d3134b3959c99f77cd6ee0dd022a8d860732cf540,bbe1da0aa5354bfc65069abfece3cd019f7a72d58889df1e611504cd148fd200,3,2,3189270387817152734,2268335290108042879,Thrower-v0,thrower_arm,nchl,"(92,)",300,W50,150,1.7005436742845907,32.18693547923945,19.884856872933526,32.23182688481794,-504.8677978515625,651.3908081054688,0.2663979512950553,0.17152596684583316
thrower__thrower_arm__nchl__seed_003,/home/rowanli.tangalin/tpr/tpr/results/hpc_rq1/nominal/thrower/thrower_arm/nchl/seed_003,0d1a38b7c1b7fbd84b87338d3134b3959c99f77cd6ee0dd022a8d860732cf540,bbe1da0aa5354bfc65069abfece3cd019f7a72d58889df1e611504cd148fd200,3,2,3189270387817152734,2268335290108042879,Thrower-v0,thrower_arm,nchl,"(92,)",300,W75,225,1.4508554347257447,43.19482685456971,28.19930381985612,43.21918611552894,-566.7928466796875,689.7207641601562,0.2663979512950553,0.17152596684583316
thrower__thrower_arm__nchl__seed_003,/home/rowanli.tangalin/tpr/tpr/results/hpc_rq1/nominal/thrower/thrower_arm/nchl/seed_003,0d1a38b7c1b7fbd84b87338d3134b3959c99f77cd6ee0dd022a8d860732cf540,bbe1da0aa5354bfc65069abfece3cd019f7a72d58889df1e611504cd148fd200,3,2,3189270387817152734,2268335290108042879,Thrower-v0,thrower_arm,nchl,"(92,)",300,Wfinal,300,1.3889996838887961,56.85280044907125,38.88861850282335,56.86976559670138,-615.2615356445312,704.19384765625,0.2663979512950553,0.17152596684583316
thrower__thrower_arm__nchl__seed_004,/home/rowanli.tangalin/tpr/tpr/results/hpc_rq1/nominal/thrower/thrower_arm/nchl/seed_004,cd4ef82ef3b8c891e536517c06f0ca37ddb49fb9172e181caaa3a445f9fa7729,c761b239f2faba00061f1ad76305b1a2a471dc7dfaeda4c6e01f009b0a526a26,4,0,4675618027918977294,6264005447694142635,Thrower-v0,thrower_arm,nchl,"(92,)",300,W0,0,0.0001322137601210559,0.058093096524788654,0.05044944252302963,0.058093246976879995,-0.09999685734510422,0.09999668598175049,0.13303550041460946,0.09483934006213046
thrower__thrower_arm__nchl__seed_004,/home/rowanli.tangalin/tpr/tpr/results/hpc_rq1/nominal/thrower/thrower_arm/nchl/seed_004,cd4ef82ef3b8c891e536517c06f0ca37ddb49fb9172e181caaa3a445f9fa7729,c761b239f2faba00061f1ad76305b1a2a471dc7dfaeda4c6e01f009b0a526a26,4,0,4675618027918977294,6264005447694142635,Thrower-v0,thrower_arm,nchl,"(92,)",300,W25,75,-0.03667603529761905,7.767110726252953,5.1860238070977935,7.767197317272094,-83.783935546875,38.733306884765625,0.13303550041460946,0.09483934006213046
thrower__thrower_arm__nchl__seed_004,/home/rowanli.tangalin/tpr/tpr/results/hpc_rq1/nominal/thrower/thrower_arm/nchl/seed_004,cd4ef82ef3b8c891e536517c06f0ca37ddb49fb9172e181caaa3a445f9fa7729,c761b239f2faba00061f1ad76305b1a2a471dc7dfaeda4c6e01f009b0a526a26,4,0,4675618027918977294,6264005447694142635,Thrower-v0,thrower_arm,nchl,"(92,)",300,W50,150,0.16619799727762044,11.906744983902618,8.128780638170301,11.90790484871244,-87.469482421875,129.7699432373047,0.13303550041460946,0.09483934006213046
thrower__thrower_arm__nchl__seed_004,/home/rowanli.tangalin/tpr/tpr/results/hpc_rq1/nominal/thrower/thrower_arm/nchl/seed_004,cd4ef82ef3b8c891e536517c06f0ca37ddb49fb9172e181caaa3a445f9fa7729,c761b239f2faba00061f1ad76305b1a2a471dc7dfaeda4c6e01f009b0a526a26,4,0,4675618027918977294,6264005447694142635,Thrower-v0,thrower_arm,nchl,"(92,)",300,W75,225,0.00849485196993251,17.277936701928905,11.979866104905632,17.27793879021372,-113.62491607666016,177.6671905517578,0.13303550041460946,0.09483934006213046
thrower__thrower_arm__nchl__seed_004,/home/rowanli.tangalin/tpr/tpr/results/hpc_rq1/nominal/thrower/thrower_arm/nchl/seed_004,cd4ef82ef3b8c891e536517c06f0ca37ddb49fb9172e181caaa3a445f9fa7729,c761b239f2faba00061f1ad76305b1a2a471dc7dfaeda4c6e01f009b0a526a26,4,0,4675618027918977294,6264005447694142635,Thrower-v0,thrower_arm,nchl,"(92,)",300,Wfinal,300,0.3428896950618749,22.53527396435567,15.508151341036701,22.537882464675917,-143.25958251953125,211.5438232421875,0.13303550041460946,0.09483934006213046
thrower__thrower_arm__nchl__seed_004,/home/rowanli.tangalin/tpr/tpr/results/hpc_rq1/nominal/thrower/thrower_arm/nchl/seed_004,cd4ef82ef3b8c891e536517c06f0ca37ddb49fb9172e181caaa3a445f9fa7729,c761b239f2faba00061f1ad76305b1a2a471dc7dfaeda4c6e01f009b0a526a26,4,1,1776748932738538903,3330744174114140836,Thrower-v0,thrower_arm,nchl,"(92,)",300,W0,0,-0.00027357911493122516,0.057354533716343976,0.04964848303427138,0.05735518619402577,-0.0999869704246521,0.09998880326747894,0.13472806151271888,0.09623009794117515
thrower__thrower_arm__nchl__seed_004,/home/rowanli.tangalin/tpr/tpr/results/hpc_rq1/nominal/thrower/thrower_arm/nchl/seed_004,cd4ef82ef3b8c891e536517c06f0ca37ddb49fb9172e181caaa3a445f9fa7729,c761b239f2faba00061f1ad76305b1a2a471dc7dfaeda4c6e01f009b0a526a26,4,1,1776748932738538903,3330744174114140836,Thrower-v0,thrower_arm,nchl,"(92,)",300,W25,75,-0.13982271192614698,7.669222939048795,5.006083048175954,7.6704974336481335,-82.3310546875,43.20748519897461,0.13472806151271888,0.09623009794117515
thrower__thrower_arm__nchl__seed_004,/home/rowanli.tangalin/tpr/tpr/results/hpc_rq1/nominal/thrower/thrower_arm/nchl/seed_004,cd4ef82ef3b8c891e536517c06f0ca37ddb49fb9172e181caaa3a445f9fa7729,c761b239f2faba00061f1ad76305b1a2a471dc7dfaeda4c6e01f009b0a526a26,4,1,1776748932738538903,3330744174114140836,Thrower-v0,thrower_arm,nchl,"(92,)",300,W50,150,-0.06888048376700076,13.555580163223347,9.09063832758661,13.555755164601425,-90.75164031982422,125.60724639892578,0.13472806151271888,0.09623009794117515
thrower__thrower_arm__nchl__seed_004,/home/rowanli.tangalin/tpr/tpr/results/hpc_rq1/nominal/thrower/thrower_arm/nchl/seed_004,cd4ef82ef3b8c891e536517c06f0ca37ddb49fb9172e181caaa3a445f9fa7729,c761b239f2faba00061f1ad76305b1a2a471dc7dfaeda4c6e01f009b0a526a26,4,1,1776748932738538903,3330744174114140836,Thrower-v0,thrower_arm,nchl,"(92,)",300,W75,225,-0.562835832253205,19.565990298295645,13.832246296949899,19.574083900072246,-112.22222900390625,184.42202758789062,0.13472806151271888,0.09623009794117515
thrower__thrower_arm__nchl__seed_004,/home/rowanli.tangalin/tpr/tpr/results/hpc_rq1/nominal/thrower/thrower_arm/nchl/seed_004,cd4ef82ef3b8c891e536517c06f0ca37ddb49fb9172e181caaa3a445f9fa7729,c761b239f2faba00061f1ad76305b1a2a471dc7dfaeda4c6e01f009b0a526a26,4,1,1776748932738538903,3330744174114140836,Thrower-v0,thrower_arm,nchl,"(92,)",300,Wfinal,300,-1.0681906426004877,27.11328287348184,19.971782532511973,27.134316638278968,-144.64122009277344,224.68922424316406,0.13472806151271888,0.09623009794117515
thrower__thrower_arm__nchl__seed_004,/home/rowanli.tangalin/tpr/tpr/results/hpc_rq1/nominal/thrower/thrower_arm/nchl/seed_004,cd4ef82ef3b8c891e536517c06f0ca37ddb49fb9172e181caaa3a445f9fa7729,c761b239f2faba00061f1ad76305b1a2a471dc7dfaeda4c6e01f009b0a526a26,4,2,1844154726293175647,4425154243183907800,Thrower-v0,thrower_arm,nchl,"(92,)",300,W0,0,0.00013075396322073478,0.05758561381790486,0.04991737455580386,0.057585762262765725,-0.09995164722204208,0.09996934980154037,0.13102752716781046,0.09417229918031607
thrower__thrower_arm__nchl__seed_004,/home/rowanli.tangalin/tpr/tpr/results/hpc_rq1/nominal/thrower/thrower_arm/nchl/seed_004,cd4ef82ef3b8c891e536517c06f0ca37ddb49fb9172e181caaa3a445f9fa7729,c761b239f2faba00061f1ad76305b1a2a471dc7dfaeda4c6e01f009b0a526a26,4,2,1844154726293175647,4425154243183907800,Thrower-v0,thrower_arm,nchl,"(92,)",300,W25,75,0.00800269404666982,7.830637919823983,5.327521591113278,7.830642009088225,-83.75997161865234,36.50810241699219,0.13102752716781046,0.09417229918031607
thrower__thrower_arm__nchl__seed_004,/home/rowanli.tangalin/tpr/tpr/results/hpc_rq1/nominal/thrower/thrower_arm/nchl/seed_004,cd4ef82ef3b8c891e536517c06f0ca37ddb49fb9172e181caaa3a445f9fa7729,c761b239f2faba00061f1ad76305b1a2a471dc7dfaeda4c6e01f009b0a526a26,4,2,1844154726293175647,4425154243183907800,Thrower-v0,thrower_arm,nchl,"(92,)",300,W50,150,0.2484073687946793,12.542354035383795,8.389281294650006,12.544813708054006,-81.95146179199219,150.871337890625,0.13102752716781046,0.09417229918031607
thrower__thrower_arm__nchl__seed_004,/home/rowanli.tangalin/tpr/tpr/results/hpc_rq1/nominal/thrower/thrower_arm/nchl/seed_004,cd4ef82ef3b8c891e536517c06f0ca37ddb49fb9172e181caaa3a445f9fa7729,c761b239f2faba00061f1ad76305b1a2a471dc7dfaeda4c6e01f009b0a526a26,4,2,1844154726293175647,4425154243183907800,Thrower-v0,thrower_arm,nchl,"(92,)",300,W75,225,-0.226751796606289,18.898371555722857,13.641346384441576,18.89973184559556,-115.17337036132812,182.15838623046875,0.13102752716781046,0.09417229918031607
thrower__thrower_arm__nchl__seed_004,/home/rowanli.tangalin/tpr/tpr/results/hpc_rq1/nominal/thrower/thrower_arm/nchl/seed_004,cd4ef82ef3b8c891e536517c06f0ca37ddb49fb9172e181caaa3a445f9fa7729,c761b239f2faba00061f1ad76305b1a2a471dc7dfaeda4c6e01f009b0a526a26,4,2,1844154726293175647,4425154243183907800,Thrower-v0,thrower_arm,nchl,"(92,)",300,Wfinal,300,-0.7145754536645513,26.01123817889562,19.4102615078728,26.021051663570727,-148.85879516601562,212.8751678466797,0.13102752716781046,0.09417229918031607
thrower__thrower_arm__nchl__seed_005,/home/rowanli.tangalin/tpr/tpr/results/hpc_rq1/nominal/thrower/thrower_arm/nchl/seed_005,497c82087fa58f76676013c55b4ae00785376422cdfe0167fb69b6f2d2c1f4b2,3e506dd400938559e12401203e8f970e9b5cc7c3e7228a9816e633ee307b3d58,5,0,6537336262564968459,5568806234066008283,Thrower-v0,thrower_arm,nchl,"(92,)",300,W0,0,-0.0013944799167197029,0.05751390544760307,0.04976621827747715,0.057530808216762964,-0.09999120235443115,0.09998271614313126,0.4213852596523195,0.28246567019556856
thrower__thrower_arm__nchl__seed_005,/home/rowanli.tangalin/tpr/tpr/results/hpc_rq1/nominal/thrower/thrower_arm/nchl/seed_005,497c82087fa58f76676013c55b4ae00785376422cdfe0167fb69b6f2d2c1f4b2,3e506dd400938559e12401203e8f970e9b5cc7c3e7228a9816e633ee307b3d58,5,0,6537336262564968459,5568806234066008283,Thrower-v0,thrower_arm,nchl,"(92,)",300,W25,75,1.1493357985666772,22.688677788122327,14.563039327881167,22.717769973109206,-181.09686279296875,214.72421264648438,0.4213852596523195,0.28246567019556856
thrower__thrower_arm__nchl__seed_005,/home/rowanli.tangalin/tpr/tpr/results/hpc_rq1/nominal/thrower/thrower_arm/nchl/seed_005,497c82087fa58f76676013c55b4ae00785376422cdfe0167fb69b6f2d2c1f4b2,3e506dd400938559e12401203e8f970e9b5cc7c3e7228a9816e633ee307b3d58,5,0,6537336262564968459,5568806234066008283,Thrower-v0,thrower_arm,nchl,"(92,)",300,W50,150,2.0949491399573437,47.173608460403464,30.059456178610958,47.22010320906189,-369.0030212402344,438.56365966796875,0.4213852596523195,0.28246567019556856
thrower__thrower_arm__nchl__seed_005,/home/rowanli.tangalin/tpr/tpr/results/hpc_rq1/nominal/thrower/thrower_arm/nchl/seed_005,497c82087fa58f76676013c55b4ae00785376422cdfe0167fb69b6f2d2c1f4b2,3e506dd400938559e12401203e8f970e9b5cc7c3e7228a9816e633ee307b3d58,5,0,6537336262564968459,5568806234066008283,Thrower-v0,thrower_arm,nchl,"(92,)",300,W75,225,2.703690382706157,68.45840385393112,44.31615397869892,68.5117727103413,-592.8670043945312,626.3350219726562,0.4213852596523195,0.28246567019556856
thrower__thrower_arm__nchl__seed_005,/home/rowanli.tangalin/tpr/tpr/results/hpc_rq1/nominal/thrower/thrower_arm/nchl/seed_005,497c82087fa58f76676013c55b4ae00785376422cdfe0167fb69b6f2d2c1f4b2,3e506dd400938559e12401203e8f970e9b5cc7c3e7228a9816e633ee307b3d58,5,0,6537336262564968459,5568806234066008283,Thrower-v0,thrower_arm,nchl,"(92,)",300,Wfinal,300,4.202714035265429,88.33314108866597,57.33398409975259,88.43306293379409,-631.327392578125,674.2303466796875,0.4213852596523195,0.28246567019556856
thrower__thrower_arm__nchl__seed_005,/home/rowanli.tangalin/tpr/tpr/results/hpc_rq1/nominal/thrower/thrower_arm/nchl/seed_005,497c82087fa58f76676013c55b4ae00785376422cdfe0167fb69b6f2d2c1f4b2,3e506dd400938559e12401203e8f970e9b5cc7c3e7228a9816e633ee307b3d58,5,1,7847246716821455116,5175985587420486963,Thrower-v0,thrower_arm,nchl,"(92,)",300,W0,0,-0.00028667211654180065,0.05745447191102752,0.04975752142274168,0.057455187089395614,-0.09999550133943558,0.09998894482851028,0.46856468063386547,0.2940964281239865
thrower__thrower_arm__nchl__seed_005,/home/rowanli.tangalin/tpr/tpr/results/hpc_rq1/nominal/thrower/thrower_arm/nchl/seed_005,497c82087fa58f76676013c55b4ae00785376422cdfe0167fb69b6f2d2c1f4b2,3e506dd400938559e12401203e8f970e9b5cc7c3e7228a9816e633ee307b3d58,5,1,7847246716821455116,5175985587420486963,Thrower-v0,thrower_arm,nchl,"(92,)",300,W25,75,0.8493587071534948,25.75491477302541,15.890263836523332,25.768916259307836,-176.89645385742188,168.95176696777344,0.46856468063386547,0.2940964281239865
thrower__thrower_arm__nchl__seed_005,/home/rowanli.tangalin/tpr/tpr/results/hpc_rq1/nominal/thrower/thrower_arm/nchl/seed_005,497c82087fa58f76676013c55b4ae00785376422cdfe0167fb69b6f2d2c1f4b2,3e506dd400938559e12401203e8f970e9b5cc7c3e7228a9816e633ee307b3d58,5,1,7847246716821455116,5175985587420486963,Thrower-v0,thrower_arm,nchl,"(92,)",300,W50,150,-1.6759520170123445,55.44826564204892,34.82758387502467,55.47358811069058,-505.0620422363281,379.0167541503906,0.46856468063386547,0.2940964281239865
thrower__thrower_arm__nchl__seed_005,/home/rowanli.tangalin/tpr/tpr/results/hpc_rq1/nominal/thrower/thrower_arm/nchl/seed_005,497c82087fa58f76676013c55b4ae00785376422cdfe0167fb69b6f2d2c1f4b2,3e506dd400938559e12401203e8f970e9b5cc7c3e7228a9816e633ee307b3d58,5,1,7847246716821455116,5175985587420486963,Thrower-v0,thrower_arm,nchl,"(92,)",300,W75,225,-2.842547587323146,71.49950425846919,45.81727776060915,71.55598637425838,-503.9114074707031,418.5170593261719,0.46856468063386547,0.2940964281239865
thrower__thrower_arm__nchl__seed_005,/home/rowanli.tangalin/tpr/tpr/results/hpc_rq1/nominal/thrower/thrower_arm/nchl/seed_005,497c82087fa58f76676013c55b4ae00785376422cdfe0167fb69b6f2d2c1f4b2,3e506dd400938559e12401203e8f970e9b5cc7c3e7228a9816e633ee307b3d58,5,1,7847246716821455116,5175985587420486963,Thrower-v0,thrower_arm,nchl,"(92,)",300,Wfinal,300,-2.93546362219034,93.31401798692532,62.15937151058817,93.36017833927602,-520.6541137695312,484.3212585449219,0.46856468063386547,0.2940964281239865
thrower__thrower_arm__nchl__seed_005,/home/rowanli.tangalin/tpr/tpr/results/hpc_rq1/nominal/thrower/thrower_arm/nchl/seed_005,497c82087fa58f76676013c55b4ae00785376422cdfe0167fb69b6f2d2c1f4b2,3e506dd400938559e12401203e8f970e9b5cc7c3e7228a9816e633ee307b3d58,5,2,8874890859321386193,4629262467755900572,Thrower-v0,thrower_arm,nchl,"(92,)",300,W0,0,-0.0005308503892712017,0.05746086062142135,0.049772612052249296,0.057463312691579144,-0.09993179887533188,0.09998657554388046,0.4508514065527743,0.2897810692910888
thrower__thrower_arm__nchl__seed_005,/home/rowanli.tangalin/tpr/tpr/results/hpc_rq1/nominal/thrower/thrower_arm/nchl/seed_005,497c82087fa58f76676013c55b4ae00785376422cdfe0167fb69b6f2d2c1f4b2,3e506dd400938559e12401203e8f970e9b5cc7c3e7228a9816e633ee307b3d58,5,2,8874890859321386193,4629262467755900572,Thrower-v0,thrower_arm,nchl,"(92,)",300,W25,75,0.5874138210725574,26.0981981167844,15.99050812419627,26.104807985122505,-263.60784912109375,143.50450134277344,0.4508514065527743,0.2897810692910888
thrower__thrower_arm__nchl__seed_005,/home/rowanli.tangalin/tpr/tpr/results/hpc_rq1/nominal/thrower/thrower_arm/nchl/seed_005,497c82087fa58f76676013c55b4ae00785376422cdfe0167fb69b6f2d2c1f4b2,3e506dd400938559e12401203e8f970e9b5cc7c3e7228a9816e633ee307b3d58,5,2,8874890859321386193,4629262467755900572,Thrower-v0,thrower_arm,nchl,"(92,)",300,W50,150,-2.0751770702936705,55.20409968133866,34.36086436786098,55.24308989819675,-580.4603271484375,342.42315673828125,0.4508514065527743,0.2897810692910888
thrower__thrower_arm__nchl__seed_005,/home/rowanli.tangalin/tpr/tpr/results/hpc_rq1/nominal/thrower/thrower_arm/nchl/seed_005,497c82087fa58f76676013c55b4ae00785376422cdfe0167fb69b6f2d2c1f4b2,3e506dd400938559e12401203e8f970e9b5cc7c3e7228a9816e633ee307b3d58,5,2,8874890859321386193,4629262467755900572,Thrower-v0,thrower_arm,nchl,"(92,)",300,W75,225,-2.098066182093548,71.52241549505077,45.48446978716332,71.55318162004484,-580.7755737304688,390.14666748046875,0.4508514065527743,0.2897810692910888
thrower__thrower_arm__nchl__seed_005,/home/rowanli.tangalin/tpr/tpr/results/hpc_rq1/nominal/thrower/thrower_arm/nchl/seed_005,497c82087fa58f76676013c55b4ae00785376422cdfe0167fb69b6f2d2c1f4b2,3e506dd400938559e12401203e8f970e9b5cc7c3e7228a9816e633ee307b3d58,5,2,8874890859321386193,4629262467755900572,Thrower-v0,thrower_arm,nchl,"(92,)",300,Wfinal,300,-1.3841829019204865,92.87570363144312,61.65588051964357,92.88601771710113,-579.077880859375,488.3451232910156,0.4508514065527743,0.2897810692910888
thrower__thrower_arm__nchl__seed_006,/home/rowanli.tangalin/tpr/tpr/results/hpc_rq1/nominal/thrower/thrower_arm/nchl/seed_006,0c31b284048474b449e93dd529ccab657f1c55da1a3e10b8a9791d342fb87094,9576bd051ba902cd71727488cc7230559fc28d49983a9013bd2a135995c8aff1,6,0,4697810511805331226,1837341966890607914,Thrower-v0,thrower_arm,nchl,"(92,)",300,W0,0,-0.0008244209965391079,0.05770714136879485,0.04992995237495782,0.05771303002734832,-0.09999898076057434,0.0999877005815506,0.17735871200102032,0.12373795278733446
thrower__thrower_arm__nchl__seed_006,/home/rowanli.tangalin/tpr/tpr/results/hpc_rq1/nominal/thrower/thrower_arm/nchl/seed_006,0c31b284048474b449e93dd529ccab657f1c55da1a3e10b8a9791d342fb87094,9576bd051ba902cd71727488cc7230559fc28d49983a9013bd2a135995c8aff1,6,0,4697810511805331226,1837341966890607914,Thrower-v0,thrower_arm,nchl,"(92,)",300,W25,75,-0.04716390417553605,10.173808773095507,6.781103519855719,10.17391809409591,-71.69762420654297,56.56802749633789,0.17735871200102032,0.12373795278733446
thrower__thrower_arm__nchl__seed_006,/home/rowanli.tangalin/tpr/tpr/results/hpc_rq1/nominal/thrower/thrower_arm/nchl/seed_006,0c31b284048474b449e93dd529ccab657f1c55da1a3e10b8a9791d342fb87094,9576bd051ba902cd71727488cc7230559fc28d49983a9013bd2a135995c8aff1,6,0,4697810511805331226,1837341966890607914,Thrower-v0,thrower_arm,nchl,"(92,)",300,W50,150,0.09284294457445698,21.959811358975735,14.2540956947905,21.960007621450337,-162.73605346679688,112.19854736328125,0.17735871200102032,0.12373795278733446
thrower__thrower_arm__nchl__seed_006,/home/rowanli.tangalin/tpr/tpr/results/hpc_rq1/nominal/thrower/thrower_arm/nchl/seed_006,0c31b284048474b449e93dd529ccab657f1c55da1a3e10b8a9791d342fb87094,9576bd051ba902cd71727488cc7230559fc28d49983a9013bd2a135995c8aff1,6,0,4697810511805331226,1837341966890607914,Thrower-v0,thrower_arm,nchl,"(92,)",300,W75,225,-0.0773713347052716,27.94235085975986,18.15628177474363,27.94245797873474,-167.80027770996094,163.8417205810547,0.17735871200102032,0.12373795278733446
thrower__thrower_arm__nchl__seed_006,/home/rowanli.tangalin/tpr/tpr/results/hpc_rq1/nominal/thrower/thrower_arm/nchl/seed_006,0c31b284048474b449e93dd529ccab657f1c55da1a3e10b8a9791d342fb87094,9576bd051ba902cd71727488cc7230559fc28d49983a9013bd2a135995c8aff1,6,0,4697810511805331226,1837341966890607914,Thrower-v0,thrower_arm,nchl,"(92,)",300,Wfinal,300,-0.6109954192846848,35.840292675473876,23.812489647322046,35.845500337783164,-216.2833251953125,220.0044708251953,0.17735871200102032,0.12373795278733446
thrower__thrower_arm__nchl__seed_006,/home/rowanli.tangalin/tpr/tpr/results/hpc_rq1/nominal/thrower/thrower_arm/nchl/seed_006,0c31b284048474b449e93dd529ccab657f1c55da1a3e10b8a9791d342fb87094,9576bd051ba902cd71727488cc7230559fc28d49983a9013bd2a135995c8aff1,6,1,212357942801270703,7001556810303355477,Thrower-v0,thrower_arm,nchl,"(92,)",300,W0,0,-0.00033063796507561306,0.05725905529308493,0.0494002906561686,0.05726000990674475,-0.09997940808534622,0.099990613758564,0.18339877993813786,0.12500643733222871
thrower__thrower_arm__nchl__seed_006,/home/rowanli.tangalin/tpr/tpr/results/hpc_rq1/nominal/thrower/thrower_arm/nchl/seed_006,0c31b284048474b449e93dd529ccab657f1c55da1a3e10b8a9791d342fb87094,9576bd051ba902cd71727488cc7230559fc28d49983a9013bd2a135995c8aff1,6,1,212357942801270703,7001556810303355477,Thrower-v0,thrower_arm,nchl,"(92,)",300,W25,75,-0.4216299870501419,11.657711341953567,7.411187434081726,11.665333496231161,-86.61674499511719,56.75227737426758,0.18339877993813786,0.12500643733222871
thrower__thrower_arm__nchl__seed_006,/home/rowanli.tangalin/tpr/tpr/results/hpc_rq1/nominal/thrower/thrower_arm/nchl/seed_006,0c31b284048474b449e93dd529ccab657f1c55da1a3e10b8a9791d342fb87094,9576bd051ba902cd71727488cc7230559fc28d49983a9013bd2a135995c8aff1,6,1,212357942801270703,7001556810303355477,Thrower-v0,thrower_arm,nchl,"(92,)",300,W50,150,-1.0408824641335772,21.805367933139486,14.12863094812156,21.830197136162752,-168.32763671875,108.32276916503906,0.18339877993813786,0.12500643733222871
thrower__thrower_arm__nchl__seed_006,/home/rowanli.tangalin/tpr/tpr/results/hpc_rq1/nominal/thrower/thrower_arm/nchl/seed_006,0c31b284048474b449e93dd529ccab657f1c55da1a3e10b8a9791d342fb87094,9576bd051ba902cd71727488cc7230559fc28d49983a9013bd2a135995c8aff1,6,1,212357942801270703,7001556810303355477,Thrower-v0,thrower_arm,nchl,"(92,)",300,W75,225,-0.2754860010966706,28.647631836515654,19.16031175243877,28.648956392464722,-172.9954071044922,157.5120391845703,0.18339877993813786,0.12500643733222871
thrower__thrower_arm__nchl__seed_006,/home/rowanli.tangalin/tpr/tpr/results/hpc_rq1/nominal/thrower/thrower_arm/nchl/seed_006,0c31b284048474b449e93dd529ccab657f1c55da1a3e10b8a9791d342fb87094,9576bd051ba902cd71727488cc7230559fc28d49983a9013bd2a135995c8aff1,6,1,212357942801270703,7001556810303355477,Thrower-v0,thrower_arm,nchl,"(92,)",300,Wfinal,300,-0.591388836637456,36.23239504637693,24.44345020428734,36.237221079338006,-216.47772216796875,213.0244140625,0.18339877993813786,0.12500643733222871
thrower__thrower_arm__nchl__seed_006,/home/rowanli.tangalin/tpr/tpr/results/hpc_rq1/nominal/thrower/thrower_arm/nchl/seed_006,0c31b284048474b449e93dd529ccab657f1c55da1a3e10b8a9791d342fb87094,9576bd051ba902cd71727488cc7230559fc28d49983a9013bd2a135995c8aff1,6,2,9197516287707139064,7789448062882196537,Thrower-v0,thrower_arm,nchl,"(92,)",300,W0,0,-0.00034222225753091455,0.05754502827484479,0.049768067694646305,0.05754604586960112,-0.09999804198741913,0.09999632090330124,0.19533666566770172,0.12706706206812377
thrower__thrower_arm__nchl__seed_006,/home/rowanli.tangalin/tpr/tpr/results/hpc_rq1/nominal/thrower/thrower_arm/nchl/seed_006,0c31b284048474b449e93dd529ccab657f1c55da1a3e10b8a9791d342fb87094,9576bd051ba902cd71727488cc7230559fc28d49983a9013bd2a135995c8aff1,6,2,9197516287707139064,7789448062882196537,Thrower-v0,thrower_arm,nchl,"(92,)",300,W25,75,-0.331590560442404,10.684434274164026,6.944539364610319,10.689578479000259,-95.41963958740234,53.99053192138672,0.19533666566770172,0.12706706206812377
thrower__thrower_arm__nchl__seed_006,/home/rowanli.tangalin/tpr/tpr/results/hpc_rq1/nominal/thrower/thrower_arm/nchl/seed_006,0c31b284048474b449e93dd529ccab657f1c55da1a3e10b8a9791d342fb87094,9576bd051ba902cd71727488cc7230559fc28d49983a9013bd2a135995c8aff1,6,2,9197516287707139064,7789448062882196537,Thrower-v0,thrower_arm,nchl,"(92,)",300,W50,150,-0.6807508716351344,24.773532454916754,15.112724473036911,24.782883852450375,-229.6714630126953,143.95391845703125,0.19533666566770172,0.12706706206812377
thrower__thrower_arm__nchl__seed_006,/home/rowanli.tangalin/tpr/tpr/results/hpc_rq1/nominal/thrower/thrower_arm/nchl/seed_006,0c31b284048474b449e93dd529ccab657f1c55da1a3e10b8a9791d342fb87094,9576bd051ba902cd71727488cc7230559fc28d49983a9013bd2a135995c8aff1,6,2,9197516287707139064,7789448062882196537,Thrower-v0,thrower_arm,nchl,"(92,)",300,W75,225,-0.8451550166060418,31.085740642259026,20.09126250835107,31.097227501497446,-234.9615936279297,159.75804138183594,0.19533666566770172,0.12706706206812377
thrower__thrower_arm__nchl__seed_006,/home/rowanli.tangalin/tpr/tpr/results/hpc_rq1/nominal/thrower/thrower_arm/nchl/seed_006,0c31b284048474b449e93dd529ccab657f1c55da1a3e10b8a9791d342fb87094,9576bd051ba902cd71727488cc7230559fc28d49983a9013bd2a135995c8aff1,6,2,9197516287707139064,7789448062882196537,Thrower-v0,thrower_arm,nchl,"(92,)",300,Wfinal,300,-1.8751525384842906,38.49061783368724,25.322623859003972,38.53626679196554,-235.97238159179688,214.7052001953125,0.19533666566770172,0.12706706206812377
thrower__thrower_arm__nchl__seed_007,/home/rowanli.tangalin/tpr/tpr/results/hpc_rq1/nominal/thrower/thrower_arm/nchl/seed_007,691cd3937c649ebeaf7594b7d1b9612b79c9a70122cd1b677ce5f67cb5b21c91,12821db76da7bc0f2a6fcd4e65d48b42b0261e88060269fb40bed442f03b3bfa,7,0,7273538705011962834,3327181185902024434,Thrower-v0,thrower_arm,nchl,"(92,)",300,W0,0,0.00017802182380220047,0.05772071426087977,0.05000328963238614,0.057720988787059765,-0.09998038411140442,0.0999654084444046,0.35424300419991855,0.23674755055374685
thrower__thrower_arm__nchl__seed_007,/home/rowanli.tangalin/tpr/tpr/results/hpc_rq1/nominal/thrower/thrower_arm/nchl/seed_007,691cd3937c649ebeaf7594b7d1b9612b79c9a70122cd1b677ce5f67cb5b21c91,12821db76da7bc0f2a6fcd4e65d48b42b0261e88060269fb40bed442f03b3bfa,7,0,7273538705011962834,3327181185902024434,Thrower-v0,thrower_arm,nchl,"(92,)",300,W25,75,-2.6030072969273412,23.138858009472415,15.316577538126632,23.28481043449533,-231.3134002685547,149.61331176757812,0.35424300419991855,0.23674755055374685
thrower__thrower_arm__nchl__seed_007,/home/rowanli.tangalin/tpr/tpr/results/hpc_rq1/nominal/thrower/thrower_arm/nchl/seed_007,691cd3937c649ebeaf7594b7d1b9612b79c9a70122cd1b677ce5f67cb5b21c91,12821db76da7bc0f2a6fcd4e65d48b42b0261e88060269fb40bed442f03b3bfa,7,0,7273538705011962834,3327181185902024434,Thrower-v0,thrower_arm,nchl,"(92,)",300,W50,150,-3.9820713466337945,43.22519349160236,28.080694892581427,43.408227844455304,-487.138671875,345.46820068359375,0.35424300419991855,0.23674755055374685
thrower__thrower_arm__nchl__seed_007,/home/rowanli.tangalin/tpr/tpr/results/hpc_rq1/nominal/thrower/thrower_arm/nchl/seed_007,691cd3937c649ebeaf7594b7d1b9612b79c9a70122cd1b677ce5f67cb5b21c91,12821db76da7bc0f2a6fcd4e65d48b42b0261e88060269fb40bed442f03b3bfa,7,0,7273538705011962834,3327181185902024434,Thrower-v0,thrower_arm,nchl,"(92,)",300,W75,225,-4.524565812431224,60.7248042341204,40.900801893660365,60.89313216663491,-548.023681640625,541.3131103515625,0.35424300419991855,0.23674755055374685
thrower__thrower_arm__nchl__seed_007,/home/rowanli.tangalin/tpr/tpr/results/hpc_rq1/nominal/thrower/thrower_arm/nchl/seed_007,691cd3937c649ebeaf7594b7d1b9612b79c9a70122cd1b677ce5f67cb5b21c91,12821db76da7bc0f2a6fcd4e65d48b42b0261e88060269fb40bed442f03b3bfa,7,0,7273538705011962834,3327181185902024434,Thrower-v0,thrower_arm,nchl,"(92,)",300,Wfinal,300,-7.045671215061284,79.59564493630445,55.14650377862176,79.90687189282905,-582.0850219726562,572.6775512695312,0.35424300419991855,0.23674755055374685
thrower__thrower_arm__nchl__seed_007,/home/rowanli.tangalin/tpr/tpr/results/hpc_rq1/nominal/thrower/thrower_arm/nchl/seed_007,691cd3937c649ebeaf7594b7d1b9612b79c9a70122cd1b677ce5f67cb5b21c91,12821db76da7bc0f2a6fcd4e65d48b42b0261e88060269fb40bed442f03b3bfa,7,1,219581318861383269,6126904072154767176,Thrower-v0,thrower_arm,nchl,"(92,)",300,W0,0,0.00023914228266677822,0.05756955737775871,0.04965837128420035,0.057570054070692094,-0.09996632486581802,0.09997615218162537,0.37180480749325,0.2392214185205277
thrower__thrower_arm__nchl__seed_007,/home/rowanli.tangalin/tpr/tpr/results/hpc_rq1/nominal/thrower/thrower_arm/nchl/seed_007,691cd3937c649ebeaf7594b7d1b9612b79c9a70122cd1b677ce5f67cb5b21c91,12821db76da7bc0f2a6fcd4e65d48b42b0261e88060269fb40bed442f03b3bfa,7,1,219581318861383269,6126904072154767176,Thrower-v0,thrower_arm,nchl,"(92,)",300,W25,75,-2.6160816034516707,23.335489394504624,15.375556687536832,23.481672603052704,-255.00515747070312,163.3313446044922,0.37180480749325,0.2392214185205277
thrower__thrower_arm__nchl__seed_007,/home/rowanli.tangalin/tpr/tpr/results/hpc_rq1/nominal/thrower/thrower_arm/nchl/seed_007,691cd3937c649ebeaf7594b7d1b9612b79c9a70122cd1b677ce5f67cb5b21c91,12821db76da7bc0f2a6fcd4e65d48b42b0261e88060269fb40bed442f03b3bfa,7,1,219581318861383269,6126904072154767176,Thrower-v0,thrower_arm,nchl,"(92,)",300,W50,150,-5.208970725495124,50.543498383779536,31.735036037152046,50.81120550518546,-684.9469604492188,493.6918029785156,0.37180480749325,0.2392214185205277
thrower__thrower_arm__nchl__seed_007,/home/rowanli.tangalin/tpr/tpr/results/hpc_rq1/nominal/thrower/thrower_arm/nchl/seed_007,691cd3937c649ebeaf7594b7d1b9612b79c9a70122cd1b677ce5f67cb5b21c91,12821db76da7bc0f2a6fcd4e65d48b42b0261e88060269fb40bed442f03b3bfa,7,1,219581318861383269,6126904072154767176,Thrower-v0,thrower_arm,nchl,"(92,)",300,W75,225,-7.54014592616405,68.18656514094037,46.28247066874345,68.60219724110557,-677.1806030273438,535.9669189453125,0.37180480749325,0.2392214185205277
thrower__thrower_arm__nchl__seed_007,/home/rowanli.tangalin/tpr/tpr/results/hpc_rq1/nominal/thrower/thrower_arm/nchl/seed_007,691cd3937c649ebeaf7594b7d1b9612b79c9a70122cd1b677ce5f67cb5b21c91,12821db76da7bc0f2a6fcd4e65d48b42b0261e88060269fb40bed442f03b3bfa,7,1,219581318861383269,6126904072154767176,Thrower-v0,thrower_arm,nchl,"(92,)",300,Wfinal,300,-10.051054960033571,88.40761508072544,62.021118385351016,88.97713251207485,-699.5717163085938,579.456298828125,0.37180480749325,0.2392214185205277
thrower__thrower_arm__nchl__seed_007,/home/rowanli.tangalin/tpr/tpr/results/hpc_rq1/nominal/thrower/thrower_arm/nchl/seed_007,691cd3937c649ebeaf7594b7d1b9612b79c9a70122cd1b677ce5f67cb5b21c91,12821db76da7bc0f2a6fcd4e65d48b42b0261e88060269fb40bed442f03b3bfa,7,2,7655123995385766933,8050610523573754527,Thrower-v0,thrower_arm,nchl,"(92,)",300,W0,0,3.5366853429939294e-05,0.0574632561224602,0.04963714656388097,0.05746326700606033,-0.09993910044431686,0.09998705238103867,0.3648481204219482,0.23852937570997076
thrower__thrower_arm__nchl__seed_007,/home/rowanli.tangalin/tpr/tpr/results/hpc_rq1/nominal/thrower/thrower_arm/nchl/seed_007,691cd3937c649ebeaf7594b7d1b9612b79c9a70122cd1b677ce5f67cb5b21c91,12821db76da7bc0f2a6fcd4e65d48b42b0261e88060269fb40bed442f03b3bfa,7,2,7655123995385766933,8050610523573754527,Thrower-v0,thrower_arm,nchl,"(92,)",300,W25,75,-2.6111184035102655,23.264730788760403,15.333907320943256,23.410801737459703,-238.33055114746094,155.0121612548828,0.3648481204219482,0.23852937570997076
thrower__thrower_arm__nchl__seed_007,/home/rowanli.tangalin/tpr/tpr/results/hpc_rq1/nominal/thrower/thrower_arm/nchl/seed_007,691cd3937c649ebeaf7594b7d1b9612b79c9a70122cd1b677ce5f67cb5b21c91,12821db76da7bc0f2a6fcd4e65d48b42b0261e88060269fb40bed442f03b3bfa,7,2,7655123995385766933,8050610523573754527,Thrower-v0,thrower_arm,nchl,"(92,)",300,W50,150,-5.027299983900615,50.42164960501161,32.15869687555746,50.67165375255375,-659.721923828125,432.26239013671875,0.3648481204219482,0.23852937570997076
thrower__thrower_arm__nchl__seed_007,/home/rowanli.tangalin/tpr/tpr/results/hpc_rq1/nominal/thrower/thrower_arm/nchl/seed_007,691cd3937c649ebeaf7594b7d1b9612b79c9a70122cd1b677ce5f67cb5b21c91,12821db76da7bc0f2a6fcd4e65d48b42b0261e88060269fb40bed442f03b3bfa,7,2,7655123995385766933,8050610523573754527,Thrower-v0,thrower_arm,nchl,"(92,)",300,W75,225,-5.915247417723011,65.40137638953817,43.51916607897736,65.66833472579398,-685.887451171875,499.4615478515625,0.3648481204219482,0.23852937570997076
thrower__thrower_arm__nchl__seed_007,/home/rowanli.tangalin/tpr/tpr/results/hpc_rq1/nominal/thrower/thrower_arm/nchl/seed_007,691cd3937c649ebeaf7594b7d1b9612b79c9a70122cd1b677ce5f67cb5b21c91,12821db76da7bc0f2a6fcd4e65d48b42b0261e88060269fb40bed442f03b3bfa,7,2,7655123995385766933,8050610523573754527,Thrower-v0,thrower_arm,nchl,"(92,)",300,Wfinal,300,-7.631873511517391,85.39514608035405,59.17781353319998,85.73550295753103,-704.5546264648438,542.6904296875,0.3648481204219482,0.23852937570997076
thrower__thrower_arm__nchl__seed_008,/home/rowanli.tangalin/tpr/tpr/results/hpc_rq1/nominal/thrower/thrower_arm/nchl/seed_008,b2b4e331fbf1c0491321ab933836530d78932ad701d914ca63de58b7553f5a08,1bb219156901759e223ffeaacce2ae7bae91632f8e48d604c5d5ba7e531e141a,8,0,4480449054597749916,4714160801966532834,Thrower-v0,thrower_arm,nchl,"(92,)",300,W0,0,-0.000698730075358361,0.05729233275358061,0.04959811462473318,0.0572965934071583,-0.09998621791601181,0.09999813139438629,0.15930886513410944,0.11437912401636254
thrower__thrower_arm__nchl__seed_008,/home/rowanli.tangalin/tpr/tpr/results/hpc_rq1/nominal/thrower/thrower_arm/nchl/seed_008,b2b4e331fbf1c0491321ab933836530d78932ad701d914ca63de58b7553f5a08,1bb219156901759e223ffeaacce2ae7bae91632f8e48d604c5d5ba7e531e141a,8,0,4480449054597749916,4714160801966532834,Thrower-v0,thrower_arm,nchl,"(92,)",300,W25,75,-0.2442775840654758,8.431695645976266,5.827300955905065,8.435233429161993,-66.0556869506836,45.847679138183594,0.15930886513410944,0.11437912401636254
thrower__thrower_arm__nchl__seed_008,/home/rowanli.tangalin/tpr/tpr/results/hpc_rq1/nominal/thrower/thrower_arm/nchl/seed_008,b2b4e331fbf1c0491321ab933836530d78932ad701d914ca63de58b7553f5a08,1bb219156901759e223ffeaacce2ae7bae91632f8e48d604c5d5ba7e531e141a,8,0,4480449054597749916,4714160801966532834,Thrower-v0,thrower_arm,nchl,"(92,)",300,W50,150,0.0444809372082759,17.520640464234152,12.727988667122421,17.52069692765485,-115.93880462646484,92.7297592163086,0.15930886513410944,0.11437912401636254
thrower__thrower_arm__nchl__seed_008,/home/rowanli.tangalin/tpr/tpr/results/hpc_rq1/nominal/thrower/thrower_arm/nchl/seed_008,b2b4e331fbf1c0491321ab933836530d78932ad701d914ca63de58b7553f5a08,1bb219156901759e223ffeaacce2ae7bae91632f8e48d604c5d5ba7e531e141a,8,0,4480449054597749916,4714160801966532834,Thrower-v0,thrower_arm,nchl,"(92,)",300,W75,225,0.3305164283886406,28.130075281128306,20.617299898435633,28.132016927895172,-142.24005126953125,167.16860961914062,0.15930886513410944,0.11437912401636254
thrower__thrower_arm__nchl__seed_008,/home/rowanli.tangalin/tpr/tpr/results/hpc_rq1/nominal/thrower/thrower_arm/nchl/seed_008,b2b4e331fbf1c0491321ab933836530d78932ad701d914ca63de58b7553f5a08,1bb219156901759e223ffeaacce2ae7bae91632f8e48d604c5d5ba7e531e141a,8,0,4480449054597749916,4714160801966532834,Thrower-v0,thrower_arm,nchl,"(92,)",300,Wfinal,300,0.5395387108945695,39.60662165962053,28.798167834005234,39.610296405213575,-169.98568725585938,261.7575988769531,0.15930886513410944,0.11437912401636254
thrower__thrower_arm__nchl__seed_008,/home/rowanli.tangalin/tpr/tpr/results/hpc_rq1/nominal/thrower/thrower_arm/nchl/seed_008,b2b4e331fbf1c0491321ab933836530d78932ad701d914ca63de58b7553f5a08,1bb219156901759e223ffeaacce2ae7bae91632f8e48d604c5d5ba7e531e141a,8,1,8169066096088904802,2410012360361453569,Thrower-v0,thrower_arm,nchl,"(92,)",300,W0,0,-5.126108656683523e-05,0.05782924529266336,0.04999616415786413,0.05782926801212361,-0.09999372065067291,0.09998711198568344,0.1569581412688163,0.11380895218972381
thrower__thrower_arm__nchl__seed_008,/home/rowanli.tangalin/tpr/tpr/results/hpc_rq1/nominal/thrower/thrower_arm/nchl/seed_008,b2b4e331fbf1c0491321ab933836530d78932ad701d914ca63de58b7553f5a08,1bb219156901759e223ffeaacce2ae7bae91632f8e48d604c5d5ba7e531e141a,8,1,8169066096088904802,2410012360361453569,Thrower-v0,thrower_arm,nchl,"(92,)",300,W25,75,-0.3291046466856492,8.390564716709505,5.758166894006552,8.397016501934514,-67.33404541015625,45.696617126464844,0.1569581412688163,0.11380895218972381
thrower__thrower_arm__nchl__seed_008,/home/rowanli.tangalin/tpr/tpr/results/hpc_rq1/nominal/thrower/thrower_arm/nchl/seed_008,b2b4e331fbf1c0491321ab933836530d78932ad701d914ca63de58b7553f5a08,1bb219156901759e223ffeaacce2ae7bae91632f8e48d604c5d5ba7e531e141a,8,1,8169066096088904802,2410012360361453569,Thrower-v0,thrower_arm,nchl,"(92,)",300,W50,150,0.0317135820003125,17.66103779372459,12.744572426038244,17.661066267432766,-117.87738800048828,92.60258483886719,0.1569581412688163,0.11380895218972381
thrower__thrower_arm__nchl__seed_008,/home/rowanli.tangalin/tpr/tpr/results/hpc_rq1/nominal/thrower/thrower_arm/nchl/seed_008,b2b4e331fbf1c0491321ab933836530d78932ad701d914ca63de58b7553f5a08,1bb219156901759e223ffeaacce2ae7bae91632f8e48d604c5d5ba7e531e141a,8,1,8169066096088904802,2410012360361453569,Thrower-v0,thrower_arm,nchl,"(92,)",300,W75,225,0.1598369547717136,26.375916786570066,18.998579533795485,26.37640108476096,-169.5419158935547,153.02427673339844,0.1569581412688163,0.11380895218972381
thrower__thrower_arm__nchl__seed_008,/home/rowanli.tangalin/tpr/tpr/results/hpc_rq1/nominal/thrower/thrower_arm/nchl/seed_008,b2b4e331fbf1c0491321ab933836530d78932ad701d914ca63de58b7553f5a08,1bb219156901759e223ffeaacce2ae7bae91632f8e48d604c5d5ba7e531e141a,8,1,8169066096088904802,2410012360361453569,Thrower-v0,thrower_arm,nchl,"(92,)",300,Wfinal,300,0.29222379839343277,36.712797300706725,26.724381815500212,36.7139602929339,-193.53457641601562,223.5010986328125,0.1569581412688163,0.11380895218972381
thrower__thrower_arm__nchl__seed_008,/home/rowanli.tangalin/tpr/tpr/results/hpc_rq1/nominal/thrower/thrower_arm/nchl/seed_008,b2b4e331fbf1c0491321ab933836530d78932ad701d914ca63de58b7553f5a08,1bb219156901759e223ffeaacce2ae7bae91632f8e48d604c5d5ba7e531e141a,8,2,1688151127694054410,5098444150450504360,Thrower-v0,thrower_arm,nchl,"(92,)",300,W0,0,-0.0006191815052339535,0.057302971123073525,0.04961724127754144,0.057306316277250115,-0.09997639060020447,0.09996657818555832,0.1588004326755462,0.11447223423857408
thrower__thrower_arm__nchl__seed_008,/home/rowanli.tangalin/tpr/tpr/results/hpc_rq1/nominal/thrower/thrower_arm/nchl/seed_008,b2b4e331fbf1c0491321ab933836530d78932ad701d914ca63de58b7553f5a08,1bb219156901759e223ffeaacce2ae7bae91632f8e48d604c5d5ba7e531e141a,8,2,1688151127694054410,5098444150450504360,Thrower-v0,thrower_arm,nchl,"(92,)",300,W25,75,-0.3539728971544164,8.410138909295913,5.80111583534194,8.417584765570998,-67.60714721679688,46.793067932128906,0.1588004326755462,0.11447223423857408
thrower__thrower_arm__nchl__seed_008,/home/rowanli.tangalin/tpr/tpr/results/hpc_rq1/nominal/thrower/thrower_arm/nchl/seed_008,b2b4e331fbf1c0491321ab933836530d78932ad701d914ca63de58b7553f5a08,1bb219156901759e223ffeaacce2ae7bae91632f8e48d604c5d5ba7e531e141a,8,2,1688151127694054410,5098444150450504360,Thrower-v0,thrower_arm,nchl,"(92,)",300,W50,150,0.1427535154310734,17.809545009414272,12.854287580104938,17.810117125064636,-117.88860321044922,92.51582336425781,0.1588004326755462,0.11447223423857408
thrower__thrower_arm__nchl__seed_008,/home/rowanli.tangalin/tpr/tpr/results/hpc_rq1/nominal/thrower/thrower_arm/nchl/seed_008,b2b4e331fbf1c0491321ab933836530d78932ad701d914ca63de58b7553f5a08,1bb219156901759e223ffeaacce2ae7bae91632f8e48d604c5d5ba7e531e141a,8,2,1688151127694054410,5098444150450504360,Thrower-v0,thrower_arm,nchl,"(92,)",300,W75,225,0.6851847426815537,27.03782839011216,19.543662750059678,27.046508872399016,-174.93209838867188,162.52777099609375,0.1588004326755462,0.11447223423857408
thrower__thrower_arm__nchl__seed_008,/home/rowanli.tangalin/tpr/tpr/results/hpc_rq1/nominal/thrower/thrower_arm/nchl/seed_008,b2b4e331fbf1c0491321ab933836530d78932ad701d914ca63de58b7553f5a08,1bb219156901759e223ffeaacce2ae7bae91632f8e48d604c5d5ba7e531e141a,8,2,1688151127694054410,5098444150450504360,Thrower-v0,thrower_arm,nchl,"(92,)",300,Wfinal,300,0.9324836124379853,37.41099872904623,27.25123778651844,37.42261818195199,-235.02674865722656,235.86773681640625,0.1588004326755462,0.11447223423857408
thrower__thrower_arm__nchl__seed_009,/home/rowanli.tangalin/tpr/tpr/results/hpc_rq1/nominal/thrower/thrower_arm/nchl/seed_009,064a520a9f389cf91a9ee5b96699dd01f6447dcca7f78e612d01b157414d6cf4,17877e84ad50904157234de9f5c767788365a6e3018edab4c3f73d9534f3a80b,9,0,8469251633518957484,5579477484601834272,Thrower-v0,thrower_arm,nchl,"(92,)",300,W0,0,0.00023363776533926627,0.05773004570633608,0.04999212576824028,0.057730518479059634,-0.0999952033162117,0.09995336085557938,0.23644530961546706,0.16610281687173625
thrower__thrower_arm__nchl__seed_009,/home/rowanli.tangalin/tpr/tpr/results/hpc_rq1/nominal/thrower/thrower_arm/nchl/seed_009,064a520a9f389cf91a9ee5b96699dd01f6447dcca7f78e612d01b157414d6cf4,17877e84ad50904157234de9f5c767788365a6e3018edab4c3f73d9534f3a80b,9,0,8469251633518957484,5579477484601834272,Thrower-v0,thrower_arm,nchl,"(92,)",300,W25,75,-0.15985730296459386,13.78049268015616,9.40785718294449,13.781419842133415,-96.67806243896484,90.21842193603516,0.23644530961546706,0.16610281687173625
thrower__thrower_arm__nchl__seed_009,/home/rowanli.tangalin/tpr/tpr/results/hpc_rq1/nominal/thrower/thrower_arm/nchl/seed_009,064a520a9f389cf91a9ee5b96699dd01f6447dcca7f78e612d01b157414d6cf4,17877e84ad50904157234de9f5c767788365a6e3018edab4c3f73d9534f3a80b,9,0,8469251633518957484,5579477484601834272,Thrower-v0,thrower_arm,nchl,"(92,)",300,W50,150,0.7214131580969947,27.09534006805612,19.129087637075727,27.104942175704466,-172.45779418945312,168.05911254882812,0.23644530961546706,0.16610281687173625
thrower__thrower_arm__nchl__seed_009,/home/rowanli.tangalin/tpr/tpr/results/hpc_rq1/nominal/thrower/thrower_arm/nchl/seed_009,064a520a9f389cf91a9ee5b96699dd01f6447dcca7f78e612d01b157414d6cf4,17877e84ad50904157234de9f5c767788365a6e3018edab4c3f73d9534f3a80b,9,0,8469251633518957484,5579477484601834272,Thrower-v0,thrower_arm,nchl,"(92,)",300,W75,225,2.5885989723406633,41.383757345603414,29.76696236245617,41.464638147213925,-280.1324462890625,252.01425170898438,0.23644530961546706,0.16610281687173625
thrower__thrower_arm__nchl__seed_009,/home/rowanli.tangalin/tpr/tpr/results/hpc_rq1/nominal/thrower/thrower_arm/nchl/seed_009,064a520a9f389cf91a9ee5b96699dd01f6447dcca7f78e612d01b157414d6cf4,17877e84ad50904157234de9f5c767788365a6e3018edab4c3f73d9534f3a80b,9,0,8469251633518957484,5579477484601834272,Thrower-v0,thrower_arm,nchl,"(92,)",300,Wfinal,300,3.626178250077359,55.080363788276074,39.479670889060024,55.19959822091251,-406.6919250488281,336.41015625,0.23644530961546706,0.16610281687173625
thrower__thrower_arm__nchl__seed_009,/home/rowanli.tangalin/tpr/tpr/results/hpc_rq1/nominal/thrower/thrower_arm/nchl/seed_009,064a520a9f389cf91a9ee5b96699dd01f6447dcca7f78e612d01b157414d6cf4,17877e84ad50904157234de9f5c767788365a6e3018edab4c3f73d9534f3a80b,9,1,5415548583552718452,3538497439875268043,Thrower-v0,thrower_arm,nchl,"(92,)",300,W0,0,0.00028109877235660453,0.05764745790568184,0.049900497530348926,0.057648143244229295,-0.09999627619981766,0.09998203814029694,0.241500912163415,0.16735813276350034
thrower__thrower_arm__nchl__seed_009,/home/rowanli.tangalin/tpr/tpr/results/hpc_rq1/nominal/thrower/thrower_arm/nchl/seed_009,064a520a9f389cf91a9ee5b96699dd01f6447dcca7f78e612d01b157414d6cf4,17877e84ad50904157234de9f5c767788365a6e3018edab4c3f73d9534f3a80b,9,1,5415548583552718452,3538497439875268043,Thrower-v0,thrower_arm,nchl,"(92,)",300,W25,75,-0.2333737800997283,13.898503107011647,9.423313370770478,13.90046229219915,-96.87451171875,90.26663208007812,0.241500912163415,0.16735813276350034
thrower__thrower_arm__nchl__seed_009,/home/rowanli.tangalin/tpr/tpr/results/hpc_rq1/nominal/thrower/thrower_arm/nchl/seed_009,064a520a9f389cf91a9ee5b96699dd01f6447dcca7f78e612d01b157414d6cf4,17877e84ad50904157234de9f5c767788365a6e3018edab4c3f73d9534f3a80b,9,1,5415548583552718452,3538497439875268043,Thrower-v0,thrower_arm,nchl,"(92,)",300,W50,150,1.5190218867660843,28.28720037571063,19.902461973126147,28.327956731611934,-198.5753631591797,188.93589782714844,0.241500912163415,0.16735813276350034
thrower__thrower_arm__nchl__seed_009,/home/rowanli.tangalin/tpr/tpr/results/hpc_rq1/nominal/thrower/thrower_arm/nchl/seed_009,064a520a9f389cf91a9ee5b96699dd01f6447dcca7f78e612d01b157414d6cf4,17877e84ad50904157234de9f5c767788365a6e3018edab4c3f73d9534f3a80b,9,1,5415548583552718452,3538497439875268043,Thrower-v0,thrower_arm,nchl,"(92,)",300,W75,225,2.6285113329810184,42.36483590065979,30.33389331190947,42.44630010633957,-308.6751708984375,248.42762756347656,0.241500912163415,0.16735813276350034
thrower__thrower_arm__nchl__seed_009,/home/rowanli.tangalin/tpr/tpr/results/hpc_rq1/nominal/thrower/thrower_arm/nchl/seed_009,064a520a9f389cf91a9ee5b96699dd01f6447dcca7f78e612d01b157414d6cf4,17877e84ad50904157234de9f5c767788365a6e3018edab4c3f73d9534f3a80b,9,1,5415548583552718452,3538497439875268043,Thrower-v0,thrower_arm,nchl,"(92,)",300,Wfinal,300,4.049670601252516,56.48989637605139,40.419732752456184,56.634867568977974,-462.6333923339844,339.4512023925781,0.241500912163415,0.16735813276350034
thrower__thrower_arm__nchl__seed_009,/home/rowanli.tangalin/tpr/tpr/results/hpc_rq1/nominal/thrower/thrower_arm/nchl/seed_009,064a520a9f389cf91a9ee5b96699dd01f6447dcca7f78e612d01b157414d6cf4,17877e84ad50904157234de9f5c767788365a6e3018edab4c3f73d9534f3a80b,9,2,6075971192560964690,5235945277139461518,Thrower-v0,thrower_arm,nchl,"(92,)",300,W0,0,-8.793565952631204e-05,0.057629699427020765,0.04995162515527151,0.057629766516349636,-0.09999821335077286,0.0999935120344162,0.24026822024836686,0.16687849831919224
thrower__thrower_arm__nchl__seed_009,/home/rowanli.tangalin/tpr/tpr/results/hpc_rq1/nominal/thrower/thrower_arm/nchl/seed_009,064a520a9f389cf91a9ee5b96699dd01f6447dcca7f78e612d01b157414d6cf4,17877e84ad50904157234de9f5c767788365a6e3018edab4c3f73d9534f3a80b,9,2,6075971192560964690,5235945277139461518,Thrower-v0,thrower_arm,nchl,"(92,)",300,W25,75,-0.206837119668218,13.700686640523724,9.341112776196596,13.702247845368214,-94.94928741455078,88.63351440429688,0.24026822024836686,0.16687849831919224
thrower__thrower_arm__nchl__seed_009,/home/rowanli.tangalin/tpr/tpr/results/hpc_rq1/nominal/thrower/thrower_arm/nchl/seed_009,064a520a9f389cf91a9ee5b96699dd01f6447dcca7f78e612d01b157414d6cf4,17877e84ad50904157234de9f5c767788365a6e3018edab4c3f73d9534f3a80b,9,2,6075971192560964690,5235945277139461518,Thrower-v0,thrower_arm,nchl,"(92,)",300,W50,150,1.398006188312078,27.48782294958905,19.095222769651166,27.52335066467223,-208.46023559570312,194.08316040039062,0.24026822024836686,0.16687849831919224
thrower__thrower_arm__nchl__seed_009,/home/rowanli.tangalin/tpr/tpr/results/hpc_rq1/nominal/thrower/thrower_arm/nchl/seed_009,064a520a9f389cf91a9ee5b96699dd01f6447dcca7f78e612d01b157414d6cf4,17877e84ad50904157234de9f5c767788365a6e3018edab4c3f73d9534f3a80b,9,2,6075971192560964690,5235945277139461518,Thrower-v0,thrower_arm,nchl,"(92,)",300,W75,225,2.3021775891507703,41.67504547225305,29.63911670603504,41.73858450841795,-307.6682434082031,249.8881378173828,0.24026822024836686,0.16687849831919224
thrower__thrower_arm__nchl__seed_009,/home/rowanli.tangalin/tpr/tpr/results/hpc_rq1/nominal/thrower/thrower_arm/nchl/seed_009,064a520a9f389cf91a9ee5b96699dd01f6447dcca7f78e612d01b157414d6cf4,17877e84ad50904157234de9f5c767788365a6e3018edab4c3f73d9534f3a80b,9,2,6075971192560964690,5235945277139461518,Thrower-v0,thrower_arm,nchl,"(92,)",300,Wfinal,300,3.377344325368132,55.84098108849653,39.71857085181663,55.94302122354426,-460.5560607910156,336.3642272949219,0.24026822024836686,0.16687849831919224
